bus_width,al,pc,scr,is_depth,os_depth,freq,operation,dim1,dim2,dim3,data_stream,Lin,Linp,Lwt,Lwtp,Cmpfis_aor,Cmpfis_tos,Cmpfis_aos,Cmpfis_ptos,Cmpfis_paos,Cmpfgt_aor,Cmpfgt_tos,Cmpfgt_aos,Cmpfgt_ptos,Cmpfgt_paos,Cmpfgtp,Lpenalty,Nop,Nop_w_rd,IS_reward,L2_reward,Fussion
409,256,16,16,512,1024,500,proj,256,512,256,wspp,512,2048,2048,0,0,1024,0,3072,4096,0,0,0,0,0,0,0,8,4096,7680,0,0
409,256,16,16,512,1024,500,proj,256,512,256,wspp,512,2048,2048,0,0,1024,0,3072,4096,0,0,0,0,0,0,0,8,4096,7680,0,0
409,256,16,16,512,1024,500,proj,256,256,512,wspp,512,2048,1024,0,0,0,0,8192,0,0,0,0,0,0,0,0,4,0,7680,0,0
409,256,16,16,256,1024,500,proj,64,64,64,isap,64,256,256,0,0,0,0,256,0,0,0,0,0,0,0,0,4,0,192,0,0
409,256,16,16,256,1024,500,proj,64,64,64,ispp,64,256,256,0,0,0,0,256,0,0,0,0,0,0,0,0,4,0,192,0,0
409,256,16,16,256,1024,500,proj,64,64,64,wsap,64,256,256,0,0,0,0,256,0,0,0,0,0,0,0,0,4,0,192,0,0
409,256,16,16,256,1024,500,proj,64,64,64,wspp,64,256,256,0,0,0,0,256,0,0,0,0,0,0,0,0,4,0,192,0,0
409,256,16,16,256,1024,500,proj,64,64,64,isap,64,256,256,0,0,0,0,256,0,0,0,0,0,0,0,0,4,0,192,0,0
409,256,16,16,256,1024,500,proj,64,64,64,ispp,64,256,256,0,0,0,0,256,0,0,0,0,0,0,0,0,4,0,192,0,0
409,256,16,16,256,1024,500,proj,64,64,64,wsap,64,256,256,0,0,0,0,256,0,0,0,0,0,0,0,0,4,0,192,0,0
409,256,16,16,256,1024,500,proj,64,64,64,wspp,64,256,256,0,0,0,0,256,0,0,0,0,0,0,0,0,4,0,192,0,0
409,256,16,16,256,1024,500,proj,768,768,64,isap,192,768,9216,0,5760,287,0,2785,384,0,0,0,0,0,0,65,36,319,0,0,0
409,256,16,16,256,1024,500,proj,768,768,64,ispp,192,768,9216,0,0,1024,1024,2048,5120,0,0,0,0,0,0,2560,36,3584,8640,0,0
409,256,16,16,256,1024,500,proj,768,768,64,wsap,192,768,9216,0,5760,287,0,2785,384,0,0,0,0,0,0,65,36,319,0,0,0
409,256,16,16,256,1024,500,proj,768,768,64,wspp,192,768,9216,0,0,1024,1024,2048,5120,0,0,0,0,0,0,2560,36,3584,8640,0,0
409,256,16,16,256,1024,500,proj,64,768,768,isap,2304,9216,7680,0,6144,0,0,3072,0,0,0,0,0,0,0,0,40,0,0,0,0
409,256,16,16,256,1024,500,proj,64,768,768,ispp,2304,9216,7680,0,0,3072,3072,0,3072,0,0,0,0,0,0,0,40,6144,6912,0,0
409,256,16,16,256,1024,500,proj,64,768,768,wsap,255,1020,768,0,680,0,0,340,0,5464,0,0,2732,0,32784,0,4,0,0,0,0
409,256,16,16,256,1024,500,proj,64,768,768,wspp,255,1020,768,0,0,340,340,0,340,0,2732,2732,0,2732,8196,0,4,6144,765,6147,0
409,256,16,16,256,1024,500,proj,768,3072,64,isap,768,3072,147456,0,32256,1536,0,1536,1536,0,0,0,0,0,0,0,576,1536,0,0,0
409,256,16,16,256,1024,500,proj,768,3072,64,ispp,768,3072,147456,0,0,3072,30720,0,3072,0,0,0,0,0,0,0,576,33792,34584,0,0
409,256,16,16,256,1024,500,proj,768,3072,64,wsap,252,1008,36864,0,10584,504,0,504,504,21672,675,0,1389,1032,99072,329,144,1207,0,0,0
409,256,16,16,256,1024,500,proj,768,3072,64,wspp,252,1008,36864,0,0,1008,10080,0,1008,0,16,160,2048,22544,6192,20992,144,12800,11340,23220,0
409,256,16,16,256,1024,500,proj,64,3072,768,isap,9216,36864,113664,0,32256,1536,0,1536,1536,0,0,0,0,0,0,0,444,1536,0,0,0
409,256,16,16,256,1024,500,proj,64,3072,768,ispp,9216,36864,113664,0,0,3072,30720,0,3072,0,0,0,0,0,0,0,444,33792,27648,0,0
409,256,16,16,256,1024,500,proj,64,3072,768,wsap,252,1008,3072,0,882,42,0,42,42,31374,897,0,2091,1494,143424,171,12,1365,0,0,0
409,256,16,16,256,1024,500,proj,64,3072,768,wspp,252,1008,3072,0,0,84,840,0,84,0,940,15544,2048,17324,35856,14336,12,19456,756,26892,0
409,256,16,16,256,1024,500,proj,3072,768,64,isap,192,768,36864,0,23040,871,0,11417,1536,0,0,0,0,0,0,626,144,910,0,0,0
409,256,16,16,256,1024,500,proj,3072,768,64,ispp,192,768,36864,0,0,1024,1024,11264,23552,0,0,0,0,0,0,16384,144,8192,34560,0,0
409,256,16,16,256,1024,500,proj,3072,768,64,wsap,192,768,36864,0,23040,871,0,11417,1536,0,0,0,0,0,0,626,144,910,0,0,0
409,256,16,16,256,1024,500,proj,3072,768,64,wspp,192,768,36864,0,0,1024,1024,11264,23552,0,0,0,0,0,0,16384,144,8192,34560,0,0
409,256,16,16,256,1024,500,proj,64,768,3072,isap,9216,36864,28416,0,24576,0,0,12288,0,0,0,0,0,0,0,0,148,0,0,0,0
409,256,16,16,256,1024,500,proj,64,768,3072,ispp,9216,36864,28416,0,0,12288,12288,0,12288,0,0,0,0,0,0,0,148,24576,27648,0,0
409,256,16,16,256,1024,500,proj,64,768,3072,wsap,255,1020,768,0,680,0,0,340,0,23896,0,0,11948,0,143376,0,4,0,0,0,0
409,256,16,16,256,1024,500,proj,64,768,3072,wspp,255,1020,768,0,0,340,340,0,340,0,11948,11948,0,11948,35844,0,4,24576,765,26883,0
409,128,24,16,512,682,500,proj,512,512,512,isap,2048,2048,33792,0,33792,0,0,11264,0,0,0,0,0,0,0,0,0,0,0,0,0
409,256,32,8,256,256,500,proj,512,512,512,wsap,256,1024,4096,0,2048,0,0,2048,0,6144,0,0,6144,0,49152,0,16,0,0,0,0
409,128,24,16,512,682,500,proj,512,512,512,isap,2048,2048,33792,0,33792,0,0,11264,0,0,0,0,0,0,0,0,0,0,0,0,0
409,256,24,8,512,1365,500,proj,512,512,512,isap,1024,4096,8448,0,11264,0,0,11264,0,0,0,0,0,0,0,0,48,0,0,0,0
409,128,24,16,512,682,500,proj,512,512,512,isap,2048,2048,33792,0,33792,0,0,11264,0,0,0,0,0,0,0,0,0,0,0,0,0
409,128,32,8,256,1024,500,proj,512,512,512,wspp,256,256,8192,0,0,1024,2048,0,1024,0,0,0,7168,21504,3584,17408,0,7168,3584,25088,0
409,128,24,16,512,682,500,proj,512,512,512,isap,2048,2048,33792,0,33792,0,0,11264,0,0,0,0,0,0,0,0,0,0,0,0,0
409,128,32,32,512,512,500,proj,512,512,512,wsap,512,512,8192,0,6144,0,0,2048,0,18432,0,0,6144,0,24576,0,0,0,0,0,0
409,128,24,16,512,682,500,proj,512,512,512,isap,2048,2048,33792,0,33792,0,0,11264,0,0,0,0,0,0,0,0,0,0,0,0,0
409,128,32,32,256,256,500,proj,512,512,512,isap,2048,2048,65536,0,24576,0,0,8192,0,0,0,0,0,0,0,0,0,0,0,0,0
409,256,32,8,256,256,500,proj,512,512,512,wsap,256,1024,4096,0,2048,0,0,2048,0,6144,0,0,6144,0,49152,0,16,0,0,0,0
409,256,24,8,512,1365,500,proj,512,512,512,isap,1024,4096,8448,0,11264,0,0,11264,0,0,0,0,0,0,0,0,48,0,0,0,0
409,128,32,8,256,1024,500,proj,512,512,512,wspp,256,256,8192,0,0,1024,2048,0,1024,0,0,0,7168,21504,3584,17408,0,7168,3584,25088,0
409,128,32,32,512,512,500,proj,512,512,512,wsap,512,512,8192,0,6144,0,0,2048,0,18432,0,0,6144,0,24576,0,0,0,0,0,0
409,128,32,32,256,256,500,proj,512,512,512,isap,2048,2048,65536,0,24576,0,0,8192,0,0,0,0,0,0,0,0,0,0,0,0,0
409,256,32,8,256,256,500,proj,512,512,512,wsap,256,1024,4096,0,2048,0,0,2048,0,6144,0,0,6144,0,49152,0,16,0,0,0,0
409,128,24,8,512,341,500,proj,512,512,512,ispp,2048,2048,33792,0,0,1364,2772,9900,31020,0,0,0,0,0,0,23868,0,9924,37888,0,0
409,256,24,8,512,1365,500,proj,512,512,512,isap,1024,4096,8448,0,11264,0,0,11264,0,0,0,0,0,0,0,0,48,0,0,0,0
409,256,24,4,1024,682,500,proj,512,512,512,wspp,1024,4096,4224,0,0,688,0,10576,11264,0,0,0,0,0,0,4898,44,6366,16384,0,0
409,128,32,8,256,1024,500,proj,512,512,512,wspp,256,256,8192,0,0,1024,2048,0,1024,0,0,0,7168,21504,3584,17408,0,7168,3584,25088,0
409,256,32,16,256,512,500,proj,512,512,512,ispp,1024,4096,16384,0,0,2048,0,6144,8192,0,0,0,0,0,0,0,32,8192,15360,0,0
409,128,32,32,512,512,500,proj,512,512,512,wsap,512,512,8192,0,6144,0,0,2048,0,18432,0,0,6144,0,24576,0,0,0,0,0,0
409,128,32,64,512,256,500,proj,512,512,512,wsap,512,512,8192,0,6144,0,0,2048,0,18432,0,0,6144,0,24576,0,0,0,0,0,0
409,128,32,32,256,256,500,proj,512,512,512,isap,2048,2048,65536,0,24576,0,0,8192,0,0,0,0,0,0,0,0,0,0,0,0,0
409,128,24,64,256,170,500,proj,512,512,512,wsap,256,256,8448,0,4224,0,0,1408,0,29568,0,0,9856,0,39424,0,0,0,0,0,0
409,128,24,8,512,341,500,proj,512,512,512,ispp,2048,2048,33792,0,0,1364,2772,9900,31020,0,0,0,0,0,0,23868,0,9924,37888,0,0
409,256,24,4,1024,682,500,proj,512,512,512,wspp,1024,4096,4224,0,0,688,0,10576,11264,0,0,0,0,0,0,4898,44,6366,16384,0,0
409,256,32,16,256,512,500,proj,512,512,512,ispp,1024,4096,16384,0,0,2048,0,6144,8192,0,0,0,0,0,0,0,32,8192,15360,0,0
409,128,32,64,512,256,500,proj,512,512,512,wsap,512,512,8192,0,6144,0,0,2048,0,18432,0,0,6144,0,24576,0,0,0,0,0,0
409,128,24,64,256,170,500,proj,512,512,512,wsap,256,256,8448,0,4224,0,0,1408,0,29568,0,0,9856,0,39424,0,0,0,0,0,0
409,128,24,8,512,341,500,proj,512,512,512,ispp,2048,2048,33792,0,0,1364,2772,9900,31020,0,0,0,0,0,0,23868,0,9924,37888,0,0
409,256,32,4,512,512,500,proj,512,512,512,ispp,1024,4096,8192,0,0,1024,0,7168,8192,0,0,0,0,0,0,3072,64,5120,12288,0,0
409,256,24,4,1024,682,500,proj,512,512,512,wspp,1024,4096,4224,0,0,688,0,10576,11264,0,0,0,0,0,0,4898,44,6366,16384,0,0
409,128,24,4,2048,1365,500,proj,512,512,512,ispp,2048,2048,8448,0,0,1365,2742,9899,31050,0,0,0,0,0,0,24008,0,9784,32768,0,0
409,256,32,16,256,512,500,proj,512,512,512,ispp,1024,4096,16384,0,0,2048,0,6144,8192,0,0,0,0,0,0,0,32,8192,15360,0,0
409,384,24,32,85,682,500,proj,512,512,512,isap,1024,6144,54912,0,11264,0,0,11264,0,0,0,0,0,0,0,0,104,0,0,0,0
409,128,32,64,512,256,500,proj,512,512,512,wsap,512,512,8192,0,6144,0,0,2048,0,18432,0,0,6144,0,24576,0,0,0,0,0,0
409,256,32,64,128,128,500,proj,512,512,512,wspp,128,512,4096,0,0,1024,0,0,1024,0,7168,0,0,7168,3584,0,4,8192,1920,13440,0
409,128,24,64,256,170,500,proj,512,512,512,wsap,256,256,8448,0,4224,0,0,1408,0,29568,0,0,9856,0,39424,0,0,0,0,0,0
409,256,32,32,64,256,500,proj,512,512,512,isap,1024,4096,65536,0,8192,0,0,8192,0,0,0,0,0,0,0,0,64,0,0,0,0
409,256,32,4,512,512,500,proj,512,512,512,ispp,1024,4096,8192,0,0,1024,0,7168,8192,0,0,0,0,0,0,3072,64,5120,12288,0,0
409,128,24,4,2048,1365,500,proj,512,512,512,ispp,2048,2048,8448,0,0,1365,2742,9899,31050,0,0,0,0,0,0,24008,0,9784,32768,0,0
409,256,32,16,256,512,500,proj,512,512,512,ispp,1024,4096,16384,0,0,2048,0,6144,8192,0,0,0,0,0,0,0,32,8192,15360,0,0
409,256,32,64,128,128,500,proj,512,512,512,wspp,128,512,4096,0,0,1024,0,0,1024,0,7168,0,0,7168,3584,0,4,8192,1920,13440,0
409,256,32,32,64,256,500,proj,512,512,512,isap,1024,4096,65536,0,8192,0,0,8192,0,0,0,0,0,0,0,0,64,0,0,0,0
409,256,32,4,512,512,500,proj,512,512,512,ispp,1024,4096,8192,0,0,1024,0,7168,8192,0,0,0,0,0,0,3072,64,5120,12288,0,0
409,384,24,8,170,682,500,proj,512,512,512,ispp,1024,6144,29568,0,0,4244,0,7020,11264,0,0,0,0,0,0,1752,168,9512,18944,0,0
409,128,24,4,2048,1365,500,proj,512,512,512,ispp,2048,2048,8448,0,0,1365,2742,9899,31050,0,0,0,0,0,0,24008,0,9784,32768,0,0
409,256,16,4,1024,2048,500,proj,512,512,512,isap,1024,4096,4096,0,16384,0,0,16384,0,0,0,0,0,0,0,0,64,0,0,0,0
409,256,32,16,256,512,500,proj,512,512,512,ispp,1024,4096,16384,0,0,2048,0,6144,8192,0,0,0,0,0,0,0,32,8192,15360,0,0
409,256,32,8,128,256,500,proj,512,512,512,isap,1024,4096,32768,0,8192,0,0,8192,0,0,0,0,0,0,0,0,128,0,0,0,0
409,256,32,64,128,128,500,proj,512,512,512,wspp,128,512,4096,0,0,1024,0,0,1024,0,7168,0,0,7168,3584,0,4,8192,1920,13440,0
409,128,40,32,512,51,500,proj,512,512,512,wspp,512,512,8320,0,0,51,971,1613,4021,0,0,2688,4992,12288,1920,9653,0,10315,6016,18048,0
409,256,32,32,64,256,500,proj,512,512,512,isap,1024,4096,65536,0,8192,0,0,8192,0,0,0,0,0,0,0,0,64,0,0,0,0
409,384,32,64,21,128,500,proj,512,512,512,ispp,1024,6144,212992,0,0,8192,0,0,8192,0,0,0,0,0,0,0,208,8192,15360,0,0
409,256,32,4,512,512,500,proj,512,512,512,ispp,1024,4096,8192,0,0,1024,0,7168,8192,0,0,0,0,0,0,3072,64,5120,12288,0,0
409,256,16,4,1024,2048,500,proj,512,512,512,isap,1024,4096,4096,0,16384,0,0,16384,0,0,0,0,0,0,0,0,64,0,0,0,0
409,256,32,16,256,512,500,proj,512,512,512,ispp,1024,4096,16384,0,0,2048,0,6144,8192,0,0,0,0,0,0,0,32,8192,15360,0,0
409,128,40,32,512,51,500,proj,512,512,512,wspp,512,512,8320,0,0,51,971,1613,4021,0,0,2688,4992,12288,1920,9653,0,10315,6016,18048,0
409,384,32,64,21,128,500,proj,512,512,512,ispp,1024,6144,212992,0,0,8192,0,0,8192,0,0,0,0,0,0,0,208,8192,15360,0,0
409,256,32,4,512,512,500,proj,512,512,512,ispp,1024,4096,8192,0,0,1024,0,7168,8192,0,0,0,0,0,0,3072,64,5120,12288,0,0
409,384,40,8,170,409,500,proj,512,512,512,wspp,170,1020,4160,0,0,455,0,650,1105,0,0,0,5551,5551,12810,2397,16,4259,1785,8967,0
409,256,16,4,1024,2048,500,proj,512,512,512,isap,1024,4096,4096,0,16384,0,0,16384,0,0,0,0,0,0,0,0,64,0,0,0,0
409,256,8,4,512,2048,500,proj,512,512,512,ispp,1024,4096,8192,0,0,4096,0,28672,32768,0,0,0,0,0,0,12376,256,20392,49152,0,0
409,256,32,16,256,512,500,proj,512,512,512,ispp,1024,4096,16384,0,0,2048,0,6144,8192,0,0,0,0,0,0,0,32,8192,15360,0,0
409,128,32,32,1024,1024,500,proj,512,512,512,wspp,1024,1024,8192,0,0,1024,5120,3072,7168,0,0,4096,4096,8192,1024,7168,0,17408,15360,15360,0
409,128,40,32,512,51,500,proj,512,512,512,wspp,512,512,8320,0,0,51,971,1613,4021,0,0,2688,4992,12288,1920,9653,0,10315,6016,18048,0
409,256,48,32,512,21,500,proj,512,512,512,wspp,512,2048,4224,0,0,2816,0,0,2816,0,2816,0,0,2816,2048,0,4,5632,5120,5120,0
409,384,32,64,21,128,500,proj,512,512,512,ispp,1024,6144,212992,0,0,8192,0,0,8192,0,0,0,0,0,0,0,208,8192,15360,0,0
409,512,32,32,32,64,500,proj,512,512,512,wsap,32,288,2048,2048,0,0,0,512,0,0,0,0,7680,0,4320,0,8,0,480,7200,0
409,384,40,8,170,409,500,proj,512,512,512,wspp,170,1020,4160,0,0,455,0,650,1105,0,0,0,5551,5551,12810,2397,16,4259,1785,8967,0
409,256,16,4,1024,2048,500,proj,512,512,512,isap,1024,4096,4096,0,16384,0,0,16384,0,0,0,0,0,0,0,0,64,0,0,0,0
409,128,32,32,1024,1024,500,proj,512,512,512,wspp,1024,1024,8192,0,0,1024,5120,3072,7168,0,0,4096,4096,8192,1024,7168,0,17408,15360,15360,0
409,256,48,32,512,21,500,proj,512,512,512,wspp,512,2048,4224,0,0,2816,0,0,2816,0,2816,0,0,2816,2048,0,4,5632,5120,5120,0
409,512,32,32,32,64,500,proj,512,512,512,wsap,32,288,2048,2048,0,0,0,512,0,0,0,0,7680,0,4320,0,8,0,480,7200,0
409,384,40,8,170,409,500,proj,512,512,512,wspp,170,1020,4160,0,0,455,0,650,1105,0,0,0,5551,5551,12810,2397,16,4259,1785,8967,0
409,256,48,4,512,170,500,proj,512,512,512,wsap,512,2048,4224,0,2816,0,0,2816,0,2816,0,0,2816,0,22528,0,24,0,0,0,0
409,256,16,4,1024,2048,500,proj,512,512,512,isap,1024,4096,4096,0,16384,0,0,16384,0,0,0,0,0,0,0,0,64,0,0,0,0
409,256,16,8,512,4096,500,proj,512,512,512,ispp,1024,4096,8192,0,0,8192,0,8192,16384,0,0,0,0,0,0,1360,64,15024,28672,0,0
409,128,32,32,1024,1024,500,proj,512,512,512,wspp,1024,1024,8192,0,0,1024,5120,3072,7168,0,0,4096,4096,8192,1024,7168,0,17408,15360,15360,0
409,256,40,16,256,409,500,proj,512,512,512,wspp,256,1024,4160,0,0,529,0,1135,1664,0,0,0,4992,4992,4608,1413,8,5243,2944,8832,0
409,256,48,32,512,21,500,proj,512,512,512,wspp,512,2048,4224,0,0,2816,0,0,2816,0,2816,0,0,2816,2048,0,4,5632,5120,5120,0
409,256,56,16,1024,36,500,proj,512,512,512,wspp,1024,4096,4480,0,0,82,0,5038,5120,0,0,0,0,0,0,6036,8,2102,8704,0,0
409,512,32,32,32,64,500,proj,512,512,512,wsap,32,288,2048,2048,0,0,0,512,0,0,0,0,7680,0,4320,0,8,0,480,7200,0
409,384,32,64,21,64,500,proj,512,512,512,isap,1024,6144,212992,0,8192,0,0,8192,0,0,0,0,0,0,0,0,208,0,0,0,0
409,256,48,4,512,170,500,proj,512,512,512,wsap,512,2048,4224,0,2816,0,0,2816,0,2816,0,0,2816,0,22528,0,24,0,0,0,0
409,256,16,8,512,4096,500,proj,512,512,512,ispp,1024,4096,8192,0,0,8192,0,8192,16384,0,0,0,0,0,0,1360,64,15024,28672,0,0
409,256,40,16,256,409,500,proj,512,512,512,wspp,256,1024,4160,0,0,529,0,1135,1664,0,0,0,4992,4992,4608,1413,8,5243,2944,8832,0
409,256,56,16,1024,36,500,proj,512,512,512,wspp,1024,4096,4480,0,0,82,0,5038,5120,0,0,0,0,0,0,6036,8,2102,8704,0,0
409,512,32,32,32,64,500,proj,512,512,512,wsap,32,288,2048,2048,0,0,0,512,0,0,0,0,7680,0,4320,0,8,0,480,7200,0
409,256,48,4,512,170,500,proj,512,512,512,wsap,512,2048,4224,0,2816,0,0,2816,0,2816,0,0,2816,0,22528,0,24,0,0,0,0
409,256,40,2,512,409,500,proj,512,512,512,wsap,512,2048,4160,0,3328,0,0,3328,0,3328,0,0,3328,0,26624,0,52,0,0,0,0
409,256,16,8,512,4096,500,proj,512,512,512,ispp,1024,4096,8192,0,0,8192,0,8192,16384,0,0,0,0,0,0,1360,64,15024,28672,0,0
409,384,16,16,170,4096,500,proj,512,512,512,isap,1024,6144,28672,0,16384,0,0,16384,0,0,0,0,0,0,0,0,112,0,0,0,0
409,256,40,16,256,409,500,proj,512,512,512,wspp,256,1024,4160,0,0,529,0,1135,1664,0,0,0,4992,4992,4608,1413,8,5243,2944,8832,0
409,128,40,32,512,409,500,proj,512,512,512,isap,2048,2048,33280,0,19968,0,0,6656,0,0,0,0,0,0,0,0,0,0,0,0,0
409,256,56,16,1024,36,500,proj,512,512,512,wspp,1024,4096,4480,0,0,82,0,5038,5120,0,0,0,0,0,0,6036,8,2102,8704,0,0
409,256,64,32,1024,16,500,proj,512,512,512,ispp,1024,4096,4096,0,0,4096,0,0,4096,0,0,0,0,0,0,0,4,4096,7168,0,0
409,512,32,32,32,64,500,proj,512,512,512,wsap,32,288,2048,2048,0,0,0,512,0,0,0,0,7680,0,4320,0,8,0,480,7200,0
409,384,24,64,85,85,500,proj,512,512,512,isap,1024,6144,54912,0,11264,0,0,11264,0,0,0,0,0,0,0,0,52,0,0,0,0
409,256,40,2,512,409,500,proj,512,512,512,wsap,512,2048,4160,0,3328,0,0,3328,0,3328,0,0,3328,0,26624,0,52,0,0,0,0
409,256,16,8,512,4096,500,proj,512,512,512,ispp,1024,4096,8192,0,0,8192,0,8192,16384,0,0,0,0,0,0,1360,64,15024,28672,0,0
409,256,40,16,256,409,500,proj,512,512,512,wspp,256,1024,4160,0,0,529,0,1135,1664,0,0,0,4992,4992,4608,1413,8,5243,2944,8832,0
409,256,64,32,1024,16,500,proj,512,512,512,ispp,1024,4096,4096,0,0,4096,0,0,4096,0,0,0,0,0,0,0,4,4096,7168,0,0
409,512,32,32,32,64,500,proj,512,512,512,wsap,32,288,2048,2048,0,0,0,512,0,0,0,0,7680,0,4320,0,8,0,480,7200,0
409,256,40,2,512,409,500,proj,512,512,512,wsap,512,2048,4160,0,3328,0,0,3328,0,3328,0,0,3328,0,26624,0,52,0,0,0,0
409,384,48,4,682,170,500,proj,512,512,512,ispp,1024,6144,8448,0,0,350,0,5282,5632,0,0,0,0,0,0,2430,48,3202,7680,0,0
409,256,16,8,512,4096,500,proj,512,512,512,ispp,1024,4096,8192,0,0,8192,0,8192,16384,0,0,0,0,0,0,1360,64,15024,28672,0,0
409,384,24,16,682,1365,500,proj,512,512,512,isap,1024,6144,8448,0,11264,0,0,11264,0,0,0,0,0,0,0,0,24,0,0,0,0
409,256,40,16,256,409,500,proj,512,512,512,wspp,256,1024,4160,0,0,529,0,1135,1664,0,0,0,4992,4992,4608,1413,8,5243,2944,8832,0
409,384,48,8,341,341,500,proj,512,512,512,wspp,340,2040,4224,0,0,416,0,1454,1870,0,0,0,3762,3762,8208,2275,12,3357,3060,6156,0
409,256,64,32,1024,16,500,proj,512,512,512,ispp,1024,4096,4096,0,0,4096,0,0,4096,0,0,0,0,0,0,0,4,4096,7168,0,0
409,128,56,16,4096,36,500,proj,512,512,512,wsap,2048,2048,8960,0,15360,0,0,5120,0,0,0,0,0,0,0,0,0,0,0,0,0
409,512,32,32,32,64,500,proj,512,512,512,wsap,32,288,2048,2048,0,0,0,512,0,0,0,0,7680,0,4320,0,8,0,480,7200,0
409,640,24,16,12,85,500,proj,512,512,512,ispp,512,5632,90816,181632,0,0,0,11264,0,0,0,0,0,0,0,0,1032,0,10240,0,0
409,384,48,4,682,170,500,proj,512,512,512,ispp,1024,6144,8448,0,0,350,0,5282,5632,0,0,0,0,0,0,2430,48,3202,7680,0,0
409,384,24,16,682,1365,500,proj,512,512,512,isap,1024,6144,8448,0,11264,0,0,11264,0,0,0,0,0,0,0,0,24,0,0,0,0
409,384,48,8,341,341,500,proj,512,512,512,wspp,340,2040,4224,0,0,416,0,1454,1870,0,0,0,3762,3762,8208,2275,12,3357,3060,6156,0
409,256,64,32,1024,16,500,proj,512,512,512,ispp,1024,4096,4096,0,0,4096,0,0,4096,0,0,0,0,0,0,0,4,4096,7168,0,0
409,512,32,32,32,64,500,proj,512,512,512,wsap,32,288,2048,2048,0,0,0,512,0,0,0,0,7680,0,4320,0,8,0,480,7200,0
409,384,48,4,682,170,500,proj,512,512,512,ispp,1024,6144,8448,0,0,350,0,5282,5632,0,0,0,0,0,0,2430,48,3202,7680,0,0
409,384,48,4,341,341,500,proj,512,512,512,wspp,340,2040,4224,0,0,350,0,1520,1870,0,0,0,3762,3762,14364,2429,24,3203,2550,5130,0
409,384,24,16,682,1365,500,proj,512,512,512,isap,1024,6144,8448,0,11264,0,0,11264,0,0,0,0,0,0,0,0,24,0,0,0,0
409,512,32,32,512,512,500,proj,512,512,512,ispp,512,4608,2048,2048,0,0,0,8192,0,0,0,0,0,0,0,0,8,0,7680,0,0
409,384,48,8,341,341,500,proj,512,512,512,wspp,340,2040,4224,0,0,416,0,1454,1870,0,0,0,3762,3762,8208,2275,12,3357,3060,6156,0
409,512,40,16,128,204,500,proj,512,512,512,ispp,512,4608,8320,8320,0,0,0,6656,0,0,0,0,0,0,0,0,32,0,6144,0,0
409,256,64,32,1024,16,500,proj,512,512,512,ispp,1024,4096,4096,0,0,4096,0,0,4096,0,0,0,0,0,0,0,4,4096,7168,0,0
409,128,64,32,1024,8,500,proj,512,512,512,wsap,1024,1024,8192,0,6144,0,0,2048,0,6144,0,0,2048,0,8192,0,0,0,0,0,0
409,512,32,32,32,64,500,proj,512,512,512,wsap,32,288,2048,2048,0,0,0,512,0,0,0,0,7680,0,4320,0,8,0,480,7200,0
409,512,32,16,32,128,500,proj,512,512,512,isap,512,4608,32768,32768,0,0,0,8192,0,0,0,0,0,0,0,0,128,0,7680,0,0
409,384,48,4,341,341,500,proj,512,512,512,wspp,340,2040,4224,0,0,350,0,1520,1870,0,0,0,3762,3762,14364,2429,24,3203,2550,5130,0
409,512,32,32,512,512,500,proj,512,512,512,ispp,512,4608,2048,2048,0,0,0,8192,0,0,0,0,0,0,0,0,8,0,7680,0,0
409,512,40,16,128,204,500,proj,512,512,512,ispp,512,4608,8320,8320,0,0,0,6656,0,0,0,0,0,0,0,0,32,0,6144,0,0
409,256,64,32,1024,16,500,proj,512,512,512,ispp,1024,4096,4096,0,0,4096,0,0,4096,0,0,0,0,0,0,0,4,4096,7168,0,0
409,512,32,16,32,128,500,proj,512,512,512,isap,512,4608,32768,32768,0,0,0,8192,0,0,0,0,0,0,0,0,128,0,7680,0,0
409,384,48,4,341,341,500,proj,512,512,512,wspp,340,2040,4224,0,0,350,0,1520,1870,0,0,0,3762,3762,14364,2429,24,3203,2550,5130,0
409,384,48,4,682,682,500,proj,512,512,512,isap,1024,6144,8448,0,5632,0,0,5632,0,0,0,0,0,0,0,0,48,0,0,0,0
409,512,32,32,512,512,500,proj,512,512,512,ispp,512,4608,2048,2048,0,0,0,8192,0,0,0,0,0,0,0,0,8,0,7680,0,0
409,384,24,16,682,1365,500,proj,512,512,512,ispp,1024,6144,8448,0,0,3340,0,7924,11264,0,0,0,0,0,0,2840,24,8424,20480,0,0
409,512,40,16,128,204,500,proj,512,512,512,ispp,512,4608,8320,8320,0,0,0,6656,0,0,0,0,0,0,0,0,32,0,6144,0,0
409,640,32,16,51,256,500,proj,512,512,512,wspp,51,561,2048,4096,0,0,0,816,0,0,0,0,7376,0,5071,0,12,0,765,6915,0
409,256,64,32,1024,16,500,proj,512,512,512,ispp,1024,4096,4096,0,0,4096,0,0,4096,0,0,0,0,0,0,0,4,4096,7168,0,0
409,128,72,32,1024,28,500,proj,512,512,512,isap,2048,2048,18432,0,12288,0,0,4096,0,0,0,0,0,0,0,0,0,0,0,0,0
409,512,32,16,32,128,500,proj,512,512,512,isap,512,4608,32768,32768,0,0,0,8192,0,0,0,0,0,0,0,0,128,0,7680,0,0
409,640,32,16,51,256,500,proj,512,512,512,ispp,512,5632,22528,45056,0,0,0,8192,0,0,0,0,0,0,0,0,132,0,7680,0,0
409,384,48,4,682,682,500,proj,512,512,512,isap,1024,6144,8448,0,5632,0,0,5632,0,0,0,0,0,0,0,0,48,0,0,0,0
409,512,32,32,512,512,500,proj,512,512,512,ispp,512,4608,2048,2048,0,0,0,8192,0,0,0,0,0,0,0,0,8,0,7680,0,0
409,640,32,16,51,256,500,proj,512,512,512,wspp,51,561,2048,4096,0,0,0,816,0,0,0,0,7376,0,5071,0,12,0,765,6915,0
409,256,64,32,1024,16,500,proj,512,512,512,ispp,1024,4096,4096,0,0,4096,0,0,4096,0,0,0,0,0,0,0,4,4096,7168,0,0
409,640,32,16,51,256,500,proj,512,512,512,ispp,512,5632,22528,45056,0,0,0,8192,0,0,0,0,0,0,0,0,132,0,7680,0,0
409,384,48,4,682,682,500,proj,512,512,512,isap,1024,6144,8448,0,5632,0,0,5632,0,0,0,0,0,0,0,0,48,0,0,0,0
409,512,48,4,512,341,500,proj,512,512,512,ispp,512,4608,2112,2112,0,0,0,5632,0,0,0,0,0,0,0,0,24,0,4096,0,0
409,512,32,32,512,512,500,proj,512,512,512,ispp,512,4608,2048,2048,0,0,0,8192,0,0,0,0,0,0,0,0,8,0,7680,0,0
409,384,24,32,341,341,500,proj,512,512,512,wsap,340,2040,4224,0,3740,0,0,3740,0,7524,0,0,7524,0,90288,0,8,0,0,0,0
409,640,32,16,51,256,500,proj,512,512,512,wspp,51,561,2048,4096,0,0,0,816,0,0,0,0,7376,0,5071,0,12,0,765,6915,0
409,640,32,16,25,256,500,proj,512,512,512,wsap,25,275,2048,4096,0,0,0,400,0,0,0,0,7792,0,5357,0,12,0,375,7305,0
409,256,64,32,1024,16,500,proj,512,512,512,ispp,1024,4096,4096,0,0,4096,0,0,4096,0,0,0,0,0,0,0,4,4096,7168,0,0
409,256,64,16,512,16,500,proj,512,512,512,ispp,1024,4096,8192,0,0,4096,0,0,4096,0,0,0,0,0,0,0,8,4096,7168,0,0
409,640,32,16,51,256,500,proj,512,512,512,ispp,512,5632,22528,45056,0,0,0,8192,0,0,0,0,0,0,0,0,132,0,7680,0,0
409,512,32,16,32,256,500,proj,512,512,512,ispp,512,4608,32768,32768,0,0,0,8192,0,0,0,0,0,0,0,0,128,0,7680,0,0
409,512,48,4,512,341,500,proj,512,512,512,ispp,512,4608,2112,2112,0,0,0,5632,0,0,0,0,0,0,0,0,24,0,4096,0,0
409,512,32,32,512,512,500,proj,512,512,512,ispp,512,4608,2048,2048,0,0,0,8192,0,0,0,0,0,0,0,0,8,0,7680,0,0
409,640,32,16,25,256,500,proj,512,512,512,wsap,25,275,2048,4096,0,0,0,400,0,0,0,0,7792,0,5357,0,12,0,375,7305,0
409,256,64,32,1024,16,500,proj,512,512,512,ispp,1024,4096,4096,0,0,4096,0,0,4096,0,0,0,0,0,0,0,4,4096,7168,0,0
409,512,32,16,32,256,500,proj,512,512,512,ispp,512,4608,32768,32768,0,0,0,8192,0,0,0,0,0,0,0,0,128,0,7680,0,0
409,512,48,4,512,341,500,proj,512,512,512,ispp,512,4608,2112,2112,0,0,0,5632,0,0,0,0,0,0,0,0,24,0,4096,0,0
409,384,48,4,341,341,500,proj,512,512,512,ispp,1024,6144,16896,0,0,1072,0,4560,5632,0,0,0,0,0,0,1569,96,4063,7680,0,0
409,512,32,32,512,512,500,proj,512,512,512,ispp,512,4608,2048,2048,0,0,0,8192,0,0,0,0,0,0,0,0,8,0,7680,0,0
409,640,24,32,819,1365,500,proj,512,512,512,isap,512,5632,2112,4224,0,0,0,11264,0,0,0,0,0,0,0,0,12,0,10752,0,0
409,640,32,16,25,256,500,proj,512,512,512,wsap,25,275,2048,4096,0,0,0,400,0,0,0,0,7792,0,5357,0,12,0,375,7305,0
409,512,24,32,32,170,500,proj,512,512,512,wspp,32,288,2112,2112,0,0,0,704,0,0,0,0,10560,0,4320,0,8,0,672,10080,0
409,256,64,32,1024,16,500,proj,512,512,512,ispp,1024,4096,4096,0,0,4096,0,0,4096,0,0,0,0,0,0,0,4,4096,7168,0,0
409,128,56,16,4096,36,500,proj,512,512,512,wsap,2048,2048,8960,0,15360,0,0,5120,0,0,0,0,0,0,0,0,0,0,0,0,0
409,512,32,16,32,256,500,proj,512,512,512,ispp,512,4608,32768,32768,0,0,0,8192,0,0,0,0,0,0,0,0,128,0,7680,0,0
409,512,40,8,64,409,500,proj,512,512,512,isap,512,4608,16640,16640,0,0,0,6656,0,0,0,0,0,0,0,0,128,0,5632,0,0
409,512,48,4,512,341,500,proj,512,512,512,ispp,512,4608,2112,2112,0,0,0,5632,0,0,0,0,0,0,0,0,24,0,4096,0,0
409,640,24,32,819,1365,500,proj,512,512,512,isap,512,5632,2112,4224,0,0,0,11264,0,0,0,0,0,0,0,0,12,0,10752,0,0
409,512,24,32,32,170,500,proj,512,512,512,wspp,32,288,2112,2112,0,0,0,704,0,0,0,0,10560,0,4320,0,8,0,672,10080,0
409,128,56,16,4096,36,500,proj,512,512,512,wsap,2048,2048,8960,0,15360,0,0,5120,0,0,0,0,0,0,0,0,0,0,0,0,0
409,512,40,8,64,409,500,proj,512,512,512,isap,512,4608,16640,16640,0,0,0,6656,0,0,0,0,0,0,0,0,128,0,5632,0,0
409,512,48,4,512,341,500,proj,512,512,512,ispp,512,4608,2112,2112,0,0,0,5632,0,0,0,0,0,0,0,0,24,0,4096,0,0
409,384,56,8,341,292,500,proj,512,512,512,ispp,1024,6144,17920,0,0,1148,0,3972,5120,0,0,0,0,0,0,3492,48,3374,8192,0,0
409,640,24,32,819,1365,500,proj,512,512,512,isap,512,5632,2112,4224,0,0,0,11264,0,0,0,0,0,0,0,0,12,0,10752,0,0
409,512,32,16,2048,1024,500,proj,512,512,512,wsap,512,4608,2048,2048,0,0,0,8192,0,0,0,0,0,0,0,0,8,0,7680,0,0
409,512,24,32,32,170,500,proj,512,512,512,wspp,32,288,2112,2112,0,0,0,704,0,0,0,0,10560,0,4320,0,8,0,672,10080,0
409,384,16,64,21,512,500,proj,512,512,512,wspp,20,120,4096,0,0,320,0,0,320,0,16064,0,0,16064,6024,0,4,16384,620,31124,0
409,128,56,16,4096,36,500,proj,512,512,512,wsap,2048,2048,8960,0,15360,0,0,5120,0,0,0,0,0,0,0,0,0,0,0,0,0
409,128,56,32,2048,18,500,proj,512,512,512,ispp,2048,2048,8960,0,0,22,44,5098,15316,0,0,0,0,0,0,22428,0,4146,17920,0,0
409,512,40,8,64,409,500,proj,512,512,512,isap,512,4608,16640,16640,0,0,0,6656,0,0,0,0,0,0,0,0,128,0,5632,0,0
409,512,40,8,128,204,500,proj,512,512,512,ispp,512,4608,8320,8320,0,0,0,6656,0,0,0,0,0,0,0,0,64,0,5632,0,0
409,384,56,8,341,292,500,proj,512,512,512,ispp,1024,6144,17920,0,0,1148,0,3972,5120,0,0,0,0,0,0,3492,48,3374,8192,0,0
409,512,32,16,2048,1024,500,proj,512,512,512,wsap,512,4608,2048,2048,0,0,0,8192,0,0,0,0,0,0,0,0,8,0,7680,0,0
409,512,24,32,32,170,500,proj,512,512,512,wspp,32,288,2112,2112,0,0,0,704,0,0,0,0,10560,0,4320,0,8,0,672,10080,0
409,128,56,32,2048,18,500,proj,512,512,512,ispp,2048,2048,8960,0,0,22,44,5098,15316,0,0,0,0,0,0,22428,0,4146,17920,0,0
409,512,40,8,128,204,500,proj,512,512,512,ispp,512,4608,8320,8320,0,0,0,6656,0,0,0,0,0,0,0,0,64,0,5632,0,0
409,384,56,8,341,292,500,proj,512,512,512,ispp,1024,6144,17920,0,0,1148,0,3972,5120,0,0,0,0,0,0,3492,48,3374,8192,0,0
409,256,48,4,256,341,500,proj,512,512,512,isap,1024,4096,16896,0,5632,0,0,5632,0,0,0,0,0,0,0,0,96,0,0,0,0
409,512,32,16,2048,1024,500,proj,512,512,512,wsap,512,4608,2048,2048,0,0,0,8192,0,0,0,0,0,0,0,0,8,0,7680,0,0
409,384,24,8,1365,682,500,proj,512,512,512,wsap,1024,6144,4224,0,11264,0,0,11264,0,0,0,0,0,0,0,0,24,0,0,0,0
409,512,24,32,32,170,500,proj,512,512,512,wspp,32,288,2112,2112,0,0,0,704,0,0,0,0,10560,0,4320,0,8,0,672,10080,0
409,640,24,32,25,170,500,proj,512,512,512,isap,512,5632,44352,88704,0,0,0,11264,0,0,0,0,0,0,0,0,252,0,10752,0,0
409,128,56,32,2048,18,500,proj,512,512,512,ispp,2048,2048,8960,0,0,22,44,5098,15316,0,0,0,0,0,0,22428,0,4146,17920,0,0
409,256,56,32,512,18,500,proj,512,512,512,isap,1024,4096,8960,0,5120,0,0,5120,0,0,0,0,0,0,0,0,8,0,0,0,0
409,512,40,8,128,204,500,proj,512,512,512,ispp,512,4608,8320,8320,0,0,0,6656,0,0,0,0,0,0,0,0,64,0,5632,0,0
409,384,40,16,85,409,500,proj,512,512,512,wspp,84,504,4160,0,0,529,0,17,546,0,0,0,6110,6110,8460,1413,8,5243,966,10810,0
409,256,48,4,256,341,500,proj,512,512,512,isap,1024,4096,16896,0,5632,0,0,5632,0,0,0,0,0,0,0,0,96,0,0,0,0
409,512,32,16,2048,1024,500,proj,512,512,512,wsap,512,4608,2048,2048,0,0,0,8192,0,0,0,0,0,0,0,0,8,0,7680,0,0
409,512,24,32,32,170,500,proj,512,512,512,wspp,32,288,2112,2112,0,0,0,704,0,0,0,0,10560,0,4320,0,8,0,672,10080,0
409,256,56,32,512,18,500,proj,512,512,512,isap,1024,4096,8960,0,5120,0,0,5120,0,0,0,0,0,0,0,0,8,0,0,0,0
409,384,40,16,85,409,500,proj,512,512,512,wspp,84,504,4160,0,0,529,0,17,546,0,0,0,6110,6110,8460,1413,8,5243,966,10810,0
409,256,48,4,256,341,500,proj,512,512,512,isap,1024,4096,16896,0,5632,0,0,5632,0,0,0,0,0,0,0,0,96,0,0,0,0
409,256,40,4,256,819,500,proj,512,512,512,ispp,1024,4096,16640,0,0,3348,0,3308,6656,0,0,0,0,0,0,552,112,6104,9216,0,0
409,512,32,16,2048,1024,500,proj,512,512,512,wsap,512,4608,2048,2048,0,0,0,8192,0,0,0,0,0,0,0,0,8,0,7680,0,0
409,512,24,8,1024,682,500,proj,512,512,512,ispp,512,4608,2112,2112,0,0,0,11264,0,0,0,0,0,0,0,0,24,0,9728,0,0
409,512,24,32,32,170,500,proj,512,512,512,wspp,32,288,2112,2112,0,0,0,704,0,0,0,0,10560,0,4320,0,8,0,672,10080,0
409,384,16,64,85,256,500,proj,512,512,512,wspp,84,504,4096,0,0,1344,0,0,1344,0,15040,0,0,15040,5640,0,4,16384,2604,29140,0
409,256,56,32,512,18,500,proj,512,512,512,isap,1024,4096,8960,0,5120,0,0,5120,0,0,0,0,0,0,0,0,8,0,0,0,0
409,384,48,32,170,10,500,proj,512,512,512,wsap,170,1020,4224,0,935,0,0,935,0,4697,0,0,4697,0,56364,0,4,0,0,0,0
409,384,40,16,85,409,500,proj,512,512,512,wspp,84,504,4160,0,0,529,0,17,546,0,0,0,6110,6110,8460,1413,8,5243,966,10810,0
409,384,40,8,42,409,500,proj,512,512,512,ispp,1024,6144,104000,0,0,6656,0,0,6656,0,0,0,0,0,0,0,400,6656,10752,0,0
409,256,40,4,256,819,500,proj,512,512,512,ispp,1024,4096,16640,0,0,3348,0,3308,6656,0,0,0,0,0,0,552,112,6104,9216,0,0
409,512,32,16,2048,1024,500,proj,512,512,512,wsap,512,4608,2048,2048,0,0,0,8192,0,0,0,0,0,0,0,0,8,0,7680,0,0
409,512,24,32,32,170,500,proj,512,512,512,wspp,32,288,2112,2112,0,0,0,704,0,0,0,0,10560,0,4320,0,8,0,672,10080,0
409,256,56,32,512,18,500,proj,512,512,512,isap,1024,4096,8960,0,5120,0,0,5120,0,0,0,0,0,0,0,0,8,0,0,0,0
409,384,40,8,42,409,500,proj,512,512,512,ispp,1024,6144,104000,0,0,6656,0,0,6656,0,0,0,0,0,0,0,400,6656,10752,0,0
409,256,40,4,256,819,500,proj,512,512,512,ispp,1024,4096,16640,0,0,3348,0,3308,6656,0,0,0,0,0,0,552,112,6104,9216,0,0
409,384,48,4,341,1365,500,proj,512,512,512,ispp,1024,6144,16896,0,0,4225,0,1407,5632,0,0,0,0,0,0,99,96,5533,7680,0,0
409,512,32,16,2048,1024,500,proj,512,512,512,wsap,512,4608,2048,2048,0,0,0,8192,0,0,0,0,0,0,0,0,8,0,7680,0,0
409,512,32,16,1024,1024,500,proj,512,512,512,wsap,512,4608,2048,2048,0,0,0,8192,0,0,0,0,0,0,0,0,8,0,7680,0,0
409,512,24,32,32,170,500,proj,512,512,512,wspp,32,288,2112,2112,0,0,0,704,0,0,0,0,10560,0,4320,0,8,0,672,10080,0
409,384,32,64,21,256,500,proj,512,512,512,wsap,20,120,4096,0,160,0,0,160,0,8032,0,0,8032,0,96384,0,4,0,0,0,0
409,256,56,32,512,18,500,proj,512,512,512,isap,1024,4096,8960,0,5120,0,0,5120,0,0,0,0,0,0,0,0,8,0,0,0,0
409,128,48,64,1024,21,500,proj,512,512,512,wsap,1024,1024,8448,0,8448,0,0,2816,0,8448,0,0,2816,0,11264,0,0,0,0,0,0
409,384,40,8,42,409,500,proj,512,512,512,ispp,1024,6144,104000,0,0,6656,0,0,6656,0,0,0,0,0,0,0,400,6656,10752,0,0
409,256,40,8,128,409,500,proj,512,512,512,isap,1024,4096,33280,0,6656,0,0,6656,0,0,0,0,0,0,0,0,128,0,0,0,0
409,384,48,4,341,1365,500,proj,512,512,512,ispp,1024,6144,16896,0,0,4225,0,1407,5632,0,0,0,0,0,0,99,96,5533,7680,0,0
409,512,32,16,1024,1024,500,proj,512,512,512,wsap,512,4608,2048,2048,0,0,0,8192,0,0,0,0,0,0,0,0,8,0,7680,0,0
409,512,24,32,32,170,500,proj,512,512,512,wspp,32,288,2112,2112,0,0,0,704,0,0,0,0,10560,0,4320,0,8,0,672,10080,0
409,256,56,32,512,18,500,proj,512,512,512,isap,1024,4096,8960,0,5120,0,0,5120,0,0,0,0,0,0,0,0,8,0,0,0,0
409,256,40,8,128,409,500,proj,512,512,512,isap,1024,4096,33280,0,6656,0,0,6656,0,0,0,0,0,0,0,0,128,0,0,0,0
409,384,48,4,341,1365,500,proj,512,512,512,ispp,1024,6144,16896,0,0,4225,0,1407,5632,0,0,0,0,0,0,99,96,5533,7680,0,0
409,512,48,4,512,682,500,proj,512,512,512,wsap,512,4608,2112,2112,0,0,0,5632,0,0,0,0,0,0,0,0,24,0,4096,0,0
409,512,32,16,1024,1024,500,proj,512,512,512,wsap,512,4608,2048,2048,0,0,0,8192,0,0,0,0,0,0,0,0,8,0,7680,0,0
409,384,24,16,1365,682,500,proj,512,512,512,wspp,1024,6144,4224,0,0,832,0,10432,11264,0,0,0,0,0,0,4550,12,6714,20480,0,0
409,512,24,32,32,170,500,proj,512,512,512,wspp,32,288,2112,2112,0,0,0,704,0,0,0,0,10560,0,4320,0,8,0,672,10080,0
409,640,16,32,51,256,500,proj,512,512,512,wspp,51,561,2048,4096,0,0,0,1632,0,0,0,0,14752,0,5071,0,12,0,1581,14291,0
409,256,56,32,512,18,500,proj,512,512,512,isap,1024,4096,8960,0,5120,0,0,5120,0,0,0,0,0,0,0,0,8,0,0,0,0
409,256,48,32,1024,21,500,proj,512,512,512,wspp,1024,4096,4224,0,0,5632,0,0,5632,0,0,0,0,0,0,0,4,5632,10240,0,0
409,256,40,8,128,409,500,proj,512,512,512,isap,1024,4096,33280,0,6656,0,0,6656,0,0,0,0,0,0,0,0,128,0,0,0,0
409,384,32,8,170,512,500,proj,512,512,512,ispp,1024,6144,28672,0,0,3104,0,5088,8192,0,0,0,0,0,0,1008,112,7184,14336,0,0
409,512,48,4,512,682,500,proj,512,512,512,wsap,512,4608,2112,2112,0,0,0,5632,0,0,0,0,0,0,0,0,24,0,4096,0,0
409,512,32,16,1024,1024,500,proj,512,512,512,wsap,512,4608,2048,2048,0,0,0,8192,0,0,0,0,0,0,0,0,8,0,7680,0,0
409,512,24,32,32,170,500,proj,512,512,512,wspp,32,288,2112,2112,0,0,0,704,0,0,0,0,10560,0,4320,0,8,0,672,10080,0
409,256,48,32,1024,21,500,proj,512,512,512,wspp,1024,4096,4224,0,0,5632,0,0,5632,0,0,0,0,0,0,0,4,5632,10240,0,0
409,384,32,8,170,512,500,proj,512,512,512,ispp,1024,6144,28672,0,0,3104,0,5088,8192,0,0,0,0,0,0,1008,112,7184,14336,0,0
409,512,48,4,512,682,500,proj,512,512,512,wsap,512,4608,2112,2112,0,0,0,5632,0,0,0,0,0,0,0,0,24,0,4096,0,0
409,512,40,8,512,409,500,proj,512,512,512,ispp,512,4608,2080,2080,0,0,0,6656,0,0,0,0,0,0,0,0,16,0,5632,0,0
409,512,32,16,1024,1024,500,proj,512,512,512,wsap,512,4608,2048,2048,0,0,0,8192,0,0,0,0,0,0,0,0,8,0,7680,0,0
409,512,32,16,512,512,500,proj,512,512,512,wsap,512,4608,2048,2048,0,0,0,8192,0,0,0,0,0,0,0,0,8,0,7680,0,0
409,512,24,32,32,170,500,proj,512,512,512,wspp,32,288,2112,2112,0,0,0,704,0,0,0,0,10560,0,4320,0,8,0,672,10080,0
409,640,16,16,51,512,500,proj,512,512,512,ispp,512,5632,22528,45056,0,0,0,16384,0,0,0,0,0,0,0,0,264,0,15360,0,0
409,256,48,32,1024,21,500,proj,512,512,512,wspp,1024,4096,4224,0,0,5632,0,0,5632,0,0,0,0,0,0,0,4,5632,10240,0,0
409,256,40,64,1024,51,500,proj,512,512,512,isap,1024,4096,4160,0,6656,0,0,6656,0,0,0,0,0,0,0,0,4,0,0,0,0
409,384,32,8,170,512,500,proj,512,512,512,ispp,1024,6144,28672,0,0,3104,0,5088,8192,0,0,0,0,0,0,1008,112,7184,14336,0,0
409,384,24,4,170,682,500,proj,512,512,512,isap,1024,6144,29568,0,11264,0,0,11264,0,0,0,0,0,0,0,0,308,0,0,0,0
409,512,40,8,512,409,500,proj,512,512,512,ispp,512,4608,2080,2080,0,0,0,6656,0,0,0,0,0,0,0,0,16,0,5632,0,0
409,512,32,16,512,512,500,proj,512,512,512,wsap,512,4608,2048,2048,0,0,0,8192,0,0,0,0,0,0,0,0,8,0,7680,0,0
409,512,24,32,32,170,500,proj,512,512,512,wspp,32,288,2112,2112,0,0,0,704,0,0,0,0,10560,0,4320,0,8,0,672,10080,0
409,256,48,32,1024,21,500,proj,512,512,512,wspp,1024,4096,4224,0,0,5632,0,0,5632,0,0,0,0,0,0,0,4,5632,10240,0,0
409,384,24,4,170,682,500,proj,512,512,512,isap,1024,6144,29568,0,11264,0,0,11264,0,0,0,0,0,0,0,0,308,0,0,0,0
409,512,40,8,512,409,500,proj,512,512,512,ispp,512,4608,2080,2080,0,0,0,6656,0,0,0,0,0,0,0,0,16,0,5632,0,0
409,384,40,4,341,819,500,proj,512,512,512,wsap,340,2040,4160,0,2210,0,0,2210,0,4446,0,0,4446,0,53352,0,28,0,0,0,0
409,512,32,16,512,512,500,proj,512,512,512,wsap,512,4608,2048,2048,0,0,0,8192,0,0,0,0,0,0,0,0,8,0,7680,0,0
409,512,32,16,512,512,500,proj,512,512,512,wspp,512,4608,2048,2048,0,0,0,8192,0,0,0,0,0,0,0,0,8,0,7680,0,0
409,512,24,32,32,170,500,proj,512,512,512,wspp,32,288,2112,2112,0,0,0,704,0,0,0,0,10560,0,4320,0,8,0,672,10080,0
409,512,16,32,16,256,500,proj,512,512,512,wspp,16,144,2048,2048,0,0,0,512,0,0,0,0,15872,0,4464,0,8,0,496,15376,0
409,256,48,32,1024,21,500,proj,512,512,512,wspp,1024,4096,4224,0,0,5632,0,0,5632,0,0,0,0,0,0,0,4,5632,10240,0,0
409,256,56,16,1024,36,500,proj,512,512,512,isap,1024,4096,4480,0,5120,0,0,5120,0,0,0,0,0,0,0,0,8,0,0,0,0
409,384,24,4,170,682,500,proj,512,512,512,isap,1024,6144,29568,0,11264,0,0,11264,0,0,0,0,0,0,0,0,308,0,0,0,0
409,384,24,8,85,1365,500,proj,512,512,512,ispp,1024,6144,54912,0,0,11264,0,0,11264,0,0,0,0,0,0,0,312,11264,18944,0,0
409,512,40,8,512,409,500,proj,512,512,512,ispp,512,4608,2080,2080,0,0,0,6656,0,0,0,0,0,0,0,0,16,0,5632,0,0
409,512,32,16,512,512,500,proj,512,512,512,wspp,512,4608,2048,2048,0,0,0,8192,0,0,0,0,0,0,0,0,8,0,7680,0,0
409,512,16,32,16,256,500,proj,512,512,512,wspp,16,144,2048,2048,0,0,0,512,0,0,0,0,15872,0,4464,0,8,0,496,15376,0
409,256,56,16,1024,36,500,proj,512,512,512,isap,1024,4096,4480,0,5120,0,0,5120,0,0,0,0,0,0,0,0,8,0,0,0,0
409,384,24,8,85,1365,500,proj,512,512,512,ispp,1024,6144,54912,0,0,11264,0,0,11264,0,0,0,0,0,0,0,312,11264,18944,0,0
409,512,40,8,512,409,500,proj,512,512,512,ispp,512,4608,2080,2080,0,0,0,6656,0,0,0,0,0,0,0,0,16,0,5632,0,0
409,384,32,8,1365,512,500,proj,512,512,512,wspp,1024,6144,4096,0,0,512,0,7680,8192,0,0,0,0,0,0,3584,16,4608,14336,0,0
409,512,32,16,512,512,500,proj,512,512,512,wspp,512,4608,2048,2048,0,0,0,8192,0,0,0,0,0,0,0,0,8,0,7680,0,0
409,640,24,8,819,1365,500,proj,512,512,512,wspp,512,5632,2112,4224,0,0,0,11264,0,0,0,0,0,0,0,0,36,0,9728,0,0
409,512,16,32,16,256,500,proj,512,512,512,wspp,16,144,2048,2048,0,0,0,512,0,0,0,0,15872,0,4464,0,8,0,496,15376,0
409,512,24,64,8,170,500,proj,512,512,512,wsap,8,72,2112,2112,0,0,0,176,0,0,0,0,11088,0,4536,0,8,0,168,10584,0
409,256,56,16,1024,36,500,proj,512,512,512,isap,1024,4096,4480,0,5120,0,0,5120,0,0,0,0,0,0,0,0,8,0,0,0,0
409,128,48,32,2048,85,500,proj,512,512,512,isap,2048,2048,8448,0,16896,0,0,5632,0,0,0,0,0,0,0,0,0,0,0,0,0
409,384,24,8,85,1365,500,proj,512,512,512,ispp,1024,6144,54912,0,0,11264,0,0,11264,0,0,0,0,0,0,0,312,11264,18944,0,0
409,256,32,8,64,2048,500,proj,512,512,512,ispp,1024,4096,65536,0,0,8192,0,0,8192,0,0,0,0,0,0,0,256,8192,14336,0,0
409,512,40,8,512,409,500,proj,512,512,512,ispp,512,4608,2080,2080,0,0,0,6656,0,0,0,0,0,0,0,0,16,0,5632,0,0
409,512,32,16,512,512,500,proj,512,512,512,wspp,512,4608,2048,2048,0,0,0,8192,0,0,0,0,0,0,0,0,8,0,7680,0,0
409,512,24,64,8,170,500,proj,512,512,512,wsap,8,72,2112,2112,0,0,0,176,0,0,0,0,11088,0,4536,0,8,0,168,10584,0
409,256,56,16,1024,36,500,proj,512,512,512,isap,1024,4096,4480,0,5120,0,0,5120,0,0,0,0,0,0,0,0,8,0,0,0,0
409,256,32,8,64,2048,500,proj,512,512,512,ispp,1024,4096,65536,0,0,8192,0,0,8192,0,0,0,0,0,0,0,256,8192,14336,0,0
409,512,40,8,512,409,500,proj,512,512,512,ispp,512,4608,2080,2080,0,0,0,6656,0,0,0,0,0,0,0,0,16,0,5632,0,0
409,384,48,8,1365,682,500,proj,512,512,512,ispp,1024,6144,4224,0,0,834,0,4798,5632,0,0,0,0,0,0,1990,12,3642,9216,0,0
409,512,32,16,512,512,500,proj,512,512,512,wspp,512,4608,2048,2048,0,0,0,8192,0,0,0,0,0,0,0,0,8,0,7680,0,0
409,512,24,8,512,682,500,proj,512,512,512,isap,512,4608,2112,2112,0,0,0,11264,0,0,0,0,0,0,0,0,24,0,9728,0,0
409,512,24,64,8,170,500,proj,512,512,512,wsap,8,72,2112,2112,0,0,0,176,0,0,0,0,11088,0,4536,0,8,0,168,10584,0
409,640,16,64,6,256,500,proj,512,512,512,isap,512,5632,176128,352256,0,0,0,16384,0,0,0,0,0,0,0,0,1032,0,15872,0,0
409,256,56,16,1024,36,500,proj,512,512,512,isap,1024,4096,4480,0,5120,0,0,5120,0,0,0,0,0,0,0,0,8,0,0,0,0
409,128,48,16,1024,85,500,proj,512,512,512,isap,2048,2048,16896,0,16896,0,0,5632,0,0,0,0,0,0,0,0,0,0,0,0,0
409,256,32,8,64,2048,500,proj,512,512,512,ispp,1024,4096,65536,0,0,8192,0,0,8192,0,0,0,0,0,0,0,256,8192,14336,0,0
409,128,24,16,64,5461,500,proj,512,512,512,isap,2048,2048,270336,0,33792,0,0,11264,0,0,0,0,0,0,0,0,0,0,0,0,0
409,512,40,8,512,409,500,proj,512,512,512,ispp,512,4608,2080,2080,0,0,0,6656,0,0,0,0,0,0,0,0,16,0,5632,0,0
409,512,24,8,512,682,500,proj,512,512,512,isap,512,4608,2112,2112,0,0,0,11264,0,0,0,0,0,0,0,0,24,0,9728,0,0
409,512,24,64,8,170,500,proj,512,512,512,wsap,8,72,2112,2112,0,0,0,176,0,0,0,0,11088,0,4536,0,8,0,168,10584,0
409,256,56,16,1024,36,500,proj,512,512,512,isap,1024,4096,4480,0,5120,0,0,5120,0,0,0,0,0,0,0,0,8,0,0,0,0
409,128,24,16,64,5461,500,proj,512,512,512,isap,2048,2048,270336,0,33792,0,0,11264,0,0,0,0,0,0,0,0,0,0,0,0,0
409,512,40,8,512,409,500,proj,512,512,512,ispp,512,4608,2080,2080,0,0,0,6656,0,0,0,0,0,0,0,0,16,0,5632,0,0
409,512,32,4,256,1024,500,proj,512,512,512,ispp,512,4608,4096,4096,0,0,0,8192,0,0,0,0,0,0,0,0,64,0,6144,0,0
409,512,24,8,512,682,500,proj,512,512,512,isap,512,4608,2112,2112,0,0,0,11264,0,0,0,0,0,0,0,0,24,0,9728,0,0
409,640,16,8,819,1024,500,proj,512,512,512,wsap,512,5632,2048,4096,0,0,0,16384,0,0,0,0,0,0,0,0,48,0,14336,0,0
409,512,24,64,8,170,500,proj,512,512,512,wsap,8,72,2112,2112,0,0,0,176,0,0,0,0,11088,0,4536,0,8,0,168,10584,0
409,640,24,32,12,341,500,proj,512,512,512,ispp,512,5632,90816,181632,0,0,0,11264,0,0,0,0,0,0,0,0,516,0,10752,0,0
409,256,56,16,1024,36,500,proj,512,512,512,isap,1024,4096,4480,0,5120,0,0,5120,0,0,0,0,0,0,0,0,8,0,0,0,0
409,256,48,16,2048,42,500,proj,512,512,512,isap,1024,4096,4224,0,5632,0,0,5632,0,0,0,0,0,0,0,0,8,0,0,0,0
409,128,24,16,64,5461,500,proj,512,512,512,isap,2048,2048,270336,0,33792,0,0,11264,0,0,0,0,0,0,0,0,0,0,0,0,0
409,256,16,16,32,8192,500,proj,512,512,512,wsap,32,128,4096,0,512,0,0,512,0,15872,0,0,15872,0,126976,0,16,0,0,0,0
409,512,32,4,256,1024,500,proj,512,512,512,ispp,512,4608,4096,4096,0,0,0,8192,0,0,0,0,0,0,0,0,64,0,6144,0,0
409,640,16,8,819,1024,500,proj,512,512,512,wsap,512,5632,2048,4096,0,0,0,16384,0,0,0,0,0,0,0,0,48,0,14336,0,0
409,512,24,64,8,170,500,proj,512,512,512,wsap,8,72,2112,2112,0,0,0,176,0,0,0,0,11088,0,4536,0,8,0,168,10584,0
409,256,48,16,2048,42,500,proj,512,512,512,isap,1024,4096,4224,0,5632,0,0,5632,0,0,0,0,0,0,0,0,8,0,0,0,0
409,256,16,16,32,8192,500,proj,512,512,512,wsap,32,128,4096,0,512,0,0,512,0,15872,0,0,15872,0,126976,0,16,0,0,0,0
409,512,32,4,256,1024,500,proj,512,512,512,ispp,512,4608,4096,4096,0,0,0,8192,0,0,0,0,0,0,0,0,64,0,6144,0,0
409,512,40,8,512,409,500,proj,512,512,512,isap,512,4608,2080,2080,0,0,0,6656,0,0,0,0,0,0,0,0,16,0,5632,0,0
409,640,16,8,819,1024,500,proj,512,512,512,wsap,512,5632,2048,4096,0,0,0,16384,0,0,0,0,0,0,0,0,48,0,14336,0,0
409,640,16,8,409,1024,500,proj,512,512,512,ispp,512,5632,4096,8192,0,0,0,16384,0,0,0,0,0,0,0,0,96,0,14336,0,0
409,512,24,64,8,170,500,proj,512,512,512,wsap,8,72,2112,2112,0,0,0,176,0,0,0,0,11088,0,4536,0,8,0,168,10584,0
409,384,16,64,10,512,500,proj,512,512,512,wsap,10,60,4096,0,160,0,0,160,0,16224,0,0,16224,0,194688,0,4,0,0,0,0
409,256,48,16,2048,42,500,proj,512,512,512,isap,1024,4096,4224,0,5632,0,0,5632,0,0,0,0,0,0,0,0,8,0,0,0,0
409,256,48,16,1024,42,500,proj,512,512,512,isap,1024,4096,4224,0,5632,0,0,5632,0,0,0,0,0,0,0,0,8,0,0,0,0
409,256,16,16,32,8192,500,proj,512,512,512,wsap,32,128,4096,0,512,0,0,512,0,15872,0,0,15872,0,126976,0,16,0,0,0,0
409,256,24,32,32,10922,500,proj,512,512,512,wspp,32,128,4224,0,0,352,0,0,352,0,10912,0,0,10912,5952,0,8,11264,656,20336,0
409,512,40,8,512,409,500,proj,512,512,512,isap,512,4608,2080,2080,0,0,0,6656,0,0,0,0,0,0,0,0,16,0,5632,0,0
409,640,16,8,409,1024,500,proj,512,512,512,ispp,512,5632,4096,8192,0,0,0,16384,0,0,0,0,0,0,0,0,96,0,14336,0,0
409,512,24,64,8,170,500,proj,512,512,512,wsap,8,72,2112,2112,0,0,0,176,0,0,0,0,11088,0,4536,0,8,0,168,10584,0
409,256,48,16,1024,42,500,proj,512,512,512,isap,1024,4096,4224,0,5632,0,0,5632,0,0,0,0,0,0,0,0,8,0,0,0,0
409,256,24,32,32,10922,500,proj,512,512,512,wspp,32,128,4224,0,0,352,0,0,352,0,10912,0,0,10912,5952,0,8,11264,656,20336,0
409,512,40,8,512,409,500,proj,512,512,512,isap,512,4608,2080,2080,0,0,0,6656,0,0,0,0,0,0,0,0,16,0,5632,0,0
409,384,48,4,1365,170,500,proj,512,512,512,isap,1024,6144,4224,0,5632,0,0,5632,0,0,0,0,0,0,0,0,24,0,0,0,0
409,640,16,8,409,1024,500,proj,512,512,512,ispp,512,5632,4096,8192,0,0,0,16384,0,0,0,0,0,0,0,0,96,0,14336,0,0
409,640,16,4,409,512,500,proj,512,512,512,isap,512,5632,4096,8192,0,0,0,16384,0,0,0,0,0,0,0,0,192,0,12288,0,0
409,512,24,64,8,170,500,proj,512,512,512,wsap,8,72,2112,2112,0,0,0,176,0,0,0,0,11088,0,4536,0,8,0,168,10584,0
409,384,16,32,10,512,500,proj,512,512,512,wsap,10,60,4096,0,160,0,0,160,0,16224,0,0,16224,0,194688,0,8,0,0,0,0
409,256,48,16,1024,42,500,proj,512,512,512,isap,1024,4096,4224,0,5632,0,0,5632,0,0,0,0,0,0,0,0,8,0,0,0,0
409,128,48,32,1024,42,500,proj,512,512,512,wsap,1024,1024,8448,0,8448,0,0,2816,0,8448,0,0,2816,0,11264,0,0,0,0,0,0
409,256,24,32,32,10922,500,proj,512,512,512,wspp,32,128,4224,0,0,352,0,0,352,0,10912,0,0,10912,5952,0,8,11264,656,20336,0
409,128,32,32,64,4096,500,proj,512,512,512,isap,2048,2048,262144,0,24576,0,0,8192,0,0,0,0,0,0,0,0,0,0,0,0,0
409,512,40,8,512,409,500,proj,512,512,512,isap,512,4608,2080,2080,0,0,0,6656,0,0,0,0,0,0,0,0,16,0,5632,0,0
409,640,16,4,409,512,500,proj,512,512,512,isap,512,5632,4096,8192,0,0,0,16384,0,0,0,0,0,0,0,0,192,0,12288,0,0
409,512,24,64,8,170,500,proj,512,512,512,wsap,8,72,2112,2112,0,0,0,176,0,0,0,0,11088,0,4536,0,8,0,168,10584,0
409,256,48,16,1024,42,500,proj,512,512,512,isap,1024,4096,4224,0,5632,0,0,5632,0,0,0,0,0,0,0,0,8,0,0,0,0
409,128,32,32,64,4096,500,proj,512,512,512,isap,2048,2048,262144,0,24576,0,0,8192,0,0,0,0,0,0,0,0,0,0,0,0,0
409,512,40,8,512,409,500,proj,512,512,512,isap,512,4608,2080,2080,0,0,0,6656,0,0,0,0,0,0,0,0,16,0,5632,0,0
409,384,32,4,1365,256,500,proj,512,512,512,wsap,1024,6144,4096,0,8192,0,0,8192,0,0,0,0,0,0,0,0,32,0,0,0,0
409,640,16,4,409,512,500,proj,512,512,512,isap,512,5632,4096,8192,0,0,0,16384,0,0,0,0,0,0,0,0,192,0,12288,0,0
409,768,24,2,682,170,500,proj,512,512,512,wspp,512,7168,2112,4224,0,0,0,11264,0,0,0,0,0,0,0,0,132,0,5632,0,0
409,512,24,64,8,170,500,proj,512,512,512,wsap,8,72,2112,2112,0,0,0,176,0,0,0,0,11088,0,4536,0,8,0,168,10584,0
409,384,16,32,21,256,500,proj,512,512,512,wspp,20,120,4096,0,0,256,0,64,320,0,0,0,16064,16064,6024,0,8,16384,620,31124,0
409,256,48,16,1024,42,500,proj,512,512,512,isap,1024,4096,4224,0,5632,0,0,5632,0,0,0,0,0,0,0,0,8,0,0,0,0
409,128,56,16,2048,36,500,proj,512,512,512,ispp,2048,2048,8960,0,0,36,84,5084,15276,0,0,0,0,0,0,22340,0,4190,17408,0,0
409,128,32,32,64,4096,500,proj,512,512,512,isap,2048,2048,262144,0,24576,0,0,8192,0,0,0,0,0,0,0,0,0,0,0,0,0
409,128,24,16,64,10922,500,proj,512,512,512,wsap,64,64,8448,0,1056,0,0,352,0,32736,0,0,10912,0,43648,0,0,0,0,0,0
409,512,40,8,512,409,500,proj,512,512,512,isap,512,4608,2080,2080,0,0,0,6656,0,0,0,0,0,0,0,0,16,0,5632,0,0
409,768,24,2,682,170,500,proj,512,512,512,wspp,512,7168,2112,4224,0,0,0,11264,0,0,0,0,0,0,0,0,132,0,5632,0,0
409,384,16,32,21,256,500,proj,512,512,512,wspp,20,120,4096,0,0,256,0,64,320,0,0,0,16064,16064,6024,0,8,16384,620,31124,0
409,256,48,16,1024,42,500,proj,512,512,512,isap,1024,4096,4224,0,5632,0,0,5632,0,0,0,0,0,0,0,0,8,0,0,0,0
409,128,24,16,64,10922,500,proj,512,512,512,wsap,64,64,8448,0,1056,0,0,352,0,32736,0,0,10912,0,43648,0,0,0,0,0,0
409,512,40,8,512,409,500,proj,512,512,512,isap,512,4608,2080,2080,0,0,0,6656,0,0,0,0,0,0,0,0,16,0,5632,0,0
409,512,40,8,1024,409,500,proj,512,512,512,isap,512,4608,2080,2080,0,0,0,6656,0,0,0,0,0,0,0,0,16,0,5632,0,0
409,768,24,2,682,170,500,proj,512,512,512,wspp,512,7168,2112,4224,0,0,0,11264,0,0,0,0,0,0,0,0,132,0,5632,0,0
409,896,24,4,585,341,500,proj,512,512,512,ispp,512,8192,2112,6336,0,0,0,11264,0,0,0,0,0,0,0,0,96,0,8192,0,0
409,384,16,32,21,256,500,proj,512,512,512,wspp,20,120,4096,0,0,256,0,64,320,0,0,0,16064,16064,6024,0,8,16384,620,31124,0
409,256,8,16,64,512,500,proj,512,512,512,wsap,64,256,4096,0,2048,0,0,2048,0,30720,0,0,30720,0,245760,0,32,0,0,0,0
409,256,48,16,1024,42,500,proj,512,512,512,isap,1024,4096,4224,0,5632,0,0,5632,0,0,0,0,0,0,0,0,8,0,0,0,0
409,256,40,16,1024,25,500,proj,512,512,512,ispp,1024,4096,4160,0,0,31,0,6625,6656,0,0,0,0,0,0,1527,8,5129,11776,0,0
409,128,24,16,64,10922,500,proj,512,512,512,wsap,64,64,8448,0,1056,0,0,352,0,32736,0,0,10912,0,43648,0,0,0,0,0,0
409,128,24,32,64,5461,500,proj,512,512,512,wsap,64,64,8448,0,1056,0,0,352,0,32736,0,0,10912,0,43648,0,0,0,0,0,0
409,512,40,8,1024,409,500,proj,512,512,512,isap,512,4608,2080,2080,0,0,0,6656,0,0,0,0,0,0,0,0,16,0,5632,0,0
409,896,24,4,585,341,500,proj,512,512,512,ispp,512,8192,2112,6336,0,0,0,11264,0,0,0,0,0,0,0,0,96,0,8192,0,0
409,256,8,16,64,512,500,proj,512,512,512,wsap,64,256,4096,0,2048,0,0,2048,0,30720,0,0,30720,0,245760,0,32,0,0,0,0
409,256,40,16,1024,25,500,proj,512,512,512,ispp,1024,4096,4160,0,0,31,0,6625,6656,0,0,0,0,0,0,1527,8,5129,11776,0,0
409,128,24,32,64,5461,500,proj,512,512,512,wsap,64,64,8448,0,1056,0,0,352,0,32736,0,0,10912,0,43648,0,0,0,0,0,0
409,512,40,8,1024,409,500,proj,512,512,512,isap,512,4608,2080,2080,0,0,0,6656,0,0,0,0,0,0,0,0,16,0,5632,0,0
409,512,40,4,1024,819,500,proj,512,512,512,ispp,512,4608,2080,2080,0,0,0,6656,0,0,0,0,0,0,0,0,32,0,4608,0,0
409,896,24,4,585,341,500,proj,512,512,512,ispp,512,8192,2112,6336,0,0,0,11264,0,0,0,0,0,0,0,0,96,0,8192,0,0
409,896,24,4,585,170,500,proj,512,512,512,wspp,512,8192,2112,6336,0,0,0,11264,0,0,0,0,0,0,0,0,96,0,8192,0,0
409,256,8,16,64,512,500,proj,512,512,512,wsap,64,256,4096,0,2048,0,0,2048,0,30720,0,0,30720,0,245760,0,32,0,0,0,0
409,128,8,8,64,1024,500,proj,512,512,512,wspp,64,64,8192,0,0,1024,2048,0,1024,0,0,0,31744,95232,15872,78832,0,19472,3584,111104,0
409,256,40,16,1024,25,500,proj,512,512,512,ispp,1024,4096,4160,0,0,31,0,6625,6656,0,0,0,0,0,0,1527,8,5129,11776,0,0
409,384,48,8,682,42,500,proj,512,512,512,ispp,1024,6144,8448,0,0,100,0,5532,5632,0,0,0,0,0,0,2490,24,3142,9216,0,0
409,128,24,32,64,5461,500,proj,512,512,512,wsap,64,64,8448,0,1056,0,0,352,0,32736,0,0,10912,0,43648,0,0,0,0,0,0
409,256,32,64,16,4096,500,proj,512,512,512,wsap,16,64,4096,0,128,0,0,128,0,8064,0,0,8064,0,64512,0,4,0,0,0,0
409,512,40,4,1024,819,500,proj,512,512,512,ispp,512,4608,2080,2080,0,0,0,6656,0,0,0,0,0,0,0,0,32,0,4608,0,0
409,896,24,4,585,170,500,proj,512,512,512,wspp,512,8192,2112,6336,0,0,0,11264,0,0,0,0,0,0,0,0,96,0,8192,0,0
409,128,8,8,64,1024,500,proj,512,512,512,wspp,64,64,8192,0,0,1024,2048,0,1024,0,0,0,31744,95232,15872,78832,0,19472,3584,111104,0
409,384,48,8,682,42,500,proj,512,512,512,ispp,1024,6144,8448,0,0,100,0,5532,5632,0,0,0,0,0,0,2490,24,3142,9216,0,0
409,256,32,64,16,4096,500,proj,512,512,512,wsap,16,64,4096,0,128,0,0,128,0,8064,0,0,8064,0,64512,0,4,0,0,0,0
409,512,40,4,1024,819,500,proj,512,512,512,ispp,512,4608,2080,2080,0,0,0,6656,0,0,0,0,0,0,0,0,32,0,4608,0,0
409,512,32,2,2048,1024,500,proj,512,512,512,ispp,512,4608,2048,2048,0,0,0,8192,0,0,0,0,0,0,0,0,64,0,4096,0,0
409,896,24,4,585,170,500,proj,512,512,512,wspp,512,8192,2112,6336,0,0,0,11264,0,0,0,0,0,0,0,0,96,0,8192,0,0
409,1024,24,4,256,341,500,proj,512,512,512,ispp,512,9728,4224,16896,0,0,0,11264,0,0,0,0,0,0,0,0,240,0,8192,0,0
409,128,8,8,64,1024,500,proj,512,512,512,wspp,64,64,8192,0,0,1024,2048,0,1024,0,0,0,31744,95232,15872,78832,0,19472,3584,111104,0
409,256,16,8,64,256,500,proj,512,512,512,wspp,64,256,4096,0,0,256,0,768,1024,0,0,0,15360,15360,15360,7936,32,8448,1792,26880,0
409,384,48,8,682,42,500,proj,512,512,512,ispp,1024,6144,8448,0,0,100,0,5532,5632,0,0,0,0,0,0,2490,24,3142,9216,0,0
409,256,56,16,1024,18,500,proj,512,512,512,ispp,1024,4096,4480,0,0,38,0,5082,5120,0,0,0,0,0,0,6084,8,2078,8704,0,0
409,256,32,64,16,4096,500,proj,512,512,512,wsap,16,64,4096,0,128,0,0,128,0,8064,0,0,8064,0,64512,0,4,0,0,0,0
409,128,24,32,32,10922,500,proj,512,512,512,isap,2048,2048,540672,0,33792,0,0,11264,0,0,0,0,0,0,0,0,0,0,0,0,0
409,512,32,2,2048,1024,500,proj,512,512,512,ispp,512,4608,2048,2048,0,0,0,8192,0,0,0,0,0,0,0,0,64,0,4096,0,0
409,896,24,4,585,170,500,proj,512,512,512,wspp,512,8192,2112,6336,0,0,0,11264,0,0,0,0,0,0,0,0,96,0,8192,0,0
409,256,16,8,64,256,500,proj,512,512,512,wspp,64,256,4096,0,0,256,0,768,1024,0,0,0,15360,15360,15360,7936,32,8448,1792,26880,0
409,256,56,16,1024,18,500,proj,512,512,512,ispp,1024,4096,4480,0,0,38,0,5082,5120,0,0,0,0,0,0,6084,8,2078,8704,0,0
409,256,32,64,16,4096,500,proj,512,512,512,wsap,16,64,4096,0,128,0,0,128,0,8064,0,0,8064,0,64512,0,4,0,0,0,0
409,512,32,2,2048,1024,500,proj,512,512,512,ispp,512,4608,2048,2048,0,0,0,8192,0,0,0,0,0,0,0,0,64,0,4096,0,0
409,384,32,2,1365,512,500,proj,512,512,512,wsap,1024,6144,4096,0,8192,0,0,8192,0,0,0,0,0,0,0,0,64,0,0,0,0
409,896,24,4,585,170,500,proj,512,512,512,wspp,512,8192,2112,6336,0,0,0,11264,0,0,0,0,0,0,0,0,96,0,8192,0,0
409,896,24,2,1170,85,500,proj,512,512,512,wsap,512,8192,2112,6336,0,0,0,11264,0,0,0,0,0,0,0,0,176,0,5632,0,0
409,256,16,8,64,256,500,proj,512,512,512,wspp,64,256,4096,0,0,256,0,768,1024,0,0,0,15360,15360,15360,7936,32,8448,1792,26880,0
409,256,16,8,64,512,500,proj,512,512,512,isap,1024,4096,65536,0,16384,0,0,16384,0,0,0,0,0,0,0,0,512,0,0,0,0
409,256,56,16,1024,18,500,proj,512,512,512,ispp,1024,4096,4480,0,0,38,0,5082,5120,0,0,0,0,0,0,6084,8,2078,8704,0,0
409,128,48,16,4096,10,500,proj,512,512,512,ispp,2048,2048,8448,0,0,10,20,5622,16876,0,0,0,0,0,0,11244,0,5652,19456,0,0
409,256,32,64,16,4096,500,proj,512,512,512,wsap,16,64,4096,0,128,0,0,128,0,8064,0,0,8064,0,64512,0,4,0,0,0,0
409,384,32,32,21,4096,500,proj,512,512,512,isap,1024,6144,212992,0,8192,0,0,8192,0,0,0,0,0,0,0,0,208,0,0,0,0
409,512,32,2,2048,1024,500,proj,512,512,512,ispp,512,4608,2048,2048,0,0,0,8192,0,0,0,0,0,0,0,0,64,0,4096,0,0
409,896,24,2,1170,85,500,proj,512,512,512,wsap,512,8192,2112,6336,0,0,0,11264,0,0,0,0,0,0,0,0,176,0,5632,0,0
409,256,16,8,64,256,500,proj,512,512,512,wspp,64,256,4096,0,0,256,0,768,1024,0,0,0,15360,15360,15360,7936,32,8448,1792,26880,0
409,256,56,16,1024,18,500,proj,512,512,512,ispp,1024,4096,4480,0,0,38,0,5082,5120,0,0,0,0,0,0,6084,8,2078,8704,0,0
409,384,32,32,21,4096,500,proj,512,512,512,isap,1024,6144,212992,0,8192,0,0,8192,0,0,0,0,0,0,0,0,208,0,0,0,0
409,512,32,2,2048,1024,500,proj,512,512,512,ispp,512,4608,2048,2048,0,0,0,8192,0,0,0,0,0,0,0,0,64,0,4096,0,0
409,512,24,4,2048,682,500,proj,512,512,512,wsap,512,4608,2112,2112,0,0,0,11264,0,0,0,0,0,0,0,0,48,0,8192,0,0
409,896,24,2,1170,85,500,proj,512,512,512,wsap,512,8192,2112,6336,0,0,0,11264,0,0,0,0,0,0,0,0,176,0,5632,0,0
409,768,16,4,1365,128,500,proj,512,512,512,wsap,512,7168,2048,4096,0,0,0,16384,0,0,0,0,0,0,0,0,96,0,12288,0,0
409,256,16,8,64,256,500,proj,512,512,512,wspp,64,256,4096,0,0,256,0,768,1024,0,0,0,15360,15360,15360,7936,32,8448,1792,26880,0
409,384,24,8,85,170,500,proj,512,512,512,ispp,1024,6144,54912,0,0,2288,0,8976,11264,0,0,0,0,0,0,3096,312,8168,18944,0,0
409,256,56,16,1024,18,500,proj,512,512,512,ispp,1024,4096,4480,0,0,38,0,5082,5120,0,0,0,0,0,0,6084,8,2078,8704,0,0
409,128,48,32,2048,21,500,proj,512,512,512,ispp,2048,2048,8448,0,0,21,553,5611,16343,0,0,0,0,0,0,10711,0,6185,19968,0,0
409,384,32,32,21,4096,500,proj,512,512,512,isap,1024,6144,212992,0,8192,0,0,8192,0,0,0,0,0,0,0,0,208,0,0,0,0
409,512,32,16,32,4096,500,proj,512,512,512,wspp,32,288,2048,2048,0,0,0,512,0,0,0,0,7680,0,4320,0,8,0,480,7200,0
409,512,24,4,2048,682,500,proj,512,512,512,wsap,512,4608,2112,2112,0,0,0,11264,0,0,0,0,0,0,0,0,48,0,8192,0,0
409,768,16,4,1365,128,500,proj,512,512,512,wsap,512,7168,2048,4096,0,0,0,16384,0,0,0,0,0,0,0,0,96,0,12288,0,0
409,384,24,8,85,170,500,proj,512,512,512,ispp,1024,6144,54912,0,0,2288,0,8976,11264,0,0,0,0,0,0,3096,312,8168,18944,0,0
409,256,56,16,1024,18,500,proj,512,512,512,ispp,1024,4096,4480,0,0,38,0,5082,5120,0,0,0,0,0,0,6084,8,2078,8704,0,0
409,512,32,16,32,4096,500,proj,512,512,512,wspp,32,288,2048,2048,0,0,0,512,0,0,0,0,7680,0,4320,0,8,0,480,7200,0
409,512,24,4,2048,682,500,proj,512,512,512,wsap,512,4608,2112,2112,0,0,0,11264,0,0,0,0,0,0,0,0,48,0,8192,0,0
409,640,24,4,819,1365,500,proj,512,512,512,ispp,512,5632,2112,4224,0,0,0,11264,0,0,0,0,0,0,0,0,72,0,8192,0,0
409,768,16,4,1365,128,500,proj,512,512,512,wsap,512,7168,2048,4096,0,0,0,16384,0,0,0,0,0,0,0,0,96,0,12288,0,0
409,768,8,8,2730,512,500,proj,512,512,512,wsap,512,7168,2048,4096,0,0,0,32768,0,0,0,0,0,0,0,0,96,0,28672,0,0
409,384,24,8,85,170,500,proj,512,512,512,ispp,1024,6144,54912,0,0,2288,0,8976,11264,0,0,0,0,0,0,3096,312,8168,18944,0,0
409,256,24,4,64,341,500,proj,512,512,512,wsap,64,256,4224,0,704,0,0,704,0,10560,0,0,10560,0,84480,0,44,0,0,0,0
409,256,56,16,1024,18,500,proj,512,512,512,ispp,1024,4096,4480,0,0,38,0,5082,5120,0,0,0,0,0,0,6084,8,2078,8704,0,0
409,128,64,32,2048,16,500,proj,512,512,512,ispp,2048,2048,8192,0,0,4096,8192,0,4096,0,0,0,0,0,0,0,0,12288,14336,0,0
409,512,32,16,32,4096,500,proj,512,512,512,wspp,32,288,2048,2048,0,0,0,512,0,0,0,0,7680,0,4320,0,8,0,480,7200,0
409,384,40,8,21,1638,500,proj,512,512,512,wsap,20,120,4160,0,130,0,0,130,0,6526,0,0,6526,0,78312,0,16,0,0,0,0
409,640,24,4,819,1365,500,proj,512,512,512,ispp,512,5632,2112,4224,0,0,0,11264,0,0,0,0,0,0,0,0,72,0,8192,0,0
409,768,16,4,1365,128,500,proj,512,512,512,wsap,512,7168,2048,4096,0,0,0,16384,0,0,0,0,0,0,0,0,96,0,12288,0,0
409,256,24,4,64,341,500,proj,512,512,512,wsap,64,256,4224,0,704,0,0,704,0,10560,0,0,10560,0,84480,0,44,0,0,0,0
409,256,56,16,1024,18,500,proj,512,512,512,ispp,1024,4096,4480,0,0,38,0,5082,5120,0,0,0,0,0,0,6084,8,2078,8704,0,0
409,512,32,16,32,4096,500,proj,512,512,512,wspp,32,288,2048,2048,0,0,0,512,0,0,0,0,7680,0,4320,0,8,0,480,7200,0
409,640,24,4,819,1365,500,proj,512,512,512,ispp,512,5632,2112,4224,0,0,0,11264,0,0,0,0,0,0,0,0,72,0,8192,0,0
409,512,24,2,1024,1365,500,proj,512,512,512,wspp,512,4608,2112,2112,0,0,0,11264,0,0,0,0,0,0,0,0,88,0,5632,0,0
409,768,16,4,1365,128,500,proj,512,512,512,wsap,512,7168,2048,4096,0,0,0,16384,0,0,0,0,0,0,0,0,96,0,12288,0,0
409,768,8,8,1365,512,500,proj,512,512,512,wspp,512,7168,2048,4096,0,0,0,32768,0,0,0,0,0,0,0,0,96,0,28672,0,0
409,256,24,4,64,341,500,proj,512,512,512,wsap,64,256,4224,0,704,0,0,704,0,10560,0,0,10560,0,84480,0,44,0,0,0,0
409,256,16,4,64,1024,500,proj,512,512,512,wsap,64,256,4096,0,1024,0,0,1024,0,15360,0,0,15360,0,122880,0,64,0,0,0,0
409,256,56,16,1024,18,500,proj,512,512,512,ispp,1024,4096,4480,0,0,38,0,5082,5120,0,0,0,0,0,0,6084,8,2078,8704,0,0
409,128,56,32,2048,36,500,proj,512,512,512,ispp,2048,2048,8960,0,0,44,88,5076,15272,0,0,0,0,0,0,22332,0,4194,17920,0,0
409,512,32,16,32,4096,500,proj,512,512,512,wspp,32,288,2048,2048,0,0,0,512,0,0,0,0,7680,0,4320,0,8,0,480,7200,0
409,512,24,16,16,5461,500,proj,512,512,512,wsap,16,144,2112,2112,0,0,0,352,0,0,0,0,10912,0,8928,0,16,0,320,9920,0
409,512,24,2,1024,1365,500,proj,512,512,512,wspp,512,4608,2112,2112,0,0,0,11264,0,0,0,0,0,0,0,0,88,0,5632,0,0
409,768,8,8,1365,512,500,proj,512,512,512,wspp,512,7168,2048,4096,0,0,0,32768,0,0,0,0,0,0,0,0,96,0,28672,0,0
409,256,16,4,64,1024,500,proj,512,512,512,wsap,64,256,4096,0,1024,0,0,1024,0,15360,0,0,15360,0,122880,0,64,0,0,0,0
409,128,56,32,2048,36,500,proj,512,512,512,ispp,2048,2048,8960,0,0,44,88,5076,15272,0,0,0,0,0,0,22332,0,4194,17920,0,0
409,512,32,16,32,4096,500,proj,512,512,512,wspp,32,288,2048,2048,0,0,0,512,0,0,0,0,7680,0,4320,0,8,0,480,7200,0
409,512,24,2,1024,1365,500,proj,512,512,512,wspp,512,4608,2112,2112,0,0,0,11264,0,0,0,0,0,0,0,0,88,0,5632,0,0
409,512,16,2,512,4096,500,proj,512,512,512,ispp,512,4608,2048,2048,0,0,0,16384,0,0,0,0,0,0,0,0,128,0,8192,0,0
409,768,8,8,1365,512,500,proj,512,512,512,wspp,512,7168,2048,4096,0,0,0,32768,0,0,0,0,0,0,0,0,96,0,28672,0,0
409,768,8,8,2730,512,500,proj,512,512,512,wsap,512,7168,2048,4096,0,0,0,32768,0,0,0,0,0,0,0,0,96,0,28672,0,0
409,256,16,4,64,1024,500,proj,512,512,512,wsap,64,256,4096,0,1024,0,0,1024,0,15360,0,0,15360,0,122880,0,64,0,0,0,0
409,256,24,4,64,341,500,proj,512,512,512,isap,1024,4096,67584,0,11264,0,0,11264,0,0,0,0,0,0,0,0,704,0,0,0,0
409,128,56,32,2048,36,500,proj,512,512,512,ispp,2048,2048,8960,0,0,44,88,5076,15272,0,0,0,0,0,0,22332,0,4194,17920,0,0
409,256,56,16,2048,73,500,proj,512,512,512,wspp,1024,4096,4480,0,0,175,0,4945,5120,0,0,0,0,0,0,5916,8,2162,8704,0,0
409,512,32,16,32,4096,500,proj,512,512,512,wspp,32,288,2048,2048,0,0,0,512,0,0,0,0,7680,0,4320,0,8,0,480,7200,0
409,512,24,16,16,2730,500,proj,512,512,512,ispp,512,4608,67584,67584,0,0,0,11264,0,0,0,0,0,0,0,0,512,0,10240,0,0
409,512,24,2,1024,1365,500,proj,512,512,512,wspp,512,4608,2112,2112,0,0,0,11264,0,0,0,0,0,0,0,0,88,0,5632,0,0
409,768,8,8,2730,512,500,proj,512,512,512,wsap,512,7168,2048,4096,0,0,0,32768,0,0,0,0,0,0,0,0,96,0,28672,0,0
409,256,24,4,64,341,500,proj,512,512,512,isap,1024,4096,67584,0,11264,0,0,11264,0,0,0,0,0,0,0,0,704,0,0,0,0
409,256,56,16,2048,73,500,proj,512,512,512,wspp,1024,4096,4480,0,0,175,0,4945,5120,0,0,0,0,0,0,5916,8,2162,8704,0,0
409,512,32,16,32,4096,500,proj,512,512,512,wspp,32,288,2048,2048,0,0,0,512,0,0,0,0,7680,0,4320,0,8,0,480,7200,0
409,512,24,2,1024,1365,500,proj,512,512,512,wspp,512,4608,2112,2112,0,0,0,11264,0,0,0,0,0,0,0,0,88,0,5632,0,0
409,384,32,2,2730,2048,500,proj,512,512,512,wsap,1024,6144,4096,0,8192,0,0,8192,0,0,0,0,0,0,0,0,64,0,0,0,0
409,768,8,8,2730,512,500,proj,512,512,512,wsap,512,7168,2048,4096,0,0,0,32768,0,0,0,0,0,0,0,0,96,0,28672,0,0
409,640,8,8,3276,1024,500,proj,512,512,512,wsap,512,5632,2048,4096,0,0,0,32768,0,0,0,0,0,0,0,0,96,0,28672,0,0
409,256,24,4,64,341,500,proj,512,512,512,isap,1024,4096,67584,0,11264,0,0,11264,0,0,0,0,0,0,0,0,704,0,0,0,0
409,384,16,2,21,256,500,proj,512,512,512,wsap,20,120,4096,0,320,0,0,320,0,16064,0,0,16064,0,192768,0,128,0,0,0,0
409,256,56,16,2048,73,500,proj,512,512,512,wspp,1024,4096,4480,0,0,175,0,4945,5120,0,0,0,0,0,0,5916,8,2162,8704,0,0
409,128,48,8,4096,85,500,proj,512,512,512,isap,2048,2048,8448,0,16896,0,0,5632,0,0,0,0,0,0,0,0,0,0,0,0,0
409,512,32,16,32,4096,500,proj,512,512,512,wspp,32,288,2048,2048,0,0,0,512,0,0,0,0,7680,0,4320,0,8,0,480,7200,0
409,512,40,8,16,3276,500,proj,512,512,512,wspp,16,144,2080,2080,0,0,0,208,0,0,0,0,6448,0,8928,0,16,0,176,5456,0
409,512,24,2,1024,1365,500,proj,512,512,512,wspp,512,4608,2112,2112,0,0,0,11264,0,0,0,0,0,0,0,0,88,0,5632,0,0
409,640,8,8,3276,1024,500,proj,512,512,512,wsap,512,5632,2048,4096,0,0,0,32768,0,0,0,0,0,0,0,0,96,0,28672,0,0
409,384,16,2,21,256,500,proj,512,512,512,wsap,20,120,4096,0,320,0,0,320,0,16064,0,0,16064,0,192768,0,128,0,0,0,0
409,256,56,16,2048,73,500,proj,512,512,512,wspp,1024,4096,4480,0,0,175,0,4945,5120,0,0,0,0,0,0,5916,8,2162,8704,0,0
409,512,40,8,16,3276,500,proj,512,512,512,wspp,16,144,2080,2080,0,0,0,208,0,0,0,0,6448,0,8928,0,16,0,176,5456,0
409,512,24,2,1024,1365,500,proj,512,512,512,wspp,512,4608,2112,2112,0,0,0,11264,0,0,0,0,0,0,0,0,88,0,5632,0,0
409,384,16,4,682,2048,500,proj,512,512,512,wspp,682,4092,4096,0,0,2048,0,8864,10912,0,0,0,5472,5472,16416,6132,64,10252,16368,8208,0
409,640,8,8,3276,1024,500,proj,512,512,512,wsap,512,5632,2048,4096,0,0,0,32768,0,0,0,0,0,0,0,0,96,0,28672,0,0
409,768,16,4,1365,1024,500,proj,512,512,512,ispp,512,7168,2048,4096,0,0,0,16384,0,0,0,0,0,0,0,0,96,0,12288,0,0
409,384,16,2,21,256,500,proj,512,512,512,wsap,20,120,4096,0,320,0,0,320,0,16064,0,0,16064,0,192768,0,128,0,0,0,0
409,256,24,2,32,85,500,proj,512,512,512,wsap,32,128,4224,0,352,0,0,352,0,10912,0,0,10912,0,87296,0,88,0,0,0,0
409,256,56,16,2048,73,500,proj,512,512,512,wspp,1024,4096,4480,0,0,175,0,4945,5120,0,0,0,0,0,0,5916,8,2162,8704,0,0
409,128,56,16,8192,36,500,proj,512,512,512,isap,2048,2048,8960,0,15360,0,0,5120,0,0,0,0,0,0,0,0,0,0,0,0,0
409,512,40,8,16,3276,500,proj,512,512,512,wspp,16,144,2080,2080,0,0,0,208,0,0,0,0,6448,0,8928,0,16,0,176,5456,0
409,384,32,4,10,2048,500,proj,512,512,512,wspp,10,60,4096,0,0,80,0,0,80,0,1968,0,6144,8112,24336,2048,32,6144,120,12168,0
409,512,24,2,1024,1365,500,proj,512,512,512,wspp,512,4608,2112,2112,0,0,0,11264,0,0,0,0,0,0,0,0,88,0,5632,0,0
409,768,16,4,1365,1024,500,proj,512,512,512,ispp,512,7168,2048,4096,0,0,0,16384,0,0,0,0,0,0,0,0,96,0,12288,0,0
409,256,24,2,32,85,500,proj,512,512,512,wsap,32,128,4224,0,352,0,0,352,0,10912,0,0,10912,0,87296,0,88,0,0,0,0
409,256,56,16,2048,73,500,proj,512,512,512,wspp,1024,4096,4480,0,0,175,0,4945,5120,0,0,0,0,0,0,5916,8,2162,8704,0,0
409,512,40,8,16,3276,500,proj,512,512,512,wspp,16,144,2080,2080,0,0,0,208,0,0,0,0,6448,0,8928,0,16,0,176,5456,0
409,512,24,2,1024,1365,500,proj,512,512,512,wspp,512,4608,2112,2112,0,0,0,11264,0,0,0,0,0,0,0,0,88,0,5632,0,0
409,512,32,2,1024,1024,500,proj,512,512,512,wsap,512,4608,2048,2048,0,0,0,8192,0,0,0,0,0,0,0,0,64,0,4096,0,0
409,768,16,4,1365,1024,500,proj,512,512,512,ispp,512,7168,2048,4096,0,0,0,16384,0,0,0,0,0,0,0,0,96,0,12288,0,0
409,640,8,8,3276,1024,500,proj,512,512,512,wsap,512,5632,2048,4096,0,0,0,32768,0,0,0,0,0,0,0,0,96,0,28672,0,0
409,256,24,2,32,85,500,proj,512,512,512,wsap,32,128,4224,0,352,0,0,352,0,10912,0,0,10912,0,87296,0,88,0,0,0,0
409,128,24,2,64,85,500,proj,512,512,512,ispp,2048,2048,270336,0,0,2720,5440,8544,28352,0,0,0,0,0,0,20160,0,13632,22528,0,0
409,256,56,16,2048,73,500,proj,512,512,512,wspp,1024,4096,4480,0,0,175,0,4945,5120,0,0,0,0,0,0,5916,8,2162,8704,0,0
409,128,48,16,2048,85,500,proj,512,512,512,ispp,2048,2048,8448,0,0,85,675,5547,16221,0,0,0,0,0,0,10589,0,6307,19456,0,0
409,512,40,8,16,3276,500,proj,512,512,512,wspp,16,144,2080,2080,0,0,0,208,0,0,0,0,6448,0,8928,0,16,0,176,5456,0
409,384,40,16,42,1638,500,proj,512,512,512,isap,1024,6144,104000,0,6656,0,0,6656,0,0,0,0,0,0,0,0,200,0,0,0,0
409,512,32,2,1024,1024,500,proj,512,512,512,wsap,512,4608,2048,2048,0,0,0,8192,0,0,0,0,0,0,0,0,64,0,4096,0,0
409,640,8,8,3276,1024,500,proj,512,512,512,wsap,512,5632,2048,4096,0,0,0,32768,0,0,0,0,0,0,0,0,96,0,28672,0,0
409,128,24,2,64,85,500,proj,512,512,512,ispp,2048,2048,270336,0,0,2720,5440,8544,28352,0,0,0,0,0,0,20160,0,13632,22528,0,0
409,256,56,16,2048,73,500,proj,512,512,512,wspp,1024,4096,4480,0,0,175,0,4945,5120,0,0,0,0,0,0,5916,8,2162,8704,0,0
409,512,40,8,16,3276,500,proj,512,512,512,wspp,16,144,2080,2080,0,0,0,208,0,0,0,0,6448,0,8928,0,16,0,176,5456,0
409,512,32,2,1024,1024,500,proj,512,512,512,wsap,512,4608,2048,2048,0,0,0,8192,0,0,0,0,0,0,0,0,64,0,4096,0,0
409,512,40,4,2048,819,500,proj,512,512,512,wsap,512,4608,2080,2080,0,0,0,6656,0,0,0,0,0,0,0,0,32,0,4608,0,0
409,640,8,8,3276,1024,500,proj,512,512,512,wsap,512,5632,2048,4096,0,0,0,32768,0,0,0,0,0,0,0,0,96,0,28672,0,0
409,640,8,4,3276,1024,500,proj,512,512,512,isap,512,5632,2048,4096,0,0,0,32768,0,0,0,0,0,0,0,0,192,0,24576,0,0
409,128,24,2,64,85,500,proj,512,512,512,ispp,2048,2048,270336,0,0,2720,5440,8544,28352,0,0,0,0,0,0,20160,0,13632,22528,0,0
409,256,16,4,16,128,500,proj,512,512,512,ispp,1024,4096,262144,0,0,8192,0,8192,16384,0,0,0,0,0,0,1536,4096,14848,24576,0,0
409,256,56,16,2048,73,500,proj,512,512,512,wspp,1024,4096,4480,0,0,175,0,4945,5120,0,0,0,0,0,0,5916,8,2162,8704,0,0
409,128,48,16,2048,42,500,proj,512,512,512,wspp,2048,2048,8448,0,0,42,593,5590,16303,0,0,0,0,0,0,10671,0,6225,19456,0,0
409,512,40,8,16,3276,500,proj,512,512,512,wspp,16,144,2080,2080,0,0,0,208,0,0,0,0,6448,0,8928,0,16,0,176,5456,0
409,512,48,4,8,1365,500,proj,512,512,512,wspp,8,72,2112,2112,0,0,0,88,0,0,0,0,5544,0,13608,0,24,0,64,4032,0
409,512,40,4,2048,819,500,proj,512,512,512,wsap,512,4608,2080,2080,0,0,0,6656,0,0,0,0,0,0,0,0,32,0,4608,0,0
409,640,8,4,3276,1024,500,proj,512,512,512,isap,512,5632,2048,4096,0,0,0,32768,0,0,0,0,0,0,0,0,192,0,24576,0,0
409,256,16,4,16,128,500,proj,512,512,512,ispp,1024,4096,262144,0,0,8192,0,8192,16384,0,0,0,0,0,0,1536,4096,14848,24576,0,0
409,256,56,16,2048,73,500,proj,512,512,512,wspp,1024,4096,4480,0,0,175,0,4945,5120,0,0,0,0,0,0,5916,8,2162,8704,0,0
409,512,40,8,16,3276,500,proj,512,512,512,wspp,16,144,2080,2080,0,0,0,208,0,0,0,0,6448,0,8928,0,16,0,176,5456,0
409,512,40,4,2048,819,500,proj,512,512,512,wsap,512,4608,2080,2080,0,0,0,6656,0,0,0,0,0,0,0,0,32,0,4608,0,0
409,640,32,2,819,2048,500,proj,512,512,512,wspp,512,5632,2048,4096,0,0,0,8192,0,0,0,0,0,0,0,0,96,0,4096,0,0
409,640,8,4,3276,1024,500,proj,512,512,512,isap,512,5632,2048,4096,0,0,0,32768,0,0,0,0,0,0,0,0,192,0,24576,0,0
409,768,16,4,2730,1024,500,proj,512,512,512,wspp,512,7168,2048,4096,0,0,0,16384,0,0,0,0,0,0,0,0,96,0,12288,0,0
409,256,16,4,16,128,500,proj,512,512,512,ispp,1024,4096,262144,0,0,8192,0,8192,16384,0,0,0,0,0,0,1536,4096,14848,24576,0,0
409,384,8,8,5,512,500,proj,512,512,512,isap,1024,6144,1048576,0,32768,0,0,32768,0,0,0,0,0,0,0,0,16384,0,0,0,0
409,256,56,16,2048,73,500,proj,512,512,512,wspp,1024,4096,4480,0,0,175,0,4945,5120,0,0,0,0,0,0,5916,8,2162,8704,0,0
409,256,56,8,2048,73,500,proj,512,512,512,wspp,1024,4096,4480,0,0,92,0,5028,5120,0,0,0,0,0,0,5916,12,2162,8192,0,0
409,512,40,8,16,3276,500,proj,512,512,512,wspp,16,144,2080,2080,0,0,0,208,0,0,0,0,6448,0,8928,0,16,0,176,5456,0
409,384,32,4,42,4096,500,proj,512,512,512,isap,1024,6144,102400,0,8192,0,0,8192,0,0,0,0,0,0,0,0,800,0,0,0,0
409,640,32,2,819,2048,500,proj,512,512,512,wspp,512,5632,2048,4096,0,0,0,8192,0,0,0,0,0,0,0,0,96,0,4096,0,0
409,768,16,4,2730,1024,500,proj,512,512,512,wspp,512,7168,2048,4096,0,0,0,16384,0,0,0,0,0,0,0,0,96,0,12288,0,0
409,384,8,8,5,512,500,proj,512,512,512,isap,1024,6144,1048576,0,32768,0,0,32768,0,0,0,0,0,0,0,0,16384,0,0,0,0
409,256,56,8,2048,73,500,proj,512,512,512,wspp,1024,4096,4480,0,0,92,0,5028,5120,0,0,0,0,0,0,5916,12,2162,8192,0,0
409,512,40,8,16,3276,500,proj,512,512,512,wspp,16,144,2080,2080,0,0,0,208,0,0,0,0,6448,0,8928,0,16,0,176,5456,0
409,640,32,2,819,2048,500,proj,512,512,512,wspp,512,5632,2048,4096,0,0,0,8192,0,0,0,0,0,0,0,0,96,0,4096,0,0
409,768,24,4,682,2730,500,proj,512,512,512,wspp,512,7168,2112,4224,0,0,0,11264,0,0,0,0,0,0,0,0,72,0,8192,0,0
409,768,16,4,2730,1024,500,proj,512,512,512,wspp,512,7168,2048,4096,0,0,0,16384,0,0,0,0,0,0,0,0,96,0,12288,0,0
409,768,24,8,1365,1365,500,proj,512,512,512,wsap,512,7168,2112,4224,0,0,0,11264,0,0,0,0,0,0,0,0,36,0,9728,0,0
409,384,8,8,5,512,500,proj,512,512,512,isap,1024,6144,1048576,0,32768,0,0,32768,0,0,0,0,0,0,0,0,16384,0,0,0,0
409,384,8,16,5,512,500,proj,512,512,512,isap,1024,6144,1048576,0,32768,0,0,32768,0,0,0,0,0,0,0,0,8192,0,0,0,0
409,256,56,8,2048,73,500,proj,512,512,512,wspp,1024,4096,4480,0,0,92,0,5028,5120,0,0,0,0,0,0,5916,12,2162,8192,0,0
409,128,56,8,2048,146,500,proj,512,512,512,wspp,2048,2048,8960,0,0,146,314,4974,15046,0,0,0,0,0,0,21824,0,4448,16384,0,0
409,512,40,8,16,3276,500,proj,512,512,512,wspp,16,144,2080,2080,0,0,0,208,0,0,0,0,6448,0,8928,0,16,0,176,5456,0
409,512,32,16,8,4096,500,proj,512,512,512,ispp,512,4608,131072,131072,0,0,0,8192,0,0,0,0,0,0,0,0,512,0,7680,0,0
409,768,24,4,682,2730,500,proj,512,512,512,wspp,512,7168,2112,4224,0,0,0,11264,0,0,0,0,0,0,0,0,72,0,8192,0,0
409,768,24,8,1365,1365,500,proj,512,512,512,wsap,512,7168,2112,4224,0,0,0,11264,0,0,0,0,0,0,0,0,36,0,9728,0,0
409,384,8,16,5,512,500,proj,512,512,512,isap,1024,6144,1048576,0,32768,0,0,32768,0,0,0,0,0,0,0,0,8192,0,0,0,0
409,256,56,8,2048,73,500,proj,512,512,512,wspp,1024,4096,4480,0,0,92,0,5028,5120,0,0,0,0,0,0,5916,12,2162,8192,0,0
409,512,40,8,16,3276,500,proj,512,512,512,wspp,16,144,2080,2080,0,0,0,208,0,0,0,0,6448,0,8928,0,16,0,176,5456,0
409,768,24,4,682,2730,500,proj,512,512,512,wspp,512,7168,2112,4224,0,0,0,11264,0,0,0,0,0,0,0,0,72,0,8192,0,0
409,640,16,2,819,4096,500,proj,512,512,512,wsap,512,5632,2048,4096,0,0,0,16384,0,0,0,0,0,0,0,0,192,0,8192,0,0
409,768,24,8,1365,1365,500,proj,512,512,512,wsap,512,7168,2112,4224,0,0,0,11264,0,0,0,0,0,0,0,0,36,0,9728,0,0
409,768,16,4,682,4096,500,proj,512,512,512,ispp,512,7168,2048,4096,0,0,0,16384,0,0,0,0,0,0,0,0,96,0,12288,0,0
409,384,8,16,5,512,500,proj,512,512,512,isap,1024,6144,1048576,0,32768,0,0,32768,0,0,0,0,0,0,0,0,8192,0,0,0,0
409,256,16,32,8,512,500,proj,512,512,512,ispp,1024,4096,524288,0,0,16384,0,0,16384,0,0,0,0,0,0,0,1024,16384,31744,0,0
409,256,56,8,2048,73,500,proj,512,512,512,wspp,1024,4096,4480,0,0,92,0,5028,5120,0,0,0,0,0,0,5916,12,2162,8192,0,0
409,128,48,4,8192,85,500,proj,512,512,512,ispp,2048,2048,8448,0,0,85,173,5547,16723,0,0,0,0,0,0,13714,0,3182,15360,0,0
409,512,40,8,16,3276,500,proj,512,512,512,wspp,16,144,2080,2080,0,0,0,208,0,0,0,0,6448,0,8928,0,16,0,176,5456,0
409,384,48,4,42,2730,500,proj,512,512,512,ispp,1024,6144,105600,0,0,5632,0,0,5632,0,0,0,0,0,0,0,600,5632,7680,0,0
409,768,24,4,682,2730,500,proj,512,512,512,wspp,512,7168,2112,4224,0,0,0,11264,0,0,0,0,0,0,0,0,72,0,8192,0,0
409,768,16,4,682,4096,500,proj,512,512,512,ispp,512,7168,2048,4096,0,0,0,16384,0,0,0,0,0,0,0,0,96,0,12288,0,0
409,256,16,32,8,512,500,proj,512,512,512,ispp,1024,4096,524288,0,0,16384,0,0,16384,0,0,0,0,0,0,0,1024,16384,31744,0,0
409,256,56,8,2048,73,500,proj,512,512,512,wspp,1024,4096,4480,0,0,92,0,5028,5120,0,0,0,0,0,0,5916,12,2162,8192,0,0
409,512,40,8,16,3276,500,proj,512,512,512,wspp,16,144,2080,2080,0,0,0,208,0,0,0,0,6448,0,8928,0,16,0,176,5456,0
409,768,24,4,682,2730,500,proj,512,512,512,wspp,512,7168,2112,4224,0,0,0,11264,0,0,0,0,0,0,0,0,72,0,8192,0,0
409,640,16,4,409,2048,500,proj,512,512,512,ispp,512,5632,4096,8192,0,0,0,16384,0,0,0,0,0,0,0,0,192,0,12288,0,0
409,768,16,4,682,4096,500,proj,512,512,512,ispp,512,7168,2048,4096,0,0,0,16384,0,0,0,0,0,0,0,0,96,0,12288,0,0
409,640,16,4,409,4096,500,proj,512,512,512,ispp,512,5632,4096,8192,0,0,0,16384,0,0,0,0,0,0,0,0,192,0,12288,0,0
409,256,16,32,8,512,500,proj,512,512,512,ispp,1024,4096,524288,0,0,16384,0,0,16384,0,0,0,0,0,0,0,1024,16384,31744,0,0
409,128,16,64,32,1024,500,proj,512,512,512,isap,2048,2048,524288,0,49152,0,0,16384,0,0,0,0,0,0,0,0,0,0,0,0,0
409,256,56,8,2048,73,500,proj,512,512,512,wspp,1024,4096,4480,0,0,92,0,5028,5120,0,0,0,0,0,0,5916,12,2162,8192,0,0
409,128,56,4,4096,36,500,proj,512,512,512,ispp,2048,2048,8960,0,0,36,74,5084,15286,0,0,0,0,0,0,25040,0,2840,14336,0,0
409,512,40,8,16,3276,500,proj,512,512,512,wspp,16,144,2080,2080,0,0,0,208,0,0,0,0,6448,0,8928,0,16,0,176,5456,0
409,384,32,4,21,4096,500,proj,512,512,512,isap,1024,6144,212992,0,8192,0,0,8192,0,0,0,0,0,0,0,0,1664,0,0,0,0
409,768,24,4,682,2730,500,proj,512,512,512,wspp,512,7168,2112,4224,0,0,0,11264,0,0,0,0,0,0,0,0,72,0,8192,0,0
409,640,16,4,409,4096,500,proj,512,512,512,ispp,512,5632,4096,8192,0,0,0,16384,0,0,0,0,0,0,0,0,192,0,12288,0,0
409,128,16,64,32,1024,500,proj,512,512,512,isap,2048,2048,524288,0,49152,0,0,16384,0,0,0,0,0,0,0,0,0,0,0,0,0
409,256,56,8,2048,73,500,proj,512,512,512,wspp,1024,4096,4480,0,0,92,0,5028,5120,0,0,0,0,0,0,5916,12,2162,8192,0,0
409,512,40,8,16,3276,500,proj,512,512,512,wspp,16,144,2080,2080,0,0,0,208,0,0,0,0,6448,0,8928,0,16,0,176,5456,0
409,768,24,4,682,2730,500,proj,512,512,512,wspp,512,7168,2112,4224,0,0,0,11264,0,0,0,0,0,0,0,0,72,0,8192,0,0
409,640,32,4,1638,1024,500,proj,512,512,512,wspp,512,5632,2048,4096,0,0,0,8192,0,0,0,0,0,0,0,0,48,0,6144,0,0
409,640,16,4,409,4096,500,proj,512,512,512,ispp,512,5632,4096,8192,0,0,0,16384,0,0,0,0,0,0,0,0,192,0,12288,0,0
409,768,24,2,170,5461,500,proj,512,512,512,ispp,512,7168,8448,16896,0,0,0,11264,0,0,0,0,0,0,0,0,528,0,5632,0,0
409,128,16,64,32,1024,500,proj,512,512,512,isap,2048,2048,524288,0,49152,0,0,16384,0,0,0,0,0,0,0,0,0,0,0,0,0
409,128,8,128,32,1024,500,proj,512,512,512,wsap,32,32,8192,0,1536,0,0,512,0,96768,0,0,32256,0,129024,0,0,0,0,0,0
409,256,56,8,2048,73,500,proj,512,512,512,wspp,1024,4096,4480,0,0,92,0,5028,5120,0,0,0,0,0,0,5916,12,2162,8192,0,0
409,256,64,4,4096,128,500,proj,512,512,512,ispp,1024,4096,4096,0,0,128,0,3968,4096,0,0,0,0,0,0,3840,16,2176,6144,0,0
409,512,40,8,16,3276,500,proj,512,512,512,wspp,16,144,2080,2080,0,0,0,208,0,0,0,0,6448,0,8928,0,16,0,176,5456,0
409,384,40,4,21,3276,500,proj,512,512,512,wsap,20,120,4160,0,130,0,0,130,0,6526,0,0,6526,0,78312,0,28,0,0,0,0
409,640,32,4,1638,1024,500,proj,512,512,512,wspp,512,5632,2048,4096,0,0,0,8192,0,0,0,0,0,0,0,0,48,0,6144,0,0
409,640,16,4,409,4096,500,proj,512,512,512,ispp,512,5632,4096,8192,0,0,0,16384,0,0,0,0,0,0,0,0,192,0,12288,0,0
409,128,8,128,32,1024,500,proj,512,512,512,wsap,32,32,8192,0,1536,0,0,512,0,96768,0,0,32256,0,129024,0,0,0,0,0,0
409,256,64,4,4096,128,500,proj,512,512,512,ispp,1024,4096,4096,0,0,128,0,3968,4096,0,0,0,0,0,0,3840,16,2176,6144,0,0
409,512,40,8,16,3276,500,proj,512,512,512,wspp,16,144,2080,2080,0,0,0,208,0,0,0,0,6448,0,8928,0,16,0,176,5456,0
409,640,32,4,1638,1024,500,proj,512,512,512,wspp,512,5632,2048,4096,0,0,0,8192,0,0,0,0,0,0,0,0,48,0,6144,0,0
409,512,24,4,4096,682,500,proj,512,512,512,isap,512,4608,2112,2112,0,0,0,11264,0,0,0,0,0,0,0,0,48,0,8192,0,0
409,640,16,4,409,4096,500,proj,512,512,512,ispp,512,5632,4096,8192,0,0,0,16384,0,0,0,0,0,0,0,0,192,0,12288,0,0
409,640,8,2,409,8192,500,proj,512,512,512,wsap,409,4499,2048,4096,0,0,0,26176,0,0,0,0,6592,0,36256,0,384,0,13088,3296,0
409,128,8,128,32,1024,500,proj,512,512,512,wsap,32,32,8192,0,1536,0,0,512,0,96768,0,0,32256,0,129024,0,0,0,0,0,0
409,256,16,64,8,1024,500,proj,512,512,512,ispp,1024,4096,524288,0,0,16384,0,0,16384,0,0,0,0,0,0,0,512,16384,31744,0,0
409,256,64,4,4096,128,500,proj,512,512,512,ispp,1024,4096,4096,0,0,128,0,3968,4096,0,0,0,0,0,0,3840,16,2176,6144,0,0
409,128,56,2,4096,292,500,proj,512,512,512,ispp,2048,2048,8960,0,0,292,584,4828,14776,0,0,0,0,0,0,23848,0,3436,10240,0,0
409,512,40,8,16,3276,500,proj,512,512,512,wspp,16,144,2080,2080,0,0,0,208,0,0,0,0,6448,0,8928,0,16,0,176,5456,0
409,384,40,8,42,3276,500,proj,512,512,512,wsap,42,252,4160,0,273,0,0,273,0,6383,0,0,6383,0,76596,0,16,0,0,0,0
409,512,24,4,4096,682,500,proj,512,512,512,isap,512,4608,2112,2112,0,0,0,11264,0,0,0,0,0,0,0,0,48,0,8192,0,0
409,640,8,2,409,8192,500,proj,512,512,512,wsap,409,4499,2048,4096,0,0,0,26176,0,0,0,0,6592,0,36256,0,384,0,13088,3296,0
409,256,16,64,8,1024,500,proj,512,512,512,ispp,1024,4096,524288,0,0,16384,0,0,16384,0,0,0,0,0,0,0,512,16384,31744,0,0
409,256,64,4,4096,128,500,proj,512,512,512,ispp,1024,4096,4096,0,0,128,0,3968,4096,0,0,0,0,0,0,3840,16,2176,6144,0,0
409,512,40,8,16,3276,500,proj,512,512,512,wspp,16,144,2080,2080,0,0,0,208,0,0,0,0,6448,0,8928,0,16,0,176,5456,0
409,512,24,4,4096,682,500,proj,512,512,512,isap,512,4608,2112,2112,0,0,0,11264,0,0,0,0,0,0,0,0,48,0,8192,0,0
409,384,16,4,2730,1024,500,proj,512,512,512,isap,1024,6144,4096,0,16384,0,0,16384,0,0,0,0,0,0,0,0,64,0,0,0,0
409,640,8,2,409,8192,500,proj,512,512,512,wsap,409,4499,2048,4096,0,0,0,26176,0,0,0,0,6592,0,36256,0,384,0,13088,3296,0
409,640,16,2,819,4096,500,proj,512,512,512,ispp,512,5632,2048,4096,0,0,0,16384,0,0,0,0,0,0,0,0,192,0,8192,0,0
409,256,16,64,8,1024,500,proj,512,512,512,ispp,1024,4096,524288,0,0,16384,0,0,16384,0,0,0,0,0,0,0,512,16384,31744,0,0
409,128,16,64,32,2048,500,proj,512,512,512,isap,2048,2048,524288,0,49152,0,0,16384,0,0,0,0,0,0,0,0,0,0,0,0,0
409,256,64,4,4096,128,500,proj,512,512,512,ispp,1024,4096,4096,0,0,128,0,3968,4096,0,0,0,0,0,0,3840,16,2176,6144,0,0
409,128,64,2,4096,64,500,proj,512,512,512,ispp,2048,2048,8192,0,0,64,128,4032,12160,0,0,0,0,0,0,20096,0,2240,8192,0,0
409,512,40,8,16,3276,500,proj,512,512,512,wspp,16,144,2080,2080,0,0,0,208,0,0,0,0,6448,0,8928,0,16,0,176,5456,0
409,384,40,16,10,1638,500,proj,512,512,512,wspp,10,60,4160,0,0,65,0,0,65,0,2062,0,4529,6591,9126,1044,8,5612,115,11661,0
409,512,24,4,4096,682,500,proj,512,512,512,isap,512,4608,2112,2112,0,0,0,11264,0,0,0,0,0,0,0,0,48,0,8192,0,0
409,640,16,2,819,4096,500,proj,512,512,512,ispp,512,5632,2048,4096,0,0,0,16384,0,0,0,0,0,0,0,0,192,0,8192,0,0
409,128,16,64,32,2048,500,proj,512,512,512,isap,2048,2048,524288,0,49152,0,0,16384,0,0,0,0,0,0,0,0,0,0,0,0,0
409,256,64,4,4096,128,500,proj,512,512,512,ispp,1024,4096,4096,0,0,128,0,3968,4096,0,0,0,0,0,0,3840,16,2176,6144,0,0
409,512,40,8,16,3276,500,proj,512,512,512,wspp,16,144,2080,2080,0,0,0,208,0,0,0,0,6448,0,8928,0,16,0,176,5456,0
409,512,24,4,4096,682,500,proj,512,512,512,isap,512,4608,2112,2112,0,0,0,11264,0,0,0,0,0,0,0,0,48,0,8192,0,0
409,384,32,8,2730,1024,500,proj,512,512,512,wspp,1024,6144,4096,0,0,1024,0,7168,8192,0,0,0,0,0,0,3072,16,5120,14336,0,0
409,640,16,2,819,4096,500,proj,512,512,512,ispp,512,5632,2048,4096,0,0,0,16384,0,0,0,0,0,0,0,0,192,0,8192,0,0
409,640,24,4,409,1365,500,proj,512,512,512,wsap,409,4499,2112,4224,0,0,0,8998,0,0,0,0,2266,0,6798,0,72,0,6544,1648,0
409,128,16,64,32,2048,500,proj,512,512,512,isap,2048,2048,524288,0,49152,0,0,16384,0,0,0,0,0,0,0,0,0,0,0,0,0
409,128,16,64,16,2048,500,proj,512,512,512,ispp,2048,2048,1048576,0,0,16384,32768,0,16384,0,0,0,0,0,0,0,0,49152,63488,0,0
409,256,64,4,4096,128,500,proj,512,512,512,ispp,1024,4096,4096,0,0,128,0,3968,4096,0,0,0,0,0,0,3840,16,2176,6144,0,0
409,256,64,8,2048,64,500,proj,512,512,512,ispp,1024,4096,4096,0,0,64,0,4032,4096,0,0,0,0,0,0,0,8,4096,7168,0,0
409,512,40,8,16,3276,500,proj,512,512,512,wspp,16,144,2080,2080,0,0,0,208,0,0,0,0,6448,0,8928,0,16,0,176,5456,0
409,640,32,4,12,2048,500,proj,512,512,512,ispp,512,5632,88064,176128,0,0,0,8192,0,0,0,0,0,0,0,0,2064,0,6144,0,0
409,512,24,4,4096,682,500,proj,512,512,512,isap,512,4608,2112,2112,0,0,0,11264,0,0,0,0,0,0,0,0,48,0,8192,0,0
409,640,24,4,409,1365,500,proj,512,512,512,wsap,409,4499,2112,4224,0,0,0,8998,0,0,0,0,2266,0,6798,0,72,0,6544,1648,0
409,128,16,64,16,2048,500,proj,512,512,512,ispp,2048,2048,1048576,0,0,16384,32768,0,16384,0,0,0,0,0,0,0,0,49152,63488,0,0
409,256,64,8,2048,64,500,proj,512,512,512,ispp,1024,4096,4096,0,0,64,0,4032,4096,0,0,0,0,0,0,0,8,4096,7168,0,0
409,512,40,8,16,3276,500,proj,512,512,512,wspp,16,144,2080,2080,0,0,0,208,0,0,0,0,6448,0,8928,0,16,0,176,5456,0
409,512,24,4,4096,682,500,proj,512,512,512,isap,512,4608,2112,2112,0,0,0,11264,0,0,0,0,0,0,0,0,48,0,8192,0,0
409,512,16,8,2048,1024,500,proj,512,512,512,wsap,512,4608,2048,2048,0,0,0,16384,0,0,0,0,0,0,0,0,32,0,14336,0,0
409,640,24,4,409,1365,500,proj,512,512,512,wsap,409,4499,2112,4224,0,0,0,8998,0,0,0,0,2266,0,6798,0,72,0,6544,1648,0
409,768,24,2,341,682,500,proj,512,512,512,wsap,341,4774,2112,4224,0,0,0,7502,0,0,0,0,3762,0,26334,0,132,0,3751,1881,0
409,128,16,64,16,2048,500,proj,512,512,512,ispp,2048,2048,1048576,0,0,16384,32768,0,16384,0,0,0,0,0,0,0,0,49152,63488,0,0
409,256,24,128,8,682,500,proj,512,512,512,ispp,1024,4096,540672,0,0,11264,0,0,11264,0,0,0,0,0,0,0,512,11264,21504,0,0
409,256,64,8,2048,64,500,proj,512,512,512,ispp,1024,4096,4096,0,0,64,0,4032,4096,0,0,0,0,0,0,0,8,4096,7168,0,0
409,128,72,4,8192,28,500,proj,512,512,512,wspp,2048,2048,9216,0,0,28,56,4068,12232,0,0,0,0,0,0,20312,0,2132,12288,0,0
409,512,40,8,16,3276,500,proj,512,512,512,wspp,16,144,2080,2080,0,0,0,208,0,0,0,0,6448,0,8928,0,16,0,176,5456,0
409,384,48,8,10,2730,500,proj,512,512,512,wsap,10,60,4224,0,55,0,0,55,0,5577,0,0,5577,0,66924,0,12,0,0,0,0
409,512,16,8,2048,1024,500,proj,512,512,512,wsap,512,4608,2048,2048,0,0,0,16384,0,0,0,0,0,0,0,0,32,0,14336,0,0
409,768,24,2,341,682,500,proj,512,512,512,wsap,341,4774,2112,4224,0,0,0,7502,0,0,0,0,3762,0,26334,0,132,0,3751,1881,0
409,256,24,128,8,682,500,proj,512,512,512,ispp,1024,4096,540672,0,0,11264,0,0,11264,0,0,0,0,0,0,0,512,11264,21504,0,0
409,256,64,8,2048,64,500,proj,512,512,512,ispp,1024,4096,4096,0,0,64,0,4032,4096,0,0,0,0,0,0,0,8,4096,7168,0,0
409,512,40,8,16,3276,500,proj,512,512,512,wspp,16,144,2080,2080,0,0,0,208,0,0,0,0,6448,0,8928,0,16,0,176,5456,0
409,512,16,8,2048,1024,500,proj,512,512,512,wsap,512,4608,2048,2048,0,0,0,16384,0,0,0,0,0,0,0,0,32,0,14336,0,0
409,512,8,16,4096,1024,500,proj,512,512,512,wspp,512,4608,2048,2048,0,0,0,32768,0,0,0,0,0,0,0,0,32,0,30720,0,0
409,768,24,2,341,682,500,proj,512,512,512,wsap,341,4774,2112,4224,0,0,0,7502,0,0,0,0,3762,0,26334,0,132,0,3751,1881,0
409,768,16,2,341,2048,500,proj,512,512,512,wspp,341,4774,2048,4096,0,0,0,10912,0,0,0,0,5472,0,38304,0,192,0,5456,2736,0
409,256,24,128,8,682,500,proj,512,512,512,ispp,1024,4096,540672,0,0,11264,0,0,11264,0,0,0,0,0,0,0,512,11264,21504,0,0
409,256,16,128,16,512,500,proj,512,512,512,wspp,16,64,4096,0,0,256,0,0,256,0,16128,0,0,16128,4032,0,4,16384,496,31248,0
409,256,64,8,2048,64,500,proj,512,512,512,ispp,1024,4096,4096,0,0,64,0,4032,4096,0,0,0,0,0,0,0,8,4096,7168,0,0
409,256,72,4,2048,56,500,proj,512,512,512,wspp,1024,4096,4608,0,0,56,0,4040,4096,0,0,0,0,0,0,3984,16,2104,6144,0,0
409,512,40,8,16,3276,500,proj,512,512,512,wspp,16,144,2080,2080,0,0,0,208,0,0,0,0,6448,0,8928,0,16,0,176,5456,0
409,384,32,4,10,8192,500,proj,512,512,512,wsap,10,60,4096,0,80,0,0,80,0,8112,0,0,8112,0,97344,0,32,0,0,0,0
409,512,16,8,2048,1024,500,proj,512,512,512,wsap,512,4608,2048,2048,0,0,0,16384,0,0,0,0,0,0,0,0,32,0,14336,0,0
409,768,16,2,341,2048,500,proj,512,512,512,wspp,341,4774,2048,4096,0,0,0,10912,0,0,0,0,5472,0,38304,0,192,0,5456,2736,0
409,256,16,128,16,512,500,proj,512,512,512,wspp,16,64,4096,0,0,256,0,0,256,0,16128,0,0,16128,4032,0,4,16384,496,31248,0
409,256,64,8,2048,64,500,proj,512,512,512,ispp,1024,4096,4096,0,0,64,0,4032,4096,0,0,0,0,0,0,0,8,4096,7168,0,0
409,512,40,8,16,3276,500,proj,512,512,512,wspp,16,144,2080,2080,0,0,0,208,0,0,0,0,6448,0,8928,0,16,0,176,5456,0
409,512,16,8,2048,1024,500,proj,512,512,512,wsap,512,4608,2048,2048,0,0,0,16384,0,0,0,0,0,0,0,0,32,0,14336,0,0
409,640,16,4,1638,1024,500,proj,512,512,512,ispp,512,5632,2048,4096,0,0,0,16384,0,0,0,0,0,0,0,0,96,0,12288,0,0
409,768,16,2,341,2048,500,proj,512,512,512,wspp,341,4774,2048,4096,0,0,0,10912,0,0,0,0,5472,0,38304,0,192,0,5456,2736,0
409,896,8,2,292,4096,500,proj,512,512,512,wsap,292,4672,2048,6144,0,0,0,18688,0,0,0,0,14080,0,112640,0,512,0,9344,7040,0
409,256,16,128,16,512,500,proj,512,512,512,wspp,16,64,4096,0,0,256,0,0,256,0,16128,0,0,16128,4032,0,4,16384,496,31248,0
409,256,16,128,8,1024,500,proj,512,512,512,isap,1024,4096,524288,0,16384,0,0,16384,0,0,0,0,0,0,0,0,512,0,0,0,0
409,256,64,8,2048,64,500,proj,512,512,512,ispp,1024,4096,4096,0,0,64,0,4032,4096,0,0,0,0,0,0,0,8,4096,7168,0,0
409,128,72,16,4096,113,500,proj,512,512,512,isap,2048,2048,9216,0,12288,0,0,4096,0,0,0,0,0,0,0,0,0,0,0,0,0
409,512,40,8,16,3276,500,proj,512,512,512,wspp,16,144,2080,2080,0,0,0,208,0,0,0,0,6448,0,8928,0,16,0,176,5456,0
409,384,48,16,42,1365,500,proj,512,512,512,ispp,1024,6144,105600,0,0,5632,0,0,5632,0,0,0,0,0,0,0,200,5632,9728,0,0
409,640,16,4,1638,1024,500,proj,512,512,512,ispp,512,5632,2048,4096,0,0,0,16384,0,0,0,0,0,0,0,0,96,0,12288,0,0
409,896,8,2,292,4096,500,proj,512,512,512,wsap,292,4672,2048,6144,0,0,0,18688,0,0,0,0,14080,0,112640,0,512,0,9344,7040,0
409,256,16,128,16,512,500,proj,512,512,512,wspp,16,64,4096,0,0,256,0,0,256,0,16128,0,0,16128,4032,0,4,16384,496,31248,0
409,256,64,8,2048,64,500,proj,512,512,512,ispp,1024,4096,4096,0,0,64,0,4032,4096,0,0,0,0,0,0,0,8,4096,7168,0,0
409,384,48,16,42,1365,500,proj,512,512,512,ispp,1024,6144,105600,0,0,5632,0,0,5632,0,0,0,0,0,0,0,200,5632,9728,0,0
409,640,16,4,1638,1024,500,proj,512,512,512,ispp,512,5632,2048,4096,0,0,0,16384,0,0,0,0,0,0,0,0,96,0,12288,0,0
409,640,24,2,1638,682,500,proj,512,512,512,wsap,512,5632,2112,4224,0,0,0,11264,0,0,0,0,0,0,0,0,132,0,5632,0,0
409,896,8,2,292,4096,500,proj,512,512,512,wsap,292,4672,2048,6144,0,0,0,18688,0,0,0,0,14080,0,112640,0,512,0,9344,7040,0
409,1024,8,4,256,2048,500,proj,512,512,512,wsap,256,4864,2048,8192,0,0,0,16384,0,0,0,0,16384,0,77824,0,320,0,12288,12288,0
409,256,16,128,16,512,500,proj,512,512,512,wspp,16,64,4096,0,0,256,0,0,256,0,16128,0,0,16128,4032,0,4,16384,496,31248,0
409,128,8,128,32,2048,500,proj,512,512,512,wspp,32,32,8192,0,0,512,1024,0,512,0,1536,33792,30720,62976,2016,30720,0,67584,2016,127008,0
409,256,64,8,2048,64,500,proj,512,512,512,ispp,1024,4096,4096,0,0,64,0,4032,4096,0,0,0,0,0,0,0,8,4096,7168,0,0
409,128,72,8,2048,113,500,proj,512,512,512,wsap,2048,2048,9216,0,12288,0,0,4096,0,0,0,0,0,0,0,0,0,0,0,0,0
409,384,48,16,42,1365,500,proj,512,512,512,ispp,1024,6144,105600,0,0,5632,0,0,5632,0,0,0,0,0,0,0,200,5632,9728,0,0
409,384,40,8,42,1638,500,proj,512,512,512,ispp,1024,6144,104000,0,0,6656,0,0,6656,0,0,0,0,0,0,0,400,6656,10752,0,0
409,640,24,2,1638,682,500,proj,512,512,512,wsap,512,5632,2112,4224,0,0,0,11264,0,0,0,0,0,0,0,0,132,0,5632,0,0
409,1024,8,4,256,2048,500,proj,512,512,512,wsap,256,4864,2048,8192,0,0,0,16384,0,0,0,0,16384,0,77824,0,320,0,12288,12288,0
409,256,16,128,16,512,500,proj,512,512,512,wspp,16,64,4096,0,0,256,0,0,256,0,16128,0,0,16128,4032,0,4,16384,496,31248,0
409,128,72,8,2048,113,500,proj,512,512,512,wsap,2048,2048,9216,0,12288,0,0,4096,0,0,0,0,0,0,0,0,0,0,0,0,0
409,384,40,8,42,1638,500,proj,512,512,512,ispp,1024,6144,104000,0,0,6656,0,0,6656,0,0,0,0,0,0,0,400,6656,10752,0,0
409,640,24,2,1638,682,500,proj,512,512,512,wsap,512,5632,2112,4224,0,0,0,11264,0,0,0,0,0,0,0,0,132,0,5632,0,0
409,512,32,2,1024,512,500,proj,512,512,512,wspp,512,4608,2048,2048,0,0,0,8192,0,0,0,0,0,0,0,0,64,0,4096,0,0
409,1024,8,4,256,2048,500,proj,512,512,512,wsap,256,4864,2048,8192,0,0,0,16384,0,0,0,0,16384,0,77824,0,320,0,12288,12288,0
409,896,16,8,585,1024,500,proj,512,512,512,ispp,512,8192,2048,6144,0,0,0,16384,0,0,0,0,0,0,0,0,64,0,14336,0,0
409,256,16,128,16,512,500,proj,512,512,512,wspp,16,64,4096,0,0,256,0,0,256,0,16128,0,0,16128,4032,0,4,16384,496,31248,0
409,128,24,64,16,682,500,proj,512,512,512,wsap,16,16,8448,0,264,0,0,88,0,33528,0,0,11176,0,44704,0,0,0,0,0,0
409,128,72,8,2048,113,500,proj,512,512,512,wsap,2048,2048,9216,0,12288,0,0,4096,0,0,0,0,0,0,0,0,0,0,0,0,0
409,256,80,4,512,51,500,proj,512,512,512,wspp,512,2048,4480,0,0,54,0,1738,1792,0,0,0,1792,1792,5120,3598,16,1785,2304,2304,0
409,384,40,8,42,1638,500,proj,512,512,512,ispp,1024,6144,104000,0,0,6656,0,0,6656,0,0,0,0,0,0,0,400,6656,10752,0,0
409,256,40,4,64,1638,500,proj,512,512,512,wspp,64,256,4160,0,0,416,0,0,416,0,1259,0,4981,6240,15360,1680,28,4976,576,8640,0
409,512,32,2,1024,512,500,proj,512,512,512,wspp,512,4608,2048,2048,0,0,0,8192,0,0,0,0,0,0,0,0,64,0,4096,0,0
409,896,16,8,585,1024,500,proj,512,512,512,ispp,512,8192,2048,6144,0,0,0,16384,0,0,0,0,0,0,0,0,64,0,14336,0,0
409,128,24,64,16,682,500,proj,512,512,512,wsap,16,16,8448,0,264,0,0,88,0,33528,0,0,11176,0,44704,0,0,0,0,0,0
409,256,80,4,512,51,500,proj,512,512,512,wspp,512,2048,4480,0,0,54,0,1738,1792,0,0,0,1792,1792,5120,3598,16,1785,2304,2304,0
409,256,40,4,64,1638,500,proj,512,512,512,wspp,64,256,4160,0,0,416,0,0,416,0,1259,0,4981,6240,15360,1680,28,4976,576,8640,0
409,512,32,2,1024,512,500,proj,512,512,512,wspp,512,4608,2048,2048,0,0,0,8192,0,0,0,0,0,0,0,0,64,0,4096,0,0
409,384,40,4,682,409,500,proj,512,512,512,wsap,682,4092,4160,0,4433,0,0,4433,0,2223,0,0,2223,0,26676,0,28,0,0,0,0
409,896,16,8,585,1024,500,proj,512,512,512,ispp,512,8192,2048,6144,0,0,0,16384,0,0,0,0,0,0,0,0,64,0,14336,0,0
409,1024,16,4,256,2048,500,proj,512,512,512,isap,512,9728,4096,16384,0,0,0,16384,0,0,0,0,0,0,0,0,320,0,12288,0,0
409,128,24,64,16,682,500,proj,512,512,512,wsap,16,16,8448,0,264,0,0,88,0,33528,0,0,11176,0,44704,0,0,0,0,0,0
409,128,24,64,16,341,500,proj,512,512,512,isap,2048,2048,1081344,0,33792,0,0,11264,0,0,0,0,0,0,0,0,0,0,0,0,0
409,256,80,4,512,51,500,proj,512,512,512,wspp,512,2048,4480,0,0,54,0,1738,1792,0,0,0,1792,1792,5120,3598,16,1785,2304,2304,0
409,256,88,2,1024,93,500,proj,512,512,512,isap,1024,4096,4224,0,3072,0,0,3072,0,0,0,0,0,0,0,0,24,0,0,0,0
409,256,40,4,64,1638,500,proj,512,512,512,wspp,64,256,4160,0,0,416,0,0,416,0,1259,0,4981,6240,15360,1680,28,4976,576,8640,0
409,128,40,4,256,1638,500,proj,512,512,512,wsap,256,256,8320,0,2496,0,0,832,0,17472,0,0,5824,0,23296,0,0,0,0,0,0
409,512,32,2,1024,512,500,proj,512,512,512,wspp,512,4608,2048,2048,0,0,0,8192,0,0,0,0,0,0,0,0,64,0,4096,0,0
409,896,16,8,585,1024,500,proj,512,512,512,ispp,512,8192,2048,6144,0,0,0,16384,0,0,0,0,0,0,0,0,64,0,14336,0,0
409,128,24,64,16,341,500,proj,512,512,512,isap,2048,2048,1081344,0,33792,0,0,11264,0,0,0,0,0,0,0,0,0,0,0,0,0
409,256,88,2,1024,93,500,proj,512,512,512,isap,1024,4096,4224,0,3072,0,0,3072,0,0,0,0,0,0,0,0,24,0,0,0,0
409,128,40,4,256,1638,500,proj,512,512,512,wsap,256,256,8320,0,2496,0,0,832,0,17472,0,0,5824,0,23296,0,0,0,0,0,0
409,512,32,2,1024,512,500,proj,512,512,512,wspp,512,4608,2048,2048,0,0,0,8192,0,0,0,0,0,0,0,0,64,0,4096,0,0
409,512,32,4,2048,1024,500,proj,512,512,512,ispp,512,4608,2048,2048,0,0,0,8192,0,0,0,0,0,0,0,0,32,0,6144,0,0
409,896,16,8,585,1024,500,proj,512,512,512,ispp,512,8192,2048,6144,0,0,0,16384,0,0,0,0,0,0,0,0,64,0,14336,0,0
409,896,16,16,585,1024,500,proj,512,512,512,ispp,512,8192,2048,6144,0,0,0,16384,0,0,0,0,0,0,0,0,32,0,15360,0,0
409,128,24,64,16,341,500,proj,512,512,512,isap,2048,2048,1081344,0,33792,0,0,11264,0,0,0,0,0,0,0,0,0,0,0,0,0
409,256,24,128,16,170,500,proj,512,512,512,ispp,1024,4096,270336,0,0,11264,0,0,11264,0,0,0,0,0,0,0,256,11264,21504,0,0
409,256,88,2,1024,93,500,proj,512,512,512,isap,1024,4096,4224,0,3072,0,0,3072,0,0,0,0,0,0,0,0,24,0,0,0,0
409,256,80,4,2048,204,500,proj,512,512,512,wsap,1024,4096,4480,0,3584,0,0,3584,0,0,0,0,0,0,0,0,16,0,0,0,0
409,128,40,4,256,1638,500,proj,512,512,512,wsap,256,256,8320,0,2496,0,0,832,0,17472,0,0,5824,0,23296,0,0,0,0,0,0
409,128,40,2,512,3276,500,proj,512,512,512,ispp,2048,2048,33280,0,0,6656,13312,0,6656,0,0,0,0,0,0,0,0,19968,12288,0,0
409,512,32,4,2048,1024,500,proj,512,512,512,ispp,512,4608,2048,2048,0,0,0,8192,0,0,0,0,0,0,0,0,32,0,6144,0,0
409,896,16,16,585,1024,500,proj,512,512,512,ispp,512,8192,2048,6144,0,0,0,16384,0,0,0,0,0,0,0,0,32,0,15360,0,0
409,256,24,128,16,170,500,proj,512,512,512,ispp,1024,4096,270336,0,0,11264,0,0,11264,0,0,0,0,0,0,0,256,11264,21504,0,0
409,256,88,2,1024,93,500,proj,512,512,512,isap,1024,4096,4224,0,3072,0,0,3072,0,0,0,0,0,0,0,0,24,0,0,0,0
409,128,40,2,512,3276,500,proj,512,512,512,ispp,2048,2048,33280,0,0,6656,13312,0,6656,0,0,0,0,0,0,0,0,19968,12288,0,0
409,512,32,4,2048,1024,500,proj,512,512,512,ispp,512,4608,2048,2048,0,0,0,8192,0,0,0,0,0,0,0,0,32,0,6144,0,0
409,384,24,2,2730,682,500,proj,512,512,512,isap,1024,6144,4224,0,11264,0,0,11264,0,0,0,0,0,0,0,0,88,0,0,0,0
409,896,16,16,585,1024,500,proj,512,512,512,ispp,512,8192,2048,6144,0,0,0,16384,0,0,0,0,0,0,0,0,32,0,15360,0,0
409,768,8,8,1365,4096,500,proj,512,512,512,wsap,512,7168,2048,4096,0,0,0,32768,0,0,0,0,0,0,0,0,96,0,28672,0,0
409,256,24,128,16,170,500,proj,512,512,512,ispp,1024,4096,270336,0,0,11264,0,0,11264,0,0,0,0,0,0,0,256,11264,21504,0,0
409,128,24,64,64,85,500,proj,512,512,512,wspp,64,64,8448,0,0,85,196,267,860,0,0,992,10912,31744,2480,21340,0,12452,1328,41168,0
409,256,88,2,1024,93,500,proj,512,512,512,isap,1024,4096,4224,0,3072,0,0,3072,0,0,0,0,0,0,0,0,24,0,0,0,0
409,128,96,4,1024,170,500,proj,512,512,512,wspp,1024,1024,9216,0,0,170,368,1366,4240,0,0,0,1536,4608,2048,13428,0,2502,4096,4096,0
409,128,40,2,512,3276,500,proj,512,512,512,ispp,2048,2048,33280,0,0,6656,13312,0,6656,0,0,0,0,0,0,0,0,19968,12288,0,0
409,128,48,4,512,1365,500,proj,512,512,512,isap,2048,2048,33792,0,16896,0,0,5632,0,0,0,0,0,0,0,0,0,0,0,0,0
409,512,32,4,2048,1024,500,proj,512,512,512,ispp,512,4608,2048,2048,0,0,0,8192,0,0,0,0,0,0,0,0,32,0,6144,0,0
409,768,8,8,1365,4096,500,proj,512,512,512,wsap,512,7168,2048,4096,0,0,0,32768,0,0,0,0,0,0,0,0,96,0,28672,0,0
409,128,24,64,64,85,500,proj,512,512,512,wspp,64,64,8448,0,0,85,196,267,860,0,0,992,10912,31744,2480,21340,0,12452,1328,41168,0
409,256,88,2,1024,93,500,proj,512,512,512,isap,1024,4096,4224,0,3072,0,0,3072,0,0,0,0,0,0,0,0,24,0,0,0,0
409,128,48,4,512,1365,500,proj,512,512,512,isap,2048,2048,33792,0,16896,0,0,5632,0,0,0,0,0,0,0,0,0,0,0,0,0
409,512,32,4,2048,1024,500,proj,512,512,512,ispp,512,4608,2048,2048,0,0,0,8192,0,0,0,0,0,0,0,0,32,0,6144,0,0
409,384,24,4,5461,2730,500,proj,512,512,512,ispp,1024,6144,4224,0,0,2754,0,8510,11264,0,0,0,0,0,0,3026,44,8238,16384,0,0
409,768,8,8,1365,4096,500,proj,512,512,512,wsap,512,7168,2048,4096,0,0,0,32768,0,0,0,0,0,0,0,0,96,0,28672,0,0
409,640,8,8,3276,4096,500,proj,512,512,512,isap,512,5632,2048,4096,0,0,0,32768,0,0,0,0,0,0,0,0,96,0,28672,0,0
409,128,24,64,64,85,500,proj,512,512,512,wspp,64,64,8448,0,0,85,196,267,860,0,0,992,10912,31744,2480,21340,0,12452,1328,41168,0
409,256,16,32,16,256,500,proj,512,512,512,isap,1024,4096,262144,0,16384,0,0,16384,0,0,0,0,0,0,0,0,512,0,0,0,0
409,256,88,2,1024,93,500,proj,512,512,512,isap,1024,4096,4224,0,3072,0,0,3072,0,0,0,0,0,0,0,0,24,0,0,0,0
409,128,80,2,4096,51,500,proj,512,512,512,ispp,2048,2048,8960,0,0,51,103,3533,10649,0,0,0,0,0,0,17512,0,1996,6144,0,0
409,128,48,4,512,1365,500,proj,512,512,512,isap,2048,2048,33792,0,16896,0,0,5632,0,0,0,0,0,0,0,0,0,0,0,0,0
409,128,48,2,256,682,500,proj,512,512,512,isap,2048,2048,67584,0,11264,5616,0,16,5632,0,0,0,0,0,0,0,0,5632,0,0,0
409,512,32,4,2048,1024,500,proj,512,512,512,ispp,512,4608,2048,2048,0,0,0,8192,0,0,0,0,0,0,0,0,32,0,6144,0,0
409,640,8,8,3276,4096,500,proj,512,512,512,isap,512,5632,2048,4096,0,0,0,32768,0,0,0,0,0,0,0,0,96,0,28672,0,0
409,256,16,32,16,256,500,proj,512,512,512,isap,1024,4096,262144,0,16384,0,0,16384,0,0,0,0,0,0,0,0,512,0,0,0,0
409,256,88,2,1024,93,500,proj,512,512,512,isap,1024,4096,4224,0,3072,0,0,3072,0,0,0,0,0,0,0,0,24,0,0,0,0
409,128,48,4,512,1365,500,proj,512,512,512,isap,2048,2048,33792,0,16896,0,0,5632,0,0,0,0,0,0,0,0,0,0,0,0,0
409,512,32,4,2048,1024,500,proj,512,512,512,ispp,512,4608,2048,2048,0,0,0,8192,0,0,0,0,0,0,0,0,32,0,6144,0,0
409,512,24,4,2048,682,500,proj,512,512,512,isap,512,4608,2112,2112,0,0,0,11264,0,0,0,0,0,0,0,0,48,0,8192,0,0
409,640,8,8,3276,4096,500,proj,512,512,512,isap,512,5632,2048,4096,0,0,0,32768,0,0,0,0,0,0,0,0,96,0,28672,0,0
409,640,8,4,3276,2048,500,proj,512,512,512,isap,512,5632,2048,4096,0,0,0,32768,0,0,0,0,0,0,0,0,192,0,24576,0,0
409,256,16,32,16,256,500,proj,512,512,512,isap,1024,4096,262144,0,16384,0,0,16384,0,0,0,0,0,0,0,0,512,0,0,0,0
409,128,24,32,32,341,500,proj,512,512,512,wsap,32,32,8448,0,528,0,0,176,0,33264,0,0,11088,0,44352,0,0,0,0,0,0
409,256,88,2,1024,93,500,proj,512,512,512,isap,1024,4096,4224,0,3072,0,0,3072,0,0,0,0,0,0,0,0,24,0,0,0,0
409,128,88,4,1024,186,500,proj,512,512,512,wspp,1024,1024,8448,0,0,186,402,1350,4206,0,0,0,1536,4608,2048,13344,0,2544,4096,4096,0
409,128,48,4,512,1365,500,proj,512,512,512,isap,2048,2048,33792,0,16896,0,0,5632,0,0,0,0,0,0,0,0,0,0,0,0,0
409,256,48,4,512,1365,500,proj,512,512,512,ispp,1024,4096,8448,0,0,2802,0,2830,5632,0,0,0,0,0,0,430,48,5202,7680,0,0
409,512,32,4,2048,1024,500,proj,512,512,512,ispp,512,4608,2048,2048,0,0,0,8192,0,0,0,0,0,0,0,0,32,0,6144,0,0
409,640,8,4,3276,2048,500,proj,512,512,512,isap,512,5632,2048,4096,0,0,0,32768,0,0,0,0,0,0,0,0,192,0,24576,0,0
409,128,24,32,32,341,500,proj,512,512,512,wsap,32,32,8448,0,528,0,0,176,0,33264,0,0,11088,0,44352,0,0,0,0,0,0
409,256,88,2,1024,93,500,proj,512,512,512,isap,1024,4096,4224,0,3072,0,0,3072,0,0,0,0,0,0,0,0,24,0,0,0,0
409,256,48,4,512,1365,500,proj,512,512,512,ispp,1024,4096,8448,0,0,2802,0,2830,5632,0,0,0,0,0,0,430,48,5202,7680,0,0
409,512,32,4,2048,1024,500,proj,512,512,512,ispp,512,4608,2048,2048,0,0,0,8192,0,0,0,0,0,0,0,0,32,0,6144,0,0
409,384,24,4,5461,2730,500,proj,512,512,512,wsap,1024,6144,4224,0,11264,0,0,11264,0,0,0,0,0,0,0,0,44,0,0,0,0
409,640,8,4,3276,2048,500,proj,512,512,512,isap,512,5632,2048,4096,0,0,0,32768,0,0,0,0,0,0,0,0,192,0,24576,0,0
409,640,16,2,1638,1024,500,proj,512,512,512,ispp,512,5632,2048,4096,0,0,0,16384,0,0,0,0,0,0,0,0,192,0,8192,0,0
409,128,24,32,32,341,500,proj,512,512,512,wsap,32,32,8448,0,528,0,0,176,0,33264,0,0,11088,0,44352,0,0,0,0,0,0
409,128,24,32,16,170,500,proj,512,512,512,wsap,16,16,8448,0,264,0,0,88,0,33528,0,0,11176,0,44704,0,0,0,0,0,0
409,256,88,2,1024,93,500,proj,512,512,512,isap,1024,4096,4224,0,3072,0,0,3072,0,0,0,0,0,0,0,0,24,0,0,0,0
409,256,80,4,512,204,500,proj,512,512,512,wspp,512,2048,4480,0,0,218,0,1574,1792,0,0,0,1792,1792,5120,3140,16,2014,2304,2304,0
409,256,48,4,512,1365,500,proj,512,512,512,ispp,1024,4096,8448,0,0,2802,0,2830,5632,0,0,0,0,0,0,430,48,5202,7680,0,0
409,128,56,4,1024,585,500,proj,512,512,512,wspp,1024,1024,8960,0,0,585,1199,1975,6481,0,0,0,2560,7680,3072,21786,0,4467,7168,7168,0
409,512,32,4,2048,1024,500,proj,512,512,512,ispp,512,4608,2048,2048,0,0,0,8192,0,0,0,0,0,0,0,0,32,0,6144,0,0
409,640,16,2,1638,1024,500,proj,512,512,512,ispp,512,5632,2048,4096,0,0,0,16384,0,0,0,0,0,0,0,0,192,0,8192,0,0
409,128,24,32,16,170,500,proj,512,512,512,wsap,16,16,8448,0,264,0,0,88,0,33528,0,0,11176,0,44704,0,0,0,0,0,0
409,256,88,2,1024,93,500,proj,512,512,512,isap,1024,4096,4224,0,3072,0,0,3072,0,0,0,0,0,0,0,0,24,0,0,0,0
409,256,48,4,512,1365,500,proj,512,512,512,ispp,1024,4096,8448,0,0,2802,0,2830,5632,0,0,0,0,0,0,430,48,5202,7680,0,0
409,512,32,4,2048,1024,500,proj,512,512,512,ispp,512,4608,2048,2048,0,0,0,8192,0,0,0,0,0,0,0,0,32,0,6144,0,0
409,512,24,2,4096,2730,500,proj,512,512,512,isap,512,4608,2112,2112,0,0,0,11264,0,0,0,0,0,0,0,0,88,0,5632,0,0
409,640,16,2,1638,1024,500,proj,512,512,512,ispp,512,5632,2048,4096,0,0,0,16384,0,0,0,0,0,0,0,0,192,0,8192,0,0
409,512,24,2,4096,1365,500,proj,512,512,512,wspp,512,4608,2112,2112,0,0,0,11264,0,0,0,0,0,0,0,0,88,0,5632,0,0
409,128,24,32,16,170,500,proj,512,512,512,wsap,16,16,8448,0,264,0,0,88,0,33528,0,0,11176,0,44704,0,0,0,0,0,0
409,256,16,64,16,128,500,proj,512,512,512,isap,1024,4096,262144,0,16384,0,0,16384,0,0,0,0,0,0,0,0,256,0,0,0,0
409,256,88,2,1024,93,500,proj,512,512,512,isap,1024,4096,4224,0,3072,0,0,3072,0,0,0,0,0,0,0,0,24,0,0,0,0
409,128,88,4,4096,46,500,proj,512,512,512,wsap,2048,2048,8448,0,9216,0,0,3072,0,0,0,0,0,0,0,0,0,0,0,0,0
409,256,48,4,512,1365,500,proj,512,512,512,ispp,1024,4096,8448,0,0,2802,0,2830,5632,0,0,0,0,0,0,430,48,5202,7680,0,0
409,128,40,8,512,3276,500,proj,512,512,512,ispp,2048,2048,33280,0,0,6656,13312,0,6656,0,0,0,0,0,0,0,0,19968,21504,0,0
409,512,32,4,2048,1024,500,proj,512,512,512,ispp,512,4608,2048,2048,0,0,0,8192,0,0,0,0,0,0,0,0,32,0,6144,0,0
409,512,24,2,4096,1365,500,proj,512,512,512,wspp,512,4608,2112,2112,0,0,0,11264,0,0,0,0,0,0,0,0,88,0,5632,0,0
409,256,16,64,16,128,500,proj,512,512,512,isap,1024,4096,262144,0,16384,0,0,16384,0,0,0,0,0,0,0,0,256,0,0,0,0
409,256,88,2,1024,93,500,proj,512,512,512,isap,1024,4096,4224,0,3072,0,0,3072,0,0,0,0,0,0,0,0,24,0,0,0,0
409,256,48,4,512,1365,500,proj,512,512,512,ispp,1024,4096,8448,0,0,2802,0,2830,5632,0,0,0,0,0,0,430,48,5202,7680,0,0
409,512,32,4,2048,1024,500,proj,512,512,512,ispp,512,4608,2048,2048,0,0,0,8192,0,0,0,0,0,0,0,0,32,0,6144,0,0
409,384,32,4,5461,2048,500,proj,512,512,512,isap,1024,6144,4096,0,8192,0,0,8192,0,0,0,0,0,0,0,0,32,0,0,0,0
409,512,24,2,4096,1365,500,proj,512,512,512,wspp,512,4608,2112,2112,0,0,0,11264,0,0,0,0,0,0,0,0,88,0,5632,0,0
409,384,32,2,5461,512,500,proj,512,512,512,wsap,1024,6144,4096,0,8192,0,0,8192,0,0,0,0,0,0,0,0,64,0,0,0,0
409,256,16,64,16,128,500,proj,512,512,512,isap,1024,4096,262144,0,16384,0,0,16384,0,0,0,0,0,0,0,0,256,0,0,0,0
409,128,24,64,64,170,500,proj,512,512,512,wsap,64,64,8448,0,1056,0,0,352,0,32736,0,0,10912,0,43648,0,0,0,0,0,0
409,256,88,2,1024,93,500,proj,512,512,512,isap,1024,4096,4224,0,3072,0,0,3072,0,0,0,0,0,0,0,0,24,0,0,0,0
409,128,80,4,4096,51,500,proj,512,512,512,ispp,2048,2048,8960,0,0,51,107,3533,10645,0,0,0,0,0,0,17116,0,2194,9216,0,0
409,256,48,4,512,1365,500,proj,512,512,512,ispp,1024,4096,8448,0,0,2802,0,2830,5632,0,0,0,0,0,0,430,48,5202,7680,0,0
409,384,48,2,682,682,500,proj,512,512,512,ispp,1024,6144,8448,0,0,1376,0,4256,5632,0,0,0,0,0,0,1510,88,4122,5120,0,0
409,512,32,4,2048,1024,500,proj,512,512,512,ispp,512,4608,2048,2048,0,0,0,8192,0,0,0,0,0,0,0,0,32,0,6144,0,0
409,384,32,2,5461,512,500,proj,512,512,512,wsap,1024,6144,4096,0,8192,0,0,8192,0,0,0,0,0,0,0,0,64,0,0,0,0
409,128,24,64,64,170,500,proj,512,512,512,wsap,64,64,8448,0,1056,0,0,352,0,32736,0,0,10912,0,43648,0,0,0,0,0,0
409,256,88,2,1024,93,500,proj,512,512,512,isap,1024,4096,4224,0,3072,0,0,3072,0,0,0,0,0,0,0,0,24,0,0,0,0
409,384,48,2,682,682,500,proj,512,512,512,ispp,1024,6144,8448,0,0,1376,0,4256,5632,0,0,0,0,0,0,1510,88,4122,5120,0,0
409,512,32,4,2048,1024,500,proj,512,512,512,ispp,512,4608,2048,2048,0,0,0,8192,0,0,0,0,0,0,0,0,32,0,6144,0,0
409,640,24,2,819,1365,500,proj,512,512,512,wspp,512,5632,2112,4224,0,0,0,11264,0,0,0,0,0,0,0,0,132,0,5632,0,0
409,384,32,2,5461,512,500,proj,512,512,512,wsap,1024,6144,4096,0,8192,0,0,8192,0,0,0,0,0,0,0,0,64,0,0,0,0
409,512,24,4,4096,682,500,proj,512,512,512,wsap,512,4608,2112,2112,0,0,0,11264,0,0,0,0,0,0,0,0,48,0,8192,0,0
409,128,24,64,64,170,500,proj,512,512,512,wsap,64,64,8448,0,1056,0,0,352,0,32736,0,0,10912,0,43648,0,0,0,0,0,0
409,256,24,32,32,170,500,proj,512,512,512,wspp,32,128,4224,0,0,302,0,50,352,0,0,0,10912,10912,5952,4970,8,6294,656,20336,0
409,256,88,2,1024,93,500,proj,512,512,512,isap,1024,4096,4224,0,3072,0,0,3072,0,0,0,0,0,0,0,0,24,0,0,0,0
409,128,88,4,1024,46,500,proj,512,512,512,wsap,1024,1024,8448,0,4608,0,0,1536,0,4608,0,0,1536,0,6144,0,0,0,0,0,0
409,384,48,2,682,682,500,proj,512,512,512,ispp,1024,6144,8448,0,0,1376,0,4256,5632,0,0,0,0,0,0,1510,88,4122,5120,0,0
409,512,40,4,512,409,500,proj,512,512,512,isap,512,4608,2080,2080,0,0,0,6656,0,0,0,0,0,0,0,0,32,0,4608,0,0
409,512,32,4,2048,1024,500,proj,512,512,512,ispp,512,4608,2048,2048,0,0,0,8192,0,0,0,0,0,0,0,0,32,0,6144,0,0
409,512,24,4,4096,682,500,proj,512,512,512,wsap,512,4608,2112,2112,0,0,0,11264,0,0,0,0,0,0,0,0,48,0,8192,0,0
409,256,24,32,32,170,500,proj,512,512,512,wspp,32,128,4224,0,0,302,0,50,352,0,0,0,10912,10912,5952,4970,8,6294,656,20336,0
409,256,88,2,1024,93,500,proj,512,512,512,isap,1024,4096,4224,0,3072,0,0,3072,0,0,0,0,0,0,0,0,24,0,0,0,0
409,512,40,4,512,409,500,proj,512,512,512,isap,512,4608,2080,2080,0,0,0,6656,0,0,0,0,0,0,0,0,32,0,4608,0,0
409,512,32,4,2048,1024,500,proj,512,512,512,ispp,512,4608,2048,2048,0,0,0,8192,0,0,0,0,0,0,0,0,32,0,6144,0,0
409,512,40,2,2048,819,500,proj,512,512,512,wspp,512,4608,2080,2080,0,0,0,6656,0,0,0,0,0,0,0,0,56,0,3072,0,0
409,512,24,4,4096,682,500,proj,512,512,512,wsap,512,4608,2112,2112,0,0,0,11264,0,0,0,0,0,0,0,0,48,0,8192,0,0
409,384,24,8,5461,682,500,proj,512,512,512,wsap,1024,6144,4224,0,11264,0,0,11264,0,0,0,0,0,0,0,0,24,0,0,0,0
409,256,24,32,32,170,500,proj,512,512,512,wspp,32,128,4224,0,0,302,0,50,352,0,0,0,10912,10912,5952,4970,8,6294,656,20336,0
409,256,24,32,16,341,500,proj,512,512,512,ispp,1024,4096,270336,0,0,11264,0,0,11264,0,0,0,0,0,0,0,512,11264,20992,0,0
409,256,88,2,1024,93,500,proj,512,512,512,isap,1024,4096,4224,0,3072,0,0,3072,0,0,0,0,0,0,0,0,24,0,0,0,0
409,128,88,2,1024,186,500,proj,512,512,512,wsap,1024,1024,8448,0,3072,1118,0,418,1536,3072,348,0,1188,1536,6144,2700,0,1722,0,0,0
409,512,40,4,512,409,500,proj,512,512,512,isap,512,4608,2080,2080,0,0,0,6656,0,0,0,0,0,0,0,0,32,0,4608,0,0
409,384,32,2,341,256,500,proj,512,512,512,isap,1024,6144,16384,0,8192,0,0,8192,0,0,0,0,0,0,0,0,256,0,0,0,0
409,512,40,2,2048,819,500,proj,512,512,512,wspp,512,4608,2080,2080,0,0,0,6656,0,0,0,0,0,0,0,0,56,0,3072,0,0
409,512,24,4,4096,682,500,proj,512,512,512,wsap,512,4608,2112,2112,0,0,0,11264,0,0,0,0,0,0,0,0,48,0,8192,0,0
409,256,24,32,32,170,500,proj,512,512,512,wspp,32,128,4224,0,0,302,0,50,352,0,0,0,10912,10912,5952,4970,8,6294,656,20336,0
409,256,88,2,1024,93,500,proj,512,512,512,isap,1024,4096,4224,0,3072,0,0,3072,0,0,0,0,0,0,0,0,24,0,0,0,0
409,512,40,4,512,409,500,proj,512,512,512,isap,512,4608,2080,2080,0,0,0,6656,0,0,0,0,0,0,0,0,32,0,4608,0,0
409,512,40,2,2048,819,500,proj,512,512,512,wspp,512,4608,2080,2080,0,0,0,6656,0,0,0,0,0,0,0,0,56,0,3072,0,0
409,384,32,2,1365,2048,500,proj,512,512,512,isap,1024,6144,4096,0,8192,0,0,8192,0,0,0,0,0,0,0,0,64,0,0,0,0
409,512,24,4,4096,682,500,proj,512,512,512,wsap,512,4608,2112,2112,0,0,0,11264,0,0,0,0,0,0,0,0,48,0,8192,0,0
409,640,24,2,1638,341,500,proj,512,512,512,ispp,512,5632,2112,4224,0,0,0,11264,0,0,0,0,0,0,0,0,132,0,5632,0,0
409,256,24,32,32,170,500,proj,512,512,512,wspp,32,128,4224,0,0,302,0,50,352,0,0,0,10912,10912,5952,4970,8,6294,656,20336,0
409,128,16,16,32,512,500,proj,512,512,512,wsap,32,32,8192,0,768,0,0,256,0,48384,0,0,16128,0,64512,0,0,0,0,0,0
409,256,88,2,1024,93,500,proj,512,512,512,isap,1024,4096,4224,0,3072,0,0,3072,0,0,0,0,0,0,0,0,24,0,0,0,0
409,128,96,4,2048,42,500,proj,512,512,512,ispp,2048,2048,9216,0,0,42,90,3030,9126,0,0,0,0,0,0,14112,0,2160,8192,0,0
409,512,40,4,512,409,500,proj,512,512,512,isap,512,4608,2080,2080,0,0,0,6656,0,0,0,0,0,0,0,0,32,0,4608,0,0
409,384,48,8,341,341,500,proj,512,512,512,ispp,1024,6144,16896,0,0,1270,0,4362,5632,0,0,0,0,0,0,1695,48,3937,9216,0,0
409,512,40,2,2048,819,500,proj,512,512,512,wspp,512,4608,2080,2080,0,0,0,6656,0,0,0,0,0,0,0,0,56,0,3072,0,0
409,640,24,2,1638,341,500,proj,512,512,512,ispp,512,5632,2112,4224,0,0,0,11264,0,0,0,0,0,0,0,0,132,0,5632,0,0
409,128,16,16,32,512,500,proj,512,512,512,wsap,32,32,8192,0,768,0,0,256,0,48384,0,0,16128,0,64512,0,0,0,0,0,0
409,256,88,2,1024,93,500,proj,512,512,512,isap,1024,4096,4224,0,3072,0,0,3072,0,0,0,0,0,0,0,0,24,0,0,0,0
409,512,40,4,512,409,500,proj,512,512,512,isap,512,4608,2080,2080,0,0,0,6656,0,0,0,0,0,0,0,0,32,0,4608,0,0
409,512,40,2,2048,819,500,proj,512,512,512,wspp,512,4608,2080,2080,0,0,0,6656,0,0,0,0,0,0,0,0,56,0,3072,0,0
409,384,48,4,1365,682,500,proj,512,512,512,wspp,1024,6144,4224,0,0,700,0,4932,5632,0,0,0,0,0,0,2003,24,3629,7680,0,0
409,640,24,2,1638,341,500,proj,512,512,512,ispp,512,5632,2112,4224,0,0,0,11264,0,0,0,0,0,0,0,0,132,0,5632,0,0
409,640,16,2,819,1024,500,proj,512,512,512,wspp,512,5632,2048,4096,0,0,0,16384,0,0,0,0,0,0,0,0,192,0,8192,0,0
409,128,16,16,32,512,500,proj,512,512,512,wsap,32,32,8192,0,768,0,0,256,0,48384,0,0,16128,0,64512,0,0,0,0,0,0
409,256,8,32,32,1024,500,proj,512,512,512,wspp,32,128,4096,0,0,1024,0,0,1024,0,0,0,31744,31744,7936,15360,16,17408,1984,61504,0
409,256,88,2,1024,93,500,proj,512,512,512,isap,1024,4096,4224,0,3072,0,0,3072,0,0,0,0,0,0,0,0,24,0,0,0,0
409,128,88,2,4096,93,500,proj,512,512,512,wsap,2048,2048,8448,0,6144,1373,0,1699,3072,0,0,0,0,0,0,2886,0,1629,0,0,0
409,512,40,4,512,409,500,proj,512,512,512,isap,512,4608,2080,2080,0,0,0,6656,0,0,0,0,0,0,0,0,32,0,4608,0,0
409,512,32,2,1024,1024,500,proj,512,512,512,isap,512,4608,2048,2048,0,0,0,8192,0,0,0,0,0,0,0,0,64,0,4096,0,0
409,512,40,2,2048,819,500,proj,512,512,512,wspp,512,4608,2080,2080,0,0,0,6656,0,0,0,0,0,0,0,0,56,0,3072,0,0
409,640,16,2,819,1024,500,proj,512,512,512,wspp,512,5632,2048,4096,0,0,0,16384,0,0,0,0,0,0,0,0,192,0,8192,0,0
409,256,8,32,32,1024,500,proj,512,512,512,wspp,32,128,4096,0,0,1024,0,0,1024,0,0,0,31744,31744,7936,15360,16,17408,1984,61504,0
409,256,88,2,1024,93,500,proj,512,512,512,isap,1024,4096,4224,0,3072,0,0,3072,0,0,0,0,0,0,0,0,24,0,0,0,0
409,512,32,2,1024,1024,500,proj,512,512,512,isap,512,4608,2048,2048,0,0,0,8192,0,0,0,0,0,0,0,0,64,0,4096,0,0
409,512,40,2,2048,819,500,proj,512,512,512,wspp,512,4608,2080,2080,0,0,0,6656,0,0,0,0,0,0,0,0,56,0,3072,0,0
409,384,40,4,1365,409,500,proj,512,512,512,ispp,1024,6144,4160,0,0,418,0,6238,6656,0,0,0,0,0,0,2873,28,3783,9216,0,0
409,640,16,2,819,1024,500,proj,512,512,512,wspp,512,5632,2048,4096,0,0,0,16384,0,0,0,0,0,0,0,0,192,0,8192,0,0
409,768,16,2,1365,1024,500,proj,512,512,512,ispp,512,7168,2048,4096,0,0,0,16384,0,0,0,0,0,0,0,0,192,0,8192,0,0
409,256,8,32,32,1024,500,proj,512,512,512,wspp,32,128,4096,0,0,1024,0,0,1024,0,0,0,31744,31744,7936,15360,16,17408,1984,61504,0
409,256,8,16,32,512,500,proj,512,512,512,wspp,32,128,4096,0,0,512,0,512,1024,0,0,0,31744,31744,15872,15872,32,16896,1920,59520,0
409,256,88,2,1024,93,500,proj,512,512,512,isap,1024,4096,4224,0,3072,0,0,3072,0,0,0,0,0,0,0,0,24,0,0,0,0
409,128,80,2,2048,102,500,proj,512,512,512,wsap,2048,2048,8960,0,7168,1638,0,1946,3584,0,0,0,0,0,0,3380,0,1894,0,0,0
409,512,32,2,1024,1024,500,proj,512,512,512,isap,512,4608,2048,2048,0,0,0,8192,0,0,0,0,0,0,0,0,64,0,4096,0,0
409,384,40,2,2730,409,500,proj,512,512,512,isap,1024,6144,4160,0,6656,0,0,6656,0,0,0,0,0,0,0,0,52,0,0,0,0
409,512,40,2,2048,819,500,proj,512,512,512,wspp,512,4608,2080,2080,0,0,0,6656,0,0,0,0,0,0,0,0,56,0,3072,0,0
409,768,16,2,1365,1024,500,proj,512,512,512,ispp,512,7168,2048,4096,0,0,0,16384,0,0,0,0,0,0,0,0,192,0,8192,0,0
409,256,8,16,32,512,500,proj,512,512,512,wspp,32,128,4096,0,0,512,0,512,1024,0,0,0,31744,31744,15872,15872,32,16896,1920,59520,0
409,256,88,2,1024,93,500,proj,512,512,512,isap,1024,4096,4224,0,3072,0,0,3072,0,0,0,0,0,0,0,0,24,0,0,0,0
409,512,32,2,1024,1024,500,proj,512,512,512,isap,512,4608,2048,2048,0,0,0,8192,0,0,0,0,0,0,0,0,64,0,4096,0,0
409,512,40,2,2048,819,500,proj,512,512,512,wspp,512,4608,2080,2080,0,0,0,6656,0,0,0,0,0,0,0,0,56,0,3072,0,0
409,384,48,2,1365,1365,500,proj,512,512,512,ispp,1024,6144,4224,0,0,1377,0,4255,5632,0,0,0,0,0,0,1513,44,4119,5120,0,0
409,768,16,2,1365,1024,500,proj,512,512,512,ispp,512,7168,2048,4096,0,0,0,16384,0,0,0,0,0,0,0,0,192,0,8192,0,0
409,896,16,2,1170,2048,500,proj,512,512,512,ispp,512,8192,2048,6144,0,0,0,16384,0,0,0,0,0,0,0,0,256,0,8192,0,0
409,256,8,16,32,512,500,proj,512,512,512,wspp,32,128,4096,0,0,512,0,512,1024,0,0,0,31744,31744,15872,15872,32,16896,1920,59520,0
409,128,16,16,128,128,500,proj,512,512,512,wsap,128,128,8192,0,3072,0,0,1024,0,46080,0,0,15360,0,61440,0,0,0,0,0,0
409,256,88,2,1024,93,500,proj,512,512,512,isap,1024,4096,4224,0,3072,0,0,3072,0,0,0,0,0,0,0,0,24,0,0,0,0
409,128,88,2,4096,186,500,proj,512,512,512,wspp,2048,2048,8448,0,0,186,372,2886,8844,0,0,0,0,0,0,14244,0,2094,6144,0,0
409,512,32,2,1024,1024,500,proj,512,512,512,isap,512,4608,2048,2048,0,0,0,8192,0,0,0,0,0,0,0,0,64,0,4096,0,0
409,640,24,4,819,682,500,proj,512,512,512,wsap,512,5632,2112,4224,0,0,0,11264,0,0,0,0,0,0,0,0,72,0,8192,0,0
409,512,40,2,2048,819,500,proj,512,512,512,wspp,512,4608,2080,2080,0,0,0,6656,0,0,0,0,0,0,0,0,56,0,3072,0,0
409,896,16,2,1170,2048,500,proj,512,512,512,ispp,512,8192,2048,6144,0,0,0,16384,0,0,0,0,0,0,0,0,256,0,8192,0,0
409,256,8,16,32,512,500,proj,512,512,512,wspp,32,128,4096,0,0,512,0,512,1024,0,0,0,31744,31744,15872,15872,32,16896,1920,59520,0
409,256,88,2,1024,93,500,proj,512,512,512,isap,1024,4096,4224,0,3072,0,0,3072,0,0,0,0,0,0,0,0,24,0,0,0,0
409,512,32,2,1024,1024,500,proj,512,512,512,isap,512,4608,2048,2048,0,0,0,8192,0,0,0,0,0,0,0,0,64,0,4096,0,0
409,512,40,2,2048,819,500,proj,512,512,512,wspp,512,4608,2080,2080,0,0,0,6656,0,0,0,0,0,0,0,0,56,0,3072,0,0
409,384,48,4,1365,1365,500,proj,512,512,512,wspp,1024,6144,4224,0,0,1401,0,4231,5632,0,0,0,0,0,0,1351,24,4281,7680,0,0
409,896,16,2,1170,2048,500,proj,512,512,512,ispp,512,8192,2048,6144,0,0,0,16384,0,0,0,0,0,0,0,0,256,0,8192,0,0
409,896,8,4,2340,8192,500,proj,512,512,512,wsap,512,8192,2048,6144,0,0,0,32768,0,0,0,0,0,0,0,0,256,0,24576,0,0
409,256,8,16,32,512,500,proj,512,512,512,wspp,32,128,4096,0,0,512,0,512,1024,0,0,0,31744,31744,15872,15872,32,16896,1920,59520,0
409,256,16,16,64,512,500,proj,512,512,512,isap,1024,4096,65536,0,16384,0,0,16384,0,0,0,0,0,0,0,0,256,0,0,0,0
409,256,88,2,1024,93,500,proj,512,512,512,isap,1024,4096,4224,0,3072,0,0,3072,0,0,0,0,0,0,0,0,24,0,0,0,0
409,128,80,2,2048,102,500,proj,512,512,512,isap,2048,2048,8960,0,7168,1638,0,1946,3584,0,0,0,0,0,0,3380,0,1894,0,0,0
409,512,32,2,1024,1024,500,proj,512,512,512,isap,512,4608,2048,2048,0,0,0,8192,0,0,0,0,0,0,0,0,64,0,4096,0,0
409,384,24,4,682,682,500,proj,512,512,512,isap,1024,6144,8448,0,11264,0,0,11264,0,0,0,0,0,0,0,0,88,0,0,0,0
409,512,40,2,2048,819,500,proj,512,512,512,wspp,512,4608,2080,2080,0,0,0,6656,0,0,0,0,0,0,0,0,56,0,3072,0,0
409,896,16,2,1170,2048,500,proj,512,512,512,ispp,512,8192,2048,6144,0,0,0,16384,0,0,0,0,0,0,0,0,256,0,8192,0,0
409,256,16,16,64,512,500,proj,512,512,512,isap,1024,4096,65536,0,16384,0,0,16384,0,0,0,0,0,0,0,0,256,0,0,0,0
409,256,88,2,1024,93,500,proj,512,512,512,isap,1024,4096,4224,0,3072,0,0,3072,0,0,0,0,0,0,0,0,24,0,0,0,0
409,512,32,2,1024,1024,500,proj,512,512,512,isap,512,4608,2048,2048,0,0,0,8192,0,0,0,0,0,0,0,0,64,0,4096,0,0
409,512,40,2,2048,819,500,proj,512,512,512,wspp,512,4608,2080,2080,0,0,0,6656,0,0,0,0,0,0,0,0,56,0,3072,0,0
409,512,40,2,2048,819,500,proj,512,512,512,ispp,512,4608,2080,2080,0,0,0,6656,0,0,0,0,0,0,0,0,56,0,3072,0,0
409,896,16,2,1170,2048,500,proj,512,512,512,ispp,512,8192,2048,6144,0,0,0,16384,0,0,0,0,0,0,0,0,256,0,8192,0,0
409,768,16,4,1365,4096,500,proj,512,512,512,wspp,512,7168,2048,4096,0,0,0,16384,0,0,0,0,0,0,0,0,96,0,12288,0,0
409,256,16,16,64,512,500,proj,512,512,512,isap,1024,4096,65536,0,16384,0,0,16384,0,0,0,0,0,0,0,0,256,0,0,0,0
409,384,8,16,85,1024,500,proj,512,512,512,wspp,84,504,4096,0,0,1024,0,1664,2688,0,0,0,30080,30080,22560,15360,32,17408,5040,56400,0
409,256,88,2,1024,93,500,proj,512,512,512,isap,1024,4096,4224,0,3072,0,0,3072,0,0,0,0,0,0,0,0,24,0,0,0,0
409,128,96,4,4096,85,500,proj,512,512,512,ispp,2048,2048,9216,0,0,85,183,2987,9033,0,0,0,0,0,0,13882,0,2275,8192,0,0
409,512,32,2,1024,1024,500,proj,512,512,512,isap,512,4608,2048,2048,0,0,0,8192,0,0,0,0,0,0,0,0,64,0,4096,0,0
409,512,40,4,1024,409,500,proj,512,512,512,isap,512,4608,2080,2080,0,0,0,6656,0,0,0,0,0,0,0,0,32,0,4608,0,0
409,512,40,2,2048,819,500,proj,512,512,512,ispp,512,4608,2080,2080,0,0,0,6656,0,0,0,0,0,0,0,0,56,0,3072,0,0
409,768,16,4,1365,4096,500,proj,512,512,512,wspp,512,7168,2048,4096,0,0,0,16384,0,0,0,0,0,0,0,0,96,0,12288,0,0
409,384,8,16,85,1024,500,proj,512,512,512,wspp,84,504,4096,0,0,1024,0,1664,2688,0,0,0,30080,30080,22560,15360,32,17408,5040,56400,0
409,256,88,2,1024,93,500,proj,512,512,512,isap,1024,4096,4224,0,3072,0,0,3072,0,0,0,0,0,0,0,0,24,0,0,0,0
409,512,40,4,1024,409,500,proj,512,512,512,isap,512,4608,2080,2080,0,0,0,6656,0,0,0,0,0,0,0,0,32,0,4608,0,0
409,512,40,2,2048,819,500,proj,512,512,512,ispp,512,4608,2080,2080,0,0,0,6656,0,0,0,0,0,0,0,0,56,0,3072,0,0
409,384,48,4,2730,341,500,proj,512,512,512,wsap,1024,6144,4224,0,5632,0,0,5632,0,0,0,0,0,0,0,0,24,0,0,0,0
409,768,16,4,1365,4096,500,proj,512,512,512,wspp,512,7168,2048,4096,0,0,0,16384,0,0,0,0,0,0,0,0,96,0,12288,0,0
409,768,8,2,682,4096,500,proj,512,512,512,wsap,512,7168,2048,4096,0,0,0,32768,0,0,0,0,0,0,0,0,384,0,16384,0,0
409,384,8,16,85,1024,500,proj,512,512,512,wspp,84,504,4096,0,0,1024,0,1664,2688,0,0,0,30080,30080,22560,15360,32,17408,5040,56400,0
409,384,16,32,42,1024,500,proj,512,512,512,wspp,42,252,4096,0,0,672,0,0,672,0,352,0,15360,15712,5892,0,8,16384,1302,30442,0
409,256,88,2,1024,93,500,proj,512,512,512,isap,1024,4096,4224,0,3072,0,0,3072,0,0,0,0,0,0,0,0,24,0,0,0,0
409,128,80,4,2048,102,500,proj,512,512,512,ispp,2048,2048,8960,0,0,102,214,3482,10538,0,0,0,0,0,0,16824,0,2340,9216,0,0
409,512,40,4,1024,409,500,proj,512,512,512,isap,512,4608,2080,2080,0,0,0,6656,0,0,0,0,0,0,0,0,32,0,4608,0,0
409,512,32,8,1024,1024,500,proj,512,512,512,wsap,512,4608,2048,2048,0,0,0,8192,0,0,0,0,0,0,0,0,16,0,7168,0,0
409,512,40,2,2048,819,500,proj,512,512,512,ispp,512,4608,2080,2080,0,0,0,6656,0,0,0,0,0,0,0,0,56,0,3072,0,0
409,768,16,4,1365,4096,500,proj,512,512,512,wspp,512,7168,2048,4096,0,0,0,16384,0,0,0,0,0,0,0,0,96,0,12288,0,0
409,384,16,32,42,1024,500,proj,512,512,512,wspp,42,252,4096,0,0,672,0,0,672,0,352,0,15360,15712,5892,0,8,16384,1302,30442,0
409,256,88,2,1024,93,500,proj,512,512,512,isap,1024,4096,4224,0,3072,0,0,3072,0,0,0,0,0,0,0,0,24,0,0,0,0
409,512,32,8,1024,1024,500,proj,512,512,512,wsap,512,4608,2048,2048,0,0,0,8192,0,0,0,0,0,0,0,0,16,0,7168,0,0
409,512,40,2,2048,819,500,proj,512,512,512,ispp,512,4608,2080,2080,0,0,0,6656,0,0,0,0,0,0,0,0,56,0,3072,0,0
409,512,40,2,2048,409,500,proj,512,512,512,wspp,512,4608,2080,2080,0,0,0,6656,0,0,0,0,0,0,0,0,56,0,3072,0,0
409,768,16,4,1365,4096,500,proj,512,512,512,wspp,512,7168,2048,4096,0,0,0,16384,0,0,0,0,0,0,0,0,96,0,12288,0,0
409,640,8,8,3276,16384,500,proj,512,512,512,wspp,512,5632,2048,4096,0,0,0,32768,0,0,0,0,0,0,0,0,96,0,28672,0,0
409,384,16,32,42,1024,500,proj,512,512,512,wspp,42,252,4096,0,0,672,0,0,672,0,352,0,15360,15712,5892,0,8,16384,1302,30442,0
409,256,16,16,32,2048,500,proj,512,512,512,ispp,1024,4096,131072,0,0,16384,0,0,16384,0,0,0,0,0,0,0,512,16384,30720,0,0
409,256,88,2,1024,93,500,proj,512,512,512,isap,1024,4096,4224,0,3072,0,0,3072,0,0,0,0,0,0,0,0,24,0,0,0,0
409,128,88,2,4096,46,500,proj,512,512,512,wsap,2048,2048,8448,0,6144,1326,0,1746,3072,0,0,0,0,0,0,2980,0,1582,0,0,0
409,512,32,8,1024,1024,500,proj,512,512,512,wsap,512,4608,2048,2048,0,0,0,8192,0,0,0,0,0,0,0,0,16,0,7168,0,0
409,512,32,8,512,1024,500,proj,512,512,512,isap,512,4608,2048,2048,0,0,0,8192,0,0,0,0,0,0,0,0,16,0,7168,0,0
409,512,40,2,2048,409,500,proj,512,512,512,wspp,512,4608,2080,2080,0,0,0,6656,0,0,0,0,0,0,0,0,56,0,3072,0,0
409,768,16,4,1365,4096,500,proj,512,512,512,wspp,512,7168,2048,4096,0,0,0,16384,0,0,0,0,0,0,0,0,96,0,12288,0,0
409,256,16,16,32,2048,500,proj,512,512,512,ispp,1024,4096,131072,0,0,16384,0,0,16384,0,0,0,0,0,0,0,512,16384,30720,0,0
409,256,88,2,1024,93,500,proj,512,512,512,isap,1024,4096,4224,0,3072,0,0,3072,0,0,0,0,0,0,0,0,24,0,0,0,0
409,512,32,8,512,1024,500,proj,512,512,512,isap,512,4608,2048,2048,0,0,0,8192,0,0,0,0,0,0,0,0,16,0,7168,0,0
409,512,40,2,2048,409,500,proj,512,512,512,wspp,512,4608,2080,2080,0,0,0,6656,0,0,0,0,0,0,0,0,56,0,3072,0,0
409,384,32,2,1365,512,500,proj,512,512,512,wsap,1024,6144,4096,0,8192,0,0,8192,0,0,0,0,0,0,0,0,64,0,0,0,0
409,768,16,4,1365,4096,500,proj,512,512,512,wspp,512,7168,2048,4096,0,0,0,16384,0,0,0,0,0,0,0,0,96,0,12288,0,0
409,768,16,8,1365,8192,500,proj,512,512,512,isap,512,7168,2048,4096,0,0,0,16384,0,0,0,0,0,0,0,0,48,0,14336,0,0
409,256,16,16,32,2048,500,proj,512,512,512,ispp,1024,4096,131072,0,0,16384,0,0,16384,0,0,0,0,0,0,0,512,16384,30720,0,0
409,384,24,8,21,1365,500,proj,512,512,512,wsap,20,120,4224,0,220,0,0,220,0,11044,0,0,11044,0,132528,0,24,0,0,0,0
409,256,88,2,1024,93,500,proj,512,512,512,isap,1024,4096,4224,0,3072,0,0,3072,0,0,0,0,0,0,0,0,24,0,0,0,0
409,128,88,2,1024,46,500,proj,512,512,512,ispp,2048,2048,16896,0,0,92,184,2980,9032,0,0,0,0,0,0,14808,0,1812,6144,0,0
409,512,32,8,512,1024,500,proj,512,512,512,isap,512,4608,2048,2048,0,0,0,8192,0,0,0,0,0,0,0,0,16,0,7168,0,0
409,384,32,16,341,2048,500,proj,512,512,512,wspp,340,2040,4096,0,0,2048,0,672,2720,0,0,0,5472,5472,4104,0,8,8192,5100,10260,0
409,512,40,2,2048,409,500,proj,512,512,512,wspp,512,4608,2080,2080,0,0,0,6656,0,0,0,0,0,0,0,0,56,0,3072,0,0
409,768,16,8,1365,8192,500,proj,512,512,512,isap,512,7168,2048,4096,0,0,0,16384,0,0,0,0,0,0,0,0,48,0,14336,0,0
409,384,24,8,21,1365,500,proj,512,512,512,wsap,20,120,4224,0,220,0,0,220,0,11044,0,0,11044,0,132528,0,24,0,0,0,0
409,256,88,2,1024,93,500,proj,512,512,512,isap,1024,4096,4224,0,3072,0,0,3072,0,0,0,0,0,0,0,0,24,0,0,0,0
409,512,32,8,512,1024,500,proj,512,512,512,isap,512,4608,2048,2048,0,0,0,8192,0,0,0,0,0,0,0,0,16,0,7168,0,0
409,512,40,2,2048,409,500,proj,512,512,512,wspp,512,4608,2080,2080,0,0,0,6656,0,0,0,0,0,0,0,0,56,0,3072,0,0
409,512,40,4,2048,409,500,proj,512,512,512,wsap,512,4608,2080,2080,0,0,0,6656,0,0,0,0,0,0,0,0,32,0,4608,0,0
409,768,16,8,1365,8192,500,proj,512,512,512,isap,512,7168,2048,4096,0,0,0,16384,0,0,0,0,0,0,0,0,48,0,14336,0,0
409,640,8,4,1638,8192,500,proj,512,512,512,ispp,512,5632,2048,4096,0,0,0,32768,0,0,0,0,0,0,0,0,192,0,24576,0,0
409,384,24,8,21,1365,500,proj,512,512,512,wsap,20,120,4224,0,220,0,0,220,0,11044,0,0,11044,0,132528,0,24,0,0,0,0
409,256,16,16,64,2048,500,proj,512,512,512,isap,1024,4096,65536,0,16384,0,0,16384,0,0,0,0,0,0,0,0,256,0,0,0,0
409,256,88,2,1024,93,500,proj,512,512,512,isap,1024,4096,4224,0,3072,0,0,3072,0,0,0,0,0,0,0,0,24,0,0,0,0
409,128,80,4,2048,102,500,proj,512,512,512,wsap,2048,2048,8960,0,10752,0,0,3584,0,0,0,0,0,0,0,0,0,0,0,0,0
409,512,32,8,512,1024,500,proj,512,512,512,isap,512,4608,2048,2048,0,0,0,8192,0,0,0,0,0,0,0,0,16,0,7168,0,0
409,384,24,8,1365,2730,500,proj,512,512,512,wspp,1024,6144,4224,0,0,2802,0,8462,11264,0,0,0,0,0,0,2702,24,8562,18944,0,0
409,512,40,4,2048,409,500,proj,512,512,512,wsap,512,4608,2080,2080,0,0,0,6656,0,0,0,0,0,0,0,0,32,0,4608,0,0
409,768,16,8,1365,8192,500,proj,512,512,512,isap,512,7168,2048,4096,0,0,0,16384,0,0,0,0,0,0,0,0,48,0,14336,0,0
409,256,16,16,64,2048,500,proj,512,512,512,isap,1024,4096,65536,0,16384,0,0,16384,0,0,0,0,0,0,0,0,256,0,0,0,0
409,256,88,2,1024,93,500,proj,512,512,512,isap,1024,4096,4224,0,3072,0,0,3072,0,0,0,0,0,0,0,0,24,0,0,0,0
409,512,32,8,512,1024,500,proj,512,512,512,isap,512,4608,2048,2048,0,0,0,8192,0,0,0,0,0,0,0,0,16,0,7168,0,0
409,512,40,4,2048,409,500,proj,512,512,512,wsap,512,4608,2080,2080,0,0,0,6656,0,0,0,0,0,0,0,0,32,0,4608,0,0
409,384,40,2,5461,409,500,proj,512,512,512,isap,1024,6144,4160,0,6656,0,0,6656,0,0,0,0,0,0,0,0,52,0,0,0,0
409,768,16,8,1365,8192,500,proj,512,512,512,isap,512,7168,2048,4096,0,0,0,16384,0,0,0,0,0,0,0,0,48,0,14336,0,0
409,768,8,4,1365,32768,500,proj,512,512,512,wspp,512,7168,2048,4096,0,0,0,32768,0,0,0,0,0,0,0,0,192,0,24576,0,0
409,256,16,16,64,2048,500,proj,512,512,512,isap,1024,4096,65536,0,16384,0,0,16384,0,0,0,0,0,0,0,0,256,0,0,0,0
409,256,16,8,64,1024,500,proj,512,512,512,wspp,64,256,4096,0,0,1024,0,0,1024,0,0,0,15360,15360,15360,7168,32,9216,1792,26880,0
409,256,88,2,1024,93,500,proj,512,512,512,isap,1024,4096,4224,0,3072,0,0,3072,0,0,0,0,0,0,0,0,24,0,0,0,0
409,128,80,2,1024,204,500,proj,512,512,512,wspp,1024,1024,8960,0,0,204,412,1588,4964,0,0,0,1792,5376,4096,16600,0,2452,3072,3072,0
409,512,32,8,512,1024,500,proj,512,512,512,isap,512,4608,2048,2048,0,0,0,8192,0,0,0,0,0,0,0,0,16,0,7168,0,0
409,640,24,16,409,682,500,proj,512,512,512,wsap,409,4499,2112,4224,0,0,0,8998,0,0,0,0,2266,0,2266,0,24,0,8180,2060,0
409,384,40,2,5461,409,500,proj,512,512,512,isap,1024,6144,4160,0,6656,0,0,6656,0,0,0,0,0,0,0,0,52,0,0,0,0
409,768,16,8,1365,8192,500,proj,512,512,512,isap,512,7168,2048,4096,0,0,0,16384,0,0,0,0,0,0,0,0,48,0,14336,0,0
409,256,16,8,64,1024,500,proj,512,512,512,wspp,64,256,4096,0,0,1024,0,0,1024,0,0,0,15360,15360,15360,7168,32,9216,1792,26880,0
409,256,88,2,1024,93,500,proj,512,512,512,isap,1024,4096,4224,0,3072,0,0,3072,0,0,0,0,0,0,0,0,24,0,0,0,0
409,512,32,8,512,1024,500,proj,512,512,512,isap,512,4608,2048,2048,0,0,0,8192,0,0,0,0,0,0,0,0,16,0,7168,0,0
409,384,40,2,5461,409,500,proj,512,512,512,isap,1024,6144,4160,0,6656,0,0,6656,0,0,0,0,0,0,0,0,52,0,0,0,0
409,384,48,2,2730,682,500,proj,512,512,512,ispp,1024,6144,4224,0,0,688,0,4944,5632,0,0,0,0,0,0,2111,44,3521,5120,0,0
409,768,16,8,1365,8192,500,proj,512,512,512,isap,512,7168,2048,4096,0,0,0,16384,0,0,0,0,0,0,0,0,48,0,14336,0,0
409,768,8,8,1365,32768,500,proj,512,512,512,isap,512,7168,2048,4096,0,0,0,32768,0,0,0,0,0,0,0,0,96,0,28672,0,0
409,256,16,8,64,1024,500,proj,512,512,512,wspp,64,256,4096,0,0,1024,0,0,1024,0,0,0,15360,15360,15360,7168,32,9216,1792,26880,0
409,128,8,4,256,2048,500,proj,512,512,512,isap,2048,2048,65536,0,98304,0,0,32768,0,0,0,0,0,0,0,0,0,0,0,0,0
409,256,88,2,1024,93,500,proj,512,512,512,isap,1024,4096,4224,0,3072,0,0,3072,0,0,0,0,0,0,0,0,24,0,0,0,0
409,256,80,4,1024,102,500,proj,512,512,512,wsap,1024,4096,4480,0,3584,0,0,3584,0,0,0,0,0,0,0,0,16,0,0,0,0
409,512,32,8,512,1024,500,proj,512,512,512,isap,512,4608,2048,2048,0,0,0,8192,0,0,0,0,0,0,0,0,16,0,7168,0,0
409,512,40,8,256,819,500,proj,512,512,512,ispp,512,4608,4160,4160,0,0,0,6656,0,0,0,0,0,0,0,0,32,0,5632,0,0
409,384,48,2,2730,682,500,proj,512,512,512,ispp,1024,6144,4224,0,0,688,0,4944,5632,0,0,0,0,0,0,2111,44,3521,5120,0,0
409,768,16,8,1365,8192,500,proj,512,512,512,isap,512,7168,2048,4096,0,0,0,16384,0,0,0,0,0,0,0,0,48,0,14336,0,0
409,128,8,4,256,2048,500,proj,512,512,512,isap,2048,2048,65536,0,98304,0,0,32768,0,0,0,0,0,0,0,0,0,0,0,0,0
409,256,88,2,1024,93,500,proj,512,512,512,isap,1024,4096,4224,0,3072,0,0,3072,0,0,0,0,0,0,0,0,24,0,0,0,0
409,512,40,8,256,819,500,proj,512,512,512,ispp,512,4608,4160,4160,0,0,0,6656,0,0,0,0,0,0,0,0,32,0,5632,0,0
409,384,48,2,2730,682,500,proj,512,512,512,ispp,1024,6144,4224,0,0,688,0,4944,5632,0,0,0,0,0,0,2111,44,3521,5120,0,0
409,384,48,2,2730,1365,500,proj,512,512,512,isap,1024,6144,4224,0,5632,0,0,5632,0,0,0,0,0,0,0,0,44,0,0,0,0
409,768,16,8,1365,8192,500,proj,512,512,512,isap,512,7168,2048,4096,0,0,0,16384,0,0,0,0,0,0,0,0,48,0,14336,0,0
409,896,8,16,1170,32768,500,proj,512,512,512,wsap,512,8192,2048,6144,0,0,0,32768,0,0,0,0,0,0,0,0,64,0,30720,0,0
409,128,8,4,256,2048,500,proj,512,512,512,isap,2048,2048,65536,0,98304,0,0,32768,0,0,0,0,0,0,0,0,0,0,0,0,0
409,128,16,2,256,512,500,proj,512,512,512,ispp,2048,2048,65536,0,0,4096,8192,12288,40960,0,0,0,0,0,0,29040,0,20112,32768,0,0
409,256,88,2,1024,93,500,proj,512,512,512,isap,1024,4096,4224,0,3072,0,0,3072,0,0,0,0,0,0,0,0,24,0,0,0,0
409,128,80,2,4096,204,500,proj,512,512,512,ispp,2048,2048,8960,0,0,204,412,3380,10340,0,0,0,0,0,0,16600,0,2452,6144,0,0
409,512,40,8,256,819,500,proj,512,512,512,ispp,512,4608,4160,4160,0,0,0,6656,0,0,0,0,0,0,0,0,32,0,5632,0,0
409,384,40,16,170,409,500,proj,512,512,512,wspp,170,1020,4160,0,0,529,0,576,1105,0,0,0,5551,5551,7686,1413,8,5243,1955,9821,0
409,384,48,2,2730,1365,500,proj,512,512,512,isap,1024,6144,4224,0,5632,0,0,5632,0,0,0,0,0,0,0,0,44,0,0,0,0
409,896,8,16,1170,32768,500,proj,512,512,512,wsap,512,8192,2048,6144,0,0,0,32768,0,0,0,0,0,0,0,0,64,0,30720,0,0
409,128,16,2,256,512,500,proj,512,512,512,ispp,2048,2048,65536,0,0,4096,8192,12288,40960,0,0,0,0,0,0,29040,0,20112,32768,0,0
409,256,88,2,1024,93,500,proj,512,512,512,isap,1024,4096,4224,0,3072,0,0,3072,0,0,0,0,0,0,0,0,24,0,0,0,0
409,384,40,16,170,409,500,proj,512,512,512,wspp,170,1020,4160,0,0,529,0,576,1105,0,0,0,5551,5551,7686,1413,8,5243,1955,9821,0
409,384,48,2,2730,1365,500,proj,512,512,512,isap,1024,6144,4224,0,5632,0,0,5632,0,0,0,0,0,0,0,0,44,0,0,0,0
409,384,48,4,2730,682,500,proj,512,512,512,wsap,1024,6144,4224,0,5632,0,0,5632,0,0,0,0,0,0,0,0,24,0,0,0,0
409,896,8,16,1170,32768,500,proj,512,512,512,wsap,512,8192,2048,6144,0,0,0,32768,0,0,0,0,0,0,0,0,64,0,30720,0,0
409,1024,8,8,512,32768,500,proj,512,512,512,wsap,512,9728,2048,8192,0,0,0,32768,0,0,0,0,0,0,0,0,160,0,28672,0,0
409,128,16,2,256,512,500,proj,512,512,512,ispp,2048,2048,65536,0,0,4096,8192,12288,40960,0,0,0,0,0,0,29040,0,20112,32768,0,0
409,256,16,4,128,1024,500,proj,512,512,512,ispp,1024,4096,32768,0,0,8192,0,8192,16384,0,0,0,0,0,0,1728,512,14656,24576,0,0
409,256,88,2,1024,93,500,proj,512,512,512,isap,1024,4096,4224,0,3072,0,0,3072,0,0,0,0,0,0,0,0,24,0,0,0,0
409,256,88,2,2048,46,500,proj,512,512,512,ispp,1024,4096,4224,0,0,46,0,3026,3072,0,0,0,0,0,0,2980,24,1582,3072,0,0
409,384,40,16,170,409,500,proj,512,512,512,wspp,170,1020,4160,0,0,529,0,576,1105,0,0,0,5551,5551,7686,1413,8,5243,1955,9821,0
409,384,40,16,170,819,500,proj,512,512,512,isap,1024,6144,29120,0,6656,0,0,6656,0,0,0,0,0,0,0,0,56,0,0,0,0
409,384,48,4,2730,682,500,proj,512,512,512,wsap,1024,6144,4224,0,5632,0,0,5632,0,0,0,0,0,0,0,0,24,0,0,0,0
409,1024,8,8,512,32768,500,proj,512,512,512,wsap,512,9728,2048,8192,0,0,0,32768,0,0,0,0,0,0,0,0,160,0,28672,0,0
409,256,16,4,128,1024,500,proj,512,512,512,ispp,1024,4096,32768,0,0,8192,0,8192,16384,0,0,0,0,0,0,1728,512,14656,24576,0,0
409,256,88,2,2048,46,500,proj,512,512,512,ispp,1024,4096,4224,0,0,46,0,3026,3072,0,0,0,0,0,0,2980,24,1582,3072,0,0
409,384,40,16,170,819,500,proj,512,512,512,isap,1024,6144,29120,0,6656,0,0,6656,0,0,0,0,0,0,0,0,56,0,0,0,0
409,384,48,4,2730,682,500,proj,512,512,512,wsap,1024,6144,4224,0,5632,0,0,5632,0,0,0,0,0,0,0,0,24,0,0,0,0
409,256,40,8,4096,819,500,proj,512,512,512,wspp,1024,4096,4160,0,0,910,0,5746,6656,0,0,0,0,0,0,1618,16,5038,10752,0,0
409,1024,8,8,512,32768,500,proj,512,512,512,wsap,512,9728,2048,8192,0,0,0,32768,0,0,0,0,0,0,0,0,160,0,28672,0,0
409,896,8,8,1170,32768,500,proj,512,512,512,wspp,512,8192,2048,6144,0,0,0,32768,0,0,0,0,0,0,0,0,128,0,28672,0,0
409,256,16,4,128,1024,500,proj,512,512,512,ispp,1024,4096,32768,0,0,8192,0,8192,16384,0,0,0,0,0,0,1728,512,14656,24576,0,0
409,128,16,2,512,1024,500,proj,512,512,512,wsap,512,512,8192,0,8192,3760,0,336,4096,24576,5184,0,7104,12288,49152,7184,0,9200,0,0,0
409,256,88,2,2048,46,500,proj,512,512,512,ispp,1024,4096,4224,0,0,46,0,3026,3072,0,0,0,0,0,0,2980,24,1582,3072,0,0
409,256,80,4,1024,25,500,proj,512,512,512,wsap,1024,4096,4480,0,3584,0,0,3584,0,0,0,0,0,0,0,0,16,0,0,0,0
409,384,40,16,170,819,500,proj,512,512,512,isap,1024,6144,29120,0,6656,0,0,6656,0,0,0,0,0,0,0,0,56,0,0,0,0
409,256,48,8,128,682,500,proj,512,512,512,wspp,128,512,4224,0,0,688,0,16,704,0,146,0,4782,4928,7168,1990,12,3642,1152,8064,0
409,256,40,8,4096,819,500,proj,512,512,512,wspp,1024,4096,4160,0,0,910,0,5746,6656,0,0,0,0,0,0,1618,16,5038,10752,0,0
409,896,8,8,1170,32768,500,proj,512,512,512,wspp,512,8192,2048,6144,0,0,0,32768,0,0,0,0,0,0,0,0,128,0,28672,0,0
409,128,16,2,512,1024,500,proj,512,512,512,wsap,512,512,8192,0,8192,3760,0,336,4096,24576,5184,0,7104,12288,49152,7184,0,9200,0,0,0
409,256,80,4,1024,25,500,proj,512,512,512,wsap,1024,4096,4480,0,3584,0,0,3584,0,0,0,0,0,0,0,0,16,0,0,0,0
409,256,48,8,128,682,500,proj,512,512,512,wspp,128,512,4224,0,0,688,0,16,704,0,146,0,4782,4928,7168,1990,12,3642,1152,8064,0
409,256,40,8,4096,819,500,proj,512,512,512,wspp,1024,4096,4160,0,0,910,0,5746,6656,0,0,0,0,0,0,1618,16,5038,10752,0,0
409,256,32,16,2048,1024,500,proj,512,512,512,wsap,1024,4096,4096,0,8192,0,0,8192,0,0,0,0,0,0,0,0,8,0,0,0,0
409,896,8,8,1170,32768,500,proj,512,512,512,wspp,512,8192,2048,6144,0,0,0,32768,0,0,0,0,0,0,0,0,128,0,28672,0,0
409,1024,8,16,512,32768,500,proj,512,512,512,wsap,512,9728,2048,8192,0,0,0,32768,0,0,0,0,0,0,0,0,80,0,30720,0,0
409,128,16,2,512,1024,500,proj,512,512,512,wsap,512,512,8192,0,8192,3760,0,336,4096,24576,5184,0,7104,12288,49152,7184,0,9200,0,0,0
409,128,24,2,256,341,500,proj,512,512,512,wspp,256,256,8448,0,0,341,682,1067,3542,0,0,0,9856,29568,19712,27136,0,6656,2816,19712,0
409,256,80,4,1024,25,500,proj,512,512,512,wsap,1024,4096,4480,0,3584,0,0,3584,0,0,0,0,0,0,0,0,16,0,0,0,0
409,256,88,4,512,46,500,proj,512,512,512,ispp,1024,4096,8448,0,0,108,0,2964,3072,0,0,0,0,0,0,1952,24,2096,4096,0,0
409,256,48,8,128,682,500,proj,512,512,512,wspp,128,512,4224,0,0,688,0,16,704,0,146,0,4782,4928,7168,1990,12,3642,1152,8064,0
409,128,48,4,128,682,500,proj,512,512,512,wsap,128,128,8448,0,1056,0,0,352,0,15840,0,0,5280,0,21120,0,0,0,0,0,0
409,256,32,16,2048,1024,500,proj,512,512,512,wsap,1024,4096,4096,0,8192,0,0,8192,0,0,0,0,0,0,0,0,8,0,0,0,0
409,1024,8,16,512,32768,500,proj,512,512,512,wsap,512,9728,2048,8192,0,0,0,32768,0,0,0,0,0,0,0,0,80,0,30720,0,0
409,128,24,2,256,341,500,proj,512,512,512,wspp,256,256,8448,0,0,341,682,1067,3542,0,0,0,9856,29568,19712,27136,0,6656,2816,19712,0
409,256,88,4,512,46,500,proj,512,512,512,ispp,1024,4096,8448,0,0,108,0,2964,3072,0,0,0,0,0,0,1952,24,2096,4096,0,0
409,256,48,8,128,682,500,proj,512,512,512,wspp,128,512,4224,0,0,688,0,16,704,0,146,0,4782,4928,7168,1990,12,3642,1152,8064,0
409,256,32,16,2048,1024,500,proj,512,512,512,wsap,1024,4096,4096,0,8192,0,0,8192,0,0,0,0,0,0,0,0,8,0,0,0,0
409,384,24,16,1365,682,500,proj,512,512,512,isap,1024,6144,4224,0,11264,0,0,11264,0,0,0,0,0,0,0,0,12,0,0,0,0
409,1024,8,16,512,32768,500,proj,512,512,512,wsap,512,9728,2048,8192,0,0,0,32768,0,0,0,0,0,0,0,0,80,0,30720,0,0
409,1024,8,8,512,16384,500,proj,512,512,512,isap,512,9728,2048,8192,0,0,0,32768,0,0,0,0,0,0,0,0,160,0,28672,0,0
409,128,24,2,256,341,500,proj,512,512,512,wspp,256,256,8448,0,0,341,682,1067,3542,0,0,0,9856,29568,19712,27136,0,6656,2816,19712,0
409,256,32,2,256,128,500,proj,512,512,512,wspp,256,1024,4096,0,0,128,0,1920,2048,0,0,0,6144,6144,24576,3962,64,4230,2048,6144,0
409,256,88,4,512,46,500,proj,512,512,512,ispp,1024,4096,8448,0,0,108,0,2964,3072,0,0,0,0,0,0,1952,24,2096,4096,0,0
409,128,96,2,1024,21,500,proj,512,512,512,wsap,1024,1024,9216,0,3072,1035,0,501,1536,3072,266,0,1270,1536,6144,3030,0,1557,0,0,0
409,256,48,8,128,682,500,proj,512,512,512,wspp,128,512,4224,0,0,688,0,16,704,0,146,0,4782,4928,7168,1990,12,3642,1152,8064,0
409,128,48,16,512,341,500,proj,512,512,512,wsap,512,512,8448,0,4224,0,0,1408,0,12672,0,0,4224,0,16896,0,0,0,0,0,0
409,256,32,16,2048,1024,500,proj,512,512,512,wsap,1024,4096,4096,0,8192,0,0,8192,0,0,0,0,0,0,0,0,8,0,0,0,0
409,1024,8,8,512,16384,500,proj,512,512,512,isap,512,9728,2048,8192,0,0,0,32768,0,0,0,0,0,0,0,0,160,0,28672,0,0
409,256,32,2,256,128,500,proj,512,512,512,wspp,256,1024,4096,0,0,128,0,1920,2048,0,0,0,6144,6144,24576,3962,64,4230,2048,6144,0
409,128,96,2,1024,21,500,proj,512,512,512,wsap,1024,1024,9216,0,3072,1035,0,501,1536,3072,266,0,1270,1536,6144,3030,0,1557,0,0,0
409,256,48,8,128,682,500,proj,512,512,512,wspp,128,512,4224,0,0,688,0,16,704,0,146,0,4782,4928,7168,1990,12,3642,1152,8064,0
409,256,32,16,2048,1024,500,proj,512,512,512,wsap,1024,4096,4096,0,8192,0,0,8192,0,0,0,0,0,0,0,0,8,0,0,0,0
409,128,24,8,8192,682,500,proj,512,512,512,wspp,2048,2048,8448,0,0,682,1386,10582,32406,0,0,0,0,0,0,25908,0,7884,37888,0,0
409,1024,8,8,512,16384,500,proj,512,512,512,isap,512,9728,2048,8192,0,0,0,32768,0,0,0,0,0,0,0,0,160,0,28672,0,0
409,1024,8,4,256,8192,500,proj,512,512,512,wspp,256,4864,2048,8192,0,0,0,16384,0,0,0,0,16384,0,77824,0,320,0,12288,12288,0
409,256,32,2,256,128,500,proj,512,512,512,wspp,256,1024,4096,0,0,128,0,1920,2048,0,0,0,6144,6144,24576,3962,64,4230,2048,6144,0
409,128,32,2,1024,256,500,proj,512,512,512,isap,2048,2048,16384,0,16384,4352,0,3840,8192,0,0,0,0,0,0,3570,0,4622,0,0,0
409,128,96,2,1024,21,500,proj,512,512,512,wsap,1024,1024,9216,0,3072,1035,0,501,1536,3072,266,0,1270,1536,6144,3030,0,1557,0,0,0
409,256,88,2,256,46,500,proj,512,512,512,ispp,1024,4096,16896,0,0,184,0,2888,3072,0,0,0,0,0,0,2704,96,1720,3072,0,0
409,256,48,8,128,682,500,proj,512,512,512,wspp,128,512,4224,0,0,688,0,16,704,0,146,0,4782,4928,7168,1990,12,3642,1152,8064,0
409,128,56,4,256,1170,500,proj,512,512,512,wspp,256,256,8960,0,0,640,1280,0,640,0,530,1118,3950,12322,5376,18312,0,6204,1792,12544,0
409,256,32,16,2048,1024,500,proj,512,512,512,wsap,1024,4096,4096,0,8192,0,0,8192,0,0,0,0,0,0,0,0,8,0,0,0,0
409,1024,8,8,512,16384,500,proj,512,512,512,isap,512,9728,2048,8192,0,0,0,32768,0,0,0,0,0,0,0,0,160,0,28672,0,0
409,128,32,2,1024,256,500,proj,512,512,512,isap,2048,2048,16384,0,16384,4352,0,3840,8192,0,0,0,0,0,0,3570,0,4622,0,0,0
409,128,96,2,1024,21,500,proj,512,512,512,wsap,1024,1024,9216,0,3072,1035,0,501,1536,3072,266,0,1270,1536,6144,3030,0,1557,0,0,0
409,256,48,8,128,682,500,proj,512,512,512,wspp,128,512,4224,0,0,688,0,16,704,0,146,0,4782,4928,7168,1990,12,3642,1152,8064,0
409,256,32,16,2048,1024,500,proj,512,512,512,wsap,1024,4096,4096,0,8192,0,0,8192,0,0,0,0,0,0,0,0,8,0,0,0,0
409,128,32,8,2048,512,500,proj,512,512,512,isap,2048,2048,8192,0,24576,0,0,8192,0,0,0,0,0,0,0,0,0,0,0,0,0
409,1024,8,8,512,16384,500,proj,512,512,512,isap,512,9728,2048,8192,0,0,0,32768,0,0,0,0,0,0,0,0,160,0,28672,0,0
409,896,8,4,1170,32768,500,proj,512,512,512,wsap,512,8192,2048,6144,0,0,0,32768,0,0,0,0,0,0,0,0,256,0,24576,0,0
409,128,32,2,1024,256,500,proj,512,512,512,isap,2048,2048,16384,0,16384,4352,0,3840,8192,0,0,0,0,0,0,3570,0,4622,0,0,0
409,128,32,2,1024,256,500,proj,512,512,512,wsap,1024,1024,8192,0,8192,3072,0,1024,4096,8192,1024,0,3072,4096,16384,3840,0,4352,0,0,0
409,128,96,2,1024,21,500,proj,512,512,512,wsap,1024,1024,9216,0,3072,1035,0,501,1536,3072,266,0,1270,1536,6144,3030,0,1557,0,0,0
409,128,88,2,512,46,500,proj,512,512,512,ispp,2048,2048,33792,0,0,184,368,2888,8848,0,0,0,0,0,0,14256,0,2088,6144,0,0
409,256,48,8,128,682,500,proj,512,512,512,wspp,128,512,4224,0,0,688,0,16,704,0,146,0,4782,4928,7168,1990,12,3642,1152,8064,0
409,384,40,4,85,1638,500,proj,512,512,512,ispp,1024,6144,54080,0,0,6656,0,0,6656,0,0,0,0,0,0,0,364,6656,9216,0,0
409,256,32,16,2048,1024,500,proj,512,512,512,wsap,1024,4096,4096,0,8192,0,0,8192,0,0,0,0,0,0,0,0,8,0,0,0,0
409,896,8,4,1170,32768,500,proj,512,512,512,wsap,512,8192,2048,6144,0,0,0,32768,0,0,0,0,0,0,0,0,256,0,24576,0,0
409,128,32,2,1024,256,500,proj,512,512,512,wsap,1024,1024,8192,0,8192,3072,0,1024,4096,8192,1024,0,3072,4096,16384,3840,0,4352,0,0,0
409,128,96,2,1024,21,500,proj,512,512,512,wsap,1024,1024,9216,0,3072,1035,0,501,1536,3072,266,0,1270,1536,6144,3030,0,1557,0,0,0
409,256,48,8,128,682,500,proj,512,512,512,wspp,128,512,4224,0,0,688,0,16,704,0,146,0,4782,4928,7168,1990,12,3642,1152,8064,0
409,256,32,16,2048,1024,500,proj,512,512,512,wsap,1024,4096,4096,0,8192,0,0,8192,0,0,0,0,0,0,0,0,8,0,0,0,0
409,128,40,8,2048,409,500,proj,512,512,512,wspp,2048,2048,8320,0,0,409,839,6247,19129,0,0,0,0,0,0,15574,0,4394,21504,0,0
409,896,8,4,1170,32768,500,proj,512,512,512,wsap,512,8192,2048,6144,0,0,0,32768,0,0,0,0,0,0,0,0,256,0,24576,0,0
409,896,16,2,1170,8192,500,proj,512,512,512,isap,512,8192,2048,6144,0,0,0,16384,0,0,0,0,0,0,0,0,256,0,8192,0,0
409,128,32,2,1024,256,500,proj,512,512,512,wsap,1024,1024,8192,0,8192,3072,0,1024,4096,8192,1024,0,3072,4096,16384,3840,0,4352,0,0,0
409,128,32,4,512,128,500,proj,512,512,512,ispp,2048,2048,32768,0,0,512,1024,7680,23552,0,0,0,0,0,0,18944,0,5632,24576,0,0
409,128,96,2,1024,21,500,proj,512,512,512,wsap,1024,1024,9216,0,3072,1035,0,501,1536,3072,266,0,1270,1536,6144,3030,0,1557,0,0,0
409,128,104,2,512,39,500,proj,512,512,512,ispp,2048,2048,33280,0,0,156,320,2404,7360,0,0,0,0,0,0,17544,0,1832,4096,0,0
409,256,48,8,128,682,500,proj,512,512,512,wspp,128,512,4224,0,0,688,0,16,704,0,146,0,4782,4928,7168,1990,12,3642,1152,8064,0
409,384,48,8,85,341,500,proj,512,512,512,wspp,84,504,4224,0,0,374,0,88,462,0,42,0,5128,5170,11280,2275,12,3357,756,8460,0
409,128,40,8,2048,409,500,proj,512,512,512,wspp,2048,2048,8320,0,0,409,839,6247,19129,0,0,0,0,0,0,15574,0,4394,21504,0,0
409,896,16,2,1170,8192,500,proj,512,512,512,isap,512,8192,2048,6144,0,0,0,16384,0,0,0,0,0,0,0,0,256,0,8192,0,0
409,128,32,4,512,128,500,proj,512,512,512,ispp,2048,2048,32768,0,0,512,1024,7680,23552,0,0,0,0,0,0,18944,0,5632,24576,0,0
409,128,96,2,1024,21,500,proj,512,512,512,wsap,1024,1024,9216,0,3072,1035,0,501,1536,3072,266,0,1270,1536,6144,3030,0,1557,0,0,0
409,384,48,8,85,341,500,proj,512,512,512,wspp,84,504,4224,0,0,374,0,88,462,0,42,0,5128,5170,11280,2275,12,3357,756,8460,0
409,128,40,8,2048,409,500,proj,512,512,512,wspp,2048,2048,8320,0,0,409,839,6247,19129,0,0,0,0,0,0,15574,0,4394,21504,0,0
409,128,48,8,4096,682,500,proj,512,512,512,wsap,2048,2048,8448,0,16896,0,0,5632,0,0,0,0,0,0,0,0,0,0,0,0,0
409,896,16,2,1170,8192,500,proj,512,512,512,isap,512,8192,2048,6144,0,0,0,16384,0,0,0,0,0,0,0,0,256,0,8192,0,0
409,1024,8,4,512,16384,500,proj,512,512,512,wspp,512,9728,2048,8192,0,0,0,32768,0,0,0,0,0,0,0,0,320,0,24576,0,0
409,128,32,4,512,128,500,proj,512,512,512,ispp,2048,2048,32768,0,0,512,1024,7680,23552,0,0,0,0,0,0,18944,0,5632,24576,0,0
409,128,24,2,512,170,500,proj,512,512,512,wspp,512,512,8448,0,0,170,340,2646,8108,0,0,0,8448,25344,16896,27650,0,6142,5632,16896,0
409,128,96,2,1024,21,500,proj,512,512,512,wsap,1024,1024,9216,0,3072,1035,0,501,1536,3072,266,0,1270,1536,6144,3030,0,1557,0,0,0
409,128,88,4,2048,46,500,proj,512,512,512,isap,2048,2048,8448,0,9216,0,0,3072,0,0,0,0,0,0,0,0,0,0,0,0,0
409,384,48,8,85,341,500,proj,512,512,512,wspp,84,504,4224,0,0,374,0,88,462,0,42,0,5128,5170,11280,2275,12,3357,756,8460,0
409,512,40,8,32,204,500,proj,512,512,512,ispp,512,4608,33280,33280,0,0,0,6656,0,0,0,0,0,0,0,0,256,0,5632,0,0
409,128,48,8,4096,682,500,proj,512,512,512,wsap,2048,2048,8448,0,16896,0,0,5632,0,0,0,0,0,0,0,0,0,0,0,0,0
409,1024,8,4,512,16384,500,proj,512,512,512,wspp,512,9728,2048,8192,0,0,0,32768,0,0,0,0,0,0,0,0,320,0,24576,0,0
409,128,24,2,512,170,500,proj,512,512,512,wspp,512,512,8448,0,0,170,340,2646,8108,0,0,0,8448,25344,16896,27650,0,6142,5632,16896,0
409,128,88,4,2048,46,500,proj,512,512,512,isap,2048,2048,8448,0,9216,0,0,3072,0,0,0,0,0,0,0,0,0,0,0,0,0
409,384,48,8,85,341,500,proj,512,512,512,wspp,84,504,4224,0,0,374,0,88,462,0,42,0,5128,5170,11280,2275,12,3357,756,8460,0
409,128,48,8,4096,682,500,proj,512,512,512,wsap,2048,2048,8448,0,16896,0,0,5632,0,0,0,0,0,0,0,0,0,0,0,0,0
409,256,48,16,1024,682,500,proj,512,512,512,isap,1024,4096,4224,0,5632,0,0,5632,0,0,0,0,0,0,0,0,8,0,0,0,0
409,1024,8,4,512,16384,500,proj,512,512,512,wspp,512,9728,2048,8192,0,0,0,32768,0,0,0,0,0,0,0,0,320,0,24576,0,0
409,1024,16,2,256,8192,500,proj,512,512,512,wsap,256,4864,2048,8192,0,0,0,8192,0,0,0,0,8192,0,77824,0,320,0,4096,4096,0
409,128,24,2,512,170,500,proj,512,512,512,wspp,512,512,8448,0,0,170,340,2646,8108,0,0,0,8448,25344,16896,27650,0,6142,5632,16896,0
409,256,16,2,256,256,500,proj,512,512,512,isap,1024,4096,16384,0,16384,0,0,16384,0,0,0,0,0,0,0,0,512,0,0,0,0
409,128,88,4,2048,46,500,proj,512,512,512,isap,2048,2048,8448,0,9216,0,0,3072,0,0,0,0,0,0,0,0,0,0,0,0,0
409,128,80,2,1024,51,500,proj,512,512,512,ispp,2048,2048,17920,0,0,102,206,3482,10546,0,0,0,0,0,0,17200,0,2152,6144,0,0
409,384,48,8,85,341,500,proj,512,512,512,wspp,84,504,4224,0,0,374,0,88,462,0,42,0,5128,5170,11280,2275,12,3357,756,8460,0
409,512,48,4,32,341,500,proj,512,512,512,wsap,32,288,2112,2112,0,0,0,352,0,0,0,0,5280,0,12960,0,24,0,256,3840,0
409,256,48,16,1024,682,500,proj,512,512,512,isap,1024,4096,4224,0,5632,0,0,5632,0,0,0,0,0,0,0,0,8,0,0,0,0
409,1024,16,2,256,8192,500,proj,512,512,512,wsap,256,4864,2048,8192,0,0,0,8192,0,0,0,0,8192,0,77824,0,320,0,4096,4096,0
409,256,16,2,256,256,500,proj,512,512,512,isap,1024,4096,16384,0,16384,0,0,16384,0,0,0,0,0,0,0,0,512,0,0,0,0
409,128,80,2,1024,51,500,proj,512,512,512,ispp,2048,2048,17920,0,0,102,206,3482,10546,0,0,0,0,0,0,17200,0,2152,6144,0,0
409,512,48,4,32,341,500,proj,512,512,512,wsap,32,288,2112,2112,0,0,0,352,0,0,0,0,5280,0,12960,0,24,0,256,3840,0
409,256,48,16,1024,682,500,proj,512,512,512,isap,1024,4096,4224,0,5632,0,0,5632,0,0,0,0,0,0,0,0,8,0,0,0,0
409,256,40,32,512,409,500,proj,512,512,512,ispp,1024,4096,8320,0,0,6656,0,0,6656,0,0,0,0,0,0,0,8,6656,12288,0,0
409,1024,16,2,256,8192,500,proj,512,512,512,wsap,256,4864,2048,8192,0,0,0,8192,0,0,0,0,8192,0,77824,0,320,0,4096,4096,0
409,1152,8,2,227,8192,500,proj,512,512,512,isap,512,10752,6144,24576,0,0,0,32768,0,0,0,0,0,0,0,0,1920,0,16384,0,0
409,256,16,2,256,256,500,proj,512,512,512,isap,1024,4096,16384,0,16384,0,0,16384,0,0,0,0,0,0,0,0,512,0,0,0,0
409,384,8,2,341,512,500,proj,512,512,512,isap,1024,6144,16384,0,32768,0,0,32768,0,0,0,0,0,0,0,0,1024,0,0,0,0
409,128,80,2,1024,51,500,proj,512,512,512,ispp,2048,2048,17920,0,0,102,206,3482,10546,0,0,0,0,0,0,17200,0,2152,6144,0,0
409,128,72,4,2048,28,500,proj,512,512,512,wspp,2048,2048,9216,0,0,28,56,4068,12232,0,0,0,0,0,0,20312,0,2132,12288,0,0
409,512,48,4,32,341,500,proj,512,512,512,wsap,32,288,2112,2112,0,0,0,352,0,0,0,0,5280,0,12960,0,24,0,256,3840,0
409,512,40,2,16,409,500,proj,512,512,512,wsap,16,144,2080,2080,0,0,0,208,0,0,0,0,6448,0,31248,0,56,0,96,2976,0
409,256,48,16,1024,682,500,proj,512,512,512,isap,1024,4096,4224,0,5632,0,0,5632,0,0,0,0,0,0,0,0,8,0,0,0,0
409,1152,8,2,227,8192,500,proj,512,512,512,isap,512,10752,6144,24576,0,0,0,32768,0,0,0,0,0,0,0,0,1920,0,16384,0,0
409,256,16,2,256,256,500,proj,512,512,512,isap,1024,4096,16384,0,16384,0,0,16384,0,0,0,0,0,0,0,0,512,0,0,0,0
409,128,72,4,2048,28,500,proj,512,512,512,wspp,2048,2048,9216,0,0,28,56,4068,12232,0,0,0,0,0,0,20312,0,2132,12288,0,0
409,512,48,4,32,341,500,proj,512,512,512,wsap,32,288,2112,2112,0,0,0,352,0,0,0,0,5280,0,12960,0,24,0,256,3840,0
409,256,48,16,1024,682,500,proj,512,512,512,isap,1024,4096,4224,0,5632,0,0,5632,0,0,0,0,0,0,0,0,8,0,0,0,0
409,384,48,8,1365,341,500,proj,512,512,512,wsap,1024,6144,4224,0,5632,0,0,5632,0,0,0,0,0,0,0,0,12,0,0,0,0
409,1152,8,2,227,8192,500,proj,512,512,512,isap,512,10752,6144,24576,0,0,0,32768,0,0,0,0,0,0,0,0,1920,0,16384,0,0
409,1024,8,2,128,16384,500,proj,512,512,512,wspp,128,2432,2048,8192,0,0,0,8192,0,0,0,0,24576,0,233472,0,640,0,4096,12288,0
409,256,16,2,256,256,500,proj,512,512,512,isap,1024,4096,16384,0,16384,0,0,16384,0,0,0,0,0,0,0,0,512,0,0,0,0
409,128,8,4,512,256,500,proj,512,512,512,ispp,2048,2048,32768,0,0,1024,2048,31744,96256,0,0,0,0,0,0,78848,0,19456,98304,0,0
409,128,72,4,2048,28,500,proj,512,512,512,wspp,2048,2048,9216,0,0,28,56,4068,12232,0,0,0,0,0,0,20312,0,2132,12288,0,0
409,128,64,4,2048,16,500,proj,512,512,512,wsap,2048,2048,8192,0,12288,0,0,4096,0,0,0,0,0,0,0,0,0,0,0,0,0
409,512,48,4,32,341,500,proj,512,512,512,wsap,32,288,2112,2112,0,0,0,352,0,0,0,0,5280,0,12960,0,24,0,256,3840,0
409,512,40,2,16,819,500,proj,512,512,512,isap,512,4608,66560,66560,0,0,0,6656,0,0,0,0,0,0,0,0,1792,0,3072,0,0
409,384,48,8,1365,341,500,proj,512,512,512,wsap,1024,6144,4224,0,5632,0,0,5632,0,0,0,0,0,0,0,0,12,0,0,0,0
409,1024,8,2,128,16384,500,proj,512,512,512,wspp,128,2432,2048,8192,0,0,0,8192,0,0,0,0,24576,0,233472,0,640,0,4096,12288,0
409,256,16,2,256,256,500,proj,512,512,512,isap,1024,4096,16384,0,16384,0,0,16384,0,0,0,0,0,0,0,0,512,0,0,0,0
409,128,64,4,2048,16,500,proj,512,512,512,wsap,2048,2048,8192,0,12288,0,0,4096,0,0,0,0,0,0,0,0,0,0,0,0,0
409,512,48,4,32,341,500,proj,512,512,512,wsap,32,288,2112,2112,0,0,0,352,0,0,0,0,5280,0,12960,0,24,0,256,3840,0
409,384,48,8,1365,341,500,proj,512,512,512,wsap,1024,6144,4224,0,5632,0,0,5632,0,0,0,0,0,0,0,0,12,0,0,0,0
409,384,56,8,682,146,500,proj,512,512,512,wspp,682,4092,4480,0,0,188,0,3222,3410,0,0,0,1710,1710,4104,5700,12,2270,5456,2736,0
409,1024,8,2,128,16384,500,proj,512,512,512,wspp,128,2432,2048,8192,0,0,0,8192,0,0,0,0,24576,0,233472,0,640,0,4096,12288,0
409,896,16,2,292,4096,500,proj,512,512,512,wspp,292,4672,2048,6144,0,0,0,9344,0,0,0,0,7040,0,56320,0,256,0,4672,3520,0
409,256,16,2,256,256,500,proj,512,512,512,isap,1024,4096,16384,0,16384,0,0,16384,0,0,0,0,0,0,0,0,512,0,0,0,0
409,384,24,4,170,170,500,proj,512,512,512,wspp,170,1020,4224,0,0,172,0,1698,1870,0,0,0,9394,9394,30744,5406,44,5858,2720,13664,0
409,128,64,4,2048,16,500,proj,512,512,512,wsap,2048,2048,8192,0,12288,0,0,4096,0,0,0,0,0,0,0,0,0,0,0,0,0
409,128,72,2,2048,7,500,proj,512,512,512,wsap,2048,2048,9216,0,8192,1799,0,2297,4096,0,0,0,0,0,0,4088,0,2052,0,0,0
409,512,48,4,32,341,500,proj,512,512,512,wsap,32,288,2112,2112,0,0,0,352,0,0,0,0,5280,0,12960,0,24,0,256,3840,0
409,640,40,2,12,409,500,proj,512,512,512,wspp,12,132,2080,4160,0,0,0,156,0,0,0,0,6500,0,38500,0,84,0,72,3000,0
409,384,48,8,1365,341,500,proj,512,512,512,wsap,1024,6144,4224,0,5632,0,0,5632,0,0,0,0,0,0,0,0,12,0,0,0,0
409,896,16,2,292,4096,500,proj,512,512,512,wspp,292,4672,2048,6144,0,0,0,9344,0,0,0,0,7040,0,56320,0,256,0,4672,3520,0
409,256,16,2,256,256,500,proj,512,512,512,isap,1024,4096,16384,0,16384,0,0,16384,0,0,0,0,0,0,0,0,512,0,0,0,0
409,128,72,2,2048,7,500,proj,512,512,512,wsap,2048,2048,9216,0,8192,1799,0,2297,4096,0,0,0,0,0,0,4088,0,2052,0,0,0
409,512,48,4,32,341,500,proj,512,512,512,wsap,32,288,2112,2112,0,0,0,352,0,0,0,0,5280,0,12960,0,24,0,256,3840,0
409,384,48,8,1365,341,500,proj,512,512,512,wsap,1024,6144,4224,0,5632,0,0,5632,0,0,0,0,0,0,0,0,12,0,0,0,0
409,384,40,4,1365,204,500,proj,512,512,512,ispp,1024,6144,4160,0,0,209,0,6447,6656,0,0,0,0,0,0,3113,28,3543,9216,0,0
409,896,16,2,292,4096,500,proj,512,512,512,wspp,292,4672,2048,6144,0,0,0,9344,0,0,0,0,7040,0,56320,0,256,0,4672,3520,0
409,1024,16,2,256,8192,500,proj,512,512,512,wsap,256,4864,2048,8192,0,0,0,8192,0,0,0,0,8192,0,77824,0,320,0,4096,4096,0
409,256,16,2,256,256,500,proj,512,512,512,isap,1024,4096,16384,0,16384,0,0,16384,0,0,0,0,0,0,0,0,512,0,0,0,0
409,128,24,4,512,170,500,proj,512,512,512,wsap,512,512,8448,0,8448,0,0,2816,0,25344,0,0,8448,0,33792,0,0,0,0,0,0
409,128,72,2,2048,7,500,proj,512,512,512,wsap,2048,2048,9216,0,8192,1799,0,2297,4096,0,0,0,0,0,0,4088,0,2052,0,0,0
409,128,72,2,4096,7,500,proj,512,512,512,ispp,2048,2048,9216,0,0,7,14,4089,12274,0,0,0,0,0,0,20436,0,2070,8192,0,0
409,512,48,4,32,341,500,proj,512,512,512,wsap,32,288,2112,2112,0,0,0,352,0,0,0,0,5280,0,12960,0,24,0,256,3840,0
409,384,56,8,42,146,500,proj,512,512,512,ispp,1024,6144,112000,0,0,3920,0,1200,5120,0,0,0,0,0,0,0,300,5120,8192,0,0
409,384,40,4,1365,204,500,proj,512,512,512,ispp,1024,6144,4160,0,0,209,0,6447,6656,0,0,0,0,0,0,3113,28,3543,9216,0,0
409,1024,16,2,256,8192,500,proj,512,512,512,wsap,256,4864,2048,8192,0,0,0,8192,0,0,0,0,8192,0,77824,0,320,0,4096,4096,0
409,256,16,2,256,256,500,proj,512,512,512,isap,1024,4096,16384,0,16384,0,0,16384,0,0,0,0,0,0,0,0,512,0,0,0,0
409,128,72,2,4096,7,500,proj,512,512,512,ispp,2048,2048,9216,0,0,7,14,4089,12274,0,0,0,0,0,0,20436,0,2070,8192,0,0
409,512,48,4,32,341,500,proj,512,512,512,wsap,32,288,2112,2112,0,0,0,352,0,0,0,0,5280,0,12960,0,24,0,256,3840,0
409,384,40,4,1365,204,500,proj,512,512,512,ispp,1024,6144,4160,0,0,209,0,6447,6656,0,0,0,0,0,0,3113,28,3543,9216,0,0
409,256,32,2,2048,128,500,proj,512,512,512,wspp,1024,4096,4096,0,0,128,0,8064,8192,0,0,0,0,0,0,3962,64,4230,8192,0,0
409,1024,16,2,256,8192,500,proj,512,512,512,wsap,256,4864,2048,8192,0,0,0,8192,0,0,0,0,8192,0,77824,0,320,0,4096,4096,0
409,896,16,2,146,8192,500,proj,512,512,512,wsap,146,2336,2048,6144,0,0,0,4672,0,0,0,0,11712,0,93696,0,256,0,2336,5856,0
409,256,16,2,256,256,500,proj,512,512,512,isap,1024,4096,16384,0,16384,0,0,16384,0,0,0,0,0,0,0,0,512,0,0,0,0
409,128,8,2,256,1024,500,proj,512,512,512,wspp,256,256,8192,0,0,1024,2048,3072,10240,0,0,0,28672,86016,57344,78848,0,19456,8192,57344,0
409,128,72,2,4096,7,500,proj,512,512,512,ispp,2048,2048,9216,0,0,7,14,4089,12274,0,0,0,0,0,0,20436,0,2070,8192,0,0
409,256,72,2,1024,14,500,proj,512,512,512,wspp,1024,4096,4608,0,0,14,0,4082,4096,0,0,0,0,0,0,4068,32,2062,4096,0,0
409,512,48,4,32,341,500,proj,512,512,512,wsap,32,288,2112,2112,0,0,0,352,0,0,0,0,5280,0,12960,0,24,0,256,3840,0
409,384,48,4,85,341,500,proj,512,512,512,wsap,84,504,4224,0,462,0,0,462,0,5170,0,0,5170,0,62040,0,24,0,0,0,0
409,256,32,2,2048,128,500,proj,512,512,512,wspp,1024,4096,4096,0,0,128,0,8064,8192,0,0,0,0,0,0,3962,64,4230,8192,0,0
409,896,16,2,146,8192,500,proj,512,512,512,wsap,146,2336,2048,6144,0,0,0,4672,0,0,0,0,11712,0,93696,0,256,0,2336,5856,0
409,256,16,2,256,256,500,proj,512,512,512,isap,1024,4096,16384,0,16384,0,0,16384,0,0,0,0,0,0,0,0,512,0,0,0,0
409,256,72,2,1024,14,500,proj,512,512,512,wspp,1024,4096,4608,0,0,14,0,4082,4096,0,0,0,0,0,0,4068,32,2062,4096,0,0
409,512,48,4,32,341,500,proj,512,512,512,wsap,32,288,2112,2112,0,0,0,352,0,0,0,0,5280,0,12960,0,24,0,256,3840,0
409,256,32,2,2048,128,500,proj,512,512,512,wspp,1024,4096,4096,0,0,128,0,8064,8192,0,0,0,0,0,0,3962,64,4230,8192,0,0
409,384,40,4,1365,102,500,proj,512,512,512,wsap,1024,6144,4160,0,6656,0,0,6656,0,0,0,0,0,0,0,0,28,0,0,0,0
409,896,16,2,146,8192,500,proj,512,512,512,wsap,146,2336,2048,6144,0,0,0,4672,0,0,0,0,11712,0,93696,0,256,0,2336,5856,0
409,1024,16,4,256,8192,500,proj,512,512,512,wsap,256,4864,2048,8192,0,0,0,8192,0,0,0,0,8192,0,38912,0,160,0,6144,6144,0
409,256,16,2,256,256,500,proj,512,512,512,isap,1024,4096,16384,0,16384,0,0,16384,0,0,0,0,0,0,0,0,512,0,0,0,0
409,256,24,2,512,170,500,proj,512,512,512,wspp,512,2048,4224,0,0,170,0,5462,5632,0,0,0,5632,5632,22528,5462,88,5802,5632,5632,0
409,256,72,2,1024,14,500,proj,512,512,512,wspp,1024,4096,4608,0,0,14,0,4082,4096,0,0,0,0,0,0,4068,32,2062,4096,0,0
409,128,80,2,1024,25,500,proj,512,512,512,wspp,1024,1024,8960,0,0,25,51,1767,5325,0,0,0,1792,5376,4096,17664,0,1920,3072,3072,0
409,512,48,4,32,341,500,proj,512,512,512,wsap,32,288,2112,2112,0,0,0,352,0,0,0,0,5280,0,12960,0,24,0,256,3840,0
409,384,56,2,85,292,500,proj,512,512,512,wsap,84,504,4480,0,420,0,0,420,0,4700,0,0,4700,0,56400,0,40,0,0,0,0
409,384,40,4,1365,102,500,proj,512,512,512,wsap,1024,6144,4160,0,6656,0,0,6656,0,0,0,0,0,0,0,0,28,0,0,0,0
409,1024,16,4,256,8192,500,proj,512,512,512,wsap,256,4864,2048,8192,0,0,0,8192,0,0,0,0,8192,0,38912,0,160,0,6144,6144,0
409,256,24,2,512,170,500,proj,512,512,512,wspp,512,2048,4224,0,0,170,0,5462,5632,0,0,0,5632,5632,22528,5462,88,5802,5632,5632,0
409,256,72,2,1024,14,500,proj,512,512,512,wspp,1024,4096,4608,0,0,14,0,4082,4096,0,0,0,0,0,0,4068,32,2062,4096,0,0
409,512,48,4,32,341,500,proj,512,512,512,wsap,32,288,2112,2112,0,0,0,352,0,0,0,0,5280,0,12960,0,24,0,256,3840,0
409,384,40,4,1365,102,500,proj,512,512,512,wsap,1024,6144,4160,0,6656,0,0,6656,0,0,0,0,0,0,0,0,28,0,0,0,0
409,512,40,8,2048,51,500,proj,512,512,512,ispp,512,4608,2080,2080,0,0,0,6656,0,0,0,0,0,0,0,0,16,0,5632,0,0
409,1024,16,4,256,8192,500,proj,512,512,512,wsap,256,4864,2048,8192,0,0,0,8192,0,0,0,0,8192,0,38912,0,160,0,6144,6144,0
409,896,16,4,585,4096,500,proj,512,512,512,isap,512,8192,2048,6144,0,0,0,16384,0,0,0,0,0,0,0,0,128,0,12288,0,0
409,256,24,2,512,170,500,proj,512,512,512,wspp,512,2048,4224,0,0,170,0,5462,5632,0,0,0,5632,5632,22528,5462,88,5802,5632,5632,0
409,384,32,4,341,64,500,proj,512,512,512,wsap,340,2040,4096,0,2720,0,0,2720,0,5472,0,0,5472,0,65664,0,32,0,0,0,0
409,256,72,2,1024,14,500,proj,512,512,512,wspp,1024,4096,4608,0,0,14,0,4082,4096,0,0,0,0,0,0,4068,32,2062,4096,0,0
409,256,80,4,1024,6,500,proj,512,512,512,wsap,1024,4096,4480,0,3584,0,0,3584,0,0,0,0,0,0,0,0,16,0,0,0,0
409,512,48,4,32,341,500,proj,512,512,512,wsap,32,288,2112,2112,0,0,0,352,0,0,0,0,5280,0,12960,0,24,0,256,3840,0
409,384,48,4,21,341,500,proj,512,512,512,ispp,1024,6144,219648,0,0,5632,0,0,5632,0,0,0,0,0,0,0,1248,5632,7680,0,0
409,512,40,8,2048,51,500,proj,512,512,512,ispp,512,4608,2080,2080,0,0,0,6656,0,0,0,0,0,0,0,0,16,0,5632,0,0
409,896,16,4,585,4096,500,proj,512,512,512,isap,512,8192,2048,6144,0,0,0,16384,0,0,0,0,0,0,0,0,128,0,12288,0,0
409,384,32,4,341,64,500,proj,512,512,512,wsap,340,2040,4096,0,2720,0,0,2720,0,5472,0,0,5472,0,65664,0,32,0,0,0,0
409,256,80,4,1024,6,500,proj,512,512,512,wsap,1024,4096,4480,0,3584,0,0,3584,0,0,0,0,0,0,0,0,16,0,0,0,0
409,512,48,4,32,341,500,proj,512,512,512,wsap,32,288,2112,2112,0,0,0,352,0,0,0,0,5280,0,12960,0,24,0,256,3840,0
409,512,40,8,2048,51,500,proj,512,512,512,ispp,512,4608,2080,2080,0,0,0,6656,0,0,0,0,0,0,0,0,16,0,5632,0,0
409,640,32,4,819,32,500,proj,512,512,512,ispp,512,5632,2048,4096,0,0,0,8192,0,0,0,0,0,0,0,0,48,0,6144,0,0
409,896,16,4,585,4096,500,proj,512,512,512,isap,512,8192,2048,6144,0,0,0,16384,0,0,0,0,0,0,0,0,128,0,12288,0,0
409,768,8,2,682,8192,500,proj,512,512,512,ispp,512,7168,2048,4096,0,0,0,32768,0,0,0,0,0,0,0,0,384,0,16384,0,0
409,384,32,4,341,64,500,proj,512,512,512,wsap,340,2040,4096,0,2720,0,0,2720,0,5472,0,0,5472,0,65664,0,32,0,0,0,0
409,512,24,2,128,42,500,proj,512,512,512,ispp,512,4608,8448,8448,0,0,0,11264,0,0,0,0,0,0,0,0,352,0,5632,0,0
409,256,80,4,1024,6,500,proj,512,512,512,wsap,1024,4096,4480,0,3584,0,0,3584,0,0,0,0,0,0,0,0,16,0,0,0,0
409,256,72,2,1024,7,500,proj,512,512,512,wsap,1024,4096,4608,0,4096,0,0,4096,0,0,0,0,0,0,0,0,32,0,0,0,0
409,512,48,4,32,341,500,proj,512,512,512,wsap,32,288,2112,2112,0,0,0,352,0,0,0,0,5280,0,12960,0,24,0,256,3840,0
409,384,48,2,85,341,500,proj,512,512,512,ispp,1024,6144,54912,0,0,4216,0,1416,5632,0,0,0,0,0,0,84,572,5548,5120,0,0
409,640,32,4,819,32,500,proj,512,512,512,ispp,512,5632,2048,4096,0,0,0,8192,0,0,0,0,0,0,0,0,48,0,6144,0,0
409,896,16,4,585,4096,500,proj,512,512,512,isap,512,8192,2048,6144,0,0,0,16384,0,0,0,0,0,0,0,0,128,0,12288,0,0
409,512,24,2,128,42,500,proj,512,512,512,ispp,512,4608,8448,8448,0,0,0,11264,0,0,0,0,0,0,0,0,352,0,5632,0,0
409,256,72,2,1024,7,500,proj,512,512,512,wsap,1024,4096,4608,0,4096,0,0,4096,0,0,0,0,0,0,0,0,32,0,0,0,0
409,512,48,4,32,341,500,proj,512,512,512,wsap,32,288,2112,2112,0,0,0,352,0,0,0,0,5280,0,12960,0,24,0,256,3840,0
409,640,32,4,819,32,500,proj,512,512,512,ispp,512,5632,2048,4096,0,0,0,8192,0,0,0,0,0,0,0,0,48,0,6144,0,0
409,640,32,4,409,64,500,proj,512,512,512,isap,512,5632,4096,8192,0,0,0,8192,0,0,0,0,0,0,0,0,96,0,6144,0,0
409,896,16,4,585,4096,500,proj,512,512,512,isap,512,8192,2048,6144,0,0,0,16384,0,0,0,0,0,0,0,0,128,0,12288,0,0
409,896,16,4,585,4096,500,proj,512,512,512,ispp,512,8192,2048,6144,0,0,0,16384,0,0,0,0,0,0,0,0,128,0,12288,0,0
409,512,24,2,128,42,500,proj,512,512,512,ispp,512,4608,8448,8448,0,0,0,11264,0,0,0,0,0,0,0,0,352,0,5632,0,0
409,640,24,2,204,42,500,proj,512,512,512,wsap,204,2244,2112,4224,0,0,0,4488,0,0,0,0,6776,0,37268,0,132,0,2244,3388,0
409,256,72,2,1024,7,500,proj,512,512,512,wsap,1024,4096,4608,0,4096,0,0,4096,0,0,0,0,0,0,0,0,32,0,0,0,0
409,128,72,4,2048,7,500,proj,512,512,512,ispp,2048,2048,9216,0,0,7,14,4089,12274,0,0,0,0,0,0,20436,0,2070,12288,0,0
409,512,48,4,32,341,500,proj,512,512,512,wsap,32,288,2112,2112,0,0,0,352,0,0,0,0,5280,0,12960,0,24,0,256,3840,0
409,384,56,8,21,146,500,proj,512,512,512,wspp,20,120,4480,0,0,100,0,0,100,0,88,0,4932,5020,12048,5700,12,2270,160,8032,0
409,640,32,4,409,64,500,proj,512,512,512,isap,512,5632,4096,8192,0,0,0,8192,0,0,0,0,0,0,0,0,96,0,6144,0,0
409,896,16,4,585,4096,500,proj,512,512,512,ispp,512,8192,2048,6144,0,0,0,16384,0,0,0,0,0,0,0,0,128,0,12288,0,0
409,640,24,2,204,42,500,proj,512,512,512,wsap,204,2244,2112,4224,0,0,0,4488,0,0,0,0,6776,0,37268,0,132,0,2244,3388,0
409,256,72,2,1024,7,500,proj,512,512,512,wsap,1024,4096,4608,0,4096,0,0,4096,0,0,0,0,0,0,0,0,32,0,0,0,0
409,384,56,8,21,146,500,proj,512,512,512,wspp,20,120,4480,0,0,100,0,0,100,0,88,0,4932,5020,12048,5700,12,2270,160,8032,0
409,640,32,4,409,64,500,proj,512,512,512,isap,512,5632,4096,8192,0,0,0,8192,0,0,0,0,0,0,0,0,96,0,6144,0,0
409,640,32,2,819,128,500,proj,512,512,512,wsap,512,5632,2048,4096,0,0,0,8192,0,0,0,0,0,0,0,0,96,0,4096,0,0
409,896,16,4,585,4096,500,proj,512,512,512,ispp,512,8192,2048,6144,0,0,0,16384,0,0,0,0,0,0,0,0,128,0,12288,0,0
409,768,8,2,682,8192,500,proj,512,512,512,isap,512,7168,2048,4096,0,0,0,32768,0,0,0,0,0,0,0,0,384,0,16384,0,0
409,640,24,2,204,42,500,proj,512,512,512,wsap,204,2244,2112,4224,0,0,0,4488,0,0,0,0,6776,0,37268,0,132,0,2244,3388,0
409,640,16,4,102,128,500,proj,512,512,512,wspp,102,1122,2048,4096,0,0,0,3264,0,0,0,0,13120,0,36080,0,96,0,2448,9840,0
409,256,72,2,1024,7,500,proj,512,512,512,wsap,1024,4096,4608,0,4096,0,0,4096,0,0,0,0,0,0,0,0,32,0,0,0,0
409,256,64,2,512,16,500,proj,512,512,512,ispp,1024,4096,8192,0,0,32,0,4064,4096,0,0,0,0,0,0,4032,64,2080,4096,0,0
409,384,56,8,21,146,500,proj,512,512,512,wspp,20,120,4480,0,0,100,0,0,100,0,88,0,4932,5020,12048,5700,12,2270,160,8032,0
409,256,64,16,32,64,500,proj,512,512,512,ispp,1024,4096,131072,0,0,4096,0,0,4096,0,0,0,0,0,0,0,128,4096,7168,0,0
409,640,32,2,819,128,500,proj,512,512,512,wsap,512,5632,2048,4096,0,0,0,8192,0,0,0,0,0,0,0,0,96,0,4096,0,0
409,896,16,4,585,4096,500,proj,512,512,512,ispp,512,8192,2048,6144,0,0,0,16384,0,0,0,0,0,0,0,0,128,0,12288,0,0
409,640,16,4,102,128,500,proj,512,512,512,wspp,102,1122,2048,4096,0,0,0,3264,0,0,0,0,13120,0,36080,0,96,0,2448,9840,0
409,256,72,2,1024,7,500,proj,512,512,512,wsap,1024,4096,4608,0,4096,0,0,4096,0,0,0,0,0,0,0,0,32,0,0,0,0
409,384,56,8,21,146,500,proj,512,512,512,wspp,20,120,4480,0,0,100,0,0,100,0,88,0,4932,5020,12048,5700,12,2270,160,8032,0
409,640,32,2,819,128,500,proj,512,512,512,wsap,512,5632,2048,4096,0,0,0,8192,0,0,0,0,0,0,0,0,96,0,4096,0,0
409,512,40,4,2048,51,500,proj,512,512,512,isap,512,4608,2080,2080,0,0,0,6656,0,0,0,0,0,0,0,0,32,0,4608,0,0
409,896,16,4,585,4096,500,proj,512,512,512,ispp,512,8192,2048,6144,0,0,0,16384,0,0,0,0,0,0,0,0,128,0,12288,0,0
409,896,16,4,1170,4096,500,proj,512,512,512,isap,512,8192,2048,6144,0,0,0,16384,0,0,0,0,0,0,0,0,128,0,12288,0,0
409,640,16,4,102,128,500,proj,512,512,512,wspp,102,1122,2048,4096,0,0,0,3264,0,0,0,0,13120,0,36080,0,96,0,2448,9840,0
409,640,16,4,102,64,500,proj,512,512,512,wsap,102,1122,2048,4096,0,0,0,3264,0,0,0,0,13120,0,36080,0,96,0,2448,9840,0
409,256,72,2,1024,7,500,proj,512,512,512,wsap,1024,4096,4608,0,4096,0,0,4096,0,0,0,0,0,0,0,0,32,0,0,0,0
409,128,80,2,2048,6,500,proj,512,512,512,wspp,2048,2048,8960,0,0,6,12,3578,10740,0,0,0,0,0,0,17782,0,1861,6144,0,0
409,384,56,8,21,146,500,proj,512,512,512,wspp,20,120,4480,0,0,100,0,0,100,0,88,0,4932,5020,12048,5700,12,2270,160,8032,0
409,256,64,8,64,64,500,proj,512,512,512,wspp,64,256,4096,0,0,64,0,192,256,0,0,0,3840,3840,3840,0,8,4096,448,6720,0
409,512,40,4,2048,51,500,proj,512,512,512,isap,512,4608,2080,2080,0,0,0,6656,0,0,0,0,0,0,0,0,32,0,4608,0,0
409,896,16,4,1170,4096,500,proj,512,512,512,isap,512,8192,2048,6144,0,0,0,16384,0,0,0,0,0,0,0,0,128,0,12288,0,0
409,640,16,4,102,64,500,proj,512,512,512,wsap,102,1122,2048,4096,0,0,0,3264,0,0,0,0,13120,0,36080,0,96,0,2448,9840,0
409,256,72,2,1024,7,500,proj,512,512,512,wsap,1024,4096,4608,0,4096,0,0,4096,0,0,0,0,0,0,0,0,32,0,0,0,0
409,256,64,8,64,64,500,proj,512,512,512,wspp,64,256,4096,0,0,64,0,192,256,0,0,0,3840,3840,3840,0,8,4096,448,6720,0
409,512,40,4,2048,51,500,proj,512,512,512,isap,512,4608,2080,2080,0,0,0,6656,0,0,0,0,0,0,0,0,32,0,4608,0,0
409,384,40,2,5461,102,500,proj,512,512,512,ispp,1024,6144,4160,0,0,103,0,6553,6656,0,0,0,0,0,0,3203,52,3453,6144,0,0
409,896,16,4,1170,4096,500,proj,512,512,512,isap,512,8192,2048,6144,0,0,0,16384,0,0,0,0,0,0,0,0,128,0,12288,0,0
409,1024,16,2,512,2048,500,proj,512,512,512,isap,512,9728,2048,8192,0,0,0,16384,0,0,0,0,0,0,0,0,320,0,8192,0,0
409,640,16,4,102,64,500,proj,512,512,512,wsap,102,1122,2048,4096,0,0,0,3264,0,0,0,0,13120,0,36080,0,96,0,2448,9840,0
409,640,8,2,102,256,500,proj,512,512,512,wsap,102,1122,2048,4096,0,0,0,6528,0,0,0,0,26240,0,144320,0,384,0,3264,13120,0
409,256,72,2,1024,7,500,proj,512,512,512,wsap,1024,4096,4608,0,4096,0,0,4096,0,0,0,0,0,0,0,0,32,0,0,0,0
409,128,80,2,4096,12,500,proj,512,512,512,ispp,2048,2048,8960,0,0,12,24,3572,10728,0,0,0,0,0,0,17748,0,1878,6144,0,0
409,256,64,8,64,64,500,proj,512,512,512,wspp,64,256,4096,0,0,64,0,192,256,0,0,0,3840,3840,3840,0,8,4096,448,6720,0
409,384,56,8,42,146,500,proj,512,512,512,isap,1024,6144,112000,0,5120,0,0,5120,0,0,0,0,0,0,0,0,300,0,0,0,0
409,512,40,4,2048,51,500,proj,512,512,512,isap,512,4608,2080,2080,0,0,0,6656,0,0,0,0,0,0,0,0,32,0,4608,0,0
409,1024,16,2,512,2048,500,proj,512,512,512,isap,512,9728,2048,8192,0,0,0,16384,0,0,0,0,0,0,0,0,320,0,8192,0,0
409,640,16,4,102,64,500,proj,512,512,512,wsap,102,1122,2048,4096,0,0,0,3264,0,0,0,0,13120,0,36080,0,96,0,2448,9840,0
409,256,72,2,1024,7,500,proj,512,512,512,wsap,1024,4096,4608,0,4096,0,0,4096,0,0,0,0,0,0,0,0,32,0,0,0,0
409,256,64,8,64,64,500,proj,512,512,512,wspp,64,256,4096,0,0,64,0,192,256,0,0,0,3840,3840,3840,0,8,4096,448,6720,0
409,512,40,4,2048,51,500,proj,512,512,512,isap,512,4608,2080,2080,0,0,0,6656,0,0,0,0,0,0,0,0,32,0,4608,0,0
409,640,32,8,1638,64,500,proj,512,512,512,ispp,512,5632,2048,4096,0,0,0,8192,0,0,0,0,0,0,0,0,24,0,7168,0,0
409,1024,16,2,512,2048,500,proj,512,512,512,isap,512,9728,2048,8192,0,0,0,16384,0,0,0,0,0,0,0,0,320,0,8192,0,0
409,896,8,2,585,8192,500,proj,512,512,512,wsap,512,8192,2048,6144,0,0,0,32768,0,0,0,0,0,0,0,0,512,0,16384,0,0
409,640,16,4,102,64,500,proj,512,512,512,wsap,102,1122,2048,4096,0,0,0,3264,0,0,0,0,13120,0,36080,0,96,0,2448,9840,0
409,640,8,8,51,128,500,proj,512,512,512,wspp,51,561,2048,4096,0,0,0,3264,0,0,0,0,29504,0,40568,0,96,0,2856,25816,0
409,256,72,2,1024,7,500,proj,512,512,512,wsap,1024,4096,4608,0,4096,0,0,4096,0,0,0,0,0,0,0,0,32,0,0,0,0
409,128,80,2,4096,6,500,proj,512,512,512,wspp,2048,2048,8960,0,0,6,12,3578,10740,0,0,0,0,0,0,17782,0,1861,6144,0,0
409,256,64,8,64,64,500,proj,512,512,512,wspp,64,256,4096,0,0,64,0,192,256,0,0,0,3840,3840,3840,0,8,4096,448,6720,0
409,256,56,16,64,146,500,proj,512,512,512,ispp,1024,4096,71680,0,0,5120,0,0,5120,0,0,0,0,0,0,0,128,5120,8704,0,0
409,512,40,4,2048,51,500,proj,512,512,512,isap,512,4608,2080,2080,0,0,0,6656,0,0,0,0,0,0,0,0,32,0,4608,0,0
409,1024,16,2,512,2048,500,proj,512,512,512,isap,512,9728,2048,8192,0,0,0,16384,0,0,0,0,0,0,0,0,320,0,8192,0,0
409,640,8,8,51,128,500,proj,512,512,512,wspp,51,561,2048,4096,0,0,0,3264,0,0,0,0,29504,0,40568,0,96,0,2856,25816,0
409,256,72,2,1024,7,500,proj,512,512,512,wsap,1024,4096,4608,0,4096,0,0,4096,0,0,0,0,0,0,0,0,32,0,0,0,0
409,256,64,8,64,64,500,proj,512,512,512,wspp,64,256,4096,0,0,64,0,192,256,0,0,0,3840,3840,3840,0,8,4096,448,6720,0
409,512,40,4,2048,51,500,proj,512,512,512,isap,512,4608,2080,2080,0,0,0,6656,0,0,0,0,0,0,0,0,32,0,4608,0,0
409,384,48,2,1365,85,500,proj,512,512,512,ispp,1024,6144,4224,0,0,86,0,5546,5632,0,0,0,0,0,0,2703,44,2929,5120,0,0
409,1024,16,2,512,2048,500,proj,512,512,512,isap,512,9728,2048,8192,0,0,0,16384,0,0,0,0,0,0,0,0,320,0,8192,0,0
409,896,24,2,585,2730,500,proj,512,512,512,isap,512,8192,2112,6336,0,0,0,11264,0,0,0,0,0,0,0,0,176,0,5632,0,0
409,640,8,8,51,128,500,proj,512,512,512,wspp,51,561,2048,4096,0,0,0,3264,0,0,0,0,29504,0,40568,0,96,0,2856,25816,0
409,512,8,16,32,128,500,proj,512,512,512,wsap,32,288,2048,2048,0,0,0,2048,0,0,0,0,30720,0,17280,0,32,0,1920,28800,0
409,256,72,2,1024,7,500,proj,512,512,512,wsap,1024,4096,4608,0,4096,0,0,4096,0,0,0,0,0,0,0,0,32,0,0,0,0
409,128,64,2,1024,8,500,proj,512,512,512,isap,2048,2048,16384,0,8192,1808,0,2288,4096,0,0,0,0,0,0,4064,0,2064,0,0,0
409,256,64,8,64,64,500,proj,512,512,512,wspp,64,256,4096,0,0,64,0,192,256,0,0,0,3840,3840,3840,0,8,4096,448,6720,0
409,256,72,4,128,113,500,proj,512,512,512,wsap,128,512,4608,0,512,0,0,512,0,3584,0,0,3584,0,28672,0,16,0,0,0,0
409,384,48,2,1365,85,500,proj,512,512,512,ispp,1024,6144,4224,0,0,86,0,5546,5632,0,0,0,0,0,0,2703,44,2929,5120,0,0
409,896,24,2,585,2730,500,proj,512,512,512,isap,512,8192,2112,6336,0,0,0,11264,0,0,0,0,0,0,0,0,176,0,5632,0,0
409,512,8,16,32,128,500,proj,512,512,512,wsap,32,288,2048,2048,0,0,0,2048,0,0,0,0,30720,0,17280,0,32,0,1920,28800,0
409,256,72,2,1024,7,500,proj,512,512,512,wsap,1024,4096,4608,0,4096,0,0,4096,0,0,0,0,0,0,0,0,32,0,0,0,0
409,256,64,8,64,64,500,proj,512,512,512,wspp,64,256,4096,0,0,64,0,192,256,0,0,0,3840,3840,3840,0,8,4096,448,6720,0
409,384,48,2,1365,85,500,proj,512,512,512,ispp,1024,6144,4224,0,0,86,0,5546,5632,0,0,0,0,0,0,2703,44,2929,5120,0,0
409,384,48,4,2730,170,500,proj,512,512,512,isap,1024,6144,4224,0,5632,0,0,5632,0,0,0,0,0,0,0,0,24,0,0,0,0
409,896,24,2,585,2730,500,proj,512,512,512,isap,512,8192,2112,6336,0,0,0,11264,0,0,0,0,0,0,0,0,176,0,5632,0,0
409,896,16,4,292,4096,500,proj,512,512,512,wsap,292,4672,2048,6144,0,0,0,9344,0,0,0,0,7040,0,28160,0,128,0,7008,5280,0
409,512,8,16,32,128,500,proj,512,512,512,wsap,32,288,2048,2048,0,0,0,2048,0,0,0,0,30720,0,17280,0,32,0,1920,28800,0
409,512,8,8,32,256,500,proj,512,512,512,isap,512,4608,32768,32768,0,0,0,32768,0,0,0,0,0,0,0,0,1024,0,28672,0,0
409,256,72,2,1024,7,500,proj,512,512,512,wsap,1024,4096,4608,0,4096,0,0,4096,0,0,0,0,0,0,0,0,32,0,0,0,0
409,256,64,4,512,8,500,proj,512,512,512,isap,1024,4096,8192,0,4096,0,0,4096,0,0,0,0,0,0,0,0,32,0,0,0,0
409,256,64,8,64,64,500,proj,512,512,512,wspp,64,256,4096,0,0,64,0,192,256,0,0,0,3840,3840,3840,0,8,4096,448,6720,0
409,256,72,4,128,113,500,proj,512,512,512,wsap,128,512,4608,0,512,0,0,512,0,3584,0,0,3584,0,28672,0,16,0,0,0,0
409,384,48,4,2730,170,500,proj,512,512,512,isap,1024,6144,4224,0,5632,0,0,5632,0,0,0,0,0,0,0,0,24,0,0,0,0
409,896,24,2,585,2730,500,proj,512,512,512,isap,512,8192,2112,6336,0,0,0,11264,0,0,0,0,0,0,0,0,176,0,5632,0,0
409,512,8,16,32,128,500,proj,512,512,512,wsap,32,288,2048,2048,0,0,0,2048,0,0,0,0,30720,0,17280,0,32,0,1920,28800,0
409,256,72,2,1024,7,500,proj,512,512,512,wsap,1024,4096,4608,0,4096,0,0,4096,0,0,0,0,0,0,0,0,32,0,0,0,0
409,256,64,8,64,64,500,proj,512,512,512,wspp,64,256,4096,0,0,64,0,192,256,0,0,0,3840,3840,3840,0,8,4096,448,6720,0
409,384,48,4,2730,170,500,proj,512,512,512,isap,1024,6144,4224,0,5632,0,0,5632,0,0,0,0,0,0,0,0,24,0,0,0,0
409,256,40,4,8192,204,500,proj,512,512,512,wspp,1024,4096,4160,0,0,209,0,6447,6656,0,0,0,0,0,0,3113,28,3543,9216,0,0
409,896,24,2,585,2730,500,proj,512,512,512,isap,512,8192,2112,6336,0,0,0,11264,0,0,0,0,0,0,0,0,176,0,5632,0,0
409,1024,16,2,1024,2048,500,proj,512,512,512,isap,512,9728,2048,8192,0,0,0,16384,0,0,0,0,0,0,0,0,320,0,8192,0,0
409,512,8,16,32,128,500,proj,512,512,512,wsap,32,288,2048,2048,0,0,0,2048,0,0,0,0,30720,0,17280,0,32,0,1920,28800,0
409,640,16,8,25,64,500,proj,512,512,512,wspp,25,275,2048,4096,0,0,0,800,0,0,0,0,15584,0,21428,0,48,0,700,13636,0
409,256,72,2,1024,7,500,proj,512,512,512,wsap,1024,4096,4608,0,4096,0,0,4096,0,0,0,0,0,0,0,0,32,0,0,0,0
409,256,72,4,512,14,500,proj,512,512,512,ispp,1024,4096,9216,0,0,28,0,4068,4096,0,0,0,0,0,0,4032,32,2080,6144,0,0
409,256,64,8,64,64,500,proj,512,512,512,wspp,64,256,4096,0,0,64,0,192,256,0,0,0,3840,3840,3840,0,8,4096,448,6720,0
409,256,72,16,32,28,500,proj,512,512,512,isap,1024,4096,147456,0,4096,0,0,4096,0,0,0,0,0,0,0,0,128,0,0,0,0
409,256,40,4,8192,204,500,proj,512,512,512,wspp,1024,4096,4160,0,0,209,0,6447,6656,0,0,0,0,0,0,3113,28,3543,9216,0,0
409,1024,16,2,1024,2048,500,proj,512,512,512,isap,512,9728,2048,8192,0,0,0,16384,0,0,0,0,0,0,0,0,320,0,8192,0,0
409,640,16,8,25,64,500,proj,512,512,512,wspp,25,275,2048,4096,0,0,0,800,0,0,0,0,15584,0,21428,0,48,0,700,13636,0
409,256,72,2,1024,7,500,proj,512,512,512,wsap,1024,4096,4608,0,4096,0,0,4096,0,0,0,0,0,0,0,0,32,0,0,0,0
409,256,64,8,64,64,500,proj,512,512,512,wspp,64,256,4096,0,0,64,0,192,256,0,0,0,3840,3840,3840,0,8,4096,448,6720,0
409,256,40,4,8192,204,500,proj,512,512,512,wspp,1024,4096,4160,0,0,209,0,6447,6656,0,0,0,0,0,0,3113,28,3543,9216,0,0
409,256,48,2,8192,341,500,proj,512,512,512,wspp,1024,4096,4224,0,0,344,0,5288,5632,0,0,0,0,0,0,2449,44,3183,5120,0,0
409,1024,16,2,1024,2048,500,proj,512,512,512,isap,512,9728,2048,8192,0,0,0,16384,0,0,0,0,0,0,0,0,320,0,8192,0,0
409,1152,8,2,1820,4096,500,proj,512,512,512,ispp,512,10752,2048,8192,0,0,0,32768,0,0,0,0,0,0,0,0,640,0,16384,0,0
409,640,16,8,25,64,500,proj,512,512,512,wspp,25,275,2048,4096,0,0,0,800,0,0,0,0,15584,0,21428,0,48,0,700,13636,0
409,512,24,4,32,85,500,proj,512,512,512,isap,512,4608,33792,33792,0,0,0,11264,0,0,0,0,0,0,0,0,768,0,8192,0,0
409,256,72,2,1024,7,500,proj,512,512,512,wsap,1024,4096,4608,0,4096,0,0,4096,0,0,0,0,0,0,0,0,32,0,0,0,0
409,256,64,2,2048,16,500,proj,512,512,512,isap,1024,4096,4096,0,4096,0,0,4096,0,0,0,0,0,0,0,0,32,0,0,0,0
409,256,64,8,64,64,500,proj,512,512,512,wspp,64,256,4096,0,0,64,0,192,256,0,0,0,3840,3840,3840,0,8,4096,448,6720,0
409,128,64,16,256,32,500,proj,512,512,512,wsap,256,256,8192,0,1536,0,0,512,0,10752,0,0,3584,0,14336,0,0,0,0,0,0
409,256,48,2,8192,341,500,proj,512,512,512,wspp,1024,4096,4224,0,0,344,0,5288,5632,0,0,0,0,0,0,2449,44,3183,5120,0,0
409,1024,16,2,1024,2048,500,proj,512,512,512,isap,512,9728,2048,8192,0,0,0,16384,0,0,0,0,0,0,0,0,320,0,8192,0,0
409,640,16,8,25,64,500,proj,512,512,512,wspp,25,275,2048,4096,0,0,0,800,0,0,0,0,15584,0,21428,0,48,0,700,13636,0
409,256,64,2,2048,16,500,proj,512,512,512,isap,1024,4096,4096,0,4096,0,0,4096,0,0,0,0,0,0,0,0,32,0,0,0,0
409,256,64,8,64,64,500,proj,512,512,512,wspp,64,256,4096,0,0,64,0,192,256,0,0,0,3840,3840,3840,0,8,4096,448,6720,0
409,256,48,2,8192,341,500,proj,512,512,512,wspp,1024,4096,4224,0,0,344,0,5288,5632,0,0,0,0,0,0,2449,44,3183,5120,0,0
409,384,40,4,2730,819,500,proj,512,512,512,wspp,1024,6144,4160,0,0,837,0,5819,6656,0,0,0,0,0,0,2382,28,4274,9216,0,0
409,1024,16,2,1024,2048,500,proj,512,512,512,isap,512,9728,2048,8192,0,0,0,16384,0,0,0,0,0,0,0,0,320,0,8192,0,0
409,1024,16,2,512,2048,500,proj,512,512,512,wsap,512,9728,2048,8192,0,0,0,16384,0,0,0,0,0,0,0,0,320,0,8192,0,0
409,640,16,8,25,64,500,proj,512,512,512,wspp,25,275,2048,4096,0,0,0,800,0,0,0,0,15584,0,21428,0,48,0,700,13636,0
409,768,8,4,10,128,500,proj,512,512,512,wsap,10,140,2048,4096,0,0,0,640,0,0,0,0,32128,0,112448,0,192,0,480,24096,0
409,256,64,2,2048,16,500,proj,512,512,512,isap,1024,4096,4096,0,4096,0,0,4096,0,0,0,0,0,0,0,0,32,0,0,0,0
409,128,64,4,8192,16,500,proj,512,512,512,wsap,2048,2048,8192,0,12288,0,0,4096,0,0,0,0,0,0,0,0,0,0,0,0,0
409,256,64,8,64,64,500,proj,512,512,512,wspp,64,256,4096,0,0,64,0,192,256,0,0,0,3840,3840,3840,0,8,4096,448,6720,0
409,128,64,16,64,128,500,proj,512,512,512,ispp,2048,2048,262144,0,0,4096,8192,0,4096,0,0,0,0,0,0,0,0,12288,14336,0,0
409,384,40,4,2730,819,500,proj,512,512,512,wspp,1024,6144,4160,0,0,837,0,5819,6656,0,0,0,0,0,0,2382,28,4274,9216,0,0
409,1024,16,2,512,2048,500,proj,512,512,512,wsap,512,9728,2048,8192,0,0,0,16384,0,0,0,0,0,0,0,0,320,0,8192,0,0
409,640,16,8,25,64,500,proj,512,512,512,wspp,25,275,2048,4096,0,0,0,800,0,0,0,0,15584,0,21428,0,48,0,700,13636,0
409,256,64,2,2048,16,500,proj,512,512,512,isap,1024,4096,4096,0,4096,0,0,4096,0,0,0,0,0,0,0,0,32,0,0,0,0
409,256,64,8,64,64,500,proj,512,512,512,wspp,64,256,4096,0,0,64,0,192,256,0,0,0,3840,3840,3840,0,8,4096,448,6720,0
409,384,40,4,2730,819,500,proj,512,512,512,wspp,1024,6144,4160,0,0,837,0,5819,6656,0,0,0,0,0,0,2382,28,4274,9216,0,0
409,512,40,4,2048,409,500,proj,512,512,512,wsap,512,4608,2080,2080,0,0,0,6656,0,0,0,0,0,0,0,0,32,0,4608,0,0
409,1024,16,2,512,2048,500,proj,512,512,512,wsap,512,9728,2048,8192,0,0,0,16384,0,0,0,0,0,0,0,0,320,0,8192,0,0
409,1024,8,2,512,2048,500,proj,512,512,512,wspp,512,9728,2048,8192,0,0,0,32768,0,0,0,0,0,0,0,0,640,0,16384,0,0
409,640,16,8,25,64,500,proj,512,512,512,wspp,25,275,2048,4096,0,0,0,800,0,0,0,0,15584,0,21428,0,48,0,700,13636,0
409,640,24,8,25,42,500,proj,512,512,512,wsap,25,275,2112,4224,0,0,0,550,0,0,0,0,10714,0,16071,0,36,0,475,9253,0
409,256,64,2,2048,16,500,proj,512,512,512,isap,1024,4096,4096,0,4096,0,0,4096,0,0,0,0,0,0,0,0,32,0,0,0,0
409,128,72,2,4096,7,500,proj,512,512,512,wsap,2048,2048,9216,0,8192,1799,0,2297,4096,0,0,0,0,0,0,4088,0,2052,0,0,0
409,256,64,8,64,64,500,proj,512,512,512,wspp,64,256,4096,0,0,64,0,192,256,0,0,0,3840,3840,3840,0,8,4096,448,6720,0
409,128,56,4,64,36,500,proj,512,512,512,wsap,64,64,8960,0,480,0,0,160,0,14880,0,0,4960,0,19840,0,0,0,0,0,0
409,512,40,4,2048,409,500,proj,512,512,512,wsap,512,4608,2080,2080,0,0,0,6656,0,0,0,0,0,0,0,0,32,0,4608,0,0
409,1024,8,2,512,2048,500,proj,512,512,512,wspp,512,9728,2048,8192,0,0,0,32768,0,0,0,0,0,0,0,0,640,0,16384,0,0
409,640,24,8,25,42,500,proj,512,512,512,wsap,25,275,2112,4224,0,0,0,550,0,0,0,0,10714,0,16071,0,36,0,475,9253,0
409,256,64,2,2048,16,500,proj,512,512,512,isap,1024,4096,4096,0,4096,0,0,4096,0,0,0,0,0,0,0,0,32,0,0,0,0
409,256,64,8,64,64,500,proj,512,512,512,wspp,64,256,4096,0,0,64,0,192,256,0,0,0,3840,3840,3840,0,8,4096,448,6720,0
409,512,40,4,2048,409,500,proj,512,512,512,wsap,512,4608,2080,2080,0,0,0,6656,0,0,0,0,0,0,0,0,32,0,4608,0,0
409,512,32,4,2048,256,500,proj,512,512,512,wspp,512,4608,2048,2048,0,0,0,8192,0,0,0,0,0,0,0,0,32,0,6144,0,0
409,1024,8,2,512,2048,500,proj,512,512,512,wspp,512,9728,2048,8192,0,0,0,32768,0,0,0,0,0,0,0,0,640,0,16384,0,0
409,896,8,4,1170,2048,500,proj,512,512,512,wsap,512,8192,2048,6144,0,0,0,32768,0,0,0,0,0,0,0,0,256,0,24576,0,0
409,640,24,8,25,42,500,proj,512,512,512,wsap,25,275,2112,4224,0,0,0,550,0,0,0,0,10714,0,16071,0,36,0,475,9253,0
409,640,32,16,51,64,500,proj,512,512,512,wsap,51,561,2048,4096,0,0,0,816,0,0,0,0,7376,0,5071,0,12,0,765,6915,0
409,256,64,2,2048,16,500,proj,512,512,512,isap,1024,4096,4096,0,4096,0,0,4096,0,0,0,0,0,0,0,0,32,0,0,0,0
409,256,56,4,2048,9,500,proj,512,512,512,wsap,1024,4096,4480,0,5120,0,0,5120,0,0,0,0,0,0,0,0,20,0,0,0,0
409,256,64,8,64,64,500,proj,512,512,512,wspp,64,256,4096,0,0,64,0,192,256,0,0,0,3840,3840,3840,0,8,4096,448,6720,0
409,384,56,4,21,73,500,proj,512,512,512,wsap,20,120,4480,0,100,0,0,100,0,5020,0,0,5020,0,60240,0,20,0,0,0,0
409,512,32,4,2048,256,500,proj,512,512,512,wspp,512,4608,2048,2048,0,0,0,8192,0,0,0,0,0,0,0,0,32,0,6144,0,0
409,896,8,4,1170,2048,500,proj,512,512,512,wsap,512,8192,2048,6144,0,0,0,32768,0,0,0,0,0,0,0,0,256,0,24576,0,0
409,640,32,16,51,64,500,proj,512,512,512,wsap,51,561,2048,4096,0,0,0,816,0,0,0,0,7376,0,5071,0,12,0,765,6915,0
409,256,64,2,2048,16,500,proj,512,512,512,isap,1024,4096,4096,0,4096,0,0,4096,0,0,0,0,0,0,0,0,32,0,0,0,0
409,256,64,8,64,64,500,proj,512,512,512,wspp,64,256,4096,0,0,64,0,192,256,0,0,0,3840,3840,3840,0,8,4096,448,6720,0
409,512,32,4,2048,256,500,proj,512,512,512,wspp,512,4608,2048,2048,0,0,0,8192,0,0,0,0,0,0,0,0,32,0,6144,0,0
409,384,32,2,2730,512,500,proj,512,512,512,ispp,1024,6144,4096,0,0,512,0,7680,8192,0,0,0,0,0,0,3584,64,4608,8192,0,0
409,896,8,4,1170,2048,500,proj,512,512,512,wsap,512,8192,2048,6144,0,0,0,32768,0,0,0,0,0,0,0,0,256,0,24576,0,0
409,896,16,4,585,1024,500,proj,512,512,512,wspp,512,8192,2048,6144,0,0,0,16384,0,0,0,0,0,0,0,0,128,0,12288,0,0
409,640,32,16,51,64,500,proj,512,512,512,wsap,51,561,2048,4096,0,0,0,816,0,0,0,0,7376,0,5071,0,12,0,765,6915,0
409,768,24,16,85,170,500,proj,512,512,512,wspp,85,1190,2112,4224,0,0,0,1870,0,0,0,0,9394,0,11956,0,24,0,1700,8540,0
409,256,64,2,2048,16,500,proj,512,512,512,isap,1024,4096,4096,0,4096,0,0,4096,0,0,0,0,0,0,0,0,32,0,0,0,0
409,256,56,4,4096,9,500,proj,512,512,512,wspp,1024,4096,4480,0,0,9,0,5111,5120,0,0,0,0,0,0,4760,20,2740,7168,0,0
409,256,64,8,64,64,500,proj,512,512,512,wspp,64,256,4096,0,0,64,0,192,256,0,0,0,3840,3840,3840,0,8,4096,448,6720,0
409,384,64,8,42,128,500,proj,512,512,512,isap,1024,6144,102400,0,4096,0,0,4096,0,0,0,0,0,0,0,0,200,0,0,0,0
409,512,32,4,2048,256,500,proj,512,512,512,wspp,512,4608,2048,2048,0,0,0,8192,0,0,0,0,0,0,0,0,32,0,6144,0,0
409,896,16,4,585,1024,500,proj,512,512,512,wspp,512,8192,2048,6144,0,0,0,16384,0,0,0,0,0,0,0,0,128,0,12288,0,0
409,640,32,16,51,64,500,proj,512,512,512,wsap,51,561,2048,4096,0,0,0,816,0,0,0,0,7376,0,5071,0,12,0,765,6915,0
409,256,56,4,4096,9,500,proj,512,512,512,wspp,1024,4096,4480,0,0,9,0,5111,5120,0,0,0,0,0,0,4760,20,2740,7168,0,0
409,256,64,8,64,64,500,proj,512,512,512,wspp,64,256,4096,0,0,64,0,192,256,0,0,0,3840,3840,3840,0,8,4096,448,6720,0
409,512,32,4,2048,256,500,proj,512,512,512,wspp,512,4608,2048,2048,0,0,0,8192,0,0,0,0,0,0,0,0,32,0,6144,0,0
409,512,24,4,1024,170,500,proj,512,512,512,wspp,512,4608,2112,2112,0,0,0,11264,0,0,0,0,0,0,0,0,48,0,8192,0,0
409,896,16,4,585,1024,500,proj,512,512,512,wspp,512,8192,2048,6144,0,0,0,16384,0,0,0,0,0,0,0,0,128,0,12288,0,0
409,896,16,8,585,1024,500,proj,512,512,512,isap,512,8192,2048,6144,0,0,0,16384,0,0,0,0,0,0,0,0,64,0,14336,0,0
409,640,32,16,51,64,500,proj,512,512,512,wsap,51,561,2048,4096,0,0,0,816,0,0,0,0,7376,0,5071,0,12,0,765,6915,0
409,512,24,32,32,170,500,proj,512,512,512,wsap,32,288,2112,2112,0,0,0,704,0,0,0,0,10560,0,4320,0,8,0,672,10080,0
409,256,56,4,4096,9,500,proj,512,512,512,wspp,1024,4096,4480,0,0,9,0,5111,5120,0,0,0,0,0,0,4760,20,2740,7168,0,0
409,256,56,8,2048,9,500,proj,512,512,512,wspp,1024,4096,4480,0,0,9,0,5111,5120,0,0,0,0,0,0,6108,12,2066,8192,0,0
409,256,64,8,64,64,500,proj,512,512,512,wspp,64,256,4096,0,0,64,0,192,256,0,0,0,3840,3840,3840,0,8,4096,448,6720,0
409,128,56,16,64,36,500,proj,512,512,512,ispp,2048,2048,286720,0,0,1152,2688,3968,12672,0,0,0,0,0,0,16512,0,7104,17408,0,0
409,512,32,4,2048,256,500,proj,512,512,512,wspp,512,4608,2048,2048,0,0,0,8192,0,0,0,0,0,0,0,0,32,0,6144,0,0
409,896,16,8,585,1024,500,proj,512,512,512,isap,512,8192,2048,6144,0,0,0,16384,0,0,0,0,0,0,0,0,64,0,14336,0,0
409,640,32,16,51,64,500,proj,512,512,512,wsap,51,561,2048,4096,0,0,0,816,0,0,0,0,7376,0,5071,0,12,0,765,6915,0
409,256,56,8,2048,9,500,proj,512,512,512,wspp,1024,4096,4480,0,0,9,0,5111,5120,0,0,0,0,0,0,6108,12,2066,8192,0,0
409,256,64,8,64,64,500,proj,512,512,512,wspp,64,256,4096,0,0,64,0,192,256,0,0,0,3840,3840,3840,0,8,4096,448,6720,0
409,512,32,4,2048,256,500,proj,512,512,512,wspp,512,4608,2048,2048,0,0,0,8192,0,0,0,0,0,0,0,0,32,0,6144,0,0
409,384,32,4,5461,256,500,proj,512,512,512,isap,1024,6144,4096,0,8192,0,0,8192,0,0,0,0,0,0,0,0,32,0,0,0,0
409,896,16,8,585,1024,500,proj,512,512,512,isap,512,8192,2048,6144,0,0,0,16384,0,0,0,0,0,0,0,0,64,0,14336,0,0
409,1024,8,16,256,2048,500,proj,512,512,512,isap,512,9728,4096,16384,0,0,0,32768,0,0,0,0,0,0,0,0,160,0,30720,0,0
409,640,32,16,51,64,500,proj,512,512,512,wsap,51,561,2048,4096,0,0,0,816,0,0,0,0,7376,0,5071,0,12,0,765,6915,0
409,640,32,16,102,32,500,proj,512,512,512,isap,512,5632,12288,24576,0,0,0,8192,0,0,0,0,0,0,0,0,72,0,7680,0,0
409,256,56,8,2048,9,500,proj,512,512,512,wspp,1024,4096,4480,0,0,9,0,5111,5120,0,0,0,0,0,0,6108,12,2066,8192,0,0
409,256,64,16,2048,8,500,proj,512,512,512,wspp,1024,4096,4096,0,0,4096,0,0,4096,0,0,0,0,0,0,0,4,4096,7168,0,0
409,256,64,8,64,64,500,proj,512,512,512,wspp,64,256,4096,0,0,64,0,192,256,0,0,0,3840,3840,3840,0,8,4096,448,6720,0
409,256,56,4,128,146,500,proj,512,512,512,ispp,1024,4096,35840,0,0,1232,0,3888,5120,0,0,0,0,0,0,2592,160,3824,7168,0,0
409,512,32,4,2048,256,500,proj,512,512,512,wspp,512,4608,2048,2048,0,0,0,8192,0,0,0,0,0,0,0,0,32,0,6144,0,0
409,896,16,8,585,1024,500,proj,512,512,512,isap,512,8192,2048,6144,0,0,0,16384,0,0,0,0,0,0,0,0,64,0,14336,0,0
409,640,32,16,51,64,500,proj,512,512,512,wsap,51,561,2048,4096,0,0,0,816,0,0,0,0,7376,0,5071,0,12,0,765,6915,0
409,256,64,16,2048,8,500,proj,512,512,512,wspp,1024,4096,4096,0,0,4096,0,0,4096,0,0,0,0,0,0,0,4,4096,7168,0,0
409,256,64,8,64,64,500,proj,512,512,512,wspp,64,256,4096,0,0,64,0,192,256,0,0,0,3840,3840,3840,0,8,4096,448,6720,0
409,512,32,4,2048,256,500,proj,512,512,512,wspp,512,4608,2048,2048,0,0,0,8192,0,0,0,0,0,0,0,0,32,0,6144,0,0
409,384,40,8,1365,409,500,proj,512,512,512,isap,1024,6144,4160,0,6656,0,0,6656,0,0,0,0,0,0,0,0,16,0,0,0,0
409,896,16,8,585,1024,500,proj,512,512,512,isap,512,8192,2048,6144,0,0,0,16384,0,0,0,0,0,0,0,0,64,0,14336,0,0
409,768,8,16,1365,1024,500,proj,512,512,512,wspp,512,7168,2048,4096,0,0,0,32768,0,0,0,0,0,0,0,0,48,0,30720,0,0
409,640,32,16,51,64,500,proj,512,512,512,wsap,51,561,2048,4096,0,0,0,816,0,0,0,0,7376,0,5071,0,12,0,765,6915,0
409,768,24,16,21,42,500,proj,512,512,512,isap,512,7168,52800,105600,0,0,0,11264,0,0,0,0,0,0,0,0,600,0,10240,0,0
409,256,64,16,2048,8,500,proj,512,512,512,wspp,1024,4096,4096,0,0,4096,0,0,4096,0,0,0,0,0,0,0,4,4096,7168,0,0
409,256,56,8,4096,18,500,proj,512,512,512,ispp,1024,4096,4480,0,0,22,0,5098,5120,0,0,0,0,0,0,6084,12,2078,8192,0,0
409,256,64,8,64,64,500,proj,512,512,512,wspp,64,256,4096,0,0,64,0,192,256,0,0,0,3840,3840,3840,0,8,4096,448,6720,0
409,384,64,4,42,32,500,proj,512,512,512,isap,1024,6144,102400,0,4096,0,0,4096,0,0,0,0,0,0,0,0,400,0,0,0,0
409,512,32,4,2048,256,500,proj,512,512,512,wspp,512,4608,2048,2048,0,0,0,8192,0,0,0,0,0,0,0,0,32,0,6144,0,0
409,768,8,16,1365,1024,500,proj,512,512,512,wspp,512,7168,2048,4096,0,0,0,32768,0,0,0,0,0,0,0,0,48,0,30720,0,0
409,640,32,16,51,64,500,proj,512,512,512,wsap,51,561,2048,4096,0,0,0,816,0,0,0,0,7376,0,5071,0,12,0,765,6915,0
409,256,64,16,2048,8,500,proj,512,512,512,wspp,1024,4096,4096,0,0,4096,0,0,4096,0,0,0,0,0,0,0,4,4096,7168,0,0
409,256,64,8,64,64,500,proj,512,512,512,wspp,64,256,4096,0,0,64,0,192,256,0,0,0,3840,3840,3840,0,8,4096,448,6720,0
409,512,32,4,2048,256,500,proj,512,512,512,wspp,512,4608,2048,2048,0,0,0,8192,0,0,0,0,0,0,0,0,32,0,6144,0,0
409,384,24,8,2730,682,500,proj,512,512,512,isap,1024,6144,4224,0,11264,0,0,11264,0,0,0,0,0,0,0,0,24,0,0,0,0
409,768,8,16,1365,1024,500,proj,512,512,512,wspp,512,7168,2048,4096,0,0,0,32768,0,0,0,0,0,0,0,0,48,0,30720,0,0
409,768,16,16,1365,1024,500,proj,512,512,512,ispp,512,7168,2048,4096,0,0,0,16384,0,0,0,0,0,0,0,0,24,0,15360,0,0
409,640,32,16,51,64,500,proj,512,512,512,wsap,51,561,2048,4096,0,0,0,816,0,0,0,0,7376,0,5071,0,12,0,765,6915,0
409,512,32,8,32,128,500,proj,512,512,512,isap,512,4608,32768,32768,0,0,0,8192,0,0,0,0,0,0,0,0,256,0,7168,0,0
409,256,64,16,2048,8,500,proj,512,512,512,wspp,1024,4096,4096,0,0,4096,0,0,4096,0,0,0,0,0,0,0,4,4096,7168,0,0
409,128,56,16,2048,18,500,proj,512,512,512,wsap,2048,2048,8960,0,15360,0,0,5120,0,0,0,0,0,0,0,0,0,0,0,0,0
409,256,64,8,64,64,500,proj,512,512,512,wspp,64,256,4096,0,0,64,0,192,256,0,0,0,3840,3840,3840,0,8,4096,448,6720,0
409,128,72,4,256,56,500,proj,512,512,512,isap,2048,2048,73728,0,12288,0,0,4096,0,0,0,0,0,0,0,0,0,0,0,0,0
409,512,32,4,2048,256,500,proj,512,512,512,wspp,512,4608,2048,2048,0,0,0,8192,0,0,0,0,0,0,0,0,32,0,6144,0,0
409,768,16,16,1365,1024,500,proj,512,512,512,ispp,512,7168,2048,4096,0,0,0,16384,0,0,0,0,0,0,0,0,24,0,15360,0,0
409,640,32,16,51,64,500,proj,512,512,512,wsap,51,561,2048,4096,0,0,0,816,0,0,0,0,7376,0,5071,0,12,0,765,6915,0
409,256,64,16,2048,8,500,proj,512,512,512,wspp,1024,4096,4096,0,0,4096,0,0,4096,0,0,0,0,0,0,0,4,4096,7168,0,0
409,256,64,8,64,64,500,proj,512,512,512,wspp,64,256,4096,0,0,64,0,192,256,0,0,0,3840,3840,3840,0,8,4096,448,6720,0
409,512,32,4,2048,256,500,proj,512,512,512,wspp,512,4608,2048,2048,0,0,0,8192,0,0,0,0,0,0,0,0,32,0,6144,0,0
409,384,32,4,2730,128,500,proj,512,512,512,ispp,1024,6144,4096,0,0,128,0,8064,8192,0,0,0,0,0,0,3968,32,4224,12288,0,0
409,768,16,16,1365,1024,500,proj,512,512,512,ispp,512,7168,2048,4096,0,0,0,16384,0,0,0,0,0,0,0,0,24,0,15360,0,0
409,896,8,32,585,4096,500,proj,512,512,512,wsap,512,8192,2048,6144,0,0,0,32768,0,0,0,0,0,0,0,0,32,0,31744,0,0
409,640,32,16,51,64,500,proj,512,512,512,wsap,51,561,2048,4096,0,0,0,816,0,0,0,0,7376,0,5071,0,12,0,765,6915,0
409,768,24,32,21,170,500,proj,512,512,512,ispp,512,7168,52800,105600,0,0,0,11264,0,0,0,0,0,0,0,0,300,0,10752,0,0
409,256,64,16,2048,8,500,proj,512,512,512,wspp,1024,4096,4096,0,0,4096,0,0,4096,0,0,0,0,0,0,0,4,4096,7168,0,0
409,256,64,16,2048,8,500,proj,512,512,512,ispp,1024,4096,4096,0,0,4096,0,0,4096,0,0,0,0,0,0,0,4,4096,7168,0,0
409,256,64,8,64,64,500,proj,512,512,512,wspp,64,256,4096,0,0,64,0,192,256,0,0,0,3840,3840,3840,0,8,4096,448,6720,0
409,128,72,4,128,56,500,proj,512,512,512,isap,2048,2048,147456,0,12288,0,0,4096,0,0,0,0,0,0,0,0,0,0,0,0,0
409,512,32,4,2048,256,500,proj,512,512,512,wspp,512,4608,2048,2048,0,0,0,8192,0,0,0,0,0,0,0,0,32,0,6144,0,0
409,768,16,16,1365,1024,500,proj,512,512,512,ispp,512,7168,2048,4096,0,0,0,16384,0,0,0,0,0,0,0,0,24,0,15360,0,0
409,640,32,16,51,64,500,proj,512,512,512,wsap,51,561,2048,4096,0,0,0,816,0,0,0,0,7376,0,5071,0,12,0,765,6915,0
409,256,64,16,2048,8,500,proj,512,512,512,ispp,1024,4096,4096,0,0,4096,0,0,4096,0,0,0,0,0,0,0,4,4096,7168,0,0
409,256,64,8,64,64,500,proj,512,512,512,wspp,64,256,4096,0,0,64,0,192,256,0,0,0,3840,3840,3840,0,8,4096,448,6720,0
409,512,32,4,2048,256,500,proj,512,512,512,wspp,512,4608,2048,2048,0,0,0,8192,0,0,0,0,0,0,0,0,32,0,6144,0,0
409,640,24,8,1638,682,500,proj,512,512,512,wsap,512,5632,2112,4224,0,0,0,11264,0,0,0,0,0,0,0,0,36,0,9728,0,0
409,768,16,16,1365,1024,500,proj,512,512,512,ispp,512,7168,2048,4096,0,0,0,16384,0,0,0,0,0,0,0,0,24,0,15360,0,0
409,896,8,32,2340,1024,500,proj,512,512,512,ispp,512,8192,2048,6144,0,0,0,32768,0,0,0,0,0,0,0,0,32,0,31744,0,0
409,640,32,16,51,64,500,proj,512,512,512,wsap,51,561,2048,4096,0,0,0,816,0,0,0,0,7376,0,5071,0,12,0,765,6915,0
409,512,32,16,128,32,500,proj,512,512,512,ispp,512,4608,8192,8192,0,0,0,8192,0,0,0,0,0,0,0,0,32,0,7680,0,0
409,256,64,16,2048,8,500,proj,512,512,512,ispp,1024,4096,4096,0,0,4096,0,0,4096,0,0,0,0,0,0,0,4,4096,7168,0,0
409,256,72,8,4096,7,500,proj,512,512,512,wsap,1024,4096,4608,0,4096,0,0,4096,0,0,0,0,0,0,0,0,8,0,0,0,0
409,256,64,8,64,64,500,proj,512,512,512,wspp,64,256,4096,0,0,64,0,192,256,0,0,0,3840,3840,3840,0,8,4096,448,6720,0
409,256,72,8,64,113,500,proj,512,512,512,ispp,1024,4096,73728,0,0,1808,0,2288,4096,0,0,0,0,0,0,0,128,4096,7168,0,0
409,512,32,4,2048,256,500,proj,512,512,512,wspp,512,4608,2048,2048,0,0,0,8192,0,0,0,0,0,0,0,0,32,0,6144,0,0
409,768,16,16,1365,1024,500,proj,512,512,512,ispp,512,7168,2048,4096,0,0,0,16384,0,0,0,0,0,0,0,0,24,0,15360,0,0
409,640,32,16,51,64,500,proj,512,512,512,wsap,51,561,2048,4096,0,0,0,816,0,0,0,0,7376,0,5071,0,12,0,765,6915,0
409,256,64,16,2048,8,500,proj,512,512,512,ispp,1024,4096,4096,0,0,4096,0,0,4096,0,0,0,0,0,0,0,4,4096,7168,0,0
409,256,64,8,64,64,500,proj,512,512,512,wspp,64,256,4096,0,0,64,0,192,256,0,0,0,3840,3840,3840,0,8,4096,448,6720,0
409,512,32,4,2048,256,500,proj,512,512,512,wspp,512,4608,2048,2048,0,0,0,8192,0,0,0,0,0,0,0,0,32,0,6144,0,0
409,384,24,2,5461,341,500,proj,512,512,512,isap,1024,6144,4224,0,11264,0,0,11264,0,0,0,0,0,0,0,0,88,0,0,0,0
409,768,16,16,1365,1024,500,proj,512,512,512,ispp,512,7168,2048,4096,0,0,0,16384,0,0,0,0,0,0,0,0,24,0,15360,0,0
409,640,16,16,1638,1024,500,proj,512,512,512,isap,512,5632,2048,4096,0,0,0,16384,0,0,0,0,0,0,0,0,24,0,15360,0,0
409,640,32,16,51,64,500,proj,512,512,512,wsap,51,561,2048,4096,0,0,0,816,0,0,0,0,7376,0,5071,0,12,0,765,6915,0
409,512,32,8,64,128,500,proj,512,512,512,wspp,64,576,2048,2048,0,0,0,1024,0,0,0,0,7168,0,8064,0,16,0,896,6272,0
409,256,64,16,2048,8,500,proj,512,512,512,ispp,1024,4096,4096,0,0,4096,0,0,4096,0,0,0,0,0,0,0,4,4096,7168,0,0
409,128,64,8,8192,8,500,proj,512,512,512,wsap,2048,2048,8192,0,12288,0,0,4096,0,0,0,0,0,0,0,0,0,0,0,0,0
409,256,64,8,64,64,500,proj,512,512,512,wspp,64,256,4096,0,0,64,0,192,256,0,0,0,3840,3840,3840,0,8,4096,448,6720,0
409,128,72,8,64,113,500,proj,512,512,512,isap,2048,2048,294912,0,12288,0,0,4096,0,0,0,0,0,0,0,0,0,0,0,0,0
409,512,32,4,2048,256,500,proj,512,512,512,wspp,512,4608,2048,2048,0,0,0,8192,0,0,0,0,0,0,0,0,32,0,6144,0,0
409,640,16,16,1638,1024,500,proj,512,512,512,isap,512,5632,2048,4096,0,0,0,16384,0,0,0,0,0,0,0,0,24,0,15360,0,0
409,512,32,8,64,128,500,proj,512,512,512,wspp,64,576,2048,2048,0,0,0,1024,0,0,0,0,7168,0,8064,0,16,0,896,6272,0
409,256,64,16,2048,8,500,proj,512,512,512,ispp,1024,4096,4096,0,0,4096,0,0,4096,0,0,0,0,0,0,0,4,4096,7168,0,0
409,256,64,8,64,64,500,proj,512,512,512,wspp,64,256,4096,0,0,64,0,192,256,0,0,0,3840,3840,3840,0,8,4096,448,6720,0
409,512,32,4,2048,256,500,proj,512,512,512,wspp,512,4608,2048,2048,0,0,0,8192,0,0,0,0,0,0,0,0,32,0,6144,0,0
409,384,32,8,2730,256,500,proj,512,512,512,ispp,1024,6144,4096,0,0,256,0,7936,8192,0,0,0,0,0,0,3840,16,4352,14336,0,0
409,640,16,16,1638,1024,500,proj,512,512,512,isap,512,5632,2048,4096,0,0,0,16384,0,0,0,0,0,0,0,0,24,0,15360,0,0
409,768,16,8,682,2048,500,proj,512,512,512,wsap,512,7168,2048,4096,0,0,0,16384,0,0,0,0,0,0,0,0,48,0,14336,0,0
409,512,32,8,64,128,500,proj,512,512,512,wspp,64,576,2048,2048,0,0,0,1024,0,0,0,0,7168,0,8064,0,16,0,896,6272,0
409,640,32,8,51,128,500,proj,512,512,512,ispp,512,5632,22528,45056,0,0,0,8192,0,0,0,0,0,0,0,0,264,0,7168,0,0
409,256,64,16,2048,8,500,proj,512,512,512,ispp,1024,4096,4096,0,0,4096,0,0,4096,0,0,0,0,0,0,0,4,4096,7168,0,0
409,128,72,8,4096,14,500,proj,512,512,512,ispp,2048,2048,9216,0,0,14,28,4082,12260,0,0,0,0,0,0,16328,0,4124,14336,0,0
409,256,64,8,64,64,500,proj,512,512,512,wspp,64,256,4096,0,0,64,0,192,256,0,0,0,3840,3840,3840,0,8,4096,448,6720,0
409,128,64,4,64,128,500,proj,512,512,512,wsap,64,64,8192,0,384,0,0,128,0,11904,0,0,3968,0,15872,0,0,0,0,0,0
409,512,32,4,2048,256,500,proj,512,512,512,wspp,512,4608,2048,2048,0,0,0,8192,0,0,0,0,0,0,0,0,32,0,6144,0,0
409,768,16,8,682,2048,500,proj,512,512,512,wsap,512,7168,2048,4096,0,0,0,16384,0,0,0,0,0,0,0,0,48,0,14336,0,0
409,512,32,8,64,128,500,proj,512,512,512,wspp,64,576,2048,2048,0,0,0,1024,0,0,0,0,7168,0,8064,0,16,0,896,6272,0
409,256,64,16,2048,8,500,proj,512,512,512,ispp,1024,4096,4096,0,0,4096,0,0,4096,0,0,0,0,0,0,0,4,4096,7168,0,0
409,256,64,8,64,64,500,proj,512,512,512,wspp,64,256,4096,0,0,64,0,192,256,0,0,0,3840,3840,3840,0,8,4096,448,6720,0
409,512,32,4,2048,256,500,proj,512,512,512,wspp,512,4608,2048,2048,0,0,0,8192,0,0,0,0,0,0,0,0,32,0,6144,0,0
409,384,32,2,1365,128,500,proj,512,512,512,wsap,1024,6144,4096,0,8192,0,0,8192,0,0,0,0,0,0,0,0,64,0,0,0,0
409,768,16,8,682,2048,500,proj,512,512,512,wsap,512,7168,2048,4096,0,0,0,16384,0,0,0,0,0,0,0,0,48,0,14336,0,0
409,768,8,16,1365,4096,500,proj,512,512,512,wsap,512,7168,2048,4096,0,0,0,32768,0,0,0,0,0,0,0,0,48,0,30720,0,0
409,512,32,8,64,128,500,proj,512,512,512,wspp,64,576,2048,2048,0,0,0,1024,0,0,0,0,7168,0,8064,0,16,0,896,6272,0
409,640,40,4,25,204,500,proj,512,512,512,wsap,25,275,2080,4160,0,0,0,325,0,0,0,0,6331,0,21428,0,48,0,225,4383,0
409,256,64,16,2048,8,500,proj,512,512,512,ispp,1024,4096,4096,0,0,4096,0,0,4096,0,0,0,0,0,0,0,4,4096,7168,0,0
409,384,56,8,1365,9,500,proj,512,512,512,isap,1024,6144,4480,0,5120,0,0,5120,0,0,0,0,0,0,0,0,12,0,0,0,0
409,256,64,8,64,64,500,proj,512,512,512,wspp,64,256,4096,0,0,64,0,192,256,0,0,0,3840,3840,3840,0,8,4096,448,6720,0
409,128,56,16,128,36,500,proj,512,512,512,ispp,2048,2048,143360,0,0,576,1344,4544,14016,0,0,0,0,0,0,19520,0,5600,17408,0,0
409,512,32,4,2048,256,500,proj,512,512,512,wspp,512,4608,2048,2048,0,0,0,8192,0,0,0,0,0,0,0,0,32,0,6144,0,0
409,768,8,16,1365,4096,500,proj,512,512,512,wsap,512,7168,2048,4096,0,0,0,32768,0,0,0,0,0,0,0,0,48,0,30720,0,0
409,512,32,8,64,128,500,proj,512,512,512,wspp,64,576,2048,2048,0,0,0,1024,0,0,0,0,7168,0,8064,0,16,0,896,6272,0
409,256,64,16,2048,8,500,proj,512,512,512,ispp,1024,4096,4096,0,0,4096,0,0,4096,0,0,0,0,0,0,0,4,4096,7168,0,0
409,256,64,8,64,64,500,proj,512,512,512,wspp,64,256,4096,0,0,64,0,192,256,0,0,0,3840,3840,3840,0,8,4096,448,6720,0
409,512,32,4,2048,256,500,proj,512,512,512,wspp,512,4608,2048,2048,0,0,0,8192,0,0,0,0,0,0,0,0,32,0,6144,0,0
409,384,40,4,5461,409,500,proj,512,512,512,wspp,1024,6144,4160,0,0,418,0,6238,6656,0,0,0,0,0,0,2873,28,3783,9216,0,0
409,768,8,16,1365,4096,500,proj,512,512,512,wsap,512,7168,2048,4096,0,0,0,32768,0,0,0,0,0,0,0,0,48,0,30720,0,0
409,768,16,32,682,1024,500,proj,512,512,512,isap,512,7168,2048,4096,0,0,0,16384,0,0,0,0,0,0,0,0,12,0,15872,0,0
409,512,32,8,64,128,500,proj,512,512,512,wspp,64,576,2048,2048,0,0,0,1024,0,0,0,0,7168,0,8064,0,16,0,896,6272,0
409,640,24,16,51,341,500,proj,512,512,512,ispp,512,5632,23232,46464,0,0,0,11264,0,0,0,0,0,0,0,0,264,0,10240,0,0
409,256,64,16,2048,8,500,proj,512,512,512,ispp,1024,4096,4096,0,0,4096,0,0,4096,0,0,0,0,0,0,0,4,4096,7168,0,0
409,256,72,16,2048,14,500,proj,512,512,512,ispp,1024,4096,4608,0,0,4096,0,0,4096,0,0,0,0,0,0,0,4,4096,7168,0,0
409,256,64,8,64,64,500,proj,512,512,512,wspp,64,256,4096,0,0,64,0,192,256,0,0,0,3840,3840,3840,0,8,4096,448,6720,0
409,256,56,8,128,36,500,proj,512,512,512,wsap,128,512,4480,0,640,0,0,640,0,4480,0,0,4480,0,35840,0,12,0,0,0,0
409,512,32,4,2048,256,500,proj,512,512,512,wspp,512,4608,2048,2048,0,0,0,8192,0,0,0,0,0,0,0,0,32,0,6144,0,0
409,768,16,32,682,1024,500,proj,512,512,512,isap,512,7168,2048,4096,0,0,0,16384,0,0,0,0,0,0,0,0,12,0,15872,0,0
409,512,32,8,64,128,500,proj,512,512,512,wspp,64,576,2048,2048,0,0,0,1024,0,0,0,0,7168,0,8064,0,16,0,896,6272,0
409,256,72,16,2048,14,500,proj,512,512,512,ispp,1024,4096,4608,0,0,4096,0,0,4096,0,0,0,0,0,0,0,4,4096,7168,0,0
409,256,64,8,64,64,500,proj,512,512,512,wspp,64,256,4096,0,0,64,0,192,256,0,0,0,3840,3840,3840,0,8,4096,448,6720,0
409,512,32,4,2048,256,500,proj,512,512,512,wspp,512,4608,2048,2048,0,0,0,8192,0,0,0,0,0,0,0,0,32,0,6144,0,0
409,384,24,4,5461,682,500,proj,512,512,512,wspp,1024,6144,4224,0,0,688,0,10576,11264,0,0,0,0,0,0,4898,44,6366,16384,0,0
409,768,16,32,682,1024,500,proj,512,512,512,isap,512,7168,2048,4096,0,0,0,16384,0,0,0,0,0,0,0,0,12,0,15872,0,0
409,896,8,64,1170,1024,500,proj,512,512,512,wspp,512,8192,2048,6144,0,0,0,32768,0,0,0,0,0,0,0,0,16,0,32256,0,0
409,512,32,8,64,128,500,proj,512,512,512,wspp,64,576,2048,2048,0,0,0,1024,0,0,0,0,7168,0,8064,0,16,0,896,6272,0
409,640,32,16,25,256,500,proj,512,512,512,ispp,512,5632,43008,86016,0,0,0,8192,0,0,0,0,0,0,0,0,252,0,7680,0,0
409,256,72,16,2048,14,500,proj,512,512,512,ispp,1024,4096,4608,0,0,4096,0,0,4096,0,0,0,0,0,0,0,4,4096,7168,0,0
409,128,64,16,8192,8,500,proj,512,512,512,ispp,2048,2048,8192,0,0,8,4104,4088,8184,0,0,0,0,0,0,8176,0,8200,14336,0,0
409,256,64,8,64,64,500,proj,512,512,512,wspp,64,256,4096,0,0,64,0,192,256,0,0,0,3840,3840,3840,0,8,4096,448,6720,0
409,384,64,4,85,32,500,proj,512,512,512,wspp,84,504,4096,0,0,32,0,304,336,0,0,0,3760,3760,11280,4032,16,2080,504,5640,0
409,512,32,4,2048,256,500,proj,512,512,512,wspp,512,4608,2048,2048,0,0,0,8192,0,0,0,0,0,0,0,0,32,0,6144,0,0
409,768,16,32,682,1024,500,proj,512,512,512,isap,512,7168,2048,4096,0,0,0,16384,0,0,0,0,0,0,0,0,12,0,15872,0,0
409,512,32,8,64,128,500,proj,512,512,512,wspp,64,576,2048,2048,0,0,0,1024,0,0,0,0,7168,0,8064,0,16,0,896,6272,0
409,256,72,16,2048,14,500,proj,512,512,512,ispp,1024,4096,4608,0,0,4096,0,0,4096,0,0,0,0,0,0,0,4,4096,7168,0,0
409,256,64,8,64,64,500,proj,512,512,512,wspp,64,256,4096,0,0,64,0,192,256,0,0,0,3840,3840,3840,0,8,4096,448,6720,0
409,512,32,4,2048,256,500,proj,512,512,512,wspp,512,4608,2048,2048,0,0,0,8192,0,0,0,0,0,0,0,0,32,0,6144,0,0
409,384,32,8,2730,512,500,proj,512,512,512,wsap,1024,6144,4096,0,8192,0,0,8192,0,0,0,0,0,0,0,0,16,0,0,0,0
409,768,16,32,682,1024,500,proj,512,512,512,isap,512,7168,2048,4096,0,0,0,16384,0,0,0,0,0,0,0,0,12,0,15872,0,0
409,640,16,16,409,1024,500,proj,512,512,512,ispp,512,5632,4096,8192,0,0,0,16384,0,0,0,0,0,0,0,0,48,0,15360,0,0
409,512,32,8,64,128,500,proj,512,512,512,wspp,64,576,2048,2048,0,0,0,1024,0,0,0,0,7168,0,8064,0,16,0,896,6272,0
409,384,32,4,42,256,500,proj,512,512,512,wsap,42,252,4096,0,336,0,0,336,0,7856,0,0,7856,0,94272,0,32,0,0,0,0
409,256,72,16,2048,14,500,proj,512,512,512,ispp,1024,4096,4608,0,0,4096,0,0,4096,0,0,0,0,0,0,0,4,4096,7168,0,0
409,128,80,8,2048,6,500,proj,512,512,512,wspp,2048,2048,8960,0,0,6,12,3578,10740,0,0,0,0,0,0,17372,0,2066,10752,0,0
409,256,64,8,64,64,500,proj,512,512,512,wspp,64,256,4096,0,0,64,0,192,256,0,0,0,3840,3840,3840,0,8,4096,448,6720,0
409,256,56,4,64,73,500,proj,512,512,512,wsap,64,256,4480,0,320,0,0,320,0,4800,0,0,4800,0,38400,0,20,0,0,0,0
409,512,32,4,2048,256,500,proj,512,512,512,wspp,512,4608,2048,2048,0,0,0,8192,0,0,0,0,0,0,0,0,32,0,6144,0,0
409,768,16,32,682,1024,500,proj,512,512,512,isap,512,7168,2048,4096,0,0,0,16384,0,0,0,0,0,0,0,0,12,0,15872,0,0
409,512,32,8,64,128,500,proj,512,512,512,wspp,64,576,2048,2048,0,0,0,1024,0,0,0,0,7168,0,8064,0,16,0,896,6272,0
409,256,72,16,2048,14,500,proj,512,512,512,ispp,1024,4096,4608,0,0,4096,0,0,4096,0,0,0,0,0,0,0,4,4096,7168,0,0
409,256,64,8,64,64,500,proj,512,512,512,wspp,64,256,4096,0,0,64,0,192,256,0,0,0,3840,3840,3840,0,8,4096,448,6720,0
409,512,32,4,2048,256,500,proj,512,512,512,wspp,512,4608,2048,2048,0,0,0,8192,0,0,0,0,0,0,0,0,32,0,6144,0,0
409,512,24,8,4096,170,500,proj,512,512,512,wsap,512,4608,2112,2112,0,0,0,11264,0,0,0,0,0,0,0,0,24,0,9728,0,0
409,768,16,32,682,1024,500,proj,512,512,512,isap,512,7168,2048,4096,0,0,0,16384,0,0,0,0,0,0,0,0,12,0,15872,0,0
409,640,8,16,1638,4096,500,proj,512,512,512,wspp,512,5632,2048,4096,0,0,0,32768,0,0,0,0,0,0,0,0,48,0,30720,0,0
409,512,32,8,64,128,500,proj,512,512,512,wspp,64,576,2048,2048,0,0,0,1024,0,0,0,0,7168,0,8064,0,16,0,896,6272,0
409,512,40,16,32,51,500,proj,512,512,512,ispp,512,4608,33280,33280,0,0,0,6656,0,0,0,0,0,0,0,0,128,0,6144,0,0
409,256,72,16,2048,14,500,proj,512,512,512,ispp,1024,4096,4608,0,0,4096,0,0,4096,0,0,0,0,0,0,0,4,4096,7168,0,0
409,128,80,32,4096,25,500,proj,512,512,512,isap,2048,2048,8960,0,10752,0,0,3584,0,0,0,0,0,0,0,0,0,0,0,0,0
409,256,64,8,64,64,500,proj,512,512,512,wspp,64,256,4096,0,0,64,0,192,256,0,0,0,3840,3840,3840,0,8,4096,448,6720,0
409,128,56,16,128,146,500,proj,512,512,512,isap,2048,2048,143360,0,15360,0,0,5120,0,0,0,0,0,0,0,0,0,0,0,0,0
409,512,32,4,2048,256,500,proj,512,512,512,wspp,512,4608,2048,2048,0,0,0,8192,0,0,0,0,0,0,0,0,32,0,6144,0,0
409,768,16,32,682,1024,500,proj,512,512,512,isap,512,7168,2048,4096,0,0,0,16384,0,0,0,0,0,0,0,0,12,0,15872,0,0
409,512,32,8,64,128,500,proj,512,512,512,wspp,64,576,2048,2048,0,0,0,1024,0,0,0,0,7168,0,8064,0,16,0,896,6272,0
409,256,72,16,2048,14,500,proj,512,512,512,ispp,1024,4096,4608,0,0,4096,0,0,4096,0,0,0,0,0,0,0,4,4096,7168,0,0
409,256,64,8,64,64,500,proj,512,512,512,wspp,64,256,4096,0,0,64,0,192,256,0,0,0,3840,3840,3840,0,8,4096,448,6720,0
409,512,32,4,2048,256,500,proj,512,512,512,wspp,512,4608,2048,2048,0,0,0,8192,0,0,0,0,0,0,0,0,32,0,6144,0,0
409,384,24,8,1365,170,500,proj,512,512,512,ispp,1024,6144,4224,0,0,176,0,11088,11264,0,0,0,0,0,0,5486,24,5778,18944,0,0
409,768,16,32,682,1024,500,proj,512,512,512,isap,512,7168,2048,4096,0,0,0,16384,0,0,0,0,0,0,0,0,12,0,15872,0,0
409,640,16,64,1638,2048,500,proj,512,512,512,wsap,512,5632,2048,4096,0,0,0,16384,0,0,0,0,0,0,0,0,12,0,15872,0,0
409,512,32,8,64,128,500,proj,512,512,512,wspp,64,576,2048,2048,0,0,0,1024,0,0,0,0,7168,0,8064,0,16,0,896,6272,0
409,512,40,8,128,204,500,proj,512,512,512,isap,512,4608,8320,8320,0,0,0,6656,0,0,0,0,0,0,0,0,64,0,5632,0,0
409,256,72,16,2048,14,500,proj,512,512,512,ispp,1024,4096,4608,0,0,4096,0,0,4096,0,0,0,0,0,0,0,4,4096,7168,0,0
409,128,72,8,2048,28,500,proj,512,512,512,ispp,2048,2048,9216,0,0,28,56,4068,12232,0,0,0,0,0,0,16272,0,4152,14336,0,0
409,256,64,8,64,64,500,proj,512,512,512,wspp,64,256,4096,0,0,64,0,192,256,0,0,0,3840,3840,3840,0,8,4096,448,6720,0
409,128,72,16,128,28,500,proj,512,512,512,ispp,2048,2048,147456,0,0,448,4544,3648,7744,0,0,0,0,0,0,7296,0,8640,14336,0,0
409,512,32,4,2048,256,500,proj,512,512,512,wspp,512,4608,2048,2048,0,0,0,8192,0,0,0,0,0,0,0,0,32,0,6144,0,0
409,640,16,64,1638,2048,500,proj,512,512,512,wsap,512,5632,2048,4096,0,0,0,16384,0,0,0,0,0,0,0,0,12,0,15872,0,0
409,512,32,8,64,128,500,proj,512,512,512,wspp,64,576,2048,2048,0,0,0,1024,0,0,0,0,7168,0,8064,0,16,0,896,6272,0
409,256,72,16,2048,14,500,proj,512,512,512,ispp,1024,4096,4608,0,0,4096,0,0,4096,0,0,0,0,0,0,0,4,4096,7168,0,0
409,256,64,8,64,64,500,proj,512,512,512,wspp,64,256,4096,0,0,64,0,192,256,0,0,0,3840,3840,3840,0,8,4096,448,6720,0
409,512,32,4,2048,256,500,proj,512,512,512,wspp,512,4608,2048,2048,0,0,0,8192,0,0,0,0,0,0,0,0,32,0,6144,0,0
409,640,24,2,1638,682,500,proj,512,512,512,ispp,512,5632,2112,4224,0,0,0,11264,0,0,0,0,0,0,0,0,132,0,5632,0,0
409,640,16,64,1638,2048,500,proj,512,512,512,wsap,512,5632,2048,4096,0,0,0,16384,0,0,0,0,0,0,0,0,12,0,15872,0,0
409,640,16,64,819,2048,500,proj,512,512,512,isap,512,5632,2048,4096,0,0,0,16384,0,0,0,0,0,0,0,0,12,0,15872,0,0
409,512,32,8,64,128,500,proj,512,512,512,wspp,64,576,2048,2048,0,0,0,1024,0,0,0,0,7168,0,8064,0,16,0,896,6272,0
409,384,40,8,85,102,500,proj,512,512,512,ispp,1024,6144,54080,0,0,1460,0,5196,6656,0,0,0,0,0,0,1116,208,5540,10752,0,0
409,256,72,16,2048,14,500,proj,512,512,512,ispp,1024,4096,4608,0,0,4096,0,0,4096,0,0,0,0,0,0,0,4,4096,7168,0,0
409,128,72,8,8192,28,500,proj,512,512,512,ispp,2048,2048,9216,0,0,28,56,4068,12232,0,0,0,0,0,0,16272,0,4152,14336,0,0
409,256,64,8,64,64,500,proj,512,512,512,wspp,64,256,4096,0,0,64,0,192,256,0,0,0,3840,3840,3840,0,8,4096,448,6720,0
409,128,56,4,128,36,500,proj,512,512,512,wsap,128,128,8960,0,960,0,0,320,0,14400,0,0,4800,0,19200,0,0,0,0,0,0
409,512,32,4,2048,256,500,proj,512,512,512,wspp,512,4608,2048,2048,0,0,0,8192,0,0,0,0,0,0,0,0,32,0,6144,0,0
409,640,16,64,819,2048,500,proj,512,512,512,isap,512,5632,2048,4096,0,0,0,16384,0,0,0,0,0,0,0,0,12,0,15872,0,0
409,512,32,8,64,128,500,proj,512,512,512,wspp,64,576,2048,2048,0,0,0,1024,0,0,0,0,7168,0,8064,0,16,0,896,6272,0
409,256,72,16,2048,14,500,proj,512,512,512,ispp,1024,4096,4608,0,0,4096,0,0,4096,0,0,0,0,0,0,0,4,4096,7168,0,0
409,256,64,8,64,64,500,proj,512,512,512,wspp,64,256,4096,0,0,64,0,192,256,0,0,0,3840,3840,3840,0,8,4096,448,6720,0
409,512,32,4,2048,256,500,proj,512,512,512,wspp,512,4608,2048,2048,0,0,0,8192,0,0,0,0,0,0,0,0,32,0,6144,0,0
409,384,24,4,1365,341,500,proj,512,512,512,isap,1024,6144,4224,0,11264,0,0,11264,0,0,0,0,0,0,0,0,44,0,0,0,0
409,640,16,64,819,2048,500,proj,512,512,512,isap,512,5632,2048,4096,0,0,0,16384,0,0,0,0,0,0,0,0,12,0,15872,0,0
409,768,8,32,682,4096,500,proj,512,512,512,wsap,512,7168,2048,4096,0,0,0,32768,0,0,0,0,0,0,0,0,24,0,31744,0,0
409,512,32,8,64,128,500,proj,512,512,512,wspp,64,576,2048,2048,0,0,0,1024,0,0,0,0,7168,0,8064,0,16,0,896,6272,0
409,640,40,4,25,204,500,proj,512,512,512,wspp,25,275,2080,4160,0,0,0,325,0,0,0,0,6331,0,21428,0,48,0,225,4383,0
409,256,72,16,2048,14,500,proj,512,512,512,ispp,1024,4096,4608,0,0,4096,0,0,4096,0,0,0,0,0,0,0,4,4096,7168,0,0
409,128,72,8,2048,14,500,proj,512,512,512,wspp,2048,2048,9216,0,0,14,28,4082,12260,0,0,0,0,0,0,16328,0,4124,14336,0,0
409,256,64,8,64,64,500,proj,512,512,512,wspp,64,256,4096,0,0,64,0,192,256,0,0,0,3840,3840,3840,0,8,4096,448,6720,0
409,256,64,8,128,64,500,proj,512,512,512,wsap,128,512,4096,0,512,0,0,512,0,3584,0,0,3584,0,28672,0,8,0,0,0,0
409,512,32,4,2048,256,500,proj,512,512,512,wspp,512,4608,2048,2048,0,0,0,8192,0,0,0,0,0,0,0,0,32,0,6144,0,0
409,640,16,64,819,2048,500,proj,512,512,512,isap,512,5632,2048,4096,0,0,0,16384,0,0,0,0,0,0,0,0,12,0,15872,0,0
409,640,40,4,25,204,500,proj,512,512,512,wspp,25,275,2080,4160,0,0,0,325,0,0,0,0,6331,0,21428,0,48,0,225,4383,0
409,256,72,16,2048,14,500,proj,512,512,512,ispp,1024,4096,4608,0,0,4096,0,0,4096,0,0,0,0,0,0,0,4,4096,7168,0,0
409,256,64,8,64,64,500,proj,512,512,512,wspp,64,256,4096,0,0,64,0,192,256,0,0,0,3840,3840,3840,0,8,4096,448,6720,0
409,512,32,4,2048,256,500,proj,512,512,512,wspp,512,4608,2048,2048,0,0,0,8192,0,0,0,0,0,0,0,0,32,0,6144,0,0
409,384,24,2,1365,170,500,proj,512,512,512,wspp,1024,6144,4224,0,0,170,0,11094,11264,0,0,0,0,0,0,5462,88,5802,11264,0,0
409,640,16,64,819,2048,500,proj,512,512,512,isap,512,5632,2048,4096,0,0,0,16384,0,0,0,0,0,0,0,0,12,0,15872,0,0
409,640,16,64,819,4096,500,proj,512,512,512,ispp,512,5632,2048,4096,0,0,0,16384,0,0,0,0,0,0,0,0,12,0,15872,0,0
409,640,40,4,25,204,500,proj,512,512,512,wspp,25,275,2080,4160,0,0,0,325,0,0,0,0,6331,0,21428,0,48,0,225,4383,0
409,640,40,2,12,102,500,proj,512,512,512,wspp,12,132,2080,4160,0,0,0,156,0,0,0,0,6500,0,38500,0,84,0,72,3000,0
409,256,72,16,2048,14,500,proj,512,512,512,ispp,1024,4096,4608,0,0,4096,0,0,4096,0,0,0,0,0,0,0,4,4096,7168,0,0
409,256,80,8,2048,25,500,proj,512,512,512,isap,1024,4096,4480,0,3584,0,0,3584,0,0,0,0,0,0,0,0,8,0,0,0,0
409,256,64,8,64,64,500,proj,512,512,512,wspp,64,256,4096,0,0,64,0,192,256,0,0,0,3840,3840,3840,0,8,4096,448,6720,0
409,256,64,4,64,64,500,proj,512,512,512,wsap,64,256,4096,0,256,0,0,256,0,3840,0,0,3840,0,30720,0,16,0,0,0,0
409,512,32,4,2048,256,500,proj,512,512,512,wspp,512,4608,2048,2048,0,0,0,8192,0,0,0,0,0,0,0,0,32,0,6144,0,0
409,640,16,64,819,4096,500,proj,512,512,512,ispp,512,5632,2048,4096,0,0,0,16384,0,0,0,0,0,0,0,0,12,0,15872,0,0
409,640,40,4,25,204,500,proj,512,512,512,wspp,25,275,2080,4160,0,0,0,325,0,0,0,0,6331,0,21428,0,48,0,225,4383,0
409,256,80,8,2048,25,500,proj,512,512,512,isap,1024,4096,4480,0,3584,0,0,3584,0,0,0,0,0,0,0,0,8,0,0,0,0
409,256,64,8,64,64,500,proj,512,512,512,wspp,64,256,4096,0,0,64,0,192,256,0,0,0,3840,3840,3840,0,8,4096,448,6720,0
409,512,32,4,2048,256,500,proj,512,512,512,wspp,512,4608,2048,2048,0,0,0,8192,0,0,0,0,0,0,0,0,32,0,6144,0,0
409,384,24,8,2730,341,500,proj,512,512,512,wspp,1024,6144,4224,0,0,352,0,10912,11264,0,0,0,0,0,0,5276,24,5988,18944,0,0
409,640,16,64,819,4096,500,proj,512,512,512,ispp,512,5632,2048,4096,0,0,0,16384,0,0,0,0,0,0,0,0,12,0,15872,0,0
409,512,24,32,512,2730,500,proj,512,512,512,isap,512,4608,2112,2112,0,0,0,11264,0,0,0,0,0,0,0,0,8,0,10752,0,0
409,640,40,4,25,204,500,proj,512,512,512,wspp,25,275,2080,4160,0,0,0,325,0,0,0,0,6331,0,21428,0,48,0,225,4383,0
409,512,32,8,64,512,500,proj,512,512,512,wsap,64,576,2048,2048,0,0,0,1024,0,0,0,0,7168,0,8064,0,16,0,896,6272,0
409,256,80,8,2048,25,500,proj,512,512,512,isap,1024,4096,4480,0,3584,0,0,3584,0,0,0,0,0,0,0,0,8,0,0,0,0
409,256,72,16,1024,14,500,proj,512,512,512,isap,1024,4096,4608,0,4096,0,0,4096,0,0,0,0,0,0,0,0,4,0,0,0,0
409,256,64,8,64,64,500,proj,512,512,512,wspp,64,256,4096,0,0,64,0,192,256,0,0,0,3840,3840,3840,0,8,4096,448,6720,0
409,128,64,16,256,32,500,proj,512,512,512,ispp,2048,2048,65536,0,0,256,4352,3840,7936,0,0,0,0,0,0,7680,0,8448,14336,0,0
409,512,32,4,2048,256,500,proj,512,512,512,wspp,512,4608,2048,2048,0,0,0,8192,0,0,0,0,0,0,0,0,32,0,6144,0,0
409,512,24,32,512,2730,500,proj,512,512,512,isap,512,4608,2112,2112,0,0,0,11264,0,0,0,0,0,0,0,0,8,0,10752,0,0
409,512,32,8,64,512,500,proj,512,512,512,wsap,64,576,2048,2048,0,0,0,1024,0,0,0,0,7168,0,8064,0,16,0,896,6272,0
409,256,80,8,2048,25,500,proj,512,512,512,isap,1024,4096,4480,0,3584,0,0,3584,0,0,0,0,0,0,0,0,8,0,0,0,0
409,256,64,8,64,64,500,proj,512,512,512,wspp,64,256,4096,0,0,64,0,192,256,0,0,0,3840,3840,3840,0,8,4096,448,6720,0
409,512,32,4,2048,256,500,proj,512,512,512,wspp,512,4608,2048,2048,0,0,0,8192,0,0,0,0,0,0,0,0,32,0,6144,0,0
409,384,24,2,2730,341,500,proj,512,512,512,wspp,1024,6144,4224,0,0,341,0,10923,11264,0,0,0,0,0,0,5290,88,5974,11264,0,0
409,512,24,32,512,2730,500,proj,512,512,512,isap,512,4608,2112,2112,0,0,0,11264,0,0,0,0,0,0,0,0,8,0,10752,0,0
409,640,16,32,819,8192,500,proj,512,512,512,ispp,512,5632,2048,4096,0,0,0,16384,0,0,0,0,0,0,0,0,12,0,15872,0,0
409,512,32,8,64,512,500,proj,512,512,512,wsap,64,576,2048,2048,0,0,0,1024,0,0,0,0,7168,0,8064,0,16,0,896,6272,0
409,384,40,4,85,819,500,proj,512,512,512,wspp,84,504,4160,0,0,546,0,0,546,0,291,0,5819,6110,22560,2382,28,4274,756,8460,0
409,256,80,8,2048,25,500,proj,512,512,512,isap,1024,4096,4480,0,3584,0,0,3584,0,0,0,0,0,0,0,0,8,0,0,0,0
409,256,72,8,4096,14,500,proj,512,512,512,ispp,1024,4096,4608,0,0,14,0,4082,4096,0,0,0,0,0,0,0,8,4096,7168,0,0
409,256,64,8,64,64,500,proj,512,512,512,wspp,64,256,4096,0,0,64,0,192,256,0,0,0,3840,3840,3840,0,8,4096,448,6720,0
409,256,72,8,128,28,500,proj,512,512,512,ispp,1024,4096,36864,0,0,224,0,3872,4096,0,0,0,0,0,0,0,64,4096,7168,0,0
409,512,32,4,2048,256,500,proj,512,512,512,wspp,512,4608,2048,2048,0,0,0,8192,0,0,0,0,0,0,0,0,32,0,6144,0,0
409,512,24,32,512,2730,500,proj,512,512,512,isap,512,4608,2112,2112,0,0,0,11264,0,0,0,0,0,0,0,0,8,0,10752,0,0
409,384,40,4,85,819,500,proj,512,512,512,wspp,84,504,4160,0,0,546,0,0,546,0,291,0,5819,6110,22560,2382,28,4274,756,8460,0
409,256,72,8,4096,14,500,proj,512,512,512,ispp,1024,4096,4608,0,0,14,0,4082,4096,0,0,0,0,0,0,0,8,4096,7168,0,0
409,256,64,8,64,64,500,proj,512,512,512,wspp,64,256,4096,0,0,64,0,192,256,0,0,0,3840,3840,3840,0,8,4096,448,6720,0
409,512,32,4,2048,256,500,proj,512,512,512,wspp,512,4608,2048,2048,0,0,0,8192,0,0,0,0,0,0,0,0,32,0,6144,0,0
409,512,24,8,2048,341,500,proj,512,512,512,wspp,512,4608,2112,2112,0,0,0,11264,0,0,0,0,0,0,0,0,24,0,9728,0,0
409,512,24,32,512,2730,500,proj,512,512,512,isap,512,4608,2112,2112,0,0,0,11264,0,0,0,0,0,0,0,0,8,0,10752,0,0
409,640,16,32,409,4096,500,proj,512,512,512,wspp,409,4499,2048,4096,0,0,0,13088,0,0,0,0,3296,0,1133,0,12,0,12679,3193,0
409,384,40,4,85,819,500,proj,512,512,512,wspp,84,504,4160,0,0,546,0,0,546,0,291,0,5819,6110,22560,2382,28,4274,756,8460,0
409,256,32,2,256,2048,500,proj,512,512,512,ispp,1024,4096,16384,0,0,8192,0,0,8192,0,0,0,0,0,0,0,256,8192,8192,0,0
409,256,72,8,4096,14,500,proj,512,512,512,ispp,1024,4096,4608,0,0,14,0,4082,4096,0,0,0,0,0,0,0,8,4096,7168,0,0
409,128,80,4,16384,12,500,proj,512,512,512,wspp,2048,2048,8960,0,0,12,25,3572,10727,0,0,0,0,0,0,17340,0,2082,9216,0,0
409,256,64,8,64,64,500,proj,512,512,512,wspp,64,256,4096,0,0,64,0,192,256,0,0,0,3840,3840,3840,0,8,4096,448,6720,0
409,384,64,8,42,32,500,proj,512,512,512,wsap,42,252,4096,0,168,0,0,168,0,3928,0,0,3928,0,47136,0,8,0,0,0,0
409,512,32,4,2048,256,500,proj,512,512,512,wspp,512,4608,2048,2048,0,0,0,8192,0,0,0,0,0,0,0,0,32,0,6144,0,0
409,512,24,32,512,2730,500,proj,512,512,512,isap,512,4608,2112,2112,0,0,0,11264,0,0,0,0,0,0,0,0,8,0,10752,0,0
409,256,32,2,256,2048,500,proj,512,512,512,ispp,1024,4096,16384,0,0,8192,0,0,8192,0,0,0,0,0,0,0,256,8192,8192,0,0
409,256,72,8,4096,14,500,proj,512,512,512,ispp,1024,4096,4608,0,0,14,0,4082,4096,0,0,0,0,0,0,0,8,4096,7168,0,0
409,256,64,8,64,64,500,proj,512,512,512,wspp,64,256,4096,0,0,64,0,192,256,0,0,0,3840,3840,3840,0,8,4096,448,6720,0
409,512,32,4,2048,256,500,proj,512,512,512,wspp,512,4608,2048,2048,0,0,0,8192,0,0,0,0,0,0,0,0,32,0,6144,0,0
409,640,24,8,819,170,500,proj,512,512,512,wspp,512,5632,2112,4224,0,0,0,11264,0,0,0,0,0,0,0,0,36,0,9728,0,0
409,512,24,32,512,2730,500,proj,512,512,512,isap,512,4608,2112,2112,0,0,0,11264,0,0,0,0,0,0,0,0,8,0,10752,0,0
409,384,24,32,1365,2730,500,proj,512,512,512,wspp,1024,6144,4224,0,0,4996,0,6268,11264,0,0,0,0,0,0,2840,8,8424,20992,0,0
409,256,32,2,256,2048,500,proj,512,512,512,ispp,1024,4096,16384,0,0,8192,0,0,8192,0,0,0,0,0,0,0,256,8192,8192,0,0
409,256,24,2,512,1365,500,proj,512,512,512,wspp,512,2048,4224,0,0,1365,0,4267,5632,0,0,0,5632,5632,22528,4300,88,6964,5632,5632,0
409,256,72,8,4096,14,500,proj,512,512,512,ispp,1024,4096,4608,0,0,14,0,4082,4096,0,0,0,0,0,0,0,8,4096,7168,0,0
409,256,64,8,4096,8,500,proj,512,512,512,isap,1024,4096,4096,0,4096,0,0,4096,0,0,0,0,0,0,0,0,8,0,0,0,0
409,256,64,8,64,64,500,proj,512,512,512,wspp,64,256,4096,0,0,64,0,192,256,0,0,0,3840,3840,3840,0,8,4096,448,6720,0
409,384,56,8,85,146,500,proj,512,512,512,wsap,84,504,4480,0,420,0,0,420,0,4700,0,0,4700,0,56400,0,12,0,0,0,0
409,512,32,4,2048,256,500,proj,512,512,512,wspp,512,4608,2048,2048,0,0,0,8192,0,0,0,0,0,0,0,0,32,0,6144,0,0
409,512,24,32,512,2730,500,proj,512,512,512,isap,512,4608,2112,2112,0,0,0,11264,0,0,0,0,0,0,0,0,8,0,10752,0,0
409,256,32,2,256,2048,500,proj,512,512,512,ispp,1024,4096,16384,0,0,8192,0,0,8192,0,0,0,0,0,0,0,256,8192,8192,0,0
409,256,64,8,4096,8,500,proj,512,512,512,isap,1024,4096,4096,0,4096,0,0,4096,0,0,0,0,0,0,0,0,8,0,0,0,0
409,256,64,8,64,64,500,proj,512,512,512,wspp,64,256,4096,0,0,64,0,192,256,0,0,0,3840,3840,3840,0,8,4096,448,6720,0
409,512,32,4,2048,256,500,proj,512,512,512,wspp,512,4608,2048,2048,0,0,0,8192,0,0,0,0,0,0,0,0,32,0,6144,0,0
409,512,32,4,2048,128,500,proj,512,512,512,wsap,512,4608,2048,2048,0,0,0,8192,0,0,0,0,0,0,0,0,32,0,6144,0,0
409,512,24,32,512,2730,500,proj,512,512,512,isap,512,4608,2112,2112,0,0,0,11264,0,0,0,0,0,0,0,0,8,0,10752,0,0
409,384,32,16,1365,2048,500,proj,512,512,512,ispp,1024,6144,4096,0,0,2048,0,6144,8192,0,0,0,0,0,0,0,8,8192,15360,0,0
409,256,32,2,256,2048,500,proj,512,512,512,ispp,1024,4096,16384,0,0,8192,0,0,8192,0,0,0,0,0,0,0,256,8192,8192,0,0
409,256,32,2,128,2048,500,proj,512,512,512,ispp,1024,4096,32768,0,0,8192,0,0,8192,0,0,0,0,0,0,0,512,8192,8192,0,0
409,256,64,8,4096,8,500,proj,512,512,512,isap,1024,4096,4096,0,4096,0,0,4096,0,0,0,0,0,0,0,0,8,0,0,0,0
409,256,72,8,2048,7,500,proj,512,512,512,isap,1024,4096,4608,0,4096,0,0,4096,0,0,0,0,0,0,0,0,8,0,0,0,0
409,256,64,8,64,64,500,proj,512,512,512,wspp,64,256,4096,0,0,64,0,192,256,0,0,0,3840,3840,3840,0,8,4096,448,6720,0
409,128,72,8,256,28,500,proj,512,512,512,isap,2048,2048,73728,0,12288,0,0,4096,0,0,0,0,0,0,0,0,0,0,0,0,0
409,512,32,4,2048,128,500,proj,512,512,512,wsap,512,4608,2048,2048,0,0,0,8192,0,0,0,0,0,0,0,0,32,0,6144,0,0
409,512,24,32,512,2730,500,proj,512,512,512,isap,512,4608,2112,2112,0,0,0,11264,0,0,0,0,0,0,0,0,8,0,10752,0,0
409,256,32,2,256,2048,500,proj,512,512,512,ispp,1024,4096,16384,0,0,8192,0,0,8192,0,0,0,0,0,0,0,256,8192,8192,0,0
409,256,72,8,2048,7,500,proj,512,512,512,isap,1024,4096,4608,0,4096,0,0,4096,0,0,0,0,0,0,0,0,8,0,0,0,0
409,256,64,8,64,64,500,proj,512,512,512,wspp,64,256,4096,0,0,64,0,192,256,0,0,0,3840,3840,3840,0,8,4096,448,6720,0
409,512,32,4,2048,128,500,proj,512,512,512,wsap,512,4608,2048,2048,0,0,0,8192,0,0,0,0,0,0,0,0,32,0,6144,0,0
409,384,40,8,2730,51,500,proj,512,512,512,wspp,1024,6144,4160,0,0,55,0,6601,6656,0,0,0,0,0,0,3078,16,3578,10752,0,0
409,512,24,32,512,2730,500,proj,512,512,512,isap,512,4608,2112,2112,0,0,0,11264,0,0,0,0,0,0,0,0,8,0,10752,0,0
409,512,24,16,512,2730,500,proj,512,512,512,wspp,512,4608,2112,2112,0,0,0,11264,0,0,0,0,0,0,0,0,16,0,10240,0,0
409,256,32,2,256,2048,500,proj,512,512,512,ispp,1024,4096,16384,0,0,8192,0,0,8192,0,0,0,0,0,0,0,256,8192,8192,0,0
409,384,32,4,170,4096,500,proj,512,512,512,wsap,170,1020,4096,0,1360,0,0,1360,0,6832,0,0,6832,0,81984,0,32,0,0,0,0
409,256,72,8,2048,7,500,proj,512,512,512,isap,1024,4096,4608,0,4096,0,0,4096,0,0,0,0,0,0,0,0,8,0,0,0,0
409,128,72,16,2048,7,500,proj,512,512,512,wspp,2048,2048,9216,0,0,7,3591,4089,8697,0,0,0,0,0,0,9202,0,7687,14336,0,0
409,256,64,8,64,64,500,proj,512,512,512,wspp,64,256,4096,0,0,64,0,192,256,0,0,0,3840,3840,3840,0,8,4096,448,6720,0
409,128,56,4,64,36,500,proj,512,512,512,isap,2048,2048,286720,0,15360,0,0,5120,0,0,0,0,0,0,0,0,0,0,0,0,0
409,512,32,4,2048,128,500,proj,512,512,512,wsap,512,4608,2048,2048,0,0,0,8192,0,0,0,0,0,0,0,0,32,0,6144,0,0
409,512,24,16,512,2730,500,proj,512,512,512,wspp,512,4608,2112,2112,0,0,0,11264,0,0,0,0,0,0,0,0,16,0,10240,0,0
409,384,32,4,170,4096,500,proj,512,512,512,wsap,170,1020,4096,0,1360,0,0,1360,0,6832,0,0,6832,0,81984,0,32,0,0,0,0
409,256,72,8,2048,7,500,proj,512,512,512,isap,1024,4096,4608,0,4096,0,0,4096,0,0,0,0,0,0,0,0,8,0,0,0,0
409,256,64,8,64,64,500,proj,512,512,512,wspp,64,256,4096,0,0,64,0,192,256,0,0,0,3840,3840,3840,0,8,4096,448,6720,0
409,512,32,4,2048,128,500,proj,512,512,512,wsap,512,4608,2048,2048,0,0,0,8192,0,0,0,0,0,0,0,0,32,0,6144,0,0
409,384,32,4,1365,64,500,proj,512,512,512,ispp,1024,6144,4096,0,0,64,0,8128,8192,0,0,0,0,0,0,4032,32,4160,12288,0,0
409,512,24,16,512,2730,500,proj,512,512,512,wspp,512,4608,2112,2112,0,0,0,11264,0,0,0,0,0,0,0,0,16,0,10240,0,0
409,384,24,16,1365,1365,500,proj,512,512,512,wspp,1024,6144,4224,0,0,1670,0,9594,11264,0,0,0,0,0,0,3980,12,7284,20480,0,0
409,384,32,4,170,4096,500,proj,512,512,512,wsap,170,1020,4096,0,1360,0,0,1360,0,6832,0,0,6832,0,81984,0,32,0,0,0,0
409,512,32,4,64,2048,500,proj,512,512,512,ispp,512,4608,16384,16384,0,0,0,8192,0,0,0,0,0,0,0,0,256,0,6144,0,0
409,256,72,8,2048,7,500,proj,512,512,512,isap,1024,4096,4608,0,4096,0,0,4096,0,0,0,0,0,0,0,0,8,0,0,0,0
409,128,80,16,2048,12,500,proj,512,512,512,wsap,2048,2048,8960,0,10752,0,0,3584,0,0,0,0,0,0,0,0,0,0,0,0,0
409,256,64,8,64,64,500,proj,512,512,512,wspp,64,256,4096,0,0,64,0,192,256,0,0,0,3840,3840,3840,0,8,4096,448,6720,0
409,256,64,8,64,64,500,proj,512,512,512,wsap,64,256,4096,0,256,0,0,256,0,3840,0,0,3840,0,30720,0,8,0,0,0,0
409,512,32,4,2048,128,500,proj,512,512,512,wsap,512,4608,2048,2048,0,0,0,8192,0,0,0,0,0,0,0,0,32,0,6144,0,0
409,512,24,16,512,2730,500,proj,512,512,512,wspp,512,4608,2112,2112,0,0,0,11264,0,0,0,0,0,0,0,0,16,0,10240,0,0
409,512,32,4,64,2048,500,proj,512,512,512,ispp,512,4608,16384,16384,0,0,0,8192,0,0,0,0,0,0,0,0,256,0,6144,0,0
409,256,72,8,2048,7,500,proj,512,512,512,isap,1024,4096,4608,0,4096,0,0,4096,0,0,0,0,0,0,0,0,8,0,0,0,0
409,256,64,8,64,64,500,proj,512,512,512,wspp,64,256,4096,0,0,64,0,192,256,0,0,0,3840,3840,3840,0,8,4096,448,6720,0
409,512,32,4,2048,128,500,proj,512,512,512,wsap,512,4608,2048,2048,0,0,0,8192,0,0,0,0,0,0,0,0,32,0,6144,0,0
409,512,24,2,1024,170,500,proj,512,512,512,ispp,512,4608,2112,2112,0,0,0,11264,0,0,0,0,0,0,0,0,88,0,5632,0,0
409,512,24,16,512,2730,500,proj,512,512,512,wspp,512,4608,2112,2112,0,0,0,11264,0,0,0,0,0,0,0,0,16,0,10240,0,0
409,384,32,32,682,1024,500,proj,512,512,512,ispp,1024,6144,8192,0,0,8192,0,0,8192,0,0,0,0,0,0,0,8,8192,15360,0,0
409,512,32,4,64,2048,500,proj,512,512,512,ispp,512,4608,16384,16384,0,0,0,8192,0,0,0,0,0,0,0,0,256,0,6144,0,0
409,512,40,4,64,819,500,proj,512,512,512,wsap,64,576,2080,2080,0,0,0,832,0,0,0,0,5824,0,16128,0,32,0,576,4032,0
409,256,72,8,2048,7,500,proj,512,512,512,isap,1024,4096,4608,0,4096,0,0,4096,0,0,0,0,0,0,0,0,8,0,0,0,0
409,256,64,16,4096,8,500,proj,512,512,512,wsap,1024,4096,4096,0,4096,0,0,4096,0,0,0,0,0,0,0,0,4,0,0,0,0
409,256,64,8,64,64,500,proj,512,512,512,wspp,64,256,4096,0,0,64,0,192,256,0,0,0,3840,3840,3840,0,8,4096,448,6720,0
409,256,72,16,64,28,500,proj,512,512,512,wspp,64,256,4608,0,0,256,0,0,256,0,3840,0,0,3840,3840,0,4,4096,448,6720,0
409,512,32,4,2048,128,500,proj,512,512,512,wsap,512,4608,2048,2048,0,0,0,8192,0,0,0,0,0,0,0,0,32,0,6144,0,0
409,512,24,16,512,2730,500,proj,512,512,512,wspp,512,4608,2112,2112,0,0,0,11264,0,0,0,0,0,0,0,0,16,0,10240,0,0
409,512,40,4,64,819,500,proj,512,512,512,wsap,64,576,2080,2080,0,0,0,832,0,0,0,0,5824,0,16128,0,32,0,576,4032,0
409,256,64,16,4096,8,500,proj,512,512,512,wsap,1024,4096,4096,0,4096,0,0,4096,0,0,0,0,0,0,0,0,4,0,0,0,0
409,256,72,16,64,28,500,proj,512,512,512,wspp,64,256,4608,0,0,256,0,0,256,0,3840,0,0,3840,3840,0,4,4096,448,6720,0
409,512,32,4,2048,128,500,proj,512,512,512,wsap,512,4608,2048,2048,0,0,0,8192,0,0,0,0,0,0,0,0,32,0,6144,0,0
409,384,32,8,5461,64,500,proj,512,512,512,wspp,1024,6144,4096,0,0,64,0,8128,8192,0,0,0,0,0,0,4032,16,4160,14336,0,0
409,512,24,16,512,2730,500,proj,512,512,512,wspp,512,4608,2112,2112,0,0,0,11264,0,0,0,0,0,0,0,0,16,0,10240,0,0
409,384,16,8,1365,4096,500,proj,512,512,512,wsap,1024,6144,4096,0,16384,0,0,16384,0,0,0,0,0,0,0,0,32,0,0,0,0
409,512,40,4,64,819,500,proj,512,512,512,wsap,64,576,2080,2080,0,0,0,832,0,0,0,0,5824,0,16128,0,32,0,576,4032,0
409,384,48,4,85,341,500,proj,512,512,512,wsap,84,504,4224,0,462,0,0,462,0,5170,0,0,5170,0,62040,0,24,0,0,0,0
409,256,64,16,4096,8,500,proj,512,512,512,wsap,1024,4096,4096,0,4096,0,0,4096,0,0,0,0,0,0,0,0,4,0,0,0,0
409,256,64,16,4096,16,500,proj,512,512,512,isap,1024,4096,4096,0,4096,0,0,4096,0,0,0,0,0,0,0,0,4,0,0,0,0
409,256,72,16,64,28,500,proj,512,512,512,wspp,64,256,4608,0,0,256,0,0,256,0,3840,0,0,3840,3840,0,4,4096,448,6720,0
409,128,64,8,128,16,500,proj,512,512,512,wspp,128,128,8192,0,0,16,32,240,736,0,0,0,3840,11520,1920,16320,0,4128,896,13440,0
409,512,32,4,2048,128,500,proj,512,512,512,wsap,512,4608,2048,2048,0,0,0,8192,0,0,0,0,0,0,0,0,32,0,6144,0,0
409,512,24,16,512,2730,500,proj,512,512,512,wspp,512,4608,2112,2112,0,0,0,11264,0,0,0,0,0,0,0,0,16,0,10240,0,0
409,512,40,4,64,819,500,proj,512,512,512,wsap,64,576,2080,2080,0,0,0,832,0,0,0,0,5824,0,16128,0,32,0,576,4032,0
409,256,64,16,4096,16,500,proj,512,512,512,isap,1024,4096,4096,0,4096,0,0,4096,0,0,0,0,0,0,0,0,4,0,0,0,0
409,256,72,16,64,28,500,proj,512,512,512,wspp,64,256,4608,0,0,256,0,0,256,0,3840,0,0,3840,3840,0,4,4096,448,6720,0
409,512,32,4,2048,128,500,proj,512,512,512,wsap,512,4608,2048,2048,0,0,0,8192,0,0,0,0,0,0,0,0,32,0,6144,0,0
409,512,32,8,2048,256,500,proj,512,512,512,wspp,512,4608,2048,2048,0,0,0,8192,0,0,0,0,0,0,0,0,16,0,7168,0,0
409,512,24,16,512,2730,500,proj,512,512,512,wspp,512,4608,2112,2112,0,0,0,11264,0,0,0,0,0,0,0,0,16,0,10240,0,0
409,640,24,8,819,2730,500,proj,512,512,512,wspp,512,5632,2112,4224,0,0,0,11264,0,0,0,0,0,0,0,0,36,0,9728,0,0
409,512,40,4,64,819,500,proj,512,512,512,wsap,64,576,2080,2080,0,0,0,832,0,0,0,0,5824,0,16128,0,32,0,576,4032,0
409,384,32,4,85,512,500,proj,512,512,512,isap,1024,6144,53248,0,8192,0,0,8192,0,0,0,0,0,0,0,0,416,0,0,0,0
409,256,64,16,4096,16,500,proj,512,512,512,isap,1024,4096,4096,0,4096,0,0,4096,0,0,0,0,0,0,0,0,4,0,0,0,0
409,128,56,8,8192,9,500,proj,512,512,512,wspp,2048,2048,8960,0,0,9,18,5111,15342,0,0,0,0,0,0,22484,0,4118,16384,0,0
409,256,72,16,64,28,500,proj,512,512,512,wspp,64,256,4608,0,0,256,0,0,256,0,3840,0,0,3840,3840,0,4,4096,448,6720,0
409,256,72,8,32,14,500,proj,512,512,512,isap,1024,4096,147456,0,4096,0,0,4096,0,0,0,0,0,0,0,0,256,0,0,0,0
409,512,32,8,2048,256,500,proj,512,512,512,wspp,512,4608,2048,2048,0,0,0,8192,0,0,0,0,0,0,0,0,16,0,7168,0,0
409,512,24,16,512,2730,500,proj,512,512,512,wspp,512,4608,2112,2112,0,0,0,11264,0,0,0,0,0,0,0,0,16,0,10240,0,0
409,512,40,4,64,819,500,proj,512,512,512,wsap,64,576,2080,2080,0,0,0,832,0,0,0,0,5824,0,16128,0,32,0,576,4032,0
409,256,64,16,4096,16,500,proj,512,512,512,isap,1024,4096,4096,0,4096,0,0,4096,0,0,0,0,0,0,0,0,4,0,0,0,0
409,256,72,16,64,28,500,proj,512,512,512,wspp,64,256,4608,0,0,256,0,0,256,0,3840,0,0,3840,3840,0,4,4096,448,6720,0
409,512,32,8,2048,256,500,proj,512,512,512,wspp,512,4608,2048,2048,0,0,0,8192,0,0,0,0,0,0,0,0,16,0,7168,0,0
409,512,32,4,1024,128,500,proj,512,512,512,wspp,512,4608,2048,2048,0,0,0,8192,0,0,0,0,0,0,0,0,32,0,6144,0,0
409,512,24,16,512,2730,500,proj,512,512,512,wspp,512,4608,2112,2112,0,0,0,11264,0,0,0,0,0,0,0,0,16,0,10240,0,0
409,640,16,16,204,4096,500,proj,512,512,512,wsap,204,2244,2048,4096,0,0,0,6528,0,0,0,0,9856,0,6776,0,24,0,6120,9240,0
409,512,40,4,64,819,500,proj,512,512,512,wsap,64,576,2080,2080,0,0,0,832,0,0,0,0,5824,0,16128,0,32,0,576,4032,0
409,512,32,2,128,512,500,proj,512,512,512,wsap,128,1152,2048,2048,0,0,0,2048,0,0,0,0,6144,0,27648,0,64,0,1024,3072,0
409,256,64,16,4096,16,500,proj,512,512,512,isap,1024,4096,4096,0,4096,0,0,4096,0,0,0,0,0,0,0,0,4,0,0,0,0
409,256,64,8,4096,32,500,proj,512,512,512,isap,1024,4096,4096,0,4096,0,0,4096,0,0,0,0,0,0,0,0,8,0,0,0,0
409,256,72,16,64,28,500,proj,512,512,512,wspp,64,256,4608,0,0,256,0,0,256,0,3840,0,0,3840,3840,0,4,4096,448,6720,0
409,128,64,16,256,64,500,proj,512,512,512,wspp,256,256,8192,0,0,64,576,448,960,0,0,3584,3584,7168,1792,8064,0,8256,1792,12544,0
409,512,32,4,1024,128,500,proj,512,512,512,wspp,512,4608,2048,2048,0,0,0,8192,0,0,0,0,0,0,0,0,32,0,6144,0,0
409,512,24,16,512,2730,500,proj,512,512,512,wspp,512,4608,2112,2112,0,0,0,11264,0,0,0,0,0,0,0,0,16,0,10240,0,0
409,512,32,2,128,512,500,proj,512,512,512,wsap,128,1152,2048,2048,0,0,0,2048,0,0,0,0,6144,0,27648,0,64,0,1024,3072,0
409,256,64,8,4096,32,500,proj,512,512,512,isap,1024,4096,4096,0,4096,0,0,4096,0,0,0,0,0,0,0,0,8,0,0,0,0
409,256,72,16,64,28,500,proj,512,512,512,wspp,64,256,4608,0,0,256,0,0,256,0,3840,0,0,3840,3840,0,4,4096,448,6720,0
409,512,32,4,1024,128,500,proj,512,512,512,wspp,512,4608,2048,2048,0,0,0,8192,0,0,0,0,0,0,0,0,32,0,6144,0,0
409,384,24,4,1365,85,500,proj,512,512,512,wsap,1024,6144,4224,0,11264,0,0,11264,0,0,0,0,0,0,0,0,44,0,0,0,0
409,512,24,16,512,2730,500,proj,512,512,512,wspp,512,4608,2112,2112,0,0,0,11264,0,0,0,0,0,0,0,0,16,0,10240,0,0
409,640,24,32,409,1365,500,proj,512,512,512,wspp,409,4499,2112,4224,0,0,0,8998,0,0,0,0,2266,0,1133,0,12,0,8589,2163,0
409,512,32,2,128,512,500,proj,512,512,512,wsap,128,1152,2048,2048,0,0,0,2048,0,0,0,0,6144,0,27648,0,64,0,1024,3072,0
409,640,32,4,204,512,500,proj,512,512,512,wsap,204,2244,2048,4096,0,0,0,3264,0,0,0,0,4928,0,13552,0,48,0,2448,3696,0
409,256,64,8,4096,32,500,proj,512,512,512,isap,1024,4096,4096,0,4096,0,0,4096,0,0,0,0,0,0,0,0,8,0,0,0,0
409,256,72,8,2048,28,500,proj,512,512,512,isap,1024,4096,4608,0,4096,0,0,4096,0,0,0,0,0,0,0,0,8,0,0,0,0
409,256,72,16,64,28,500,proj,512,512,512,wspp,64,256,4608,0,0,256,0,0,256,0,3840,0,0,3840,3840,0,4,4096,448,6720,0
409,128,64,8,128,16,500,proj,512,512,512,wspp,128,128,8192,0,0,16,32,240,736,0,0,0,3840,11520,1920,16320,0,4128,896,13440,0
409,512,32,4,1024,128,500,proj,512,512,512,wspp,512,4608,2048,2048,0,0,0,8192,0,0,0,0,0,0,0,0,32,0,6144,0,0
409,512,24,16,512,2730,500,proj,512,512,512,wspp,512,4608,2112,2112,0,0,0,11264,0,0,0,0,0,0,0,0,16,0,10240,0,0
409,640,32,4,204,512,500,proj,512,512,512,wsap,204,2244,2048,4096,0,0,0,3264,0,0,0,0,4928,0,13552,0,48,0,2448,3696,0
409,256,72,8,2048,28,500,proj,512,512,512,isap,1024,4096,4608,0,4096,0,0,4096,0,0,0,0,0,0,0,0,8,0,0,0,0
409,256,72,16,64,28,500,proj,512,512,512,wspp,64,256,4608,0,0,256,0,0,256,0,3840,0,0,3840,3840,0,4,4096,448,6720,0
409,512,32,4,1024,128,500,proj,512,512,512,wspp,512,4608,2048,2048,0,0,0,8192,0,0,0,0,0,0,0,0,32,0,6144,0,0
409,384,40,2,2730,102,500,proj,512,512,512,isap,1024,6144,4160,0,6656,0,0,6656,0,0,0,0,0,0,0,0,52,0,0,0,0
409,512,24,16,512,2730,500,proj,512,512,512,wspp,512,4608,2112,2112,0,0,0,11264,0,0,0,0,0,0,0,0,16,0,10240,0,0
409,384,16,16,1365,2048,500,proj,512,512,512,isap,1024,6144,4096,0,16384,0,0,16384,0,0,0,0,0,0,0,0,16,0,0,0,0
409,640,32,4,204,512,500,proj,512,512,512,wsap,204,2244,2048,4096,0,0,0,3264,0,0,0,0,4928,0,13552,0,48,0,2448,3696,0
409,768,24,8,85,1365,500,proj,512,512,512,wspp,85,1190,2112,4224,0,0,0,1870,0,0,0,0,9394,0,17934,0,36,0,1615,8113,0
409,256,72,8,2048,28,500,proj,512,512,512,isap,1024,4096,4608,0,4096,0,0,4096,0,0,0,0,0,0,0,0,8,0,0,0,0
409,128,80,4,8192,25,500,proj,512,512,512,wspp,2048,2048,8960,0,0,25,52,3559,10700,0,0,0,0,0,0,17262,0,2121,9216,0,0
409,256,72,16,64,28,500,proj,512,512,512,wspp,64,256,4608,0,0,256,0,0,256,0,3840,0,0,3840,3840,0,4,4096,448,6720,0
409,128,80,16,128,25,500,proj,512,512,512,isap,2048,2048,143360,0,10752,0,0,3584,0,0,0,0,0,0,0,0,0,0,0,0,0
409,512,32,4,1024,128,500,proj,512,512,512,wspp,512,4608,2048,2048,0,0,0,8192,0,0,0,0,0,0,0,0,32,0,6144,0,0
409,512,24,16,512,2730,500,proj,512,512,512,wspp,512,4608,2112,2112,0,0,0,11264,0,0,0,0,0,0,0,0,16,0,10240,0,0
409,768,24,8,85,1365,500,proj,512,512,512,wspp,85,1190,2112,4224,0,0,0,1870,0,0,0,0,9394,0,17934,0,36,0,1615,8113,0
409,256,72,8,2048,28,500,proj,512,512,512,isap,1024,4096,4608,0,4096,0,0,4096,0,0,0,0,0,0,0,0,8,0,0,0,0
409,256,72,16,64,28,500,proj,512,512,512,wspp,64,256,4608,0,0,256,0,0,256,0,3840,0,0,3840,3840,0,4,4096,448,6720,0
409,512,32,4,1024,128,500,proj,512,512,512,wspp,512,4608,2048,2048,0,0,0,8192,0,0,0,0,0,0,0,0,32,0,6144,0,0
409,384,32,4,2730,64,500,proj,512,512,512,wspp,1024,6144,4096,0,0,64,0,8128,8192,0,0,0,0,0,0,4032,32,4160,12288,0,0
409,512,24,16,512,2730,500,proj,512,512,512,wspp,512,4608,2112,2112,0,0,0,11264,0,0,0,0,0,0,0,0,16,0,10240,0,0
409,512,24,8,512,5461,500,proj,512,512,512,wsap,512,4608,2112,2112,0,0,0,11264,0,0,0,0,0,0,0,0,24,0,9728,0,0
409,768,24,8,85,1365,500,proj,512,512,512,wspp,85,1190,2112,4224,0,0,0,1870,0,0,0,0,9394,0,17934,0,36,0,1615,8113,0
409,640,24,8,204,2730,500,proj,512,512,512,ispp,512,5632,6336,12672,0,0,0,11264,0,0,0,0,0,0,0,0,108,0,9728,0,0
409,256,72,8,2048,28,500,proj,512,512,512,isap,1024,4096,4608,0,4096,0,0,4096,0,0,0,0,0,0,0,0,8,0,0,0,0
409,256,80,4,1024,12,500,proj,512,512,512,ispp,1024,4096,4480,0,0,13,0,3571,3584,0,0,0,0,0,0,3716,16,1726,4608,0,0
409,256,72,16,64,28,500,proj,512,512,512,wspp,64,256,4608,0,0,256,0,0,256,0,3840,0,0,3840,3840,0,4,4096,448,6720,0
409,128,64,16,128,32,500,proj,512,512,512,wsap,128,128,8192,0,768,0,0,256,0,11520,0,0,3840,0,15360,0,0,0,0,0,0
409,512,32,4,1024,128,500,proj,512,512,512,wspp,512,4608,2048,2048,0,0,0,8192,0,0,0,0,0,0,0,0,32,0,6144,0,0
409,512,24,8,512,5461,500,proj,512,512,512,wsap,512,4608,2112,2112,0,0,0,11264,0,0,0,0,0,0,0,0,24,0,9728,0,0
409,640,24,8,204,2730,500,proj,512,512,512,ispp,512,5632,6336,12672,0,0,0,11264,0,0,0,0,0,0,0,0,108,0,9728,0,0
409,256,80,4,1024,12,500,proj,512,512,512,ispp,1024,4096,4480,0,0,13,0,3571,3584,0,0,0,0,0,0,3716,16,1726,4608,0,0
409,256,72,16,64,28,500,proj,512,512,512,wspp,64,256,4608,0,0,256,0,0,256,0,3840,0,0,3840,3840,0,4,4096,448,6720,0
409,512,32,4,1024,128,500,proj,512,512,512,wspp,512,4608,2048,2048,0,0,0,8192,0,0,0,0,0,0,0,0,32,0,6144,0,0
409,512,32,8,512,128,500,proj,512,512,512,isap,512,4608,2048,2048,0,0,0,8192,0,0,0,0,0,0,0,0,16,0,7168,0,0
409,512,24,8,512,5461,500,proj,512,512,512,wsap,512,4608,2112,2112,0,0,0,11264,0,0,0,0,0,0,0,0,24,0,9728,0,0
409,512,24,4,1024,5461,500,proj,512,512,512,wspp,512,4608,2112,2112,0,0,0,11264,0,0,0,0,0,0,0,0,48,0,8192,0,0
409,640,24,8,204,2730,500,proj,512,512,512,ispp,512,5632,6336,12672,0,0,0,11264,0,0,0,0,0,0,0,0,108,0,9728,0,0
409,512,16,4,128,2048,500,proj,512,512,512,ispp,512,4608,8192,8192,0,0,0,16384,0,0,0,0,0,0,0,0,256,0,12288,0,0
409,256,80,4,1024,12,500,proj,512,512,512,ispp,1024,4096,4480,0,0,13,0,3571,3584,0,0,0,0,0,0,3716,16,1726,4608,0,0
409,256,80,4,1024,25,500,proj,512,512,512,ispp,1024,4096,4480,0,0,28,0,3556,3584,0,0,0,0,0,0,3678,16,1745,4608,0,0
409,256,72,16,64,28,500,proj,512,512,512,wspp,64,256,4608,0,0,256,0,0,256,0,3840,0,0,3840,3840,0,4,4096,448,6720,0
409,256,72,16,32,56,500,proj,512,512,512,wspp,32,128,4608,0,0,128,0,0,128,0,3968,0,0,3968,3968,0,4,4096,224,6944,0
409,512,32,8,512,128,500,proj,512,512,512,isap,512,4608,2048,2048,0,0,0,8192,0,0,0,0,0,0,0,0,16,0,7168,0,0
409,512,24,4,1024,5461,500,proj,512,512,512,wspp,512,4608,2112,2112,0,0,0,11264,0,0,0,0,0,0,0,0,48,0,8192,0,0
409,512,16,4,128,2048,500,proj,512,512,512,ispp,512,4608,8192,8192,0,0,0,16384,0,0,0,0,0,0,0,0,256,0,12288,0,0
409,256,80,4,1024,25,500,proj,512,512,512,ispp,1024,4096,4480,0,0,28,0,3556,3584,0,0,0,0,0,0,3678,16,1745,4608,0,0
409,256,72,16,32,56,500,proj,512,512,512,wspp,32,128,4608,0,0,128,0,0,128,0,3968,0,0,3968,3968,0,4,4096,224,6944,0
409,512,32,8,512,128,500,proj,512,512,512,isap,512,4608,2048,2048,0,0,0,8192,0,0,0,0,0,0,0,0,16,0,7168,0,0
409,512,32,16,512,256,500,proj,512,512,512,ispp,512,4608,2048,2048,0,0,0,8192,0,0,0,0,0,0,0,0,8,0,7680,0,0
409,512,24,4,1024,5461,500,proj,512,512,512,wspp,512,4608,2112,2112,0,0,0,11264,0,0,0,0,0,0,0,0,48,0,8192,0,0
409,640,16,8,409,16384,500,proj,512,512,512,wsap,409,4499,2048,4096,0,0,0,13088,0,0,0,0,3296,0,4532,0,48,0,11452,2884,0
409,512,16,4,128,2048,500,proj,512,512,512,ispp,512,4608,8192,8192,0,0,0,16384,0,0,0,0,0,0,0,0,256,0,12288,0,0
409,640,16,8,51,2048,500,proj,512,512,512,isap,512,5632,22528,45056,0,0,0,16384,0,0,0,0,0,0,0,0,528,0,14336,0,0
409,256,80,4,1024,25,500,proj,512,512,512,ispp,1024,4096,4480,0,0,28,0,3556,3584,0,0,0,0,0,0,3678,16,1745,4608,0,0
409,256,80,8,512,12,500,proj,512,512,512,isap,1024,4096,8960,0,3584,0,0,3584,0,0,0,0,0,0,0,0,16,0,0,0,0
409,256,72,16,32,56,500,proj,512,512,512,wspp,32,128,4608,0,0,128,0,0,128,0,3968,0,0,3968,3968,0,4,4096,224,6944,0
409,128,72,8,128,28,500,proj,512,512,512,wsap,128,128,9216,0,768,0,0,256,0,11520,0,0,3840,0,15360,0,0,0,0,0,0
409,512,32,16,512,256,500,proj,512,512,512,ispp,512,4608,2048,2048,0,0,0,8192,0,0,0,0,0,0,0,0,8,0,7680,0,0
409,512,24,4,1024,5461,500,proj,512,512,512,wspp,512,4608,2112,2112,0,0,0,11264,0,0,0,0,0,0,0,0,48,0,8192,0,0
409,512,16,4,128,2048,500,proj,512,512,512,ispp,512,4608,8192,8192,0,0,0,16384,0,0,0,0,0,0,0,0,256,0,12288,0,0
409,256,80,4,1024,25,500,proj,512,512,512,ispp,1024,4096,4480,0,0,28,0,3556,3584,0,0,0,0,0,0,3678,16,1745,4608,0,0
409,256,72,16,32,56,500,proj,512,512,512,wspp,32,128,4608,0,0,128,0,0,128,0,3968,0,0,3968,3968,0,4,4096,224,6944,0
409,512,32,16,512,256,500,proj,512,512,512,ispp,512,4608,2048,2048,0,0,0,8192,0,0,0,0,0,0,0,0,8,0,7680,0,0
409,512,24,8,1024,341,500,proj,512,512,512,isap,512,4608,2112,2112,0,0,0,11264,0,0,0,0,0,0,0,0,24,0,9728,0,0
409,512,24,4,1024,5461,500,proj,512,512,512,wspp,512,4608,2112,2112,0,0,0,11264,0,0,0,0,0,0,0,0,48,0,8192,0,0
409,384,24,8,2730,2730,500,proj,512,512,512,ispp,1024,6144,4224,0,0,2802,0,8462,11264,0,0,0,0,0,0,2702,24,8562,18944,0,0
409,512,16,4,128,2048,500,proj,512,512,512,ispp,512,4608,8192,8192,0,0,0,16384,0,0,0,0,0,0,0,0,256,0,12288,0,0
409,512,16,8,128,2048,500,proj,512,512,512,ispp,512,4608,8192,8192,0,0,0,16384,0,0,0,0,0,0,0,0,128,0,14336,0,0
409,256,80,4,1024,25,500,proj,512,512,512,ispp,1024,4096,4480,0,0,28,0,3556,3584,0,0,0,0,0,0,3678,16,1745,4608,0,0
409,128,72,2,2048,56,500,proj,512,512,512,wspp,2048,2048,9216,0,0,56,112,4040,12176,0,0,0,0,0,0,20144,0,2216,8192,0,0
409,256,72,16,32,56,500,proj,512,512,512,wspp,32,128,4608,0,0,128,0,0,128,0,3968,0,0,3968,3968,0,4,4096,224,6944,0
409,128,80,8,128,102,500,proj,512,512,512,wspp,128,128,8960,0,0,102,256,122,416,0,0,0,3360,10080,3360,16740,0,2382,672,10080,0
409,512,32,16,512,256,500,proj,512,512,512,ispp,512,4608,2048,2048,0,0,0,8192,0,0,0,0,0,0,0,0,8,0,7680,0,0
409,512,24,4,1024,5461,500,proj,512,512,512,wspp,512,4608,2112,2112,0,0,0,11264,0,0,0,0,0,0,0,0,48,0,8192,0,0
409,512,16,8,128,2048,500,proj,512,512,512,ispp,512,4608,8192,8192,0,0,0,16384,0,0,0,0,0,0,0,0,128,0,14336,0,0
409,256,80,4,1024,25,500,proj,512,512,512,ispp,1024,4096,4480,0,0,28,0,3556,3584,0,0,0,0,0,0,3678,16,1745,4608,0,0
409,256,72,16,32,56,500,proj,512,512,512,wspp,32,128,4608,0,0,128,0,0,128,0,3968,0,0,3968,3968,0,4,4096,224,6944,0
409,512,32,16,512,256,500,proj,512,512,512,ispp,512,4608,2048,2048,0,0,0,8192,0,0,0,0,0,0,0,0,8,0,7680,0,0
409,512,32,32,256,512,500,proj,512,512,512,wsap,256,2304,2048,2048,0,0,0,4096,0,0,0,0,4096,0,2304,0,8,0,3840,3840,0
409,512,24,4,1024,5461,500,proj,512,512,512,wspp,512,4608,2112,2112,0,0,0,11264,0,0,0,0,0,0,0,0,48,0,8192,0,0
409,512,32,8,512,2048,500,proj,512,512,512,ispp,512,4608,2048,2048,0,0,0,8192,0,0,0,0,0,0,0,0,16,0,7168,0,0
409,512,16,8,128,2048,500,proj,512,512,512,ispp,512,4608,8192,8192,0,0,0,16384,0,0,0,0,0,0,0,0,128,0,14336,0,0
409,384,16,8,170,1024,500,proj,512,512,512,wsap,170,1020,4096,0,2720,0,0,2720,0,13664,0,0,13664,0,163968,0,32,0,0,0,0
409,256,80,4,1024,25,500,proj,512,512,512,ispp,1024,4096,4480,0,0,28,0,3556,3584,0,0,0,0,0,0,3678,16,1745,4608,0,0
409,128,88,8,2048,11,500,proj,512,512,512,isap,2048,2048,8448,0,9216,0,0,3072,0,0,0,0,0,0,0,0,0,0,0,0,0
409,256,72,16,32,56,500,proj,512,512,512,wspp,32,128,4608,0,0,128,0,0,128,0,3968,0,0,3968,3968,0,4,4096,224,6944,0
409,128,64,16,64,32,500,proj,512,512,512,wsap,64,64,8192,0,384,0,0,128,0,11904,0,0,3968,0,15872,0,0,0,0,0,0
409,512,32,16,512,256,500,proj,512,512,512,ispp,512,4608,2048,2048,0,0,0,8192,0,0,0,0,0,0,0,0,8,0,7680,0,0
409,512,32,8,512,2048,500,proj,512,512,512,ispp,512,4608,2048,2048,0,0,0,8192,0,0,0,0,0,0,0,0,16,0,7168,0,0
409,512,16,8,128,2048,500,proj,512,512,512,ispp,512,4608,8192,8192,0,0,0,16384,0,0,0,0,0,0,0,0,128,0,14336,0,0
409,256,80,4,1024,25,500,proj,512,512,512,ispp,1024,4096,4480,0,0,28,0,3556,3584,0,0,0,0,0,0,3678,16,1745,4608,0,0
409,256,72,16,32,56,500,proj,512,512,512,wspp,32,128,4608,0,0,128,0,0,128,0,3968,0,0,3968,3968,0,4,4096,224,6944,0
409,512,32,16,512,256,500,proj,512,512,512,ispp,512,4608,2048,2048,0,0,0,8192,0,0,0,0,0,0,0,0,8,0,7680,0,0
409,384,32,8,1365,128,500,proj,512,512,512,wspp,1024,6144,4096,0,0,128,0,8064,8192,0,0,0,0,0,0,3968,16,4224,14336,0,0
409,512,32,8,512,2048,500,proj,512,512,512,ispp,512,4608,2048,2048,0,0,0,8192,0,0,0,0,0,0,0,0,16,0,7168,0,0
409,640,32,16,409,1024,500,proj,512,512,512,isap,512,5632,4096,8192,0,0,0,8192,0,0,0,0,0,0,0,0,24,0,7680,0,0
409,512,16,8,128,2048,500,proj,512,512,512,ispp,512,4608,8192,8192,0,0,0,16384,0,0,0,0,0,0,0,0,128,0,14336,0,0
409,640,24,8,51,682,500,proj,512,512,512,wspp,51,561,2112,4224,0,0,0,1122,0,0,0,0,10142,0,15213,0,36,0,969,8759,0
409,256,80,4,1024,25,500,proj,512,512,512,ispp,1024,4096,4480,0,0,28,0,3556,3584,0,0,0,0,0,0,3678,16,1745,4608,0,0
409,128,80,8,1024,51,500,proj,512,512,512,wspp,1024,1024,8960,0,0,51,128,1741,5248,0,0,0,1792,5376,1792,17074,0,2215,5376,5376,0
409,256,72,16,32,56,500,proj,512,512,512,wspp,32,128,4608,0,0,128,0,0,128,0,3968,0,0,3968,3968,0,4,4096,224,6944,0
409,256,64,8,16,64,500,proj,512,512,512,isap,1024,4096,262144,0,4096,0,0,4096,0,0,0,0,0,0,0,0,512,0,0,0,0
409,512,32,16,512,256,500,proj,512,512,512,ispp,512,4608,2048,2048,0,0,0,8192,0,0,0,0,0,0,0,0,8,0,7680,0,0
409,512,32,8,512,2048,500,proj,512,512,512,ispp,512,4608,2048,2048,0,0,0,8192,0,0,0,0,0,0,0,0,16,0,7168,0,0
409,640,24,8,51,682,500,proj,512,512,512,wspp,51,561,2112,4224,0,0,0,1122,0,0,0,0,10142,0,15213,0,36,0,969,8759,0
409,256,80,4,1024,25,500,proj,512,512,512,ispp,1024,4096,4480,0,0,28,0,3556,3584,0,0,0,0,0,0,3678,16,1745,4608,0,0
409,256,72,16,32,56,500,proj,512,512,512,wspp,32,128,4608,0,0,128,0,0,128,0,3968,0,0,3968,3968,0,4,4096,224,6944,0
409,512,32,16,512,256,500,proj,512,512,512,ispp,512,4608,2048,2048,0,0,0,8192,0,0,0,0,0,0,0,0,8,0,7680,0,0
409,384,40,8,682,102,500,proj,512,512,512,ispp,1024,6144,8320,0,0,226,0,6430,6656,0,0,0,0,0,0,2782,32,3874,10752,0,0
409,512,32,8,512,2048,500,proj,512,512,512,ispp,512,4608,2048,2048,0,0,0,8192,0,0,0,0,0,0,0,0,16,0,7168,0,0
409,384,32,16,682,2048,500,proj,512,512,512,isap,1024,6144,8192,0,8192,0,0,8192,0,0,0,0,0,0,0,0,16,0,0,0,0
409,640,24,8,51,682,500,proj,512,512,512,wspp,51,561,2112,4224,0,0,0,1122,0,0,0,0,10142,0,15213,0,36,0,969,8759,0
409,768,24,4,42,1365,500,proj,512,512,512,isap,512,7168,27456,54912,0,0,0,11264,0,0,0,0,0,0,0,0,936,0,8192,0,0
409,256,80,4,1024,25,500,proj,512,512,512,ispp,1024,4096,4480,0,0,28,0,3556,3584,0,0,0,0,0,0,3678,16,1745,4608,0,0
409,128,88,4,4096,11,500,proj,512,512,512,ispp,2048,2048,8448,0,0,11,23,3061,9193,0,0,0,0,0,0,14278,0,2077,8192,0,0
409,256,72,16,32,56,500,proj,512,512,512,wspp,32,128,4608,0,0,128,0,0,128,0,3968,0,0,3968,3968,0,4,4096,224,6944,0
409,256,72,16,32,28,500,proj,512,512,512,wspp,32,128,4608,0,0,128,0,0,128,0,3968,0,0,3968,3968,0,4,4096,224,6944,0
409,512,32,16,512,256,500,proj,512,512,512,ispp,512,4608,2048,2048,0,0,0,8192,0,0,0,0,0,0,0,0,8,0,7680,0,0
409,512,32,8,512,2048,500,proj,512,512,512,ispp,512,4608,2048,2048,0,0,0,8192,0,0,0,0,0,0,0,0,16,0,7168,0,0
409,640,24,8,51,682,500,proj,512,512,512,wspp,51,561,2112,4224,0,0,0,1122,0,0,0,0,10142,0,15213,0,36,0,969,8759,0
409,256,80,4,1024,25,500,proj,512,512,512,ispp,1024,4096,4480,0,0,28,0,3556,3584,0,0,0,0,0,0,3678,16,1745,4608,0,0
409,256,72,16,32,28,500,proj,512,512,512,wspp,32,128,4608,0,0,128,0,0,128,0,3968,0,0,3968,3968,0,4,4096,224,6944,0
409,512,32,16,512,256,500,proj,512,512,512,ispp,512,4608,2048,2048,0,0,0,8192,0,0,0,0,0,0,0,0,8,0,7680,0,0
409,512,24,32,256,682,500,proj,512,512,512,wsap,256,2304,2112,2112,0,0,0,5632,0,0,0,0,5632,0,2304,0,8,0,5376,5376,0
409,512,32,8,512,2048,500,proj,512,512,512,ispp,512,4608,2048,2048,0,0,0,8192,0,0,0,0,0,0,0,0,16,0,7168,0,0
409,384,32,4,341,1024,500,proj,512,512,512,wsap,340,2040,4096,0,2720,0,0,2720,0,5472,0,0,5472,0,65664,0,32,0,0,0,0
409,640,24,8,51,682,500,proj,512,512,512,wspp,51,561,2112,4224,0,0,0,1122,0,0,0,0,10142,0,15213,0,36,0,969,8759,0
409,512,32,4,64,1024,500,proj,512,512,512,wspp,64,576,2048,2048,0,0,0,1024,0,0,0,0,7168,0,16128,0,32,0,768,5376,0
409,256,80,4,1024,25,500,proj,512,512,512,ispp,1024,4096,4480,0,0,28,0,3556,3584,0,0,0,0,0,0,3678,16,1745,4608,0,0
409,128,80,2,4096,12,500,proj,512,512,512,wsap,2048,2048,8960,0,7168,1547,0,2037,3584,0,0,0,0,0,0,3560,0,1804,0,0,0
409,256,72,16,32,28,500,proj,512,512,512,wspp,32,128,4608,0,0,128,0,0,128,0,3968,0,0,3968,3968,0,4,4096,224,6944,0
409,128,72,32,128,28,500,proj,512,512,512,ispp,2048,2048,147456,0,0,4096,8192,0,4096,0,0,0,0,0,0,0,0,12288,14336,0,0
409,512,32,16,512,256,500,proj,512,512,512,ispp,512,4608,2048,2048,0,0,0,8192,0,0,0,0,0,0,0,0,8,0,7680,0,0
409,512,32,8,512,2048,500,proj,512,512,512,ispp,512,4608,2048,2048,0,0,0,8192,0,0,0,0,0,0,0,0,16,0,7168,0,0
409,512,32,4,64,1024,500,proj,512,512,512,wspp,64,576,2048,2048,0,0,0,1024,0,0,0,0,7168,0,16128,0,32,0,768,5376,0
409,256,80,4,1024,25,500,proj,512,512,512,ispp,1024,4096,4480,0,0,28,0,3556,3584,0,0,0,0,0,0,3678,16,1745,4608,0,0
409,256,72,16,32,28,500,proj,512,512,512,wspp,32,128,4608,0,0,128,0,0,128,0,3968,0,0,3968,3968,0,4,4096,224,6944,0
409,512,32,16,512,256,500,proj,512,512,512,ispp,512,4608,2048,2048,0,0,0,8192,0,0,0,0,0,0,0,0,8,0,7680,0,0
409,640,24,8,204,341,500,proj,512,512,512,isap,512,5632,6336,12672,0,0,0,11264,0,0,0,0,0,0,0,0,108,0,9728,0,0
409,512,32,8,512,2048,500,proj,512,512,512,ispp,512,4608,2048,2048,0,0,0,8192,0,0,0,0,0,0,0,0,16,0,7168,0,0
409,640,32,16,204,1024,500,proj,512,512,512,ispp,512,5632,6144,12288,0,0,0,8192,0,0,0,0,0,0,0,0,36,0,7680,0,0
409,512,32,4,64,1024,500,proj,512,512,512,wspp,64,576,2048,2048,0,0,0,1024,0,0,0,0,7168,0,16128,0,32,0,768,5376,0
409,384,24,2,42,1365,500,proj,512,512,512,ispp,1024,6144,105600,0,0,11264,0,0,11264,0,0,0,0,0,0,0,2200,11264,11264,0,0
409,256,80,4,1024,25,500,proj,512,512,512,ispp,1024,4096,4480,0,0,28,0,3556,3584,0,0,0,0,0,0,3678,16,1745,4608,0,0
409,256,72,8,2048,56,500,proj,512,512,512,isap,1024,4096,4608,0,4096,0,0,4096,0,0,0,0,0,0,0,0,8,0,0,0,0
409,256,72,16,32,28,500,proj,512,512,512,wspp,32,128,4608,0,0,128,0,0,128,0,3968,0,0,3968,3968,0,4,4096,224,6944,0
409,128,80,16,64,25,500,proj,512,512,512,isap,2048,2048,286720,0,10752,0,0,3584,0,0,0,0,0,0,0,0,0,0,0,0,0
409,512,32,16,512,256,500,proj,512,512,512,ispp,512,4608,2048,2048,0,0,0,8192,0,0,0,0,0,0,0,0,8,0,7680,0,0
409,512,32,8,512,2048,500,proj,512,512,512,ispp,512,4608,2048,2048,0,0,0,8192,0,0,0,0,0,0,0,0,16,0,7168,0,0
409,512,32,4,64,1024,500,proj,512,512,512,wspp,64,576,2048,2048,0,0,0,1024,0,0,0,0,7168,0,16128,0,32,0,768,5376,0
409,256,72,8,2048,56,500,proj,512,512,512,isap,1024,4096,4608,0,4096,0,0,4096,0,0,0,0,0,0,0,0,8,0,0,0,0
409,256,72,16,32,28,500,proj,512,512,512,wspp,32,128,4608,0,0,128,0,0,128,0,3968,0,0,3968,3968,0,4,4096,224,6944,0
409,512,32,16,512,256,500,proj,512,512,512,ispp,512,4608,2048,2048,0,0,0,8192,0,0,0,0,0,0,0,0,8,0,7680,0,0
409,384,32,8,341,256,500,proj,512,512,512,ispp,1024,6144,16384,0,0,800,0,7392,8192,0,0,0,0,0,0,3312,64,4880,14336,0,0
409,512,32,8,512,2048,500,proj,512,512,512,ispp,512,4608,2048,2048,0,0,0,8192,0,0,0,0,0,0,0,0,16,0,7168,0,0
409,512,32,4,1024,2048,500,proj,512,512,512,isap,512,4608,2048,2048,0,0,0,8192,0,0,0,0,0,0,0,0,32,0,6144,0,0
409,512,32,4,64,1024,500,proj,512,512,512,wspp,64,576,2048,2048,0,0,0,1024,0,0,0,0,7168,0,16128,0,32,0,768,5376,0
409,640,24,8,51,1365,500,proj,512,512,512,wsap,51,561,2112,4224,0,0,0,1122,0,0,0,0,10142,0,15213,0,36,0,969,8759,0
409,256,72,8,2048,56,500,proj,512,512,512,isap,1024,4096,4608,0,4096,0,0,4096,0,0,0,0,0,0,0,0,8,0,0,0,0
409,128,80,16,4096,102,500,proj,512,512,512,wsap,2048,2048,8960,0,10752,0,0,3584,0,0,0,0,0,0,0,0,0,0,0,0,0
409,256,72,16,32,28,500,proj,512,512,512,wspp,32,128,4608,0,0,128,0,0,128,0,3968,0,0,3968,3968,0,4,4096,224,6944,0
409,128,72,16,128,14,500,proj,512,512,512,wspp,128,128,9216,0,0,14,270,242,498,0,0,3840,3840,7680,1920,8164,0,8206,896,13440,0
409,512,32,16,512,256,500,proj,512,512,512,ispp,512,4608,2048,2048,0,0,0,8192,0,0,0,0,0,0,0,0,8,0,7680,0,0
409,512,32,4,1024,2048,500,proj,512,512,512,isap,512,4608,2048,2048,0,0,0,8192,0,0,0,0,0,0,0,0,32,0,6144,0,0
409,640,24,8,51,1365,500,proj,512,512,512,wsap,51,561,2112,4224,0,0,0,1122,0,0,0,0,10142,0,15213,0,36,0,969,8759,0
409,256,72,8,2048,56,500,proj,512,512,512,isap,1024,4096,4608,0,4096,0,0,4096,0,0,0,0,0,0,0,0,8,0,0,0,0
409,256,72,16,32,28,500,proj,512,512,512,wspp,32,128,4608,0,0,128,0,0,128,0,3968,0,0,3968,3968,0,4,4096,224,6944,0
409,512,32,16,512,256,500,proj,512,512,512,ispp,512,4608,2048,2048,0,0,0,8192,0,0,0,0,0,0,0,0,8,0,7680,0,0
409,384,32,16,1365,512,500,proj,512,512,512,wsap,1024,6144,4096,0,8192,0,0,8192,0,0,0,0,0,0,0,0,8,0,0,0,0
409,512,32,4,1024,2048,500,proj,512,512,512,isap,512,4608,2048,2048,0,0,0,8192,0,0,0,0,0,0,0,0,32,0,6144,0,0
409,384,32,8,2730,2048,500,proj,512,512,512,wspp,1024,6144,4096,0,0,2048,0,6144,8192,0,0,0,0,0,0,2048,16,6144,14336,0,0
409,640,24,8,51,1365,500,proj,512,512,512,wsap,51,561,2112,4224,0,0,0,1122,0,0,0,0,10142,0,15213,0,36,0,969,8759,0
409,512,16,16,64,2048,500,proj,512,512,512,isap,512,4608,16384,16384,0,0,0,16384,0,0,0,0,0,0,0,0,128,0,15360,0,0
409,256,72,8,2048,56,500,proj,512,512,512,isap,1024,4096,4608,0,4096,0,0,4096,0,0,0,0,0,0,0,0,8,0,0,0,0
409,128,80,4,8192,51,500,proj,512,512,512,isap,2048,2048,8960,0,10752,0,0,3584,0,0,0,0,0,0,0,0,0,0,0,0,0
409,256,72,16,32,28,500,proj,512,512,512,wspp,32,128,4608,0,0,128,0,0,128,0,3968,0,0,3968,3968,0,4,4096,224,6944,0
409,384,64,8,42,32,500,proj,512,512,512,wsap,42,252,4096,0,168,0,0,168,0,3928,0,0,3928,0,47136,0,8,0,0,0,0
409,512,32,16,512,256,500,proj,512,512,512,ispp,512,4608,2048,2048,0,0,0,8192,0,0,0,0,0,0,0,0,8,0,7680,0,0
409,512,32,4,1024,2048,500,proj,512,512,512,isap,512,4608,2048,2048,0,0,0,8192,0,0,0,0,0,0,0,0,32,0,6144,0,0
409,640,24,8,51,1365,500,proj,512,512,512,wsap,51,561,2112,4224,0,0,0,1122,0,0,0,0,10142,0,15213,0,36,0,969,8759,0
409,256,72,8,2048,56,500,proj,512,512,512,isap,1024,4096,4608,0,4096,0,0,4096,0,0,0,0,0,0,0,0,8,0,0,0,0
409,256,72,16,32,28,500,proj,512,512,512,wspp,32,128,4608,0,0,128,0,0,128,0,3968,0,0,3968,3968,0,4,4096,224,6944,0
409,512,32,16,512,256,500,proj,512,512,512,ispp,512,4608,2048,2048,0,0,0,8192,0,0,0,0,0,0,0,0,8,0,7680,0,0
409,384,24,16,341,341,500,proj,512,512,512,ispp,1024,6144,16896,0,0,1286,0,9978,11264,0,0,0,0,0,0,4230,48,7034,20480,0,0
409,512,32,4,1024,2048,500,proj,512,512,512,isap,512,4608,2048,2048,0,0,0,8192,0,0,0,0,0,0,0,0,32,0,6144,0,0
409,384,24,8,682,2730,500,proj,512,512,512,isap,1024,6144,8448,0,11264,0,0,11264,0,0,0,0,0,0,0,0,48,0,0,0,0
409,640,24,8,51,1365,500,proj,512,512,512,wsap,51,561,2112,4224,0,0,0,1122,0,0,0,0,10142,0,15213,0,36,0,969,8759,0
409,640,16,16,102,4096,500,proj,512,512,512,ispp,512,5632,12288,24576,0,0,0,16384,0,0,0,0,0,0,0,0,144,0,15360,0,0
409,256,72,8,2048,56,500,proj,512,512,512,isap,1024,4096,4608,0,4096,0,0,4096,0,0,0,0,0,0,0,0,8,0,0,0,0
409,256,72,4,2048,28,500,proj,512,512,512,ispp,1024,4096,4608,0,0,28,0,4068,4096,0,0,0,0,0,0,4040,16,2076,6144,0,0
409,256,72,16,32,28,500,proj,512,512,512,wspp,32,128,4608,0,0,128,0,0,128,0,3968,0,0,3968,3968,0,4,4096,224,6944,0
409,256,72,16,16,56,500,proj,512,512,512,wspp,16,64,4608,0,0,64,0,0,64,0,4032,0,0,4032,4032,0,4,4096,112,7056,0
409,512,32,16,512,256,500,proj,512,512,512,ispp,512,4608,2048,2048,0,0,0,8192,0,0,0,0,0,0,0,0,8,0,7680,0,0
409,512,32,4,1024,2048,500,proj,512,512,512,isap,512,4608,2048,2048,0,0,0,8192,0,0,0,0,0,0,0,0,32,0,6144,0,0
409,640,24,8,51,1365,500,proj,512,512,512,wsap,51,561,2112,4224,0,0,0,1122,0,0,0,0,10142,0,15213,0,36,0,969,8759,0
409,256,72,8,2048,56,500,proj,512,512,512,isap,1024,4096,4608,0,4096,0,0,4096,0,0,0,0,0,0,0,0,8,0,0,0,0
409,256,72,16,16,56,500,proj,512,512,512,wspp,16,64,4608,0,0,64,0,0,64,0,4032,0,0,4032,4032,0,4,4096,112,7056,0
409,512,32,16,512,256,500,proj,512,512,512,ispp,512,4608,2048,2048,0,0,0,8192,0,0,0,0,0,0,0,0,8,0,7680,0,0
409,384,32,32,341,256,500,proj,512,512,512,ispp,1024,6144,16384,0,0,8192,0,0,8192,0,0,0,0,0,0,0,16,8192,15360,0,0
409,512,32,4,1024,2048,500,proj,512,512,512,isap,512,4608,2048,2048,0,0,0,8192,0,0,0,0,0,0,0,0,32,0,6144,0,0
409,512,24,8,2048,5461,500,proj,512,512,512,wspp,512,4608,2112,2112,0,0,0,11264,0,0,0,0,0,0,0,0,24,0,9728,0,0
409,640,24,8,51,1365,500,proj,512,512,512,wsap,51,561,2112,4224,0,0,0,1122,0,0,0,0,10142,0,15213,0,36,0,969,8759,0
409,512,16,4,64,2048,500,proj,512,512,512,wsap,64,576,2048,2048,0,0,0,2048,0,0,0,0,14336,0,32256,0,64,0,1536,10752,0
409,256,72,8,2048,56,500,proj,512,512,512,isap,1024,4096,4608,0,4096,0,0,4096,0,0,0,0,0,0,0,0,8,0,0,0,0
409,128,80,16,4096,102,500,proj,512,512,512,ispp,2048,2048,8960,0,0,102,2692,3482,8060,0,0,0,0,0,0,8952,0,6276,11776,0,0
409,256,72,16,16,56,500,proj,512,512,512,wspp,16,64,4608,0,0,64,0,0,64,0,4032,0,0,4032,4032,0,4,4096,112,7056,0
409,128,72,8,64,56,500,proj,512,512,512,ispp,2048,2048,294912,0,0,1792,3584,2304,8704,0,0,0,0,0,0,9216,0,7680,14336,0,0
409,512,32,16,512,256,500,proj,512,512,512,ispp,512,4608,2048,2048,0,0,0,8192,0,0,0,0,0,0,0,0,8,0,7680,0,0
409,512,32,4,1024,2048,500,proj,512,512,512,isap,512,4608,2048,2048,0,0,0,8192,0,0,0,0,0,0,0,0,32,0,6144,0,0
409,512,16,4,64,2048,500,proj,512,512,512,wsap,64,576,2048,2048,0,0,0,2048,0,0,0,0,14336,0,32256,0,64,0,1536,10752,0
409,256,72,8,2048,56,500,proj,512,512,512,isap,1024,4096,4608,0,4096,0,0,4096,0,0,0,0,0,0,0,0,8,0,0,0,0
409,256,72,16,16,56,500,proj,512,512,512,wspp,16,64,4608,0,0,64,0,0,64,0,4032,0,0,4032,4032,0,4,4096,112,7056,0
409,512,32,16,512,256,500,proj,512,512,512,ispp,512,4608,2048,2048,0,0,0,8192,0,0,0,0,0,0,0,0,8,0,7680,0,0
409,640,24,32,819,170,500,proj,512,512,512,ispp,512,5632,2112,4224,0,0,0,11264,0,0,0,0,0,0,0,0,12,0,10752,0,0
409,512,32,4,1024,2048,500,proj,512,512,512,isap,512,4608,2048,2048,0,0,0,8192,0,0,0,0,0,0,0,0,32,0,6144,0,0
409,384,24,4,2730,1365,500,proj,512,512,512,wspp,1024,6144,4224,0,0,1377,0,9887,11264,0,0,0,0,0,0,4222,44,7042,16384,0,0
409,512,16,4,64,2048,500,proj,512,512,512,wsap,64,576,2048,2048,0,0,0,2048,0,0,0,0,14336,0,32256,0,64,0,1536,10752,0
409,512,24,4,64,2730,500,proj,512,512,512,ispp,512,4608,16896,16896,0,0,0,11264,0,0,0,0,0,0,0,0,384,0,8192,0,0
409,256,72,8,2048,56,500,proj,512,512,512,isap,1024,4096,4608,0,4096,0,0,4096,0,0,0,0,0,0,0,0,8,0,0,0,0
409,128,64,16,8192,128,500,proj,512,512,512,ispp,2048,2048,8192,0,0,128,4224,3968,8064,0,0,0,0,0,0,7936,0,8320,14336,0,0
409,256,72,16,16,56,500,proj,512,512,512,wspp,16,64,4608,0,0,64,0,0,64,0,4032,0,0,4032,4032,0,4,4096,112,7056,0
409,256,80,8,8,51,500,proj,512,512,512,wspp,8,32,4480,0,0,28,0,0,28,0,31,0,3525,3556,6096,1006,8,3081,44,5588,0
409,512,32,16,512,256,500,proj,512,512,512,ispp,512,4608,2048,2048,0,0,0,8192,0,0,0,0,0,0,0,0,8,0,7680,0,0
409,512,32,4,1024,2048,500,proj,512,512,512,isap,512,4608,2048,2048,0,0,0,8192,0,0,0,0,0,0,0,0,32,0,6144,0,0
409,512,16,4,64,2048,500,proj,512,512,512,wsap,64,576,2048,2048,0,0,0,2048,0,0,0,0,14336,0,32256,0,64,0,1536,10752,0
409,256,72,8,2048,56,500,proj,512,512,512,isap,1024,4096,4608,0,4096,0,0,4096,0,0,0,0,0,0,0,0,8,0,0,0,0
409,256,80,8,8,51,500,proj,512,512,512,wspp,8,32,4480,0,0,28,0,0,28,0,31,0,3525,3556,6096,1006,8,3081,44,5588,0
409,512,32,16,512,256,500,proj,512,512,512,ispp,512,4608,2048,2048,0,0,0,8192,0,0,0,0,0,0,0,0,8,0,7680,0,0
409,512,24,16,512,170,500,proj,512,512,512,wspp,512,4608,2112,2112,0,0,0,11264,0,0,0,0,0,0,0,0,16,0,10240,0,0
409,512,32,4,1024,2048,500,proj,512,512,512,isap,512,4608,2048,2048,0,0,0,8192,0,0,0,0,0,0,0,0,32,0,6144,0,0
409,512,32,2,1024,4096,500,proj,512,512,512,wsap,512,4608,2048,2048,0,0,0,8192,0,0,0,0,0,0,0,0,64,0,4096,0,0
409,512,16,4,64,2048,500,proj,512,512,512,wsap,64,576,2048,2048,0,0,0,2048,0,0,0,0,14336,0,32256,0,64,0,1536,10752,0
409,384,24,8,170,1365,500,proj,512,512,512,ispp,1024,6144,29568,0,0,8450,0,2814,11264,0,0,0,0,0,0,192,168,11072,18944,0,0
409,256,72,8,2048,56,500,proj,512,512,512,isap,1024,4096,4608,0,4096,0,0,4096,0,0,0,0,0,0,0,0,8,0,0,0,0
409,256,64,8,4096,64,500,proj,512,512,512,wspp,1024,4096,4096,0,0,64,0,4032,4096,0,0,0,0,0,0,0,8,4096,7168,0,0
409,256,80,8,8,51,500,proj,512,512,512,wspp,8,32,4480,0,0,28,0,0,28,0,31,0,3525,3556,6096,1006,8,3081,44,5588,0
409,256,80,16,16,102,500,proj,512,512,512,wsap,16,64,4480,0,56,0,0,56,0,3528,0,0,3528,0,28224,0,4,0,0,0,0
409,512,32,16,512,256,500,proj,512,512,512,ispp,512,4608,2048,2048,0,0,0,8192,0,0,0,0,0,0,0,0,8,0,7680,0,0
409,512,32,2,1024,4096,500,proj,512,512,512,wsap,512,4608,2048,2048,0,0,0,8192,0,0,0,0,0,0,0,0,64,0,4096,0,0
409,512,16,4,64,2048,500,proj,512,512,512,wsap,64,576,2048,2048,0,0,0,2048,0,0,0,0,14336,0,32256,0,64,0,1536,10752,0
409,256,64,8,4096,64,500,proj,512,512,512,wspp,1024,4096,4096,0,0,64,0,4032,4096,0,0,0,0,0,0,0,8,4096,7168,0,0
409,256,80,8,8,51,500,proj,512,512,512,wspp,8,32,4480,0,0,28,0,0,28,0,31,0,3525,3556,6096,1006,8,3081,44,5588,0
409,512,32,16,512,256,500,proj,512,512,512,ispp,512,4608,2048,2048,0,0,0,8192,0,0,0,0,0,0,0,0,8,0,7680,0,0
409,384,40,32,682,102,500,proj,512,512,512,wsap,682,4092,4160,0,4433,0,0,4433,0,2223,0,0,2223,0,26676,0,4,0,0,0,0
409,512,32,2,1024,4096,500,proj,512,512,512,wsap,512,4608,2048,2048,0,0,0,8192,0,0,0,0,0,0,0,0,64,0,4096,0,0
409,384,40,4,682,1638,500,proj,512,512,512,wsap,682,4092,4160,0,4433,0,0,4433,0,2223,0,0,2223,0,26676,0,28,0,0,0,0
409,512,16,4,64,2048,500,proj,512,512,512,wsap,64,576,2048,2048,0,0,0,2048,0,0,0,0,14336,0,32256,0,64,0,1536,10752,0
409,512,24,4,32,682,500,proj,512,512,512,wsap,32,288,2112,2112,0,0,0,704,0,0,0,0,10560,0,25920,0,48,0,512,7680,0
409,256,64,8,4096,64,500,proj,512,512,512,wspp,1024,4096,4096,0,0,64,0,4032,4096,0,0,0,0,0,0,0,8,4096,7168,0,0
409,256,64,4,2048,64,500,proj,512,512,512,wsap,1024,4096,4096,0,4096,0,0,4096,0,0,0,0,0,0,0,0,16,0,0,0,0
409,256,80,8,8,51,500,proj,512,512,512,wspp,8,32,4480,0,0,28,0,0,28,0,31,0,3525,3556,6096,1006,8,3081,44,5588,0
409,256,80,4,16,102,500,proj,512,512,512,ispp,1024,4096,286720,0,0,3584,0,0,3584,0,0,0,0,0,0,0,1024,3584,4608,0,0
409,512,32,16,512,256,500,proj,512,512,512,ispp,512,4608,2048,2048,0,0,0,8192,0,0,0,0,0,0,0,0,8,0,7680,0,0
409,512,32,2,1024,4096,500,proj,512,512,512,wsap,512,4608,2048,2048,0,0,0,8192,0,0,0,0,0,0,0,0,64,0,4096,0,0
409,512,24,4,32,682,500,proj,512,512,512,wsap,32,288,2112,2112,0,0,0,704,0,0,0,0,10560,0,25920,0,48,0,512,7680,0
409,256,64,4,2048,64,500,proj,512,512,512,wsap,1024,4096,4096,0,4096,0,0,4096,0,0,0,0,0,0,0,0,16,0,0,0,0
409,256,80,8,8,51,500,proj,512,512,512,wspp,8,32,4480,0,0,28,0,0,28,0,31,0,3525,3556,6096,1006,8,3081,44,5588,0
409,512,32,16,512,256,500,proj,512,512,512,ispp,512,4608,2048,2048,0,0,0,8192,0,0,0,0,0,0,0,0,8,0,7680,0,0
409,512,32,8,256,512,500,proj,512,512,512,isap,512,4608,4096,4096,0,0,0,8192,0,0,0,0,0,0,0,0,32,0,7168,0,0
409,512,32,2,1024,4096,500,proj,512,512,512,wsap,512,4608,2048,2048,0,0,0,8192,0,0,0,0,0,0,0,0,64,0,4096,0,0
409,512,24,2,2048,5461,500,proj,512,512,512,wsap,512,4608,2112,2112,0,0,0,11264,0,0,0,0,0,0,0,0,88,0,5632,0,0
409,512,24,4,32,682,500,proj,512,512,512,wsap,32,288,2112,2112,0,0,0,704,0,0,0,0,10560,0,25920,0,48,0,512,7680,0
409,384,32,8,85,1024,500,proj,512,512,512,wsap,84,504,4096,0,672,0,0,672,0,7520,0,0,7520,0,90240,0,16,0,0,0,0
409,256,64,4,2048,64,500,proj,512,512,512,wsap,1024,4096,4096,0,4096,0,0,4096,0,0,0,0,0,0,0,0,16,0,0,0,0
409,384,64,2,682,32,500,proj,512,512,512,wsap,682,4092,4096,0,2728,0,0,2728,0,1368,0,0,1368,0,16416,0,32,0,0,0,0
409,256,80,8,8,51,500,proj,512,512,512,wspp,8,32,4480,0,0,28,0,0,28,0,31,0,3525,3556,6096,1006,8,3081,44,5588,0
409,256,72,4,8,56,500,proj,512,512,512,ispp,1024,4096,589824,0,0,4096,0,0,4096,0,0,0,0,0,0,0,2048,4096,6144,0,0
409,512,32,16,512,256,500,proj,512,512,512,ispp,512,4608,2048,2048,0,0,0,8192,0,0,0,0,0,0,0,0,8,0,7680,0,0
409,512,32,2,1024,4096,500,proj,512,512,512,wsap,512,4608,2048,2048,0,0,0,8192,0,0,0,0,0,0,0,0,64,0,4096,0,0
409,512,24,4,32,682,500,proj,512,512,512,wsap,32,288,2112,2112,0,0,0,704,0,0,0,0,10560,0,25920,0,48,0,512,7680,0
409,256,64,4,2048,64,500,proj,512,512,512,wsap,1024,4096,4096,0,4096,0,0,4096,0,0,0,0,0,0,0,0,16,0,0,0,0
409,256,80,8,8,51,500,proj,512,512,512,wspp,8,32,4480,0,0,28,0,0,28,0,31,0,3525,3556,6096,1006,8,3081,44,5588,0
409,512,32,16,512,256,500,proj,512,512,512,ispp,512,4608,2048,2048,0,0,0,8192,0,0,0,0,0,0,0,0,8,0,7680,0,0
409,384,24,16,1365,341,500,proj,512,512,512,wspp,1024,6144,4224,0,0,414,0,10850,11264,0,0,0,0,0,0,4830,12,6434,20480,0,0
409,512,32,2,1024,4096,500,proj,512,512,512,wsap,512,4608,2048,2048,0,0,0,8192,0,0,0,0,0,0,0,0,64,0,4096,0,0
409,384,40,4,1365,3276,500,proj,512,512,512,wspp,1024,6144,4160,0,0,3351,0,3305,6656,0,0,0,0,0,0,552,28,6104,9216,0,0
409,512,24,4,32,682,500,proj,512,512,512,wsap,32,288,2112,2112,0,0,0,704,0,0,0,0,10560,0,25920,0,48,0,512,7680,0
409,640,24,2,51,682,500,proj,512,512,512,wsap,51,561,2112,4224,0,0,0,1122,0,0,0,0,10142,0,55781,0,132,0,561,5071,0
409,256,64,4,2048,64,500,proj,512,512,512,wsap,1024,4096,4096,0,4096,0,0,4096,0,0,0,0,0,0,0,0,16,0,0,0,0
409,256,64,8,2048,32,500,proj,512,512,512,wsap,1024,4096,4096,0,4096,0,0,4096,0,0,0,0,0,0,0,0,8,0,0,0,0
409,256,80,8,8,51,500,proj,512,512,512,wspp,8,32,4480,0,0,28,0,0,28,0,31,0,3525,3556,6096,1006,8,3081,44,5588,0
409,128,72,8,32,28,500,proj,512,512,512,wspp,32,32,9216,0,0,28,56,36,136,0,0,0,4032,12096,2016,16272,0,4152,224,14112,0
409,512,32,16,512,256,500,proj,512,512,512,ispp,512,4608,2048,2048,0,0,0,8192,0,0,0,0,0,0,0,0,8,0,7680,0,0
409,512,32,2,1024,4096,500,proj,512,512,512,wsap,512,4608,2048,2048,0,0,0,8192,0,0,0,0,0,0,0,0,64,0,4096,0,0
409,512,24,4,32,682,500,proj,512,512,512,wsap,32,288,2112,2112,0,0,0,704,0,0,0,0,10560,0,25920,0,48,0,512,7680,0
409,256,64,8,2048,32,500,proj,512,512,512,wsap,1024,4096,4096,0,4096,0,0,4096,0,0,0,0,0,0,0,0,8,0,0,0,0
409,256,80,8,8,51,500,proj,512,512,512,wspp,8,32,4480,0,0,28,0,0,28,0,31,0,3525,3556,6096,1006,8,3081,44,5588,0
409,512,32,16,512,256,500,proj,512,512,512,ispp,512,4608,2048,2048,0,0,0,8192,0,0,0,0,0,0,0,0,8,0,7680,0,0
409,512,24,32,256,682,500,proj,512,512,512,wsap,256,2304,2112,2112,0,0,0,5632,0,0,0,0,5632,0,2304,0,8,0,5376,5376,0
409,512,32,2,1024,4096,500,proj,512,512,512,wsap,512,4608,2048,2048,0,0,0,8192,0,0,0,0,0,0,0,0,64,0,4096,0,0
409,640,24,4,409,2730,500,proj,512,512,512,wsap,409,4499,2112,4224,0,0,0,8998,0,0,0,0,2266,0,6798,0,72,0,6544,1648,0
409,512,24,4,32,682,500,proj,512,512,512,wsap,32,288,2112,2112,0,0,0,704,0,0,0,0,10560,0,25920,0,48,0,512,7680,0
409,640,32,4,25,1024,500,proj,512,512,512,wsap,25,275,2048,4096,0,0,0,400,0,0,0,0,7792,0,21428,0,48,0,300,5844,0
409,256,64,8,2048,32,500,proj,512,512,512,wsap,1024,4096,4096,0,4096,0,0,4096,0,0,0,0,0,0,0,0,8,0,0,0,0
409,256,64,8,4096,64,500,proj,512,512,512,wsap,1024,4096,4096,0,4096,0,0,4096,0,0,0,0,0,0,0,0,8,0,0,0,0
409,256,80,8,8,51,500,proj,512,512,512,wspp,8,32,4480,0,0,28,0,0,28,0,31,0,3525,3556,6096,1006,8,3081,44,5588,0
409,128,72,16,16,113,500,proj,512,512,512,ispp,2048,2048,1179648,0,0,4096,8192,0,4096,0,0,0,0,0,0,0,0,12288,14336,0,0
409,512,32,16,512,256,500,proj,512,512,512,ispp,512,4608,2048,2048,0,0,0,8192,0,0,0,0,0,0,0,0,8,0,7680,0,0
409,512,32,2,1024,4096,500,proj,512,512,512,wsap,512,4608,2048,2048,0,0,0,8192,0,0,0,0,0,0,0,0,64,0,4096,0,0
409,640,32,4,25,1024,500,proj,512,512,512,wsap,25,275,2048,4096,0,0,0,400,0,0,0,0,7792,0,21428,0,48,0,300,5844,0
409,256,64,8,4096,64,500,proj,512,512,512,wsap,1024,4096,4096,0,4096,0,0,4096,0,0,0,0,0,0,0,0,8,0,0,0,0
409,256,80,8,8,51,500,proj,512,512,512,wspp,8,32,4480,0,0,28,0,0,28,0,31,0,3525,3556,6096,1006,8,3081,44,5588,0
409,512,32,16,512,256,500,proj,512,512,512,ispp,512,4608,2048,2048,0,0,0,8192,0,0,0,0,0,0,0,0,8,0,7680,0,0
409,640,24,8,409,682,500,proj,512,512,512,ispp,512,5632,4224,8448,0,0,0,11264,0,0,0,0,0,0,0,0,72,0,9728,0,0
409,512,32,2,1024,4096,500,proj,512,512,512,wsap,512,4608,2048,2048,0,0,0,8192,0,0,0,0,0,0,0,0,64,0,4096,0,0
409,640,24,2,409,2730,500,proj,512,512,512,wsap,409,4499,2112,4224,0,0,0,8998,0,0,0,0,2266,0,12463,0,132,0,4499,1133,0
409,640,32,4,25,1024,500,proj,512,512,512,wsap,25,275,2048,4096,0,0,0,400,0,0,0,0,7792,0,21428,0,48,0,300,5844,0
409,640,24,4,25,1365,500,proj,512,512,512,ispp,512,5632,44352,88704,0,0,0,11264,0,0,0,0,0,0,0,0,1512,0,8192,0,0
409,256,64,8,4096,64,500,proj,512,512,512,wsap,1024,4096,4096,0,4096,0,0,4096,0,0,0,0,0,0,0,0,8,0,0,0,0
409,128,64,8,4096,32,500,proj,512,512,512,isap,2048,2048,8192,0,12288,0,0,4096,0,0,0,0,0,0,0,0,0,0,0,0,0
409,256,80,8,8,51,500,proj,512,512,512,wspp,8,32,4480,0,0,28,0,0,28,0,31,0,3525,3556,6096,1006,8,3081,44,5588,0
409,256,72,4,8,28,500,proj,512,512,512,isap,1024,4096,589824,0,4096,0,0,4096,0,0,0,0,0,0,0,0,2048,0,0,0,0
409,512,32,16,512,256,500,proj,512,512,512,ispp,512,4608,2048,2048,0,0,0,8192,0,0,0,0,0,0,0,0,8,0,7680,0,0
409,512,32,2,1024,4096,500,proj,512,512,512,wsap,512,4608,2048,2048,0,0,0,8192,0,0,0,0,0,0,0,0,64,0,4096,0,0
409,640,32,4,25,1024,500,proj,512,512,512,wsap,25,275,2048,4096,0,0,0,400,0,0,0,0,7792,0,21428,0,48,0,300,5844,0
409,256,64,8,4096,64,500,proj,512,512,512,wsap,1024,4096,4096,0,4096,0,0,4096,0,0,0,0,0,0,0,0,8,0,0,0,0
409,256,80,8,8,51,500,proj,512,512,512,wspp,8,32,4480,0,0,28,0,0,28,0,31,0,3525,3556,6096,1006,8,3081,44,5588,0
409,512,32,16,512,256,500,proj,512,512,512,ispp,512,4608,2048,2048,0,0,0,8192,0,0,0,0,0,0,0,0,8,0,7680,0,0
409,384,40,16,682,204,500,proj,512,512,512,isap,1024,6144,8320,0,6656,0,0,6656,0,0,0,0,0,0,0,0,16,0,0,0,0
409,512,32,2,1024,4096,500,proj,512,512,512,wsap,512,4608,2048,2048,0,0,0,8192,0,0,0,0,0,0,0,0,64,0,4096,0,0
409,512,24,4,2048,2730,500,proj,512,512,512,ispp,512,4608,2112,2112,0,0,0,11264,0,0,0,0,0,0,0,0,48,0,8192,0,0
409,640,32,4,25,1024,500,proj,512,512,512,wsap,25,275,2048,4096,0,0,0,400,0,0,0,0,7792,0,21428,0,48,0,300,5844,0
409,640,24,4,51,2730,500,proj,512,512,512,wspp,51,561,2112,4224,0,0,0,1122,0,0,0,0,10142,0,30426,0,72,0,816,7376,0
409,256,64,8,4096,64,500,proj,512,512,512,wsap,1024,4096,4096,0,4096,0,0,4096,0,0,0,0,0,0,0,0,8,0,0,0,0
409,128,56,4,8192,146,500,proj,512,512,512,wsap,2048,2048,8960,0,15360,0,0,5120,0,0,0,0,0,0,0,0,0,0,0,0,0
409,256,80,8,8,51,500,proj,512,512,512,wspp,8,32,4480,0,0,28,0,0,28,0,31,0,3525,3556,6096,1006,8,3081,44,5588,0
409,128,88,4,16,23,500,proj,512,512,512,wspp,16,16,8448,0,0,23,47,1,25,0,0,2,3048,9142,4064,14214,0,2109,64,8128,0
409,512,32,16,512,256,500,proj,512,512,512,ispp,512,4608,2048,2048,0,0,0,8192,0,0,0,0,0,0,0,0,8,0,7680,0,0
409,512,32,2,1024,4096,500,proj,512,512,512,wsap,512,4608,2048,2048,0,0,0,8192,0,0,0,0,0,0,0,0,64,0,4096,0,0
409,640,32,4,25,1024,500,proj,512,512,512,wsap,25,275,2048,4096,0,0,0,400,0,0,0,0,7792,0,21428,0,48,0,300,5844,0
409,256,64,8,4096,64,500,proj,512,512,512,wsap,1024,4096,4096,0,4096,0,0,4096,0,0,0,0,0,0,0,0,8,0,0,0,0
409,256,80,8,8,51,500,proj,512,512,512,wspp,8,32,4480,0,0,28,0,0,28,0,31,0,3525,3556,6096,1006,8,3081,44,5588,0
409,512,32,16,512,256,500,proj,512,512,512,ispp,512,4608,2048,2048,0,0,0,8192,0,0,0,0,0,0,0,0,8,0,7680,0,0
409,640,24,8,819,682,500,proj,512,512,512,wsap,512,5632,2112,4224,0,0,0,11264,0,0,0,0,0,0,0,0,36,0,9728,0,0
409,512,32,2,1024,4096,500,proj,512,512,512,wsap,512,4608,2048,2048,0,0,0,8192,0,0,0,0,0,0,0,0,64,0,4096,0,0
409,512,40,2,512,1638,500,proj,512,512,512,wspp,512,4608,2080,2080,0,0,0,6656,0,0,0,0,0,0,0,0,56,0,3072,0,0
409,640,32,4,25,1024,500,proj,512,512,512,wsap,25,275,2048,4096,0,0,0,400,0,0,0,0,7792,0,21428,0,48,0,300,5844,0
409,640,32,2,12,1024,500,proj,512,512,512,wsap,12,132,2048,4096,0,0,0,192,0,0,0,0,8000,0,44000,0,96,0,96,4000,0
409,256,64,8,4096,64,500,proj,512,512,512,wsap,1024,4096,4096,0,4096,0,0,4096,0,0,0,0,0,0,0,0,8,0,0,0,0
409,256,64,8,4096,32,500,proj,512,512,512,ispp,1024,4096,4096,0,0,32,0,4064,4096,0,0,0,0,0,0,0,8,4096,7168,0,0
409,256,80,8,8,51,500,proj,512,512,512,wspp,8,32,4480,0,0,28,0,0,28,0,31,0,3525,3556,6096,1006,8,3081,44,5588,0
409,128,72,16,16,28,500,proj,512,512,512,isap,2048,2048,1179648,0,12288,0,0,4096,0,0,0,0,0,0,0,0,0,0,0,0,0
409,512,32,16,512,256,500,proj,512,512,512,ispp,512,4608,2048,2048,0,0,0,8192,0,0,0,0,0,0,0,0,8,0,7680,0,0
409,512,32,2,1024,4096,500,proj,512,512,512,wsap,512,4608,2048,2048,0,0,0,8192,0,0,0,0,0,0,0,0,64,0,4096,0,0
409,640,32,4,25,1024,500,proj,512,512,512,wsap,25,275,2048,4096,0,0,0,400,0,0,0,0,7792,0,21428,0,48,0,300,5844,0
409,256,64,8,4096,32,500,proj,512,512,512,ispp,1024,4096,4096,0,0,32,0,4064,4096,0,0,0,0,0,0,0,8,4096,7168,0,0
409,256,80,8,8,51,500,proj,512,512,512,wspp,8,32,4480,0,0,28,0,0,28,0,31,0,3525,3556,6096,1006,8,3081,44,5588,0
409,512,32,16,512,256,500,proj,512,512,512,ispp,512,4608,2048,2048,0,0,0,8192,0,0,0,0,0,0,0,0,8,0,7680,0,0
409,384,40,32,682,409,500,proj,512,512,512,ispp,1024,6144,8320,0,0,6656,0,0,6656,0,0,0,0,0,0,0,8,6656,12288,0,0
409,512,32,2,1024,4096,500,proj,512,512,512,wsap,512,4608,2048,2048,0,0,0,8192,0,0,0,0,0,0,0,0,64,0,4096,0,0
409,512,24,4,512,10922,500,proj,512,512,512,wsap,512,4608,2112,2112,0,0,0,11264,0,0,0,0,0,0,0,0,48,0,8192,0,0
409,640,32,4,25,1024,500,proj,512,512,512,wsap,25,275,2048,4096,0,0,0,400,0,0,0,0,7792,0,21428,0,48,0,300,5844,0
409,512,32,8,64,512,500,proj,512,512,512,ispp,512,4608,16384,16384,0,0,0,8192,0,0,0,0,0,0,0,0,128,0,7168,0,0
409,256,64,8,4096,32,500,proj,512,512,512,ispp,1024,4096,4096,0,0,32,0,4064,4096,0,0,0,0,0,0,0,8,4096,7168,0,0
409,128,72,16,4096,14,500,proj,512,512,512,ispp,2048,2048,9216,0,0,14,4110,4082,8178,0,0,0,0,0,0,8164,0,8206,14336,0,0
409,256,80,8,8,51,500,proj,512,512,512,wspp,8,32,4480,0,0,28,0,0,28,0,31,0,3525,3556,6096,1006,8,3081,44,5588,0
409,128,80,8,32,25,500,proj,512,512,512,wsap,32,32,8960,0,168,0,0,56,0,10584,0,0,3528,0,14112,0,0,0,0,0,0
409,512,32,16,512,256,500,proj,512,512,512,ispp,512,4608,2048,2048,0,0,0,8192,0,0,0,0,0,0,0,0,8,0,7680,0,0
409,512,32,2,1024,4096,500,proj,512,512,512,wsap,512,4608,2048,2048,0,0,0,8192,0,0,0,0,0,0,0,0,64,0,4096,0,0
409,640,32,4,25,1024,500,proj,512,512,512,wsap,25,275,2048,4096,0,0,0,400,0,0,0,0,7792,0,21428,0,48,0,300,5844,0
409,256,64,8,4096,32,500,proj,512,512,512,ispp,1024,4096,4096,0,0,32,0,4064,4096,0,0,0,0,0,0,0,8,4096,7168,0,0
409,256,80,8,8,51,500,proj,512,512,512,wspp,8,32,4480,0,0,28,0,0,28,0,31,0,3525,3556,6096,1006,8,3081,44,5588,0
409,512,32,16,512,256,500,proj,512,512,512,ispp,512,4608,2048,2048,0,0,0,8192,0,0,0,0,0,0,0,0,8,0,7680,0,0
409,384,40,32,682,409,500,proj,512,512,512,ispp,1024,6144,8320,0,0,6656,0,0,6656,0,0,0,0,0,0,0,8,6656,12288,0,0
409,512,32,2,1024,4096,500,proj,512,512,512,wsap,512,4608,2048,2048,0,0,0,8192,0,0,0,0,0,0,0,0,64,0,4096,0,0
409,384,24,4,2730,10922,500,proj,512,512,512,wsap,1024,6144,4224,0,11264,0,0,11264,0,0,0,0,0,0,0,0,44,0,0,0,0
409,640,32,4,25,1024,500,proj,512,512,512,wsap,25,275,2048,4096,0,0,0,400,0,0,0,0,7792,0,21428,0,48,0,300,5844,0
409,512,24,8,32,682,500,proj,512,512,512,isap,512,4608,33792,33792,0,0,0,11264,0,0,0,0,0,0,0,0,384,0,9728,0,0
409,256,64,8,4096,32,500,proj,512,512,512,ispp,1024,4096,4096,0,0,32,0,4064,4096,0,0,0,0,0,0,0,8,4096,7168,0,0
409,128,64,16,8192,16,500,proj,512,512,512,wsap,2048,2048,8192,0,12288,0,0,4096,0,0,0,0,0,0,0,0,0,0,0,0,0
409,256,80,8,8,51,500,proj,512,512,512,wspp,8,32,4480,0,0,28,0,0,28,0,31,0,3525,3556,6096,1006,8,3081,44,5588,0
409,128,80,4,32,102,500,proj,512,512,512,wspp,32,32,8960,0,0,56,112,0,56,0,46,102,3482,10482,5040,16824,0,2340,144,9072,0
409,512,32,16,512,256,500,proj,512,512,512,ispp,512,4608,2048,2048,0,0,0,8192,0,0,0,0,0,0,0,0,8,0,7680,0,0
409,512,32,2,1024,4096,500,proj,512,512,512,wsap,512,4608,2048,2048,0,0,0,8192,0,0,0,0,0,0,0,0,64,0,4096,0,0
409,640,32,4,25,1024,500,proj,512,512,512,wsap,25,275,2048,4096,0,0,0,400,0,0,0,0,7792,0,21428,0,48,0,300,5844,0
409,256,64,8,4096,32,500,proj,512,512,512,ispp,1024,4096,4096,0,0,32,0,4064,4096,0,0,0,0,0,0,0,8,4096,7168,0,0
409,256,80,8,8,51,500,proj,512,512,512,wspp,8,32,4480,0,0,28,0,0,28,0,31,0,3525,3556,6096,1006,8,3081,44,5588,0
409,512,32,16,512,256,500,proj,512,512,512,ispp,512,4608,2048,2048,0,0,0,8192,0,0,0,0,0,0,0,0,8,0,7680,0,0
409,640,24,16,409,682,500,proj,512,512,512,wsap,409,4499,2112,4224,0,0,0,8998,0,0,0,0,2266,0,2266,0,24,0,8180,2060,0
409,512,32,2,1024,4096,500,proj,512,512,512,wsap,512,4608,2048,2048,0,0,0,8192,0,0,0,0,0,0,0,0,64,0,4096,0,0
409,384,24,2,2730,10922,500,proj,512,512,512,isap,1024,6144,4224,0,11264,0,0,11264,0,0,0,0,0,0,0,0,88,0,0,0,0
409,640,32,4,25,1024,500,proj,512,512,512,wsap,25,275,2048,4096,0,0,0,400,0,0,0,0,7792,0,21428,0,48,0,300,5844,0
409,768,32,2,10,512,500,proj,512,512,512,isap,512,7168,106496,212992,0,0,0,8192,0,0,0,0,0,0,0,0,4992,0,4096,0,0
409,256,64,8,4096,32,500,proj,512,512,512,ispp,1024,4096,4096,0,0,32,0,4064,4096,0,0,0,0,0,0,0,8,4096,7168,0,0
409,256,72,4,2048,14,500,proj,512,512,512,wsap,1024,4096,4608,0,4096,0,0,4096,0,0,0,0,0,0,0,0,16,0,0,0,0
409,256,80,8,8,51,500,proj,512,512,512,wspp,8,32,4480,0,0,28,0,0,28,0,31,0,3525,3556,6096,1006,8,3081,44,5588,0
409,128,72,16,32,28,500,proj,512,512,512,wsap,32,32,9216,0,192,0,0,64,0,12096,0,0,4032,0,16128,0,0,0,0,0,0
409,512,32,16,512,256,500,proj,512,512,512,ispp,512,4608,2048,2048,0,0,0,8192,0,0,0,0,0,0,0,0,8,0,7680,0,0
409,512,32,2,1024,4096,500,proj,512,512,512,wsap,512,4608,2048,2048,0,0,0,8192,0,0,0,0,0,0,0,0,64,0,4096,0,0
409,640,32,4,25,1024,500,proj,512,512,512,wsap,25,275,2048,4096,0,0,0,400,0,0,0,0,7792,0,21428,0,48,0,300,5844,0
409,256,72,4,2048,14,500,proj,512,512,512,wsap,1024,4096,4608,0,4096,0,0,4096,0,0,0,0,0,0,0,0,16,0,0,0,0
409,256,80,8,8,51,500,proj,512,512,512,wspp,8,32,4480,0,0,28,0,0,28,0,31,0,3525,3556,6096,1006,8,3081,44,5588,0
409,512,32,16,512,256,500,proj,512,512,512,ispp,512,4608,2048,2048,0,0,0,8192,0,0,0,0,0,0,0,0,8,0,7680,0,0
409,512,32,8,1024,512,500,proj,512,512,512,isap,512,4608,2048,2048,0,0,0,8192,0,0,0,0,0,0,0,0,16,0,7168,0,0
409,512,32,2,1024,4096,500,proj,512,512,512,wsap,512,4608,2048,2048,0,0,0,8192,0,0,0,0,0,0,0,0,64,0,4096,0,0
409,384,24,2,682,10922,500,proj,512,512,512,isap,1024,6144,8448,0,11264,0,0,11264,0,0,0,0,0,0,0,0,176,0,0,0,0
409,640,32,4,25,1024,500,proj,512,512,512,wsap,25,275,2048,4096,0,0,0,400,0,0,0,0,7792,0,21428,0,48,0,300,5844,0
409,768,32,2,21,1024,500,proj,512,512,512,isap,512,7168,51200,102400,0,0,0,8192,0,0,0,0,0,0,0,0,2400,0,4096,0,0
409,256,72,4,2048,14,500,proj,512,512,512,wsap,1024,4096,4608,0,4096,0,0,4096,0,0,0,0,0,0,0,0,16,0,0,0,0
409,128,64,8,4096,8,500,proj,512,512,512,isap,2048,2048,8192,0,12288,0,0,4096,0,0,0,0,0,0,0,0,0,0,0,0,0
409,256,80,8,8,51,500,proj,512,512,512,wspp,8,32,4480,0,0,28,0,0,28,0,31,0,3525,3556,6096,1006,8,3081,44,5588,0
409,128,72,16,16,56,500,proj,512,512,512,wspp,16,16,9216,0,0,32,64,0,32,0,24,4088,4040,8104,2032,8080,0,8248,112,14224,0
409,512,32,8,1024,512,500,proj,512,512,512,isap,512,4608,2048,2048,0,0,0,8192,0,0,0,0,0,0,0,0,16,0,7168,0,0
409,512,32,2,1024,4096,500,proj,512,512,512,wsap,512,4608,2048,2048,0,0,0,8192,0,0,0,0,0,0,0,0,64,0,4096,0,0
409,640,32,4,25,1024,500,proj,512,512,512,wsap,25,275,2048,4096,0,0,0,400,0,0,0,0,7792,0,21428,0,48,0,300,5844,0
409,256,72,4,2048,14,500,proj,512,512,512,wsap,1024,4096,4608,0,4096,0,0,4096,0,0,0,0,0,0,0,0,16,0,0,0,0
409,256,80,8,8,51,500,proj,512,512,512,wspp,8,32,4480,0,0,28,0,0,28,0,31,0,3525,3556,6096,1006,8,3081,44,5588,0
409,512,32,8,1024,512,500,proj,512,512,512,isap,512,4608,2048,2048,0,0,0,8192,0,0,0,0,0,0,0,0,16,0,7168,0,0
409,512,40,4,1024,409,500,proj,512,512,512,isap,512,4608,2080,2080,0,0,0,6656,0,0,0,0,0,0,0,0,32,0,4608,0,0
409,512,32,2,1024,4096,500,proj,512,512,512,wsap,512,4608,2048,2048,0,0,0,8192,0,0,0,0,0,0,0,0,64,0,4096,0,0
409,640,32,4,819,2048,500,proj,512,512,512,wspp,512,5632,2048,4096,0,0,0,8192,0,0,0,0,0,0,0,0,48,0,6144,0,0
409,640,32,4,25,1024,500,proj,512,512,512,wsap,25,275,2048,4096,0,0,0,400,0,0,0,0,7792,0,21428,0,48,0,300,5844,0
409,768,24,2,21,682,500,proj,512,512,512,wsap,21,294,2112,4224,0,0,0,462,0,0,0,0,10802,0,75614,0,132,0,231,5401,0
409,256,72,4,2048,14,500,proj,512,512,512,wsap,1024,4096,4608,0,4096,0,0,4096,0,0,0,0,0,0,0,0,16,0,0,0,0
409,256,80,8,2048,6,500,proj,512,512,512,ispp,1024,4096,4480,0,0,6,0,3578,3584,0,0,0,0,0,0,1022,8,3073,5632,0,0
409,256,80,8,8,51,500,proj,512,512,512,wspp,8,32,4480,0,0,28,0,0,28,0,31,0,3525,3556,6096,1006,8,3081,44,5588,0
409,256,80,16,8,51,500,proj,512,512,512,wsap,8,32,4480,0,28,0,0,28,0,3556,0,0,3556,0,28448,0,4,0,0,0,0
409,512,40,4,1024,409,500,proj,512,512,512,isap,512,4608,2080,2080,0,0,0,6656,0,0,0,0,0,0,0,0,32,0,4608,0,0
409,512,32,2,1024,4096,500,proj,512,512,512,wsap,512,4608,2048,2048,0,0,0,8192,0,0,0,0,0,0,0,0,64,0,4096,0,0
409,640,32,4,25,1024,500,proj,512,512,512,wsap,25,275,2048,4096,0,0,0,400,0,0,0,0,7792,0,21428,0,48,0,300,5844,0
409,256,80,8,2048,6,500,proj,512,512,512,ispp,1024,4096,4480,0,0,6,0,3578,3584,0,0,0,0,0,0,1022,8,3073,5632,0,0
409,256,80,8,8,51,500,proj,512,512,512,wspp,8,32,4480,0,0,28,0,0,28,0,31,0,3525,3556,6096,1006,8,3081,44,5588,0
409,512,40,4,1024,409,500,proj,512,512,512,isap,512,4608,2080,2080,0,0,0,6656,0,0,0,0,0,0,0,0,32,0,4608,0,0
409,512,32,8,2048,256,500,proj,512,512,512,wspp,512,4608,2048,2048,0,0,0,8192,0,0,0,0,0,0,0,0,16,0,7168,0,0
409,512,32,2,1024,4096,500,proj,512,512,512,wsap,512,4608,2048,2048,0,0,0,8192,0,0,0,0,0,0,0,0,64,0,4096,0,0
409,640,24,4,819,2730,500,proj,512,512,512,ispp,512,5632,2112,4224,0,0,0,11264,0,0,0,0,0,0,0,0,72,0,8192,0,0
409,640,32,4,25,1024,500,proj,512,512,512,wsap,25,275,2048,4096,0,0,0,400,0,0,0,0,7792,0,21428,0,48,0,300,5844,0
409,512,32,8,64,512,500,proj,512,512,512,isap,512,4608,16384,16384,0,0,0,8192,0,0,0,0,0,0,0,0,128,0,7168,0,0
409,256,80,8,2048,6,500,proj,512,512,512,ispp,1024,4096,4480,0,0,6,0,3578,3584,0,0,0,0,0,0,1022,8,3073,5632,0,0
409,128,72,16,4096,14,500,proj,512,512,512,ispp,2048,2048,9216,0,0,14,4110,4082,8178,0,0,0,0,0,0,8164,0,8206,14336,0,0
409,256,80,8,8,51,500,proj,512,512,512,wspp,8,32,4480,0,0,28,0,0,28,0,31,0,3525,3556,6096,1006,8,3081,44,5588,0
409,128,72,4,16,113,500,proj,512,512,512,ispp,2048,2048,1179648,0,0,4096,8192,0,4096,0,0,0,0,0,0,0,0,12288,12288,0,0
409,512,32,8,2048,256,500,proj,512,512,512,wspp,512,4608,2048,2048,0,0,0,8192,0,0,0,0,0,0,0,0,16,0,7168,0,0
409,512,32,2,1024,4096,500,proj,512,512,512,wsap,512,4608,2048,2048,0,0,0,8192,0,0,0,0,0,0,0,0,64,0,4096,0,0
409,512,32,8,64,512,500,proj,512,512,512,isap,512,4608,16384,16384,0,0,0,8192,0,0,0,0,0,0,0,0,128,0,7168,0,0
409,256,80,8,2048,6,500,proj,512,512,512,ispp,1024,4096,4480,0,0,6,0,3578,3584,0,0,0,0,0,0,1022,8,3073,5632,0,0
409,256,80,8,8,51,500,proj,512,512,512,wspp,8,32,4480,0,0,28,0,0,28,0,31,0,3525,3556,6096,1006,8,3081,44,5588,0
409,512,32,8,2048,256,500,proj,512,512,512,wspp,512,4608,2048,2048,0,0,0,8192,0,0,0,0,0,0,0,0,16,0,7168,0,0
409,512,24,16,1024,341,500,proj,512,512,512,isap,512,4608,2112,2112,0,0,0,11264,0,0,0,0,0,0,0,0,16,0,10240,0,0
409,512,32,2,1024,4096,500,proj,512,512,512,wsap,512,4608,2048,2048,0,0,0,8192,0,0,0,0,0,0,0,0,64,0,4096,0,0
409,384,40,2,2730,1638,500,proj,512,512,512,isap,1024,6144,4160,0,6656,0,0,6656,0,0,0,0,0,0,0,0,52,0,0,0,0
409,512,32,8,64,512,500,proj,512,512,512,isap,512,4608,16384,16384,0,0,0,8192,0,0,0,0,0,0,0,0,128,0,7168,0,0
409,512,32,16,32,256,500,proj,512,512,512,wspp,32,288,2048,2048,0,0,0,512,0,0,0,0,7680,0,4320,0,8,0,480,7200,0
409,256,80,8,2048,6,500,proj,512,512,512,ispp,1024,4096,4480,0,0,6,0,3578,3584,0,0,0,0,0,0,1022,8,3073,5632,0,0
409,128,88,16,4096,11,500,proj,512,512,512,wspp,2048,2048,8448,0,0,11,1043,3061,8173,0,0,0,0,0,0,10202,0,4115,9728,0,0
409,256,80,8,8,51,500,proj,512,512,512,wspp,8,32,4480,0,0,28,0,0,28,0,31,0,3525,3556,6096,1006,8,3081,44,5588,0
409,256,88,8,16,46,500,proj,512,512,512,wspp,16,64,4224,0,0,48,0,0,48,0,20,0,3004,3024,6048,2000,8,2072,72,4536,0
409,512,32,8,2048,256,500,proj,512,512,512,wspp,512,4608,2048,2048,0,0,0,8192,0,0,0,0,0,0,0,0,16,0,7168,0,0
409,512,32,2,1024,4096,500,proj,512,512,512,wsap,512,4608,2048,2048,0,0,0,8192,0,0,0,0,0,0,0,0,64,0,4096,0,0
409,512,32,16,32,256,500,proj,512,512,512,wspp,32,288,2048,2048,0,0,0,512,0,0,0,0,7680,0,4320,0,8,0,480,7200,0
409,256,80,8,2048,6,500,proj,512,512,512,ispp,1024,4096,4480,0,0,6,0,3578,3584,0,0,0,0,0,0,1022,8,3073,5632,0,0
409,256,88,8,16,46,500,proj,512,512,512,wspp,16,64,4224,0,0,48,0,0,48,0,20,0,3004,3024,6048,2000,8,2072,72,4536,0
409,512,32,8,2048,256,500,proj,512,512,512,wspp,512,4608,2048,2048,0,0,0,8192,0,0,0,0,0,0,0,0,16,0,7168,0,0
409,384,32,8,1365,128,500,proj,512,512,512,ispp,1024,6144,4096,0,0,128,0,8064,8192,0,0,0,0,0,0,3968,16,4224,14336,0,0
409,512,32,2,1024,4096,500,proj,512,512,512,wsap,512,4608,2048,2048,0,0,0,8192,0,0,0,0,0,0,0,0,64,0,4096,0,0
409,384,24,2,682,10922,500,proj,512,512,512,wspp,682,4092,4224,0,0,7502,0,0,7502,0,3420,0,342,3762,22572,0,88,11264,7502,3762,0
409,512,32,16,32,256,500,proj,512,512,512,wspp,32,288,2048,2048,0,0,0,512,0,0,0,0,7680,0,4320,0,8,0,480,7200,0
409,512,24,32,64,341,500,proj,512,512,512,wsap,64,576,2112,2112,0,0,0,1408,0,0,0,0,9856,0,4032,0,8,0,1344,9408,0
409,256,80,8,2048,6,500,proj,512,512,512,ispp,1024,4096,4480,0,0,6,0,3578,3584,0,0,0,0,0,0,1022,8,3073,5632,0,0
409,256,72,4,2048,7,500,proj,512,512,512,ispp,1024,4096,4608,0,0,7,0,4089,4096,0,0,0,0,0,0,4080,16,2056,6144,0,0
409,256,88,8,16,46,500,proj,512,512,512,wspp,16,64,4224,0,0,48,0,0,48,0,20,0,3004,3024,6048,2000,8,2072,72,4536,0
409,128,80,8,32,25,500,proj,512,512,512,wsap,32,32,8960,0,168,0,0,56,0,10584,0,0,3528,0,14112,0,0,0,0,0,0
409,512,32,8,2048,256,500,proj,512,512,512,wspp,512,4608,2048,2048,0,0,0,8192,0,0,0,0,0,0,0,0,16,0,7168,0,0
409,512,32,2,1024,4096,500,proj,512,512,512,wsap,512,4608,2048,2048,0,0,0,8192,0,0,0,0,0,0,0,0,64,0,4096,0,0
409,512,32,16,32,256,500,proj,512,512,512,wspp,32,288,2048,2048,0,0,0,512,0,0,0,0,7680,0,4320,0,8,0,480,7200,0
409,256,80,8,2048,6,500,proj,512,512,512,ispp,1024,4096,4480,0,0,6,0,3578,3584,0,0,0,0,0,0,1022,8,3073,5632,0,0
409,256,88,8,16,46,500,proj,512,512,512,wspp,16,64,4224,0,0,48,0,0,48,0,20,0,3004,3024,6048,2000,8,2072,72,4536,0
409,512,32,8,2048,256,500,proj,512,512,512,wspp,512,4608,2048,2048,0,0,0,8192,0,0,0,0,0,0,0,0,16,0,7168,0,0
409,384,24,8,1365,682,500,proj,512,512,512,wsap,1024,6144,4224,0,11264,0,0,11264,0,0,0,0,0,0,0,0,24,0,0,0,0
409,512,32,2,1024,4096,500,proj,512,512,512,wsap,512,4608,2048,2048,0,0,0,8192,0,0,0,0,0,0,0,0,64,0,4096,0,0
409,384,40,2,1365,3276,500,proj,512,512,512,isap,1024,6144,4160,0,6656,0,0,6656,0,0,0,0,0,0,0,0,52,0,0,0,0
409,512,32,16,32,256,500,proj,512,512,512,wspp,32,288,2048,2048,0,0,0,512,0,0,0,0,7680,0,4320,0,8,0,480,7200,0
409,640,32,16,12,512,500,proj,512,512,512,isap,512,5632,88064,176128,0,0,0,8192,0,0,0,0,0,0,0,0,516,0,7680,0,0
409,256,80,8,2048,6,500,proj,512,512,512,ispp,1024,4096,4480,0,0,6,0,3578,3584,0,0,0,0,0,0,1022,8,3073,5632,0,0
409,128,80,16,8192,12,500,proj,512,512,512,ispp,2048,2048,8960,0,0,12,2576,3572,8176,0,0,0,0,0,0,9184,0,6160,11776,0,0
409,256,88,8,16,46,500,proj,512,512,512,wspp,16,64,4224,0,0,48,0,0,48,0,20,0,3004,3024,6048,2000,8,2072,72,4536,0
409,128,88,16,16,93,500,proj,512,512,512,wsap,16,16,8448,0,72,0,0,24,0,9144,0,0,3048,0,12192,0,0,0,0,0,0
409,512,32,8,2048,256,500,proj,512,512,512,wspp,512,4608,2048,2048,0,0,0,8192,0,0,0,0,0,0,0,0,16,0,7168,0,0
409,512,32,2,1024,4096,500,proj,512,512,512,wsap,512,4608,2048,2048,0,0,0,8192,0,0,0,0,0,0,0,0,64,0,4096,0,0
409,512,32,16,32,256,500,proj,512,512,512,wspp,32,288,2048,2048,0,0,0,512,0,0,0,0,7680,0,4320,0,8,0,480,7200,0
409,256,80,8,2048,6,500,proj,512,512,512,ispp,1024,4096,4480,0,0,6,0,3578,3584,0,0,0,0,0,0,1022,8,3073,5632,0,0
409,128,88,16,16,93,500,proj,512,512,512,wsap,16,16,8448,0,72,0,0,24,0,9144,0,0,3048,0,12192,0,0,0,0,0,0
409,512,32,8,2048,256,500,proj,512,512,512,wspp,512,4608,2048,2048,0,0,0,8192,0,0,0,0,0,0,0,0,16,0,7168,0,0
409,640,32,4,1638,512,500,proj,512,512,512,isap,512,5632,2048,4096,0,0,0,8192,0,0,0,0,0,0,0,0,48,0,6144,0,0
409,512,32,2,1024,4096,500,proj,512,512,512,wsap,512,4608,2048,2048,0,0,0,8192,0,0,0,0,0,0,0,0,64,0,4096,0,0
409,512,32,2,1024,4096,500,proj,512,512,512,wspp,512,4608,2048,2048,0,0,0,8192,0,0,0,0,0,0,0,0,64,0,4096,0,0
409,512,32,16,32,256,500,proj,512,512,512,wspp,32,288,2048,2048,0,0,0,512,0,0,0,0,7680,0,4320,0,8,0,480,7200,0
409,384,24,16,21,341,500,proj,512,512,512,ispp,1024,6144,219648,0,0,11264,0,0,11264,0,0,0,0,0,0,0,624,11264,20480,0,0
409,256,80,8,2048,6,500,proj,512,512,512,ispp,1024,4096,4480,0,0,6,0,3578,3584,0,0,0,0,0,0,1022,8,3073,5632,0,0
409,128,80,16,8192,6,500,proj,512,512,512,wsap,2048,2048,8960,0,10752,0,0,3584,0,0,0,0,0,0,0,0,0,0,0,0,0
409,128,88,16,16,93,500,proj,512,512,512,wsap,16,16,8448,0,72,0,0,24,0,9144,0,0,3048,0,12192,0,0,0,0,0,0
409,256,80,16,8,204,500,proj,512,512,512,wsap,8,32,4480,0,28,0,0,28,0,3556,0,0,3556,0,28448,0,4,0,0,0,0
409,512,32,8,2048,256,500,proj,512,512,512,wspp,512,4608,2048,2048,0,0,0,8192,0,0,0,0,0,0,0,0,16,0,7168,0,0
409,512,32,2,1024,4096,500,proj,512,512,512,wspp,512,4608,2048,2048,0,0,0,8192,0,0,0,0,0,0,0,0,64,0,4096,0,0
409,512,32,16,32,256,500,proj,512,512,512,wspp,32,288,2048,2048,0,0,0,512,0,0,0,0,7680,0,4320,0,8,0,480,7200,0
409,256,80,8,2048,6,500,proj,512,512,512,ispp,1024,4096,4480,0,0,6,0,3578,3584,0,0,0,0,0,0,1022,8,3073,5632,0,0
409,128,88,16,16,93,500,proj,512,512,512,wsap,16,16,8448,0,72,0,0,24,0,9144,0,0,3048,0,12192,0,0,0,0,0,0
409,512,32,8,2048,256,500,proj,512,512,512,wspp,512,4608,2048,2048,0,0,0,8192,0,0,0,0,0,0,0,0,16,0,7168,0,0
409,640,32,4,819,256,500,proj,512,512,512,wsap,512,5632,2048,4096,0,0,0,8192,0,0,0,0,0,0,0,0,48,0,6144,0,0
409,512,32,2,1024,4096,500,proj,512,512,512,wspp,512,4608,2048,2048,0,0,0,8192,0,0,0,0,0,0,0,0,64,0,4096,0,0
409,512,24,2,1024,2730,500,proj,512,512,512,ispp,512,4608,2112,2112,0,0,0,11264,0,0,0,0,0,0,0,0,88,0,5632,0,0
409,512,32,16,32,256,500,proj,512,512,512,wspp,32,288,2048,2048,0,0,0,512,0,0,0,0,7680,0,4320,0,8,0,480,7200,0
409,640,24,32,51,341,500,proj,512,512,512,wspp,51,561,2112,4224,0,0,0,1122,0,0,0,0,10142,0,5071,0,12,0,1071,9681,0
409,256,80,8,2048,6,500,proj,512,512,512,ispp,1024,4096,4480,0,0,6,0,3578,3584,0,0,0,0,0,0,1022,8,3073,5632,0,0
409,256,80,4,2048,6,500,proj,512,512,512,ispp,1024,4096,4480,0,0,6,0,3578,3584,0,0,0,0,0,0,3734,16,1717,4608,0,0
409,128,88,16,16,93,500,proj,512,512,512,wsap,16,16,8448,0,72,0,0,24,0,9144,0,0,3048,0,12192,0,0,0,0,0,0
409,128,80,16,32,102,500,proj,512,512,512,isap,2048,2048,573440,0,10752,0,0,3584,0,0,0,0,0,0,0,0,0,0,0,0,0
409,512,32,8,2048,256,500,proj,512,512,512,wspp,512,4608,2048,2048,0,0,0,8192,0,0,0,0,0,0,0,0,16,0,7168,0,0
409,512,32,2,1024,4096,500,proj,512,512,512,wspp,512,4608,2048,2048,0,0,0,8192,0,0,0,0,0,0,0,0,64,0,4096,0,0
409,512,32,16,32,256,500,proj,512,512,512,wspp,32,288,2048,2048,0,0,0,512,0,0,0,0,7680,0,4320,0,8,0,480,7200,0
409,256,80,8,2048,6,500,proj,512,512,512,ispp,1024,4096,4480,0,0,6,0,3578,3584,0,0,0,0,0,0,1022,8,3073,5632,0,0
409,128,88,16,16,93,500,proj,512,512,512,wsap,16,16,8448,0,72,0,0,24,0,9144,0,0,3048,0,12192,0,0,0,0,0,0
409,512,32,8,2048,256,500,proj,512,512,512,wspp,512,4608,2048,2048,0,0,0,8192,0,0,0,0,0,0,0,0,16,0,7168,0,0
409,384,40,16,2730,102,500,proj,512,512,512,wspp,1024,6144,4160,0,0,131,0,6525,6656,0,0,0,0,0,0,1503,8,5153,11776,0,0
409,512,32,2,1024,4096,500,proj,512,512,512,wspp,512,4608,2048,2048,0,0,0,8192,0,0,0,0,0,0,0,0,64,0,4096,0,0
409,384,24,2,1365,2730,500,proj,512,512,512,wspp,1024,6144,4224,0,0,2730,0,8534,11264,0,0,0,0,0,0,3140,88,8124,11264,0,0
409,512,32,16,32,256,500,proj,512,512,512,wspp,32,288,2048,2048,0,0,0,512,0,0,0,0,7680,0,4320,0,8,0,480,7200,0
409,512,32,8,64,512,500,proj,512,512,512,isap,512,4608,16384,16384,0,0,0,8192,0,0,0,0,0,0,0,0,128,0,7168,0,0
409,256,80,8,2048,6,500,proj,512,512,512,ispp,1024,4096,4480,0,0,6,0,3578,3584,0,0,0,0,0,0,1022,8,3073,5632,0,0
409,256,80,8,2048,6,500,proj,512,512,512,isap,1024,4096,4480,0,3584,0,0,3584,0,0,0,0,0,0,0,0,8,0,0,0,0
409,128,88,16,16,93,500,proj,512,512,512,wsap,16,16,8448,0,72,0,0,24,0,9144,0,0,3048,0,12192,0,0,0,0,0,0
409,128,96,32,16,42,500,proj,512,512,512,ispp,2048,2048,1179648,0,0,3072,6144,0,3072,0,0,0,0,0,0,0,0,9216,10240,0,0
409,512,32,8,2048,256,500,proj,512,512,512,wspp,512,4608,2048,2048,0,0,0,8192,0,0,0,0,0,0,0,0,16,0,7168,0,0
409,512,32,2,1024,4096,500,proj,512,512,512,wspp,512,4608,2048,2048,0,0,0,8192,0,0,0,0,0,0,0,0,64,0,4096,0,0
409,512,32,16,32,256,500,proj,512,512,512,wspp,32,288,2048,2048,0,0,0,512,0,0,0,0,7680,0,4320,0,8,0,480,7200,0
409,256,80,8,2048,6,500,proj,512,512,512,isap,1024,4096,4480,0,3584,0,0,3584,0,0,0,0,0,0,0,0,8,0,0,0,0
409,128,88,16,16,93,500,proj,512,512,512,wsap,16,16,8448,0,72,0,0,24,0,9144,0,0,3048,0,12192,0,0,0,0,0,0
409,512,32,8,2048,256,500,proj,512,512,512,wspp,512,4608,2048,2048,0,0,0,8192,0,0,0,0,0,0,0,0,16,0,7168,0,0
409,384,32,8,2730,512,500,proj,512,512,512,ispp,1024,6144,4096,0,0,512,0,7680,8192,0,0,0,0,0,0,3584,16,4608,14336,0,0
409,512,32,2,1024,4096,500,proj,512,512,512,wspp,512,4608,2048,2048,0,0,0,8192,0,0,0,0,0,0,0,0,64,0,4096,0,0
409,512,24,4,2048,5461,500,proj,512,512,512,wsap,512,4608,2112,2112,0,0,0,11264,0,0,0,0,0,0,0,0,48,0,8192,0,0
409,512,32,16,32,256,500,proj,512,512,512,wspp,32,288,2048,2048,0,0,0,512,0,0,0,0,7680,0,4320,0,8,0,480,7200,0
409,384,24,16,85,682,500,proj,512,512,512,wspp,84,504,4224,0,0,748,0,176,924,0,84,0,10256,10340,11280,4550,12,6714,1680,18800,0
409,256,80,8,2048,6,500,proj,512,512,512,isap,1024,4096,4480,0,3584,0,0,3584,0,0,0,0,0,0,0,0,8,0,0,0,0
409,128,88,4,2048,11,500,proj,512,512,512,wspp,2048,2048,8448,0,0,11,23,3061,9193,0,0,0,0,0,0,14278,0,2077,8192,0,0
409,128,88,16,16,93,500,proj,512,512,512,wsap,16,16,8448,0,72,0,0,24,0,9144,0,0,3048,0,12192,0,0,0,0,0,0
409,128,80,32,32,204,500,proj,512,512,512,wspp,32,32,8960,0,0,56,112,0,56,0,3528,7056,0,3528,2016,0,0,10752,192,12096,0
409,512,32,8,2048,256,500,proj,512,512,512,wspp,512,4608,2048,2048,0,0,0,8192,0,0,0,0,0,0,0,0,16,0,7168,0,0
409,512,32,2,1024,4096,500,proj,512,512,512,wspp,512,4608,2048,2048,0,0,0,8192,0,0,0,0,0,0,0,0,64,0,4096,0,0
409,512,32,16,32,256,500,proj,512,512,512,wspp,32,288,2048,2048,0,0,0,512,0,0,0,0,7680,0,4320,0,8,0,480,7200,0
409,256,80,8,2048,6,500,proj,512,512,512,isap,1024,4096,4480,0,3584,0,0,3584,0,0,0,0,0,0,0,0,8,0,0,0,0
409,128,80,32,32,204,500,proj,512,512,512,wspp,32,32,8960,0,0,56,112,0,56,0,3528,7056,0,3528,2016,0,0,10752,192,12096,0
409,512,32,8,2048,256,500,proj,512,512,512,wspp,512,4608,2048,2048,0,0,0,8192,0,0,0,0,0,0,0,0,16,0,7168,0,0
409,384,24,16,5461,170,500,proj,512,512,512,ispp,1024,6144,4224,0,0,206,0,11058,11264,0,0,0,0,0,0,4970,12,6294,20480,0,0
409,512,32,2,1024,4096,500,proj,512,512,512,wspp,512,4608,2048,2048,0,0,0,8192,0,0,0,0,0,0,0,0,64,0,4096,0,0
409,512,24,2,2048,5461,500,proj,512,512,512,wspp,512,4608,2112,2112,0,0,0,11264,0,0,0,0,0,0,0,0,88,0,5632,0,0
409,512,32,16,32,256,500,proj,512,512,512,wspp,32,288,2048,2048,0,0,0,512,0,0,0,0,7680,0,4320,0,8,0,480,7200,0
409,512,32,8,16,128,500,proj,512,512,512,ispp,512,4608,65536,65536,0,0,0,8192,0,0,0,0,0,0,0,0,512,0,7168,0,0
409,256,80,8,2048,6,500,proj,512,512,512,isap,1024,4096,4480,0,3584,0,0,3584,0,0,0,0,0,0,0,0,8,0,0,0,0
409,128,80,4,8192,6,500,proj,512,512,512,wspp,2048,2048,8960,0,0,6,12,3578,10740,0,0,0,0,0,0,17372,0,2066,9216,0,0
409,128,80,32,32,204,500,proj,512,512,512,wspp,32,32,8960,0,0,56,112,0,56,0,3528,7056,0,3528,2016,0,0,10752,192,12096,0
409,128,72,32,32,455,500,proj,512,512,512,wsap,32,32,9216,0,192,0,0,64,0,12096,0,0,4032,0,16128,0,0,0,0,0,0
409,512,32,8,2048,256,500,proj,512,512,512,wspp,512,4608,2048,2048,0,0,0,8192,0,0,0,0,0,0,0,0,16,0,7168,0,0
409,512,32,2,1024,4096,500,proj,512,512,512,wspp,512,4608,2048,2048,0,0,0,8192,0,0,0,0,0,0,0,0,64,0,4096,0,0
409,512,32,16,32,256,500,proj,512,512,512,wspp,32,288,2048,2048,0,0,0,512,0,0,0,0,7680,0,4320,0,8,0,480,7200,0
409,256,80,8,2048,6,500,proj,512,512,512,isap,1024,4096,4480,0,3584,0,0,3584,0,0,0,0,0,0,0,0,8,0,0,0,0
409,128,80,32,32,204,500,proj,512,512,512,wspp,32,32,8960,0,0,56,112,0,56,0,3528,7056,0,3528,2016,0,0,10752,192,12096,0
409,512,32,8,2048,256,500,proj,512,512,512,wspp,512,4608,2048,2048,0,0,0,8192,0,0,0,0,0,0,0,0,16,0,7168,0,0
409,384,24,4,2730,682,500,proj,512,512,512,wsap,1024,6144,4224,0,11264,0,0,11264,0,0,0,0,0,0,0,0,44,0,0,0,0
409,512,32,2,1024,4096,500,proj,512,512,512,wspp,512,4608,2048,2048,0,0,0,8192,0,0,0,0,0,0,0,0,64,0,4096,0,0
409,640,32,4,409,4096,500,proj,512,512,512,wsap,409,4499,2048,4096,0,0,0,6544,0,0,0,0,1648,0,4532,0,48,0,4908,1236,0
409,512,32,16,32,256,500,proj,512,512,512,wspp,32,288,2048,2048,0,0,0,512,0,0,0,0,7680,0,4320,0,8,0,480,7200,0
409,512,24,32,64,341,500,proj,512,512,512,isap,512,4608,16896,16896,0,0,0,11264,0,0,0,0,0,0,0,0,64,0,10752,0,0
409,256,80,8,2048,6,500,proj,512,512,512,isap,1024,4096,4480,0,3584,0,0,3584,0,0,0,0,0,0,0,0,8,0,0,0,0
409,256,72,8,1024,14,500,proj,512,512,512,ispp,1024,4096,4608,0,0,14,0,4082,4096,0,0,0,0,0,0,0,8,4096,7168,0,0
409,128,80,32,32,204,500,proj,512,512,512,wspp,32,32,8960,0,0,56,112,0,56,0,3528,7056,0,3528,2016,0,0,10752,192,12096,0
409,128,80,16,16,102,500,proj,512,512,512,wsap,16,16,8960,0,84,0,0,28,0,10668,0,0,3556,0,14224,0,0,0,0,0,0
409,512,32,8,2048,256,500,proj,512,512,512,wspp,512,4608,2048,2048,0,0,0,8192,0,0,0,0,0,0,0,0,16,0,7168,0,0
409,512,32,2,1024,4096,500,proj,512,512,512,wspp,512,4608,2048,2048,0,0,0,8192,0,0,0,0,0,0,0,0,64,0,4096,0,0
409,512,32,16,32,256,500,proj,512,512,512,wspp,32,288,2048,2048,0,0,0,512,0,0,0,0,7680,0,4320,0,8,0,480,7200,0
409,256,72,8,1024,14,500,proj,512,512,512,ispp,1024,4096,4608,0,0,14,0,4082,4096,0,0,0,0,0,0,0,8,4096,7168,0,0
409,128,80,32,32,204,500,proj,512,512,512,wspp,32,32,8960,0,0,56,112,0,56,0,3528,7056,0,3528,2016,0,0,10752,192,12096,0
409,512,32,8,2048,256,500,proj,512,512,512,wspp,512,4608,2048,2048,0,0,0,8192,0,0,0,0,0,0,0,0,16,0,7168,0,0
409,512,24,8,2048,341,500,proj,512,512,512,wsap,512,4608,2112,2112,0,0,0,11264,0,0,0,0,0,0,0,0,24,0,9728,0,0
409,512,32,2,1024,4096,500,proj,512,512,512,wspp,512,4608,2048,2048,0,0,0,8192,0,0,0,0,0,0,0,0,64,0,4096,0,0
409,384,32,4,2730,2048,500,proj,512,512,512,wspp,1024,6144,4096,0,0,2048,0,6144,8192,0,0,0,0,0,0,2048,32,6144,12288,0,0
409,512,32,16,32,256,500,proj,512,512,512,wspp,32,288,2048,2048,0,0,0,512,0,0,0,0,7680,0,4320,0,8,0,480,7200,0
409,512,24,32,16,341,500,proj,512,512,512,ispp,512,4608,67584,67584,0,0,0,11264,0,0,0,0,0,0,0,0,256,0,10752,0,0
409,256,72,8,1024,14,500,proj,512,512,512,ispp,1024,4096,4608,0,0,14,0,4082,4096,0,0,0,0,0,0,0,8,4096,7168,0,0
409,128,80,4,1024,6,500,proj,512,512,512,isap,2048,2048,17920,0,10752,0,0,3584,0,0,0,0,0,0,0,0,0,0,0,0,0
409,128,80,32,32,204,500,proj,512,512,512,wspp,32,32,8960,0,0,56,112,0,56,0,3528,7056,0,3528,2016,0,0,10752,192,12096,0
409,128,80,16,16,102,500,proj,512,512,512,wspp,16,16,8960,0,0,28,56,0,28,0,74,2636,3482,8032,2540,8952,0,6276,92,11684,0
409,512,32,8,2048,256,500,proj,512,512,512,wspp,512,4608,2048,2048,0,0,0,8192,0,0,0,0,0,0,0,0,16,0,7168,0,0
409,512,32,2,1024,4096,500,proj,512,512,512,wspp,512,4608,2048,2048,0,0,0,8192,0,0,0,0,0,0,0,0,64,0,4096,0,0
409,512,32,16,32,256,500,proj,512,512,512,wspp,32,288,2048,2048,0,0,0,512,0,0,0,0,7680,0,4320,0,8,0,480,7200,0
409,256,72,8,1024,14,500,proj,512,512,512,ispp,1024,4096,4608,0,0,14,0,4082,4096,0,0,0,0,0,0,0,8,4096,7168,0,0
409,128,80,32,32,204,500,proj,512,512,512,wspp,32,32,8960,0,0,56,112,0,56,0,3528,7056,0,3528,2016,0,0,10752,192,12096,0
409,512,32,8,2048,256,500,proj,512,512,512,wspp,512,4608,2048,2048,0,0,0,8192,0,0,0,0,0,0,0,0,16,0,7168,0,0
409,512,40,8,1024,102,500,proj,512,512,512,wsap,512,4608,2080,2080,0,0,0,6656,0,0,0,0,0,0,0,0,16,0,5632,0,0
409,512,32,2,1024,4096,500,proj,512,512,512,wspp,512,4608,2048,2048,0,0,0,8192,0,0,0,0,0,0,0,0,64,0,4096,0,0
409,512,24,2,512,5461,500,proj,512,512,512,wspp,512,4608,2112,2112,0,0,0,11264,0,0,0,0,0,0,0,0,88,0,5632,0,0
409,512,32,16,32,256,500,proj,512,512,512,wspp,32,288,2048,2048,0,0,0,512,0,0,0,0,7680,0,4320,0,8,0,480,7200,0
409,384,40,32,85,204,500,proj,512,512,512,ispp,1024,6144,54080,0,0,6656,0,0,6656,0,0,0,0,0,0,0,52,6656,12288,0,0
409,256,72,8,1024,14,500,proj,512,512,512,ispp,1024,4096,4608,0,0,14,0,4082,4096,0,0,0,0,0,0,0,8,4096,7168,0,0
409,128,64,8,2048,16,500,proj,512,512,512,ispp,2048,2048,8192,0,0,16,32,4080,12256,0,0,0,0,0,0,16320,0,4128,14336,0,0
409,128,80,32,32,204,500,proj,512,512,512,wspp,32,32,8960,0,0,56,112,0,56,0,3528,7056,0,3528,2016,0,0,10752,192,12096,0
409,128,72,16,16,227,500,proj,512,512,512,isap,2048,2048,1179648,0,12288,0,0,4096,0,0,0,0,0,0,0,0,0,0,0,0,0
409,512,32,8,2048,256,500,proj,512,512,512,wspp,512,4608,2048,2048,0,0,0,8192,0,0,0,0,0,0,0,0,16,0,7168,0,0
409,512,32,2,1024,4096,500,proj,512,512,512,wspp,512,4608,2048,2048,0,0,0,8192,0,0,0,0,0,0,0,0,64,0,4096,0,0
409,512,32,16,32,256,500,proj,512,512,512,wspp,32,288,2048,2048,0,0,0,512,0,0,0,0,7680,0,4320,0,8,0,480,7200,0
409,256,72,8,1024,14,500,proj,512,512,512,ispp,1024,4096,4608,0,0,14,0,4082,4096,0,0,0,0,0,0,0,8,4096,7168,0,0
409,128,80,32,32,204,500,proj,512,512,512,wspp,32,32,8960,0,0,56,112,0,56,0,3528,7056,0,3528,2016,0,0,10752,192,12096,0
409,512,32,8,2048,256,500,proj,512,512,512,wspp,512,4608,2048,2048,0,0,0,8192,0,0,0,0,0,0,0,0,16,0,7168,0,0
409,384,32,16,2730,512,500,proj,512,512,512,isap,1024,6144,4096,0,8192,0,0,8192,0,0,0,0,0,0,0,0,8,0,0,0,0
409,512,32,2,1024,4096,500,proj,512,512,512,wspp,512,4608,2048,2048,0,0,0,8192,0,0,0,0,0,0,0,0,64,0,4096,0,0
409,384,40,2,682,1638,500,proj,512,512,512,ispp,1024,6144,8320,0,0,3296,0,3360,6656,0,0,0,0,0,0,844,104,5812,6144,0,0
409,512,32,16,32,256,500,proj,512,512,512,wspp,32,288,2048,2048,0,0,0,512,0,0,0,0,7680,0,4320,0,8,0,480,7200,0
409,512,32,32,16,128,500,proj,512,512,512,ispp,512,4608,65536,65536,0,0,0,8192,0,0,0,0,0,0,0,0,256,0,7680,0,0
409,256,72,8,1024,14,500,proj,512,512,512,ispp,1024,4096,4608,0,0,14,0,4082,4096,0,0,0,0,0,0,0,8,4096,7168,0,0
409,128,80,8,4096,6,500,proj,512,512,512,wsap,2048,2048,8960,0,10752,0,0,3584,0,0,0,0,0,0,0,0,0,0,0,0,0
409,128,80,32,32,204,500,proj,512,512,512,wspp,32,32,8960,0,0,56,112,0,56,0,3528,7056,0,3528,2016,0,0,10752,192,12096,0
409,128,72,32,32,227,500,proj,512,512,512,ispp,2048,2048,589824,0,0,4096,8192,0,4096,0,0,0,0,0,0,0,0,12288,14336,0,0
409,512,32,8,2048,256,500,proj,512,512,512,wspp,512,4608,2048,2048,0,0,0,8192,0,0,0,0,0,0,0,0,16,0,7168,0,0
409,512,32,2,1024,4096,500,proj,512,512,512,wspp,512,4608,2048,2048,0,0,0,8192,0,0,0,0,0,0,0,0,64,0,4096,0,0
409,512,32,16,32,256,500,proj,512,512,512,wspp,32,288,2048,2048,0,0,0,512,0,0,0,0,7680,0,4320,0,8,0,480,7200,0
409,256,72,8,1024,14,500,proj,512,512,512,ispp,1024,4096,4608,0,0,14,0,4082,4096,0,0,0,0,0,0,0,8,4096,7168,0,0
409,128,80,32,32,204,500,proj,512,512,512,wspp,32,32,8960,0,0,56,112,0,56,0,3528,7056,0,3528,2016,0,0,10752,192,12096,0
409,512,32,8,2048,256,500,proj,512,512,512,wspp,512,4608,2048,2048,0,0,0,8192,0,0,0,0,0,0,0,0,16,0,7168,0,0
409,384,32,16,5461,256,500,proj,512,512,512,ispp,1024,6144,4096,0,0,256,0,7936,8192,0,0,0,0,0,0,0,8,8192,15360,0,0
409,512,32,2,1024,4096,500,proj,512,512,512,wspp,512,4608,2048,2048,0,0,0,8192,0,0,0,0,0,0,0,0,64,0,4096,0,0
409,512,24,4,1024,10922,500,proj,512,512,512,ispp,512,4608,2112,2112,0,0,0,11264,0,0,0,0,0,0,0,0,48,0,8192,0,0
409,512,32,16,32,256,500,proj,512,512,512,wspp,32,288,2048,2048,0,0,0,512,0,0,0,0,7680,0,4320,0,8,0,480,7200,0
409,384,32,16,42,128,500,proj,512,512,512,ispp,1024,6144,102400,0,0,3200,0,4992,8192,0,0,0,0,0,0,0,200,8192,15360,0,0
409,256,72,8,1024,14,500,proj,512,512,512,ispp,1024,4096,4608,0,0,14,0,4082,4096,0,0,0,0,0,0,0,8,4096,7168,0,0
409,256,64,4,512,32,500,proj,512,512,512,wsap,512,2048,4096,0,2048,0,0,2048,0,2048,0,0,2048,0,16384,0,16,0,0,0,0
409,128,80,32,32,204,500,proj,512,512,512,wspp,32,32,8960,0,0,56,112,0,56,0,3528,7056,0,3528,2016,0,0,10752,192,12096,0
409,128,72,64,16,113,500,proj,512,512,512,isap,2048,2048,1179648,0,12288,0,0,4096,0,0,0,0,0,0,0,0,0,0,0,0,0
409,512,32,8,2048,256,500,proj,512,512,512,wspp,512,4608,2048,2048,0,0,0,8192,0,0,0,0,0,0,0,0,16,0,7168,0,0
409,512,32,2,1024,4096,500,proj,512,512,512,wspp,512,4608,2048,2048,0,0,0,8192,0,0,0,0,0,0,0,0,64,0,4096,0,0
409,512,32,16,32,256,500,proj,512,512,512,wspp,32,288,2048,2048,0,0,0,512,0,0,0,0,7680,0,4320,0,8,0,480,7200,0
409,256,72,8,1024,14,500,proj,512,512,512,ispp,1024,4096,4608,0,0,14,0,4082,4096,0,0,0,0,0,0,0,8,4096,7168,0,0
409,128,80,32,32,204,500,proj,512,512,512,wspp,32,32,8960,0,0,56,112,0,56,0,3528,7056,0,3528,2016,0,0,10752,192,12096,0
409,512,32,8,2048,256,500,proj,512,512,512,wspp,512,4608,2048,2048,0,0,0,8192,0,0,0,0,0,0,0,0,16,0,7168,0,0
409,512,24,16,2048,170,500,proj,512,512,512,ispp,512,4608,2112,2112,0,0,0,11264,0,0,0,0,0,0,0,0,16,0,10240,0,0
409,512,32,2,1024,4096,500,proj,512,512,512,wspp,512,4608,2048,2048,0,0,0,8192,0,0,0,0,0,0,0,0,64,0,4096,0,0
409,512,40,2,1024,1638,500,proj,512,512,512,wsap,512,4608,2080,2080,0,0,0,6656,0,0,0,0,0,0,0,0,56,0,3072,0,0
409,512,32,16,32,256,500,proj,512,512,512,wspp,32,288,2048,2048,0,0,0,512,0,0,0,0,7680,0,4320,0,8,0,480,7200,0
409,512,40,16,16,409,500,proj,512,512,512,ispp,512,4608,66560,66560,0,0,0,6656,0,0,0,0,0,0,0,0,256,0,6144,0,0
409,256,72,8,1024,14,500,proj,512,512,512,ispp,1024,4096,4608,0,0,14,0,4082,4096,0,0,0,0,0,0,0,8,4096,7168,0,0
409,256,64,8,512,8,500,proj,512,512,512,wspp,512,2048,4096,0,0,8,0,2040,2048,0,0,0,2048,2048,2048,0,8,4096,3584,3584,0
409,128,80,32,32,204,500,proj,512,512,512,wspp,32,32,8960,0,0,56,112,0,56,0,3528,7056,0,3528,2016,0,0,10752,192,12096,0
409,256,72,16,16,455,500,proj,512,512,512,ispp,1024,4096,294912,0,0,4096,0,0,4096,0,0,0,0,0,0,0,256,4096,7168,0,0
409,512,32,8,2048,256,500,proj,512,512,512,wspp,512,4608,2048,2048,0,0,0,8192,0,0,0,0,0,0,0,0,16,0,7168,0,0
409,512,40,2,1024,1638,500,proj,512,512,512,wsap,512,4608,2080,2080,0,0,0,6656,0,0,0,0,0,0,0,0,56,0,3072,0,0
409,512,32,16,32,256,500,proj,512,512,512,wspp,32,288,2048,2048,0,0,0,512,0,0,0,0,7680,0,4320,0,8,0,480,7200,0
409,256,72,8,1024,14,500,proj,512,512,512,ispp,1024,4096,4608,0,0,14,0,4082,4096,0,0,0,0,0,0,0,8,4096,7168,0,0
409,128,80,32,32,204,500,proj,512,512,512,wspp,32,32,8960,0,0,56,112,0,56,0,3528,7056,0,3528,2016,0,0,10752,192,12096,0
409,512,32,8,2048,256,500,proj,512,512,512,wspp,512,4608,2048,2048,0,0,0,8192,0,0,0,0,0,0,0,0,16,0,7168,0,0
409,384,24,16,2730,341,500,proj,512,512,512,isap,1024,6144,4224,0,11264,0,0,11264,0,0,0,0,0,0,0,0,12,0,0,0,0
409,512,40,2,1024,1638,500,proj,512,512,512,wsap,512,4608,2080,2080,0,0,0,6656,0,0,0,0,0,0,0,0,56,0,3072,0,0
409,384,48,4,2730,1365,500,proj,512,512,512,wsap,1024,6144,4224,0,5632,0,0,5632,0,0,0,0,0,0,0,0,24,0,0,0,0
409,512,32,16,32,256,500,proj,512,512,512,wspp,32,288,2048,2048,0,0,0,512,0,0,0,0,7680,0,4320,0,8,0,480,7200,0
409,384,40,32,42,409,500,proj,512,512,512,ispp,1024,6144,104000,0,0,6656,0,0,6656,0,0,0,0,0,0,0,100,6656,12288,0,0
409,256,72,8,1024,14,500,proj,512,512,512,ispp,1024,4096,4608,0,0,14,0,4082,4096,0,0,0,0,0,0,0,8,4096,7168,0,0
409,128,72,4,1024,28,500,proj,512,512,512,isap,2048,2048,18432,0,12288,0,0,4096,0,0,0,0,0,0,0,0,0,0,0,0,0
409,128,80,32,32,204,500,proj,512,512,512,wspp,32,32,8960,0,0,56,112,0,56,0,3528,7056,0,3528,2016,0,0,10752,192,12096,0
409,128,80,32,16,102,500,proj,512,512,512,wspp,16,16,8960,0,0,28,56,0,28,0,3556,7112,0,3556,2032,0,0,10752,96,12192,0
409,512,32,8,2048,256,500,proj,512,512,512,wspp,512,4608,2048,2048,0,0,0,8192,0,0,0,0,0,0,0,0,16,0,7168,0,0
409,512,40,2,1024,1638,500,proj,512,512,512,wsap,512,4608,2080,2080,0,0,0,6656,0,0,0,0,0,0,0,0,56,0,3072,0,0
409,512,32,16,32,256,500,proj,512,512,512,wspp,32,288,2048,2048,0,0,0,512,0,0,0,0,7680,0,4320,0,8,0,480,7200,0
409,256,72,8,1024,14,500,proj,512,512,512,ispp,1024,4096,4608,0,0,14,0,4082,4096,0,0,0,0,0,0,0,8,4096,7168,0,0
409,128,80,32,16,102,500,proj,512,512,512,wspp,16,16,8960,0,0,28,56,0,28,0,3556,7112,0,3556,2032,0,0,10752,96,12192,0
409,512,32,8,2048,256,500,proj,512,512,512,wspp,512,4608,2048,2048,0,0,0,8192,0,0,0,0,0,0,0,0,16,0,7168,0,0
409,512,32,16,2048,256,500,proj,512,512,512,wsap,512,4608,2048,2048,0,0,0,8192,0,0,0,0,0,0,0,0,8,0,7680,0,0
409,512,40,2,1024,1638,500,proj,512,512,512,wsap,512,4608,2080,2080,0,0,0,6656,0,0,0,0,0,0,0,0,56,0,3072,0,0
409,384,32,4,682,1024,500,proj,512,512,512,wsap,682,4092,4096,0,5456,0,0,5456,0,2736,0,0,2736,0,32832,0,32,0,0,0,0
409,512,32,16,32,256,500,proj,512,512,512,wspp,32,288,2048,2048,0,0,0,512,0,0,0,0,7680,0,4320,0,8,0,480,7200,0
409,640,24,32,12,682,500,proj,512,512,512,wspp,12,132,2112,4224,0,0,0,264,0,0,0,0,11000,0,5500,0,12,0,252,10500,0
409,256,72,8,1024,14,500,proj,512,512,512,ispp,1024,4096,4608,0,0,14,0,4082,4096,0,0,0,0,0,0,0,8,4096,7168,0,0
409,256,64,16,2048,16,500,proj,512,512,512,isap,1024,4096,4096,0,4096,0,0,4096,0,0,0,0,0,0,0,0,4,0,0,0,0
409,128,80,32,16,102,500,proj,512,512,512,wspp,16,16,8960,0,0,28,56,0,28,0,3556,7112,0,3556,2032,0,0,10752,96,12192,0
409,128,72,16,16,227,500,proj,512,512,512,wsap,16,16,9216,0,96,0,0,32,0,12192,0,0,4064,0,16256,0,0,0,0,0,0
409,512,32,16,2048,256,500,proj,512,512,512,wsap,512,4608,2048,2048,0,0,0,8192,0,0,0,0,0,0,0,0,8,0,7680,0,0
409,512,40,2,1024,1638,500,proj,512,512,512,wsap,512,4608,2080,2080,0,0,0,6656,0,0,0,0,0,0,0,0,56,0,3072,0,0
409,512,32,16,32,256,500,proj,512,512,512,wspp,32,288,2048,2048,0,0,0,512,0,0,0,0,7680,0,4320,0,8,0,480,7200,0
409,256,64,16,2048,16,500,proj,512,512,512,isap,1024,4096,4096,0,4096,0,0,4096,0,0,0,0,0,0,0,0,4,0,0,0,0
409,128,80,32,16,102,500,proj,512,512,512,wspp,16,16,8960,0,0,28,56,0,28,0,3556,7112,0,3556,2032,0,0,10752,96,12192,0
409,512,32,16,2048,256,500,proj,512,512,512,wsap,512,4608,2048,2048,0,0,0,8192,0,0,0,0,0,0,0,0,8,0,7680,0,0
409,640,32,8,819,128,500,proj,512,512,512,wsap,512,5632,2048,4096,0,0,0,8192,0,0,0,0,0,0,0,0,24,0,7168,0,0
409,512,40,2,1024,1638,500,proj,512,512,512,wsap,512,4608,2080,2080,0,0,0,6656,0,0,0,0,0,0,0,0,56,0,3072,0,0
409,640,32,4,409,1024,500,proj,512,512,512,wspp,409,4499,2048,4096,0,0,0,6544,0,0,0,0,1648,0,4532,0,48,0,4908,1236,0
409,512,32,16,32,256,500,proj,512,512,512,wspp,32,288,2048,2048,0,0,0,512,0,0,0,0,7680,0,4320,0,8,0,480,7200,0
409,384,32,8,42,128,500,proj,512,512,512,wspp,42,252,4096,0,0,128,0,208,336,0,0,0,7856,7856,11784,3968,16,4224,588,13748,0
409,256,64,16,2048,16,500,proj,512,512,512,isap,1024,4096,4096,0,4096,0,0,4096,0,0,0,0,0,0,0,0,4,0,0,0,0
409,128,56,8,2048,18,500,proj,512,512,512,isap,2048,2048,8960,0,15360,0,0,5120,0,0,0,0,0,0,0,0,0,0,0,0,0
409,128,80,32,16,102,500,proj,512,512,512,wspp,16,16,8960,0,0,28,56,0,28,0,3556,7112,0,3556,2032,0,0,10752,96,12192,0
409,128,80,64,16,204,500,proj,512,512,512,wsap,16,16,8960,0,84,0,0,28,0,10668,0,0,3556,0,14224,0,0,0,0,0,0
409,512,32,16,2048,256,500,proj,512,512,512,wsap,512,4608,2048,2048,0,0,0,8192,0,0,0,0,0,0,0,0,8,0,7680,0,0
409,512,40,2,1024,1638,500,proj,512,512,512,wsap,512,4608,2080,2080,0,0,0,6656,0,0,0,0,0,0,0,0,56,0,3072,0,0
409,512,32,16,32,256,500,proj,512,512,512,wspp,32,288,2048,2048,0,0,0,512,0,0,0,0,7680,0,4320,0,8,0,480,7200,0
409,256,64,16,2048,16,500,proj,512,512,512,isap,1024,4096,4096,0,4096,0,0,4096,0,0,0,0,0,0,0,0,4,0,0,0,0
409,128,80,32,16,102,500,proj,512,512,512,wspp,16,16,8960,0,0,28,56,0,28,0,3556,7112,0,3556,2032,0,0,10752,96,12192,0
409,512,32,16,2048,256,500,proj,512,512,512,wsap,512,4608,2048,2048,0,0,0,8192,0,0,0,0,0,0,0,0,8,0,7680,0,0
409,384,40,16,2730,102,500,proj,512,512,512,wsap,1024,6144,4160,0,6656,0,0,6656,0,0,0,0,0,0,0,0,8,0,0,0,0
409,512,40,2,1024,1638,500,proj,512,512,512,wsap,512,4608,2080,2080,0,0,0,6656,0,0,0,0,0,0,0,0,56,0,3072,0,0
409,512,32,4,512,1024,500,proj,512,512,512,ispp,512,4608,2048,2048,0,0,0,8192,0,0,0,0,0,0,0,0,32,0,6144,0,0
409,512,32,16,32,256,500,proj,512,512,512,wspp,32,288,2048,2048,0,0,0,512,0,0,0,0,7680,0,4320,0,8,0,480,7200,0
409,512,40,8,16,102,500,proj,512,512,512,isap,512,4608,66560,66560,0,0,0,6656,0,0,0,0,0,0,0,0,512,0,5632,0,0
409,256,64,16,2048,16,500,proj,512,512,512,isap,1024,4096,4096,0,4096,0,0,4096,0,0,0,0,0,0,0,0,4,0,0,0,0
409,256,64,8,2048,32,500,proj,512,512,512,wspp,1024,4096,4096,0,0,32,0,4064,4096,0,0,0,0,0,0,0,8,4096,7168,0,0
409,128,80,32,16,102,500,proj,512,512,512,wspp,16,16,8960,0,0,28,56,0,28,0,3556,7112,0,3556,2032,0,0,10752,96,12192,0
409,128,80,32,16,51,500,proj,512,512,512,wsap,16,16,8960,0,84,0,0,28,0,10668,0,0,3556,0,14224,0,0,0,0,0,0
409,512,32,16,2048,256,500,proj,512,512,512,wsap,512,4608,2048,2048,0,0,0,8192,0,0,0,0,0,0,0,0,8,0,7680,0,0
409,512,32,4,512,1024,500,proj,512,512,512,ispp,512,4608,2048,2048,0,0,0,8192,0,0,0,0,0,0,0,0,32,0,6144,0,0
409,512,32,16,32,256,500,proj,512,512,512,wspp,32,288,2048,2048,0,0,0,512,0,0,0,0,7680,0,4320,0,8,0,480,7200,0
409,256,64,8,2048,32,500,proj,512,512,512,wspp,1024,4096,4096,0,0,32,0,4064,4096,0,0,0,0,0,0,0,8,4096,7168,0,0
409,128,80,32,16,102,500,proj,512,512,512,wspp,16,16,8960,0,0,28,56,0,28,0,3556,7112,0,3556,2032,0,0,10752,96,12192,0
409,512,32,16,2048,256,500,proj,512,512,512,wsap,512,4608,2048,2048,0,0,0,8192,0,0,0,0,0,0,0,0,8,0,7680,0,0
409,384,24,32,5461,170,500,proj,512,512,512,wsap,1024,6144,4224,0,11264,0,0,11264,0,0,0,0,0,0,0,0,8,0,0,0,0
409,512,32,4,512,1024,500,proj,512,512,512,ispp,512,4608,2048,2048,0,0,0,8192,0,0,0,0,0,0,0,0,32,0,6144,0,0
409,512,32,4,512,2048,500,proj,512,512,512,wsap,512,4608,2048,2048,0,0,0,8192,0,0,0,0,0,0,0,0,32,0,6144,0,0
409,512,32,16,32,256,500,proj,512,512,512,wspp,32,288,2048,2048,0,0,0,512,0,0,0,0,7680,0,4320,0,8,0,480,7200,0
409,512,24,8,16,170,500,proj,512,512,512,ispp,512,4608,67584,67584,0,0,0,11264,0,0,0,0,0,0,0,0,768,0,9728,0,0
409,256,64,8,2048,32,500,proj,512,512,512,wspp,1024,4096,4096,0,0,32,0,4064,4096,0,0,0,0,0,0,0,8,4096,7168,0,0
409,256,72,16,1024,14,500,proj,512,512,512,ispp,1024,4096,4608,0,0,4096,0,0,4096,0,0,0,0,0,0,0,4,4096,7168,0,0
409,128,80,32,16,102,500,proj,512,512,512,wspp,16,16,8960,0,0,28,56,0,28,0,3556,7112,0,3556,2032,0,0,10752,96,12192,0
409,128,88,32,16,93,500,proj,512,512,512,wsap,16,16,8448,0,72,0,0,24,0,9144,0,0,3048,0,12192,0,0,0,0,0,0
409,512,32,16,2048,256,500,proj,512,512,512,wsap,512,4608,2048,2048,0,0,0,8192,0,0,0,0,0,0,0,0,8,0,7680,0,0
409,512,32,4,512,2048,500,proj,512,512,512,wsap,512,4608,2048,2048,0,0,0,8192,0,0,0,0,0,0,0,0,32,0,6144,0,0
409,512,32,16,32,256,500,proj,512,512,512,wspp,32,288,2048,2048,0,0,0,512,0,0,0,0,7680,0,4320,0,8,0,480,7200,0
409,256,64,8,2048,32,500,proj,512,512,512,wspp,1024,4096,4096,0,0,32,0,4064,4096,0,0,0,0,0,0,0,8,4096,7168,0,0
409,128,80,32,16,102,500,proj,512,512,512,wspp,16,16,8960,0,0,28,56,0,28,0,3556,7112,0,3556,2032,0,0,10752,96,12192,0
409,512,32,16,2048,256,500,proj,512,512,512,wsap,512,4608,2048,2048,0,0,0,8192,0,0,0,0,0,0,0,0,8,0,7680,0,0
409,640,24,32,819,341,500,proj,512,512,512,wsap,512,5632,2112,4224,0,0,0,11264,0,0,0,0,0,0,0,0,12,0,10752,0,0
409,512,32,4,512,2048,500,proj,512,512,512,wsap,512,4608,2048,2048,0,0,0,8192,0,0,0,0,0,0,0,0,32,0,6144,0,0
409,512,32,4,256,4096,500,proj,512,512,512,wsap,256,2304,2048,2048,0,0,0,4096,0,0,0,0,4096,0,9216,0,32,0,3072,3072,0
409,512,32,16,32,256,500,proj,512,512,512,wspp,32,288,2048,2048,0,0,0,512,0,0,0,0,7680,0,4320,0,8,0,480,7200,0
409,384,40,8,85,102,500,proj,512,512,512,wsap,84,504,4160,0,546,0,0,546,0,6110,0,0,6110,0,73320,0,16,0,0,0,0
409,256,64,8,2048,32,500,proj,512,512,512,wspp,1024,4096,4096,0,0,32,0,4064,4096,0,0,0,0,0,0,0,8,4096,7168,0,0
409,256,64,8,1024,64,500,proj,512,512,512,isap,1024,4096,4096,0,4096,0,0,4096,0,0,0,0,0,0,0,0,8,0,0,0,0
409,128,80,32,16,102,500,proj,512,512,512,wspp,16,16,8960,0,0,28,56,0,28,0,3556,7112,0,3556,2032,0,0,10752,96,12192,0
409,128,80,64,16,102,500,proj,512,512,512,ispp,2048,2048,1146880,0,0,3584,7168,0,3584,0,0,0,0,0,0,0,0,10752,12288,0,0
409,512,32,16,2048,256,500,proj,512,512,512,wsap,512,4608,2048,2048,0,0,0,8192,0,0,0,0,0,0,0,0,8,0,7680,0,0
409,512,32,4,512,2048,500,proj,512,512,512,wsap,512,4608,2048,2048,0,0,0,8192,0,0,0,0,0,0,0,0,32,0,6144,0,0
409,512,32,16,32,256,500,proj,512,512,512,wspp,32,288,2048,2048,0,0,0,512,0,0,0,0,7680,0,4320,0,8,0,480,7200,0
409,256,64,8,1024,64,500,proj,512,512,512,isap,1024,4096,4096,0,4096,0,0,4096,0,0,0,0,0,0,0,0,8,0,0,0,0
409,128,80,32,16,102,500,proj,512,512,512,wspp,16,16,8960,0,0,28,56,0,28,0,3556,7112,0,3556,2032,0,0,10752,96,12192,0
409,512,32,16,2048,256,500,proj,512,512,512,wsap,512,4608,2048,2048,0,0,0,8192,0,0,0,0,0,0,0,0,8,0,7680,0,0
409,384,32,8,1365,128,500,proj,512,512,512,ispp,1024,6144,4096,0,0,128,0,8064,8192,0,0,0,0,0,0,3968,16,4224,14336,0,0
409,512,32,4,512,2048,500,proj,512,512,512,wsap,512,4608,2048,2048,0,0,0,8192,0,0,0,0,0,0,0,0,32,0,6144,0,0
409,512,32,8,1024,4096,500,proj,512,512,512,isap,512,4608,2048,2048,0,0,0,8192,0,0,0,0,0,0,0,0,16,0,7168,0,0
409,512,32,16,32,256,500,proj,512,512,512,wspp,32,288,2048,2048,0,0,0,512,0,0,0,0,7680,0,4320,0,8,0,480,7200,0
409,512,24,32,64,170,500,proj,512,512,512,ispp,512,4608,16896,16896,0,0,0,11264,0,0,0,0,0,0,0,0,64,0,10752,0,0
409,256,64,8,1024,64,500,proj,512,512,512,isap,1024,4096,4096,0,4096,0,0,4096,0,0,0,0,0,0,0,0,8,0,0,0,0
409,128,72,16,4096,113,500,proj,512,512,512,ispp,2048,2048,9216,0,0,113,4209,3983,8079,0,0,0,0,0,0,7966,0,8305,14336,0,0
409,128,80,32,16,102,500,proj,512,512,512,wspp,16,16,8960,0,0,28,56,0,28,0,3556,7112,0,3556,2032,0,0,10752,96,12192,0
409,256,80,16,16,102,500,proj,512,512,512,ispp,1024,4096,286720,0,0,3584,0,0,3584,0,0,0,0,0,0,0,256,3584,6144,0,0
409,512,32,16,2048,256,500,proj,512,512,512,wsap,512,4608,2048,2048,0,0,0,8192,0,0,0,0,0,0,0,0,8,0,7680,0,0
409,512,32,8,1024,4096,500,proj,512,512,512,isap,512,4608,2048,2048,0,0,0,8192,0,0,0,0,0,0,0,0,16,0,7168,0,0
409,512,32,16,32,256,500,proj,512,512,512,wspp,32,288,2048,2048,0,0,0,512,0,0,0,0,7680,0,4320,0,8,0,480,7200,0
409,256,64,8,1024,64,500,proj,512,512,512,isap,1024,4096,4096,0,4096,0,0,4096,0,0,0,0,0,0,0,0,8,0,0,0,0
409,128,80,32,16,102,500,proj,512,512,512,wspp,16,16,8960,0,0,28,56,0,28,0,3556,7112,0,3556,2032,0,0,10752,96,12192,0
409,512,32,16,2048,256,500,proj,512,512,512,wsap,512,4608,2048,2048,0,0,0,8192,0,0,0,0,0,0,0,0,8,0,7680,0,0
409,384,40,16,1365,102,500,proj,512,512,512,wspp,1024,6144,4160,0,0,131,0,6525,6656,0,0,0,0,0,0,1503,8,5153,11776,0,0
409,512,32,8,1024,4096,500,proj,512,512,512,isap,512,4608,2048,2048,0,0,0,8192,0,0,0,0,0,0,0,0,16,0,7168,0,0
409,640,24,8,819,5461,500,proj,512,512,512,ispp,512,5632,2112,4224,0,0,0,11264,0,0,0,0,0,0,0,0,36,0,9728,0,0
409,512,32,16,32,256,500,proj,512,512,512,wspp,32,288,2048,2048,0,0,0,512,0,0,0,0,7680,0,4320,0,8,0,480,7200,0
409,640,32,8,12,256,500,proj,512,512,512,wspp,12,132,2048,4096,0,0,0,192,0,0,0,0,8000,0,11000,0,24,0,168,7000,0
409,256,64,8,1024,64,500,proj,512,512,512,isap,1024,4096,4096,0,4096,0,0,4096,0,0,0,0,0,0,0,0,8,0,0,0,0
409,256,72,4,512,28,500,proj,512,512,512,wspp,512,2048,4608,0,0,28,0,2020,2048,0,0,0,2048,2048,4096,4040,16,2076,3072,3072,0
409,128,80,32,16,102,500,proj,512,512,512,wspp,16,16,8960,0,0,28,56,0,28,0,3556,7112,0,3556,2032,0,0,10752,96,12192,0
409,128,88,64,16,186,500,proj,512,512,512,isap,2048,2048,1081344,0,9216,0,0,3072,0,0,0,0,0,0,0,0,0,0,0,0,0
409,512,32,16,2048,256,500,proj,512,512,512,wsap,512,4608,2048,2048,0,0,0,8192,0,0,0,0,0,0,0,0,8,0,7680,0,0
409,512,32,8,1024,4096,500,proj,512,512,512,isap,512,4608,2048,2048,0,0,0,8192,0,0,0,0,0,0,0,0,16,0,7168,0,0
409,512,32,16,32,256,500,proj,512,512,512,wspp,32,288,2048,2048,0,0,0,512,0,0,0,0,7680,0,4320,0,8,0,480,7200,0
409,256,64,8,1024,64,500,proj,512,512,512,isap,1024,4096,4096,0,4096,0,0,4096,0,0,0,0,0,0,0,0,8,0,0,0,0
409,128,80,32,16,102,500,proj,512,512,512,wspp,16,16,8960,0,0,28,56,0,28,0,3556,7112,0,3556,2032,0,0,10752,96,12192,0
409,512,32,16,2048,256,500,proj,512,512,512,wsap,512,4608,2048,2048,0,0,0,8192,0,0,0,0,0,0,0,0,8,0,7680,0,0
409,384,24,16,5461,682,500,proj,512,512,512,isap,1024,6144,4224,0,11264,0,0,11264,0,0,0,0,0,0,0,0,12,0,0,0,0
409,512,32,8,1024,4096,500,proj,512,512,512,isap,512,4608,2048,2048,0,0,0,8192,0,0,0,0,0,0,0,0,16,0,7168,0,0
409,384,24,8,682,5461,500,proj,512,512,512,wsap,682,4092,4224,0,7502,0,0,7502,0,3762,0,0,3762,0,45144,0,24,0,0,0,0
409,512,32,16,32,256,500,proj,512,512,512,wspp,32,288,2048,2048,0,0,0,512,0,0,0,0,7680,0,4320,0,8,0,480,7200,0
409,384,32,8,21,128,500,proj,512,512,512,wspp,20,120,4096,0,0,128,0,32,160,0,0,0,8032,8032,12048,3968,16,4224,280,14056,0
409,256,64,8,1024,64,500,proj,512,512,512,isap,1024,4096,4096,0,4096,0,0,4096,0,0,0,0,0,0,0,0,8,0,0,0,0
409,256,64,4,512,128,500,proj,512,512,512,ispp,1024,4096,8192,0,0,256,0,3840,4096,0,0,0,0,0,0,3584,32,2304,6144,0,0
409,128,80,32,16,102,500,proj,512,512,512,wspp,16,16,8960,0,0,28,56,0,28,0,3556,7112,0,3556,2032,0,0,10752,96,12192,0
409,128,72,16,16,56,500,proj,512,512,512,wsap,16,16,9216,0,96,0,0,32,0,12192,0,0,4064,0,16256,0,0,0,0,0,0
409,512,32,16,2048,256,500,proj,512,512,512,wsap,512,4608,2048,2048,0,0,0,8192,0,0,0,0,0,0,0,0,8,0,7680,0,0
409,512,32,8,1024,4096,500,proj,512,512,512,isap,512,4608,2048,2048,0,0,0,8192,0,0,0,0,0,0,0,0,16,0,7168,0,0
409,512,32,16,32,256,500,proj,512,512,512,wspp,32,288,2048,2048,0,0,0,512,0,0,0,0,7680,0,4320,0,8,0,480,7200,0
409,256,64,8,1024,64,500,proj,512,512,512,isap,1024,4096,4096,0,4096,0,0,4096,0,0,0,0,0,0,0,0,8,0,0,0,0
409,128,80,32,16,102,500,proj,512,512,512,wspp,16,16,8960,0,0,28,56,0,28,0,3556,7112,0,3556,2032,0,0,10752,96,12192,0
409,512,32,16,2048,256,500,proj,512,512,512,wsap,512,4608,2048,2048,0,0,0,8192,0,0,0,0,0,0,0,0,8,0,7680,0,0
409,384,24,16,5461,682,500,proj,512,512,512,wspp,1024,6144,4224,0,0,832,0,10432,11264,0,0,0,0,0,0,4550,12,6714,20480,0,0
409,512,32,8,1024,4096,500,proj,512,512,512,isap,512,4608,2048,2048,0,0,0,8192,0,0,0,0,0,0,0,0,16,0,7168,0,0
409,512,24,8,1024,10922,500,proj,512,512,512,wsap,512,4608,2112,2112,0,0,0,11264,0,0,0,0,0,0,0,0,24,0,9728,0,0
409,512,32,16,32,256,500,proj,512,512,512,wspp,32,288,2048,2048,0,0,0,512,0,0,0,0,7680,0,4320,0,8,0,480,7200,0
409,384,40,16,42,102,500,proj,512,512,512,wsap,42,252,4160,0,273,0,0,273,0,6383,0,0,6383,0,76596,0,8,0,0,0,0
409,256,64,8,1024,64,500,proj,512,512,512,isap,1024,4096,4096,0,4096,0,0,4096,0,0,0,0,0,0,0,0,8,0,0,0,0
409,128,64,8,1024,128,500,proj,512,512,512,isap,2048,2048,16384,0,12288,0,0,4096,0,0,0,0,0,0,0,0,0,0,0,0,0
409,128,80,32,16,102,500,proj,512,512,512,wspp,16,16,8960,0,0,28,56,0,28,0,3556,7112,0,3556,2032,0,0,10752,96,12192,0
409,128,88,16,32,46,500,proj,512,512,512,isap,2048,2048,540672,0,9216,0,0,3072,0,0,0,0,0,0,0,0,0,0,0,0,0
409,512,32,16,2048,256,500,proj,512,512,512,wsap,512,4608,2048,2048,0,0,0,8192,0,0,0,0,0,0,0,0,8,0,7680,0,0
409,512,32,8,1024,4096,500,proj,512,512,512,isap,512,4608,2048,2048,0,0,0,8192,0,0,0,0,0,0,0,0,16,0,7168,0,0
409,512,32,16,32,256,500,proj,512,512,512,wspp,32,288,2048,2048,0,0,0,512,0,0,0,0,7680,0,4320,0,8,0,480,7200,0
409,256,64,8,1024,64,500,proj,512,512,512,isap,1024,4096,4096,0,4096,0,0,4096,0,0,0,0,0,0,0,0,8,0,0,0,0
409,128,80,32,16,102,500,proj,512,512,512,wspp,16,16,8960,0,0,28,56,0,28,0,3556,7112,0,3556,2032,0,0,10752,96,12192,0
409,512,32,16,2048,256,500,proj,512,512,512,wsap,512,4608,2048,2048,0,0,0,8192,0,0,0,0,0,0,0,0,8,0,7680,0,0
409,640,24,32,819,341,500,proj,512,512,512,ispp,512,5632,2112,4224,0,0,0,11264,0,0,0,0,0,0,0,0,12,0,10752,0,0
409,512,32,8,1024,4096,500,proj,512,512,512,isap,512,4608,2048,2048,0,0,0,8192,0,0,0,0,0,0,0,0,16,0,7168,0,0
409,384,24,4,682,5461,500,proj,512,512,512,ispp,1024,6144,8448,0,0,9272,0,1992,11264,0,0,0,0,0,0,134,88,11130,16384,0,0
409,512,32,16,32,256,500,proj,512,512,512,wspp,32,288,2048,2048,0,0,0,512,0,0,0,0,7680,0,4320,0,8,0,480,7200,0
409,512,40,16,64,204,500,proj,512,512,512,isap,512,4608,16640,16640,0,0,0,6656,0,0,0,0,0,0,0,0,64,0,6144,0,0
409,256,64,8,1024,64,500,proj,512,512,512,isap,1024,4096,4096,0,4096,0,0,4096,0,0,0,0,0,0,0,0,8,0,0,0,0
409,256,64,8,512,32,500,proj,512,512,512,ispp,1024,4096,8192,0,0,64,0,4032,4096,0,0,0,0,0,0,0,16,4096,7168,0,0
409,128,80,32,16,102,500,proj,512,512,512,wspp,16,16,8960,0,0,28,56,0,28,0,3556,7112,0,3556,2032,0,0,10752,96,12192,0
409,128,72,16,32,113,500,proj,512,512,512,wspp,32,32,9216,0,0,64,128,0,64,0,49,4081,3983,8015,2016,7966,0,8305,224,14112,0
409,512,32,16,2048,256,500,proj,512,512,512,wsap,512,4608,2048,2048,0,0,0,8192,0,0,0,0,0,0,0,0,8,0,7680,0,0
409,512,32,8,1024,4096,500,proj,512,512,512,isap,512,4608,2048,2048,0,0,0,8192,0,0,0,0,0,0,0,0,16,0,7168,0,0
409,512,32,16,32,256,500,proj,512,512,512,wspp,32,288,2048,2048,0,0,0,512,0,0,0,0,7680,0,4320,0,8,0,480,7200,0
409,256,64,8,1024,64,500,proj,512,512,512,isap,1024,4096,4096,0,4096,0,0,4096,0,0,0,0,0,0,0,0,8,0,0,0,0
409,128,72,16,32,113,500,proj,512,512,512,wspp,32,32,9216,0,0,64,128,0,64,0,49,4081,3983,8015,2016,7966,0,8305,224,14112,0
409,512,32,16,2048,256,500,proj,512,512,512,wsap,512,4608,2048,2048,0,0,0,8192,0,0,0,0,0,0,0,0,8,0,7680,0,0
409,384,32,32,2730,512,500,proj,512,512,512,ispp,1024,6144,4096,0,0,8192,0,0,8192,0,0,0,0,0,0,0,4,8192,15360,0,0
409,512,32,8,1024,4096,500,proj,512,512,512,isap,512,4608,2048,2048,0,0,0,8192,0,0,0,0,0,0,0,0,16,0,7168,0,0
409,384,32,16,2730,4096,500,proj,512,512,512,ispp,1024,6144,4096,0,0,4096,0,4096,8192,0,0,0,0,0,0,0,8,8192,15360,0,0
409,512,32,16,32,256,500,proj,512,512,512,wspp,32,288,2048,2048,0,0,0,512,0,0,0,0,7680,0,4320,0,8,0,480,7200,0
409,512,24,8,32,682,500,proj,512,512,512,ispp,512,4608,33792,33792,0,0,0,11264,0,0,0,0,0,0,0,0,384,0,9728,0,0
409,256,64,8,1024,64,500,proj,512,512,512,isap,1024,4096,4096,0,4096,0,0,4096,0,0,0,0,0,0,0,0,8,0,0,0,0
409,384,64,4,682,32,500,proj,512,512,512,wspp,682,4092,4096,0,0,32,0,2696,2728,0,0,0,1368,1368,4104,4032,16,2080,4092,2052,0
409,128,72,16,32,113,500,proj,512,512,512,wspp,32,32,9216,0,0,64,128,0,64,0,49,4081,3983,8015,2016,7966,0,8305,224,14112,0
409,256,64,16,8,64,500,proj,512,512,512,isap,1024,4096,524288,0,4096,0,0,4096,0,0,0,0,0,0,0,0,512,0,0,0,0
409,512,32,16,2048,256,500,proj,512,512,512,wsap,512,4608,2048,2048,0,0,0,8192,0,0,0,0,0,0,0,0,8,0,7680,0,0
409,512,32,8,1024,4096,500,proj,512,512,512,isap,512,4608,2048,2048,0,0,0,8192,0,0,0,0,0,0,0,0,16,0,7168,0,0
409,512,32,16,32,256,500,proj,512,512,512,wspp,32,288,2048,2048,0,0,0,512,0,0,0,0,7680,0,4320,0,8,0,480,7200,0
409,256,64,8,1024,64,500,proj,512,512,512,isap,1024,4096,4096,0,4096,0,0,4096,0,0,0,0,0,0,0,0,8,0,0,0,0
409,128,72,16,32,113,500,proj,512,512,512,wspp,32,32,9216,0,0,64,128,0,64,0,49,4081,3983,8015,2016,7966,0,8305,224,14112,0
409,512,32,16,2048,256,500,proj,512,512,512,wsap,512,4608,2048,2048,0,0,0,8192,0,0,0,0,0,0,0,0,8,0,7680,0,0
409,384,32,16,5461,128,500,proj,512,512,512,wspp,1024,6144,4096,0,0,128,0,8064,8192,0,0,0,0,0,0,0,8,8192,15360,0,0
409,512,32,8,1024,4096,500,proj,512,512,512,isap,512,4608,2048,2048,0,0,0,8192,0,0,0,0,0,0,0,0,16,0,7168,0,0
409,512,24,8,512,5461,500,proj,512,512,512,isap,512,4608,2112,2112,0,0,0,11264,0,0,0,0,0,0,0,0,24,0,9728,0,0
409,512,32,16,32,256,500,proj,512,512,512,wspp,32,288,2048,2048,0,0,0,512,0,0,0,0,7680,0,4320,0,8,0,480,7200,0
409,384,40,8,21,409,500,proj,512,512,512,wspp,20,120,4160,0,0,130,0,0,130,0,325,0,6201,6526,15060,2397,16,4259,210,10542,0
409,256,64,8,1024,64,500,proj,512,512,512,isap,1024,4096,4096,0,4096,0,0,4096,0,0,0,0,0,0,0,0,8,0,0,0,0
409,256,72,4,2048,113,500,proj,512,512,512,ispp,1024,4096,4608,0,0,113,0,3983,4096,0,0,0,0,0,0,3864,16,2164,6144,0,0
409,128,72,16,32,113,500,proj,512,512,512,wspp,32,32,9216,0,0,64,128,0,64,0,49,4081,3983,8015,2016,7966,0,8305,224,14112,0
409,256,80,8,32,51,500,proj,512,512,512,wspp,32,128,4480,0,0,59,0,53,112,0,0,0,3472,3472,5952,1006,8,3081,176,5456,0
409,512,32,16,2048,256,500,proj,512,512,512,wsap,512,4608,2048,2048,0,0,0,8192,0,0,0,0,0,0,0,0,8,0,7680,0,0
409,512,32,8,1024,4096,500,proj,512,512,512,isap,512,4608,2048,2048,0,0,0,8192,0,0,0,0,0,0,0,0,16,0,7168,0,0
409,512,32,16,32,256,500,proj,512,512,512,wspp,32,288,2048,2048,0,0,0,512,0,0,0,0,7680,0,4320,0,8,0,480,7200,0
409,256,64,8,1024,64,500,proj,512,512,512,isap,1024,4096,4096,0,4096,0,0,4096,0,0,0,0,0,0,0,0,8,0,0,0,0
409,256,80,8,32,51,500,proj,512,512,512,wspp,32,128,4480,0,0,59,0,53,112,0,0,0,3472,3472,5952,1006,8,3081,176,5456,0
409,512,32,16,2048,256,500,proj,512,512,512,wsap,512,4608,2048,2048,0,0,0,8192,0,0,0,0,0,0,0,0,8,0,7680,0,0
409,640,24,8,1638,341,500,proj,512,512,512,ispp,512,5632,2112,4224,0,0,0,11264,0,0,0,0,0,0,0,0,36,0,9728,0,0
409,512,32,8,1024,4096,500,proj,512,512,512,isap,512,4608,2048,2048,0,0,0,8192,0,0,0,0,0,0,0,0,16,0,7168,0,0
409,512,24,8,1024,5461,500,proj,512,512,512,wsap,512,4608,2112,2112,0,0,0,11264,0,0,0,0,0,0,0,0,24,0,9728,0,0
409,512,32,16,32,256,500,proj,512,512,512,wspp,32,288,2048,2048,0,0,0,512,0,0,0,0,7680,0,4320,0,8,0,480,7200,0
409,512,40,16,32,102,500,proj,512,512,512,ispp,512,4608,33280,33280,0,0,0,6656,0,0,0,0,0,0,0,0,128,0,6144,0,0
409,256,64,8,1024,64,500,proj,512,512,512,isap,1024,4096,4096,0,4096,0,0,4096,0,0,0,0,0,0,0,0,8,0,0,0,0
409,128,72,8,4096,113,500,proj,512,512,512,isap,2048,2048,9216,0,12288,0,0,4096,0,0,0,0,0,0,0,0,0,0,0,0,0
409,256,80,8,32,51,500,proj,512,512,512,wspp,32,128,4480,0,0,59,0,53,112,0,0,0,3472,3472,5952,1006,8,3081,176,5456,0
409,256,72,8,16,28,500,proj,512,512,512,ispp,1024,4096,294912,0,0,1792,0,2304,4096,0,0,0,0,0,0,0,512,4096,7168,0,0
409,512,32,16,2048,256,500,proj,512,512,512,wsap,512,4608,2048,2048,0,0,0,8192,0,0,0,0,0,0,0,0,8,0,7680,0,0
409,512,32,8,1024,4096,500,proj,512,512,512,isap,512,4608,2048,2048,0,0,0,8192,0,0,0,0,0,0,0,0,16,0,7168,0,0
409,512,32,16,32,256,500,proj,512,512,512,wspp,32,288,2048,2048,0,0,0,512,0,0,0,0,7680,0,4320,0,8,0,480,7200,0
409,256,64,8,1024,64,500,proj,512,512,512,isap,1024,4096,4096,0,4096,0,0,4096,0,0,0,0,0,0,0,0,8,0,0,0,0
409,256,80,8,32,51,500,proj,512,512,512,wspp,32,128,4480,0,0,59,0,53,112,0,0,0,3472,3472,5952,1006,8,3081,176,5456,0
409,512,32,16,2048,256,500,proj,512,512,512,wsap,512,4608,2048,2048,0,0,0,8192,0,0,0,0,0,0,0,0,8,0,7680,0,0
409,512,40,8,1024,204,500,proj,512,512,512,wsap,512,4608,2080,2080,0,0,0,6656,0,0,0,0,0,0,0,0,16,0,5632,0,0
409,512,32,8,1024,4096,500,proj,512,512,512,isap,512,4608,2048,2048,0,0,0,8192,0,0,0,0,0,0,0,0,16,0,7168,0,0
409,640,24,16,409,5461,500,proj,512,512,512,isap,512,5632,4224,8448,0,0,0,11264,0,0,0,0,0,0,0,0,48,0,10240,0,0
409,512,32,16,32,256,500,proj,512,512,512,wspp,32,288,2048,2048,0,0,0,512,0,0,0,0,7680,0,4320,0,8,0,480,7200,0
409,384,24,16,85,170,500,proj,512,512,512,isap,1024,6144,54912,0,11264,0,0,11264,0,0,0,0,0,0,0,0,156,0,0,0,0
409,256,64,8,1024,64,500,proj,512,512,512,isap,1024,4096,4096,0,4096,0,0,4096,0,0,0,0,0,0,0,0,8,0,0,0,0
409,128,72,16,4096,56,500,proj,512,512,512,wsap,2048,2048,9216,0,12288,0,0,4096,0,0,0,0,0,0,0,0,0,0,0,0,0
409,256,80,8,32,51,500,proj,512,512,512,wspp,32,128,4480,0,0,59,0,53,112,0,0,0,3472,3472,5952,1006,8,3081,176,5456,0
409,256,72,4,64,113,500,proj,512,512,512,ispp,1024,4096,73728,0,0,1808,0,2288,4096,0,0,0,0,0,0,384,256,3904,6144,0,0
409,512,40,8,1024,204,500,proj,512,512,512,wsap,512,4608,2080,2080,0,0,0,6656,0,0,0,0,0,0,0,0,16,0,5632,0,0
409,512,32,8,1024,4096,500,proj,512,512,512,isap,512,4608,2048,2048,0,0,0,8192,0,0,0,0,0,0,0,0,16,0,7168,0,0
409,512,32,16,32,256,500,proj,512,512,512,wspp,32,288,2048,2048,0,0,0,512,0,0,0,0,7680,0,4320,0,8,0,480,7200,0
409,256,64,8,1024,64,500,proj,512,512,512,isap,1024,4096,4096,0,4096,0,0,4096,0,0,0,0,0,0,0,0,8,0,0,0,0
409,256,80,8,32,51,500,proj,512,512,512,wspp,32,128,4480,0,0,59,0,53,112,0,0,0,3472,3472,5952,1006,8,3081,176,5456,0
409,512,40,8,1024,204,500,proj,512,512,512,wsap,512,4608,2080,2080,0,0,0,6656,0,0,0,0,0,0,0,0,16,0,5632,0,0
409,384,32,16,682,256,500,proj,512,512,512,wspp,682,4092,4096,0,0,256,0,5200,5456,0,0,0,2736,2736,2052,0,8,8192,10230,5130,0
409,512,32,8,1024,4096,500,proj,512,512,512,isap,512,4608,2048,2048,0,0,0,8192,0,0,0,0,0,0,0,0,16,0,7168,0,0
409,512,24,4,2048,2730,500,proj,512,512,512,wsap,512,4608,2112,2112,0,0,0,11264,0,0,0,0,0,0,0,0,48,0,8192,0,0
409,512,32,16,32,256,500,proj,512,512,512,wspp,32,288,2048,2048,0,0,0,512,0,0,0,0,7680,0,4320,0,8,0,480,7200,0
409,640,24,8,12,682,500,proj,512,512,512,isap,512,5632,90816,181632,0,0,0,11264,0,0,0,0,0,0,0,0,1548,0,9728,0,0
409,256,64,8,1024,64,500,proj,512,512,512,isap,1024,4096,4096,0,4096,0,0,4096,0,0,0,0,0,0,0,0,8,0,0,0,0
409,128,56,16,1024,36,500,proj,512,512,512,ispp,2048,2048,17920,0,0,72,168,5048,15192,0,0,0,0,0,0,22152,0,4284,17408,0,0
409,256,80,8,32,51,500,proj,512,512,512,wspp,32,128,4480,0,0,59,0,53,112,0,0,0,3472,3472,5952,1006,8,3081,176,5456,0
409,256,80,8,32,51,500,proj,512,512,512,isap,1024,4096,143360,0,3584,0,0,3584,0,0,0,0,0,0,0,0,256,0,0,0,0
409,512,40,8,1024,204,500,proj,512,512,512,wsap,512,4608,2080,2080,0,0,0,6656,0,0,0,0,0,0,0,0,16,0,5632,0,0
409,512,32,8,1024,4096,500,proj,512,512,512,isap,512,4608,2048,2048,0,0,0,8192,0,0,0,0,0,0,0,0,16,0,7168,0,0
409,512,32,16,32,256,500,proj,512,512,512,wspp,32,288,2048,2048,0,0,0,512,0,0,0,0,7680,0,4320,0,8,0,480,7200,0
409,256,64,8,1024,64,500,proj,512,512,512,isap,1024,4096,4096,0,4096,0,0,4096,0,0,0,0,0,0,0,0,8,0,0,0,0
409,256,80,8,32,51,500,proj,512,512,512,wspp,32,128,4480,0,0,59,0,53,112,0,0,0,3472,3472,5952,1006,8,3081,176,5456,0
409,512,40,8,1024,204,500,proj,512,512,512,wsap,512,4608,2080,2080,0,0,0,6656,0,0,0,0,0,0,0,0,16,0,5632,0,0
409,512,40,4,2048,204,500,proj,512,512,512,wspp,512,4608,2080,2080,0,0,0,6656,0,0,0,0,0,0,0,0,32,0,4608,0,0
409,512,32,8,1024,4096,500,proj,512,512,512,isap,512,4608,2048,2048,0,0,0,8192,0,0,0,0,0,0,0,0,16,0,7168,0,0
409,384,40,8,682,1638,500,proj,512,512,512,isap,1024,6144,8320,0,6656,0,0,6656,0,0,0,0,0,0,0,0,32,0,0,0,0
409,512,32,16,32,256,500,proj,512,512,512,wspp,32,288,2048,2048,0,0,0,512,0,0,0,0,7680,0,4320,0,8,0,480,7200,0
409,512,32,16,32,128,500,proj,512,512,512,wsap,32,288,2048,2048,0,0,0,512,0,0,0,0,7680,0,4320,0,8,0,480,7200,0
409,256,64,8,1024,64,500,proj,512,512,512,isap,1024,4096,4096,0,4096,0,0,4096,0,0,0,0,0,0,0,0,8,0,0,0,0
409,128,72,8,2048,56,500,proj,512,512,512,wspp,2048,2048,9216,0,0,56,112,4040,12176,0,0,0,0,0,0,16160,0,4208,14336,0,0
409,256,80,8,32,51,500,proj,512,512,512,wspp,32,128,4480,0,0,59,0,53,112,0,0,0,3472,3472,5952,1006,8,3081,176,5456,0
409,128,80,4,128,51,500,proj,512,512,512,ispp,2048,2048,143360,0,0,816,1712,2768,9040,0,0,0,0,0,0,12736,0,4384,9216,0,0
409,512,40,4,2048,204,500,proj,512,512,512,wspp,512,4608,2080,2080,0,0,0,6656,0,0,0,0,0,0,0,0,32,0,4608,0,0
409,512,32,8,1024,4096,500,proj,512,512,512,isap,512,4608,2048,2048,0,0,0,8192,0,0,0,0,0,0,0,0,16,0,7168,0,0
409,512,32,16,32,128,500,proj,512,512,512,wsap,32,288,2048,2048,0,0,0,512,0,0,0,0,7680,0,4320,0,8,0,480,7200,0
409,256,64,8,1024,64,500,proj,512,512,512,isap,1024,4096,4096,0,4096,0,0,4096,0,0,0,0,0,0,0,0,8,0,0,0,0
409,256,80,8,32,51,500,proj,512,512,512,wspp,32,128,4480,0,0,59,0,53,112,0,0,0,3472,3472,5952,1006,8,3081,176,5456,0
409,512,40,4,2048,204,500,proj,512,512,512,wspp,512,4608,2080,2080,0,0,0,6656,0,0,0,0,0,0,0,0,32,0,4608,0,0
409,384,48,4,2730,341,500,proj,512,512,512,wspp,1024,6144,4224,0,0,350,0,5282,5632,0,0,0,0,0,0,2429,24,3203,7680,0,0
409,512,32,8,1024,4096,500,proj,512,512,512,isap,512,4608,2048,2048,0,0,0,8192,0,0,0,0,0,0,0,0,16,0,7168,0,0
409,640,24,16,819,2730,500,proj,512,512,512,isap,512,5632,2112,4224,0,0,0,11264,0,0,0,0,0,0,0,0,24,0,10240,0,0
409,512,32,16,32,128,500,proj,512,512,512,wsap,32,288,2048,2048,0,0,0,512,0,0,0,0,7680,0,4320,0,8,0,480,7200,0
409,384,24,8,21,85,500,proj,512,512,512,wsap,20,120,4224,0,220,0,0,220,0,11044,0,0,11044,0,132528,0,24,0,0,0,0
409,256,64,8,1024,64,500,proj,512,512,512,isap,1024,4096,4096,0,4096,0,0,4096,0,0,0,0,0,0,0,0,8,0,0,0,0
409,256,64,8,1024,128,500,proj,512,512,512,wspp,1024,4096,4096,0,0,128,0,3968,4096,0,0,0,0,0,0,0,8,4096,7168,0,0
409,256,80,8,32,51,500,proj,512,512,512,wspp,32,128,4480,0,0,59,0,53,112,0,0,0,3472,3472,5952,1006,8,3081,176,5456,0
409,256,88,8,64,46,500,proj,512,512,512,wspp,64,256,4224,0,0,68,0,124,192,0,0,0,2880,2880,5760,2000,8,2072,288,4320,0
409,512,40,4,2048,204,500,proj,512,512,512,wspp,512,4608,2080,2080,0,0,0,6656,0,0,0,0,0,0,0,0,32,0,4608,0,0
409,512,32,8,1024,4096,500,proj,512,512,512,isap,512,4608,2048,2048,0,0,0,8192,0,0,0,0,0,0,0,0,16,0,7168,0,0
409,512,32,16,32,128,500,proj,512,512,512,wsap,32,288,2048,2048,0,0,0,512,0,0,0,0,7680,0,4320,0,8,0,480,7200,0
409,256,64,8,1024,128,500,proj,512,512,512,wspp,1024,4096,4096,0,0,128,0,3968,4096,0,0,0,0,0,0,0,8,4096,7168,0,0
409,256,88,8,64,46,500,proj,512,512,512,wspp,64,256,4224,0,0,68,0,124,192,0,0,0,2880,2880,5760,2000,8,2072,288,4320,0
409,512,40,4,2048,204,500,proj,512,512,512,wspp,512,4608,2080,2080,0,0,0,6656,0,0,0,0,0,0,0,0,32,0,4608,0,0
409,384,40,2,1365,204,500,proj,512,512,512,wsap,1024,6144,4160,0,6656,0,0,6656,0,0,0,0,0,0,0,0,52,0,0,0,0
409,512,32,8,1024,4096,500,proj,512,512,512,isap,512,4608,2048,2048,0,0,0,8192,0,0,0,0,0,0,0,0,16,0,7168,0,0
409,512,24,16,512,10922,500,proj,512,512,512,isap,512,4608,2112,2112,0,0,0,11264,0,0,0,0,0,0,0,0,16,0,10240,0,0
409,512,32,16,32,128,500,proj,512,512,512,wsap,32,288,2048,2048,0,0,0,512,0,0,0,0,7680,0,4320,0,8,0,480,7200,0
409,512,40,8,64,51,500,proj,512,512,512,wspp,64,576,2080,2080,0,0,0,832,0,0,0,0,5824,0,8064,0,16,0,704,4928,0
409,256,64,8,1024,128,500,proj,512,512,512,wspp,1024,4096,4096,0,0,128,0,3968,4096,0,0,0,0,0,0,0,8,4096,7168,0,0
409,256,56,8,1024,146,500,proj,512,512,512,ispp,1024,4096,4480,0,0,188,0,4932,5120,0,0,0,0,0,0,5700,12,2270,8192,0,0
409,256,88,8,64,46,500,proj,512,512,512,wspp,64,256,4224,0,0,68,0,124,192,0,0,0,2880,2880,5760,2000,8,2072,288,4320,0
409,128,80,8,128,102,500,proj,512,512,512,ispp,2048,2048,143360,0,0,1632,4096,1952,6656,0,0,0,0,0,0,6720,0,7392,10752,0,0
409,512,40,4,2048,204,500,proj,512,512,512,wspp,512,4608,2080,2080,0,0,0,6656,0,0,0,0,0,0,0,0,32,0,4608,0,0
409,512,32,8,1024,4096,500,proj,512,512,512,isap,512,4608,2048,2048,0,0,0,8192,0,0,0,0,0,0,0,0,16,0,7168,0,0
409,512,40,8,64,51,500,proj,512,512,512,wspp,64,576,2080,2080,0,0,0,832,0,0,0,0,5824,0,8064,0,16,0,704,4928,0
409,256,64,8,1024,128,500,proj,512,512,512,wspp,1024,4096,4096,0,0,128,0,3968,4096,0,0,0,0,0,0,0,8,4096,7168,0,0
409,256,88,8,64,46,500,proj,512,512,512,wspp,64,256,4224,0,0,68,0,124,192,0,0,0,2880,2880,5760,2000,8,2072,288,4320,0
409,512,40,4,2048,204,500,proj,512,512,512,wspp,512,4608,2080,2080,0,0,0,6656,0,0,0,0,0,0,0,0,32,0,4608,0,0
409,512,40,8,1024,204,500,proj,512,512,512,wsap,512,4608,2080,2080,0,0,0,6656,0,0,0,0,0,0,0,0,16,0,5632,0,0
409,512,32,8,1024,4096,500,proj,512,512,512,isap,512,4608,2048,2048,0,0,0,8192,0,0,0,0,0,0,0,0,16,0,7168,0,0
409,640,24,16,819,2730,500,proj,512,512,512,isap,512,5632,2112,4224,0,0,0,11264,0,0,0,0,0,0,0,0,24,0,10240,0,0
409,512,40,8,64,51,500,proj,512,512,512,wspp,64,576,2080,2080,0,0,0,832,0,0,0,0,5824,0,8064,0,16,0,704,4928,0
409,640,32,8,25,64,500,proj,512,512,512,ispp,512,5632,43008,86016,0,0,0,8192,0,0,0,0,0,0,0,0,504,0,7168,0,0
409,256,64,8,1024,128,500,proj,512,512,512,wspp,1024,4096,4096,0,0,128,0,3968,4096,0,0,0,0,0,0,0,8,4096,7168,0,0
409,256,64,4,2048,64,500,proj,512,512,512,isap,1024,4096,4096,0,4096,0,0,4096,0,0,0,0,0,0,0,0,16,0,0,0,0
409,256,88,8,64,46,500,proj,512,512,512,wspp,64,256,4224,0,0,68,0,124,192,0,0,0,2880,2880,5760,2000,8,2072,288,4320,0
409,256,88,4,128,93,500,proj,512,512,512,wspp,128,512,4224,0,0,108,0,276,384,0,0,0,2688,2688,7168,1952,12,2096,512,3584,0
409,512,40,8,1024,204,500,proj,512,512,512,wsap,512,4608,2080,2080,0,0,0,6656,0,0,0,0,0,0,0,0,16,0,5632,0,0
409,512,32,8,1024,4096,500,proj,512,512,512,isap,512,4608,2048,2048,0,0,0,8192,0,0,0,0,0,0,0,0,16,0,7168,0,0
409,512,40,8,64,51,500,proj,512,512,512,wspp,64,576,2080,2080,0,0,0,832,0,0,0,0,5824,0,8064,0,16,0,704,4928,0
409,256,64,4,2048,64,500,proj,512,512,512,isap,1024,4096,4096,0,4096,0,0,4096,0,0,0,0,0,0,0,0,16,0,0,0,0
409,256,88,8,64,46,500,proj,512,512,512,wspp,64,256,4224,0,0,68,0,124,192,0,0,0,2880,2880,5760,2000,8,2072,288,4320,0
409,512,40,8,1024,204,500,proj,512,512,512,wsap,512,4608,2080,2080,0,0,0,6656,0,0,0,0,0,0,0,0,16,0,5632,0,0
409,640,32,4,819,512,500,proj,512,512,512,ispp,512,5632,2048,4096,0,0,0,8192,0,0,0,0,0,0,0,0,48,0,6144,0,0
409,512,32,8,1024,4096,500,proj,512,512,512,isap,512,4608,2048,2048,0,0,0,8192,0,0,0,0,0,0,0,0,16,0,7168,0,0
409,384,24,4,1365,10922,500,proj,512,512,512,wspp,1024,6144,4224,0,0,10954,0,310,11264,0,0,0,0,0,0,0,44,11264,16384,0,0
409,512,40,8,64,51,500,proj,512,512,512,wspp,64,576,2080,2080,0,0,0,832,0,0,0,0,5824,0,8064,0,16,0,704,4928,0
409,640,32,8,102,128,500,proj,512,512,512,ispp,512,5632,12288,24576,0,0,0,8192,0,0,0,0,0,0,0,0,144,0,7168,0,0
409,256,64,4,2048,64,500,proj,512,512,512,isap,1024,4096,4096,0,4096,0,0,4096,0,0,0,0,0,0,0,0,16,0,0,0,0
409,128,64,2,4096,128,500,proj,512,512,512,isap,2048,2048,8192,0,8192,1920,0,2176,4096,0,0,0,0,0,0,3836,0,2178,0,0,0
409,256,88,8,64,46,500,proj,512,512,512,wspp,64,256,4224,0,0,68,0,124,192,0,0,0,2880,2880,5760,2000,8,2072,288,4320,0
409,128,80,4,256,102,500,proj,512,512,512,wsap,256,256,8960,0,1344,0,0,448,0,9408,0,0,3136,0,12544,0,0,0,0,0,0
409,512,40,8,1024,204,500,proj,512,512,512,wsap,512,4608,2080,2080,0,0,0,6656,0,0,0,0,0,0,0,0,16,0,5632,0,0
409,512,32,8,1024,4096,500,proj,512,512,512,isap,512,4608,2048,2048,0,0,0,8192,0,0,0,0,0,0,0,0,16,0,7168,0,0
409,512,40,8,64,51,500,proj,512,512,512,wspp,64,576,2080,2080,0,0,0,832,0,0,0,0,5824,0,8064,0,16,0,704,4928,0
409,256,64,4,2048,64,500,proj,512,512,512,isap,1024,4096,4096,0,4096,0,0,4096,0,0,0,0,0,0,0,0,16,0,0,0,0
409,256,88,8,64,46,500,proj,512,512,512,wspp,64,256,4224,0,0,68,0,124,192,0,0,0,2880,2880,5760,2000,8,2072,288,4320,0
409,512,40,8,1024,204,500,proj,512,512,512,wsap,512,4608,2080,2080,0,0,0,6656,0,0,0,0,0,0,0,0,16,0,5632,0,0
409,512,40,16,512,409,500,proj,512,512,512,ispp,512,4608,2080,2080,0,0,0,6656,0,0,0,0,0,0,0,0,8,0,6144,0,0
409,512,32,8,1024,4096,500,proj,512,512,512,isap,512,4608,2048,2048,0,0,0,8192,0,0,0,0,0,0,0,0,16,0,7168,0,0
409,640,24,16,819,5461,500,proj,512,512,512,isap,512,5632,2112,4224,0,0,0,11264,0,0,0,0,0,0,0,0,24,0,10240,0,0
409,512,40,8,64,51,500,proj,512,512,512,wspp,64,576,2080,2080,0,0,0,832,0,0,0,0,5824,0,8064,0,16,0,704,4928,0
409,384,40,4,170,25,500,proj,512,512,512,isap,1024,6144,29120,0,6656,0,0,6656,0,0,0,0,0,0,0,0,196,0,0,0,0
409,256,64,4,2048,64,500,proj,512,512,512,isap,1024,4096,4096,0,4096,0,0,4096,0,0,0,0,0,0,0,0,16,0,0,0,0
409,128,64,8,2048,64,500,proj,512,512,512,isap,2048,2048,8192,0,12288,0,0,4096,0,0,0,0,0,0,0,0,0,0,0,0,0
409,256,88,8,64,46,500,proj,512,512,512,wspp,64,256,4224,0,0,68,0,124,192,0,0,0,2880,2880,5760,2000,8,2072,288,4320,0
409,128,88,8,64,93,500,proj,512,512,512,wspp,64,64,8448,0,0,93,188,3,100,0,0,992,2976,7936,2976,9928,0,4252,288,8928,0
409,512,40,16,512,409,500,proj,512,512,512,ispp,512,4608,2080,2080,0,0,0,6656,0,0,0,0,0,0,0,0,8,0,6144,0,0
409,512,32,8,1024,4096,500,proj,512,512,512,isap,512,4608,2048,2048,0,0,0,8192,0,0,0,0,0,0,0,0,16,0,7168,0,0
409,512,40,8,64,51,500,proj,512,512,512,wspp,64,576,2080,2080,0,0,0,832,0,0,0,0,5824,0,8064,0,16,0,704,4928,0
409,256,64,4,2048,64,500,proj,512,512,512,isap,1024,4096,4096,0,4096,0,0,4096,0,0,0,0,0,0,0,0,16,0,0,0,0
409,256,88,8,64,46,500,proj,512,512,512,wspp,64,256,4224,0,0,68,0,124,192,0,0,0,2880,2880,5760,2000,8,2072,288,4320,0
409,512,40,16,512,409,500,proj,512,512,512,ispp,512,4608,2080,2080,0,0,0,6656,0,0,0,0,0,0,0,0,8,0,6144,0,0
409,512,40,16,256,819,500,proj,512,512,512,wsap,256,2304,2080,2080,0,0,0,3328,0,0,0,0,3328,0,2304,0,8,0,3072,3072,0
409,512,32,8,1024,4096,500,proj,512,512,512,isap,512,4608,2048,2048,0,0,0,8192,0,0,0,0,0,0,0,0,16,0,7168,0,0
409,512,40,8,1024,1638,500,proj,512,512,512,wspp,512,4608,2080,2080,0,0,0,6656,0,0,0,0,0,0,0,0,16,0,5632,0,0
409,512,40,8,64,51,500,proj,512,512,512,wspp,64,576,2080,2080,0,0,0,832,0,0,0,0,5824,0,8064,0,16,0,704,4928,0
409,384,40,8,170,102,500,proj,512,512,512,wsap,170,1020,4160,0,1105,0,0,1105,0,5551,0,0,5551,0,66612,0,16,0,0,0,0
409,256,64,4,2048,64,500,proj,512,512,512,isap,1024,4096,4096,0,4096,0,0,4096,0,0,0,0,0,0,0,0,16,0,0,0,0
409,128,72,4,8192,28,500,proj,512,512,512,wspp,2048,2048,9216,0,0,28,56,4068,12232,0,0,0,0,0,0,20312,0,2132,12288,0,0
409,256,88,8,64,46,500,proj,512,512,512,wspp,64,256,4224,0,0,68,0,124,192,0,0,0,2880,2880,5760,2000,8,2072,288,4320,0
409,256,80,4,128,25,500,proj,512,512,512,wspp,128,512,4480,0,0,28,0,420,448,0,0,0,3136,3136,8960,3678,16,1745,576,4032,0
409,512,40,16,256,819,500,proj,512,512,512,wsap,256,2304,2080,2080,0,0,0,3328,0,0,0,0,3328,0,2304,0,8,0,3072,3072,0
409,512,40,8,1024,1638,500,proj,512,512,512,wspp,512,4608,2080,2080,0,0,0,6656,0,0,0,0,0,0,0,0,16,0,5632,0,0
409,512,40,8,64,51,500,proj,512,512,512,wspp,64,576,2080,2080,0,0,0,832,0,0,0,0,5824,0,8064,0,16,0,704,4928,0
409,256,64,4,2048,64,500,proj,512,512,512,isap,1024,4096,4096,0,4096,0,0,4096,0,0,0,0,0,0,0,0,16,0,0,0,0
409,256,80,4,128,25,500,proj,512,512,512,wspp,128,512,4480,0,0,28,0,420,448,0,0,0,3136,3136,8960,3678,16,1745,576,4032,0
409,512,40,16,256,819,500,proj,512,512,512,wsap,256,2304,2080,2080,0,0,0,3328,0,0,0,0,3328,0,2304,0,8,0,3072,3072,0
409,512,32,8,512,512,500,proj,512,512,512,wsap,512,4608,2048,2048,0,0,0,8192,0,0,0,0,0,0,0,0,16,0,7168,0,0
409,512,40,8,1024,1638,500,proj,512,512,512,wspp,512,4608,2080,2080,0,0,0,6656,0,0,0,0,0,0,0,0,16,0,5632,0,0
409,384,40,8,2730,819,500,proj,512,512,512,wspp,1024,6144,4160,0,0,910,0,5746,6656,0,0,0,0,0,0,1618,16,5038,10752,0,0
409,512,40,8,64,51,500,proj,512,512,512,wspp,64,576,2080,2080,0,0,0,832,0,0,0,0,5824,0,8064,0,16,0,704,4928,0
409,640,40,8,51,51,500,proj,512,512,512,isap,512,5632,22880,45760,0,0,0,6656,0,0,0,0,0,0,0,0,264,0,5632,0,0
409,256,64,4,2048,64,500,proj,512,512,512,isap,1024,4096,4096,0,4096,0,0,4096,0,0,0,0,0,0,0,0,16,0,0,0,0
409,128,64,8,4096,32,500,proj,512,512,512,ispp,2048,2048,8192,0,0,32,64,4064,12224,0,0,0,0,0,0,16256,0,4160,14336,0,0
409,256,80,4,128,25,500,proj,512,512,512,wspp,128,512,4480,0,0,28,0,420,448,0,0,0,3136,3136,8960,3678,16,1745,576,4032,0
409,128,72,2,256,28,500,proj,512,512,512,wspp,256,256,9216,0,0,28,56,484,1480,0,0,0,3584,10752,7168,20312,0,2132,1024,7168,0
409,512,32,8,512,512,500,proj,512,512,512,wsap,512,4608,2048,2048,0,0,0,8192,0,0,0,0,0,0,0,0,16,0,7168,0,0
409,512,40,8,1024,1638,500,proj,512,512,512,wspp,512,4608,2080,2080,0,0,0,6656,0,0,0,0,0,0,0,0,16,0,5632,0,0
409,512,40,8,64,51,500,proj,512,512,512,wspp,64,576,2080,2080,0,0,0,832,0,0,0,0,5824,0,8064,0,16,0,704,4928,0
409,256,64,4,2048,64,500,proj,512,512,512,isap,1024,4096,4096,0,4096,0,0,4096,0,0,0,0,0,0,0,0,16,0,0,0,0
409,256,80,4,128,25,500,proj,512,512,512,wspp,128,512,4480,0,0,28,0,420,448,0,0,0,3136,3136,8960,3678,16,1745,576,4032,0
409,512,32,8,512,512,500,proj,512,512,512,wsap,512,4608,2048,2048,0,0,0,8192,0,0,0,0,0,0,0,0,16,0,7168,0,0
409,512,32,8,256,1024,500,proj,512,512,512,isap,512,4608,4096,4096,0,0,0,8192,0,0,0,0,0,0,0,0,32,0,7168,0,0
409,512,40,8,1024,1638,500,proj,512,512,512,wspp,512,4608,2080,2080,0,0,0,6656,0,0,0,0,0,0,0,0,16,0,5632,0,0
409,512,40,4,512,819,500,proj,512,512,512,ispp,512,4608,2080,2080,0,0,0,6656,0,0,0,0,0,0,0,0,32,0,4608,0,0
409,512,40,8,64,51,500,proj,512,512,512,wspp,64,576,2080,2080,0,0,0,832,0,0,0,0,5824,0,8064,0,16,0,704,4928,0
409,384,40,16,42,51,500,proj,512,512,512,ispp,1024,6144,104000,0,0,1600,0,5056,6656,0,0,0,0,0,0,1086,200,5570,11776,0,0
409,256,64,4,2048,64,500,proj,512,512,512,isap,1024,4096,4096,0,4096,0,0,4096,0,0,0,0,0,0,0,0,16,0,0,0,0
409,128,64,8,2048,128,500,proj,512,512,512,ispp,2048,2048,8192,0,0,128,256,3968,12032,0,0,0,0,0,0,15872,0,4352,14336,0,0
409,256,80,4,128,25,500,proj,512,512,512,wspp,128,512,4480,0,0,28,0,420,448,0,0,0,3136,3136,8960,3678,16,1745,576,4032,0
409,256,88,2,64,23,500,proj,512,512,512,isap,1024,4096,67584,0,3072,0,0,3072,0,0,0,0,0,0,0,0,384,0,0,0,0
409,512,32,8,512,512,500,proj,512,512,512,wsap,512,4608,2048,2048,0,0,0,8192,0,0,0,0,0,0,0,0,16,0,7168,0,0
409,512,40,4,512,819,500,proj,512,512,512,ispp,512,4608,2080,2080,0,0,0,6656,0,0,0,0,0,0,0,0,32,0,4608,0,0
409,512,40,8,64,51,500,proj,512,512,512,wspp,64,576,2080,2080,0,0,0,832,0,0,0,0,5824,0,8064,0,16,0,704,4928,0
409,256,64,4,2048,64,500,proj,512,512,512,isap,1024,4096,4096,0,4096,0,0,4096,0,0,0,0,0,0,0,0,16,0,0,0,0
409,256,80,4,128,25,500,proj,512,512,512,wspp,128,512,4480,0,0,28,0,420,448,0,0,0,3136,3136,8960,3678,16,1745,576,4032,0
409,512,32,8,512,512,500,proj,512,512,512,wsap,512,4608,2048,2048,0,0,0,8192,0,0,0,0,0,0,0,0,16,0,7168,0,0
409,512,24,8,1024,1365,500,proj,512,512,512,isap,512,4608,2112,2112,0,0,0,11264,0,0,0,0,0,0,0,0,24,0,9728,0,0
409,512,40,4,512,819,500,proj,512,512,512,ispp,512,4608,2080,2080,0,0,0,6656,0,0,0,0,0,0,0,0,32,0,4608,0,0
409,384,32,8,1365,1024,500,proj,512,512,512,wsap,1024,6144,4096,0,8192,0,0,8192,0,0,0,0,0,0,0,0,16,0,0,0,0
409,512,40,8,64,51,500,proj,512,512,512,wspp,64,576,2080,2080,0,0,0,832,0,0,0,0,5824,0,8064,0,16,0,704,4928,0
409,512,32,8,32,32,500,proj,512,512,512,isap,512,4608,32768,32768,0,0,0,8192,0,0,0,0,0,0,0,0,256,0,7168,0,0
409,256,64,4,2048,64,500,proj,512,512,512,isap,1024,4096,4096,0,4096,0,0,4096,0,0,0,0,0,0,0,0,16,0,0,0,0
409,128,64,2,4096,64,500,proj,512,512,512,wsap,2048,2048,8192,0,8192,1856,0,2240,4096,0,0,0,0,0,0,3962,0,2115,0,0,0
409,256,80,4,128,25,500,proj,512,512,512,wspp,128,512,4480,0,0,28,0,420,448,0,0,0,3136,3136,8960,3678,16,1745,576,4032,0
409,256,72,2,64,14,500,proj,512,512,512,wsap,64,256,4608,0,256,0,0,256,0,3840,0,0,3840,0,30720,0,32,0,0,0,0
409,512,32,8,512,512,500,proj,512,512,512,wsap,512,4608,2048,2048,0,0,0,8192,0,0,0,0,0,0,0,0,16,0,7168,0,0
409,512,40,4,512,819,500,proj,512,512,512,ispp,512,4608,2080,2080,0,0,0,6656,0,0,0,0,0,0,0,0,32,0,4608,0,0
409,512,40,8,64,51,500,proj,512,512,512,wspp,64,576,2080,2080,0,0,0,832,0,0,0,0,5824,0,8064,0,16,0,704,4928,0
409,256,64,4,2048,64,500,proj,512,512,512,isap,1024,4096,4096,0,4096,0,0,4096,0,0,0,0,0,0,0,0,16,0,0,0,0
409,256,80,4,128,25,500,proj,512,512,512,wspp,128,512,4480,0,0,28,0,420,448,0,0,0,3136,3136,8960,3678,16,1745,576,4032,0
409,512,32,8,512,512,500,proj,512,512,512,wsap,512,4608,2048,2048,0,0,0,8192,0,0,0,0,0,0,0,0,16,0,7168,0,0
409,512,32,8,1024,256,500,proj,512,512,512,wspp,512,4608,2048,2048,0,0,0,8192,0,0,0,0,0,0,0,0,16,0,7168,0,0
409,512,40,4,512,819,500,proj,512,512,512,ispp,512,4608,2080,2080,0,0,0,6656,0,0,0,0,0,0,0,0,32,0,4608,0,0
409,640,32,4,409,512,500,proj,512,512,512,wsap,409,4499,2048,4096,0,0,0,6544,0,0,0,0,1648,0,4532,0,48,0,4908,1236,0
409,512,40,8,64,51,500,proj,512,512,512,wspp,64,576,2080,2080,0,0,0,832,0,0,0,0,5824,0,8064,0,16,0,704,4928,0
409,512,32,8,128,32,500,proj,512,512,512,isap,512,4608,8192,8192,0,0,0,8192,0,0,0,0,0,0,0,0,64,0,7168,0,0
409,256,64,4,2048,64,500,proj,512,512,512,isap,1024,4096,4096,0,4096,0,0,4096,0,0,0,0,0,0,0,0,16,0,0,0,0
409,128,64,4,8192,128,500,proj,512,512,512,ispp,2048,2048,8192,0,0,128,256,3968,12032,0,0,0,0,0,0,19712,0,2432,12288,0,0
409,256,80,4,128,25,500,proj,512,512,512,wspp,128,512,4480,0,0,28,0,420,448,0,0,0,3136,3136,8960,3678,16,1745,576,4032,0
409,128,80,2,256,12,500,proj,512,512,512,ispp,2048,2048,71680,0,0,96,192,3488,10560,0,0,0,0,0,0,17248,0,2128,6144,0,0
409,512,32,8,1024,256,500,proj,512,512,512,wspp,512,4608,2048,2048,0,0,0,8192,0,0,0,0,0,0,0,0,16,0,7168,0,0
409,512,40,4,512,819,500,proj,512,512,512,ispp,512,4608,2080,2080,0,0,0,6656,0,0,0,0,0,0,0,0,32,0,4608,0,0
409,512,40,8,64,51,500,proj,512,512,512,wspp,64,576,2080,2080,0,0,0,832,0,0,0,0,5824,0,8064,0,16,0,704,4928,0
409,256,64,4,2048,64,500,proj,512,512,512,isap,1024,4096,4096,0,4096,0,0,4096,0,0,0,0,0,0,0,0,16,0,0,0,0
409,256,80,4,128,25,500,proj,512,512,512,wspp,128,512,4480,0,0,28,0,420,448,0,0,0,3136,3136,8960,3678,16,1745,576,4032,0
409,512,32,8,1024,256,500,proj,512,512,512,wspp,512,4608,2048,2048,0,0,0,8192,0,0,0,0,0,0,0,0,16,0,7168,0,0
409,384,32,16,2730,128,500,proj,512,512,512,ispp,1024,6144,4096,0,0,128,0,8064,8192,0,0,0,0,0,0,0,8,8192,15360,0,0
409,512,40,4,512,819,500,proj,512,512,512,ispp,512,4608,2080,2080,0,0,0,6656,0,0,0,0,0,0,0,0,32,0,4608,0,0
409,384,32,4,682,512,500,proj,512,512,512,wspp,682,4092,4096,0,0,512,0,4944,5456,0,0,0,2736,2736,8208,3584,32,4608,8184,4104,0
409,512,40,8,64,51,500,proj,512,512,512,wspp,64,576,2080,2080,0,0,0,832,0,0,0,0,5824,0,8064,0,16,0,704,4928,0
409,512,48,4,128,85,500,proj,512,512,512,wspp,128,1152,2112,2112,0,0,0,1408,0,0,0,0,4224,0,10368,0,24,0,1024,3072,0
409,256,64,4,2048,64,500,proj,512,512,512,isap,1024,4096,4096,0,4096,0,0,4096,0,0,0,0,0,0,0,0,16,0,0,0,0
409,256,56,4,4096,73,500,proj,512,512,512,ispp,1024,4096,4480,0,0,76,0,5044,5120,0,0,0,0,0,0,4640,20,2800,7168,0,0
409,256,80,4,128,25,500,proj,512,512,512,wspp,128,512,4480,0,0,28,0,420,448,0,0,0,3136,3136,8960,3678,16,1745,576,4032,0
409,256,88,8,128,46,500,proj,512,512,512,wspp,128,512,4224,0,0,68,0,316,384,0,0,0,2688,2688,5376,2000,8,2072,576,4032,0
409,512,32,8,1024,256,500,proj,512,512,512,wspp,512,4608,2048,2048,0,0,0,8192,0,0,0,0,0,0,0,0,16,0,7168,0,0
409,512,40,4,512,819,500,proj,512,512,512,ispp,512,4608,2080,2080,0,0,0,6656,0,0,0,0,0,0,0,0,32,0,4608,0,0
409,512,40,8,64,51,500,proj,512,512,512,wspp,64,576,2080,2080,0,0,0,832,0,0,0,0,5824,0,8064,0,16,0,704,4928,0
409,256,64,4,2048,64,500,proj,512,512,512,isap,1024,4096,4096,0,4096,0,0,4096,0,0,0,0,0,0,0,0,16,0,0,0,0
409,256,88,8,128,46,500,proj,512,512,512,wspp,128,512,4224,0,0,68,0,316,384,0,0,0,2688,2688,5376,2000,8,2072,576,4032,0
409,512,32,8,1024,256,500,proj,512,512,512,wspp,512,4608,2048,2048,0,0,0,8192,0,0,0,0,0,0,0,0,16,0,7168,0,0
409,640,24,4,1638,170,500,proj,512,512,512,ispp,512,5632,2112,4224,0,0,0,11264,0,0,0,0,0,0,0,0,72,0,8192,0,0
409,512,40,4,512,819,500,proj,512,512,512,ispp,512,4608,2080,2080,0,0,0,6656,0,0,0,0,0,0,0,0,32,0,4608,0,0
409,512,32,2,256,1024,500,proj,512,512,512,isap,512,4608,4096,4096,0,0,0,8192,0,0,0,0,0,0,0,0,128,0,4096,0,0
409,512,40,8,64,51,500,proj,512,512,512,wspp,64,576,2080,2080,0,0,0,832,0,0,0,0,5824,0,8064,0,16,0,704,4928,0
409,512,32,16,64,128,500,proj,512,512,512,wsap,64,576,2048,2048,0,0,0,1024,0,0,0,0,7168,0,4032,0,8,0,960,6720,0
409,256,64,4,2048,64,500,proj,512,512,512,isap,1024,4096,4096,0,4096,0,0,4096,0,0,0,0,0,0,0,0,16,0,0,0,0
409,128,64,4,2048,64,500,proj,512,512,512,isap,2048,2048,8192,0,12288,0,0,4096,0,0,0,0,0,0,0,0,0,0,0,0,0
409,256,88,8,128,46,500,proj,512,512,512,wspp,128,512,4224,0,0,68,0,316,384,0,0,0,2688,2688,5376,2000,8,2072,576,4032,0
409,128,96,16,256,21,500,proj,512,512,512,ispp,2048,2048,73728,0,0,168,1312,2904,7904,0,0,0,0,0,0,9664,0,4384,9728,0,0
409,512,32,8,1024,256,500,proj,512,512,512,wspp,512,4608,2048,2048,0,0,0,8192,0,0,0,0,0,0,0,0,16,0,7168,0,0
409,512,40,4,512,819,500,proj,512,512,512,ispp,512,4608,2080,2080,0,0,0,6656,0,0,0,0,0,0,0,0,32,0,4608,0,0
409,512,32,16,64,128,500,proj,512,512,512,wsap,64,576,2048,2048,0,0,0,1024,0,0,0,0,7168,0,4032,0,8,0,960,6720,0
409,256,64,4,2048,64,500,proj,512,512,512,isap,1024,4096,4096,0,4096,0,0,4096,0,0,0,0,0,0,0,0,16,0,0,0,0
409,256,88,8,128,46,500,proj,512,512,512,wspp,128,512,4224,0,0,68,0,316,384,0,0,0,2688,2688,5376,2000,8,2072,576,4032,0
409,512,32,8,1024,256,500,proj,512,512,512,wspp,512,4608,2048,2048,0,0,0,8192,0,0,0,0,0,0,0,0,16,0,7168,0,0
409,384,24,8,2730,170,500,proj,512,512,512,ispp,1024,6144,4224,0,0,176,0,11088,11264,0,0,0,0,0,0,5486,24,5778,18944,0,0
409,512,40,4,512,819,500,proj,512,512,512,ispp,512,4608,2080,2080,0,0,0,6656,0,0,0,0,0,0,0,0,32,0,4608,0,0
409,384,48,8,1365,341,500,proj,512,512,512,wspp,1024,6144,4224,0,0,416,0,5216,5632,0,0,0,0,0,0,2275,12,3357,9216,0,0
409,512,32,16,64,128,500,proj,512,512,512,wsap,64,576,2048,2048,0,0,0,1024,0,0,0,0,7168,0,4032,0,8,0,960,6720,0
409,384,40,16,85,51,500,proj,512,512,512,wsap,84,504,4160,0,546,0,0,546,0,6110,0,0,6110,0,73320,0,8,0,0,0,0
409,256,64,4,2048,64,500,proj,512,512,512,isap,1024,4096,4096,0,4096,0,0,4096,0,0,0,0,0,0,0,0,16,0,0,0,0
409,128,72,2,4096,56,500,proj,512,512,512,isap,2048,2048,9216,0,8192,1848,0,2248,4096,0,0,0,0,0,0,3990,0,2101,0,0,0
409,256,88,8,128,46,500,proj,512,512,512,wspp,128,512,4224,0,0,68,0,316,384,0,0,0,2688,2688,5376,2000,8,2072,576,4032,0
409,256,80,16,256,51,500,proj,512,512,512,wsap,256,1024,4480,0,896,0,0,896,0,2688,0,0,2688,0,21504,0,4,0,0,0,0
409,512,32,8,1024,256,500,proj,512,512,512,wspp,512,4608,2048,2048,0,0,0,8192,0,0,0,0,0,0,0,0,16,0,7168,0,0
409,512,40,4,512,819,500,proj,512,512,512,ispp,512,4608,2080,2080,0,0,0,6656,0,0,0,0,0,0,0,0,32,0,4608,0,0
409,512,32,16,64,128,500,proj,512,512,512,wsap,64,576,2048,2048,0,0,0,1024,0,0,0,0,7168,0,4032,0,8,0,960,6720,0
409,256,64,4,2048,64,500,proj,512,512,512,isap,1024,4096,4096,0,4096,0,0,4096,0,0,0,0,0,0,0,0,16,0,0,0,0
409,256,88,8,128,46,500,proj,512,512,512,wspp,128,512,4224,0,0,68,0,316,384,0,0,0,2688,2688,5376,2000,8,2072,576,4032,0
409,512,32,8,1024,256,500,proj,512,512,512,wspp,512,4608,2048,2048,0,0,0,8192,0,0,0,0,0,0,0,0,16,0,7168,0,0
409,640,32,16,819,128,500,proj,512,512,512,isap,512,5632,2048,4096,0,0,0,8192,0,0,0,0,0,0,0,0,12,0,7680,0,0
409,512,40,4,512,819,500,proj,512,512,512,ispp,512,4608,2080,2080,0,0,0,6656,0,0,0,0,0,0,0,0,32,0,4608,0,0
409,384,32,4,341,512,500,proj,512,512,512,ispp,1024,6144,16384,0,0,1568,0,6624,8192,0,0,0,0,0,0,2544,128,5648,12288,0,0
409,512,32,16,64,128,500,proj,512,512,512,wsap,64,576,2048,2048,0,0,0,1024,0,0,0,0,7168,0,4032,0,8,0,960,6720,0
409,640,32,16,51,256,500,proj,512,512,512,isap,512,5632,22528,45056,0,0,0,8192,0,0,0,0,0,0,0,0,132,0,7680,0,0
409,256,64,4,2048,64,500,proj,512,512,512,isap,1024,4096,4096,0,4096,0,0,4096,0,0,0,0,0,0,0,0,16,0,0,0,0
409,128,56,2,4096,146,500,proj,512,512,512,wsap,2048,2048,8960,0,10240,2450,0,2670,5120,0,0,0,0,0,0,4828,0,2706,0,0,0
409,256,88,8,128,46,500,proj,512,512,512,wspp,128,512,4224,0,0,68,0,316,384,0,0,0,2688,2688,5376,2000,8,2072,576,4032,0
409,128,80,4,128,25,500,proj,512,512,512,ispp,2048,2048,143360,0,0,400,832,3184,9920,0,0,0,0,0,0,15072,0,3216,9216,0,0
409,512,32,8,1024,256,500,proj,512,512,512,wspp,512,4608,2048,2048,0,0,0,8192,0,0,0,0,0,0,0,0,16,0,7168,0,0
409,512,40,4,512,819,500,proj,512,512,512,ispp,512,4608,2080,2080,0,0,0,6656,0,0,0,0,0,0,0,0,32,0,4608,0,0
409,512,32,16,64,128,500,proj,512,512,512,wsap,64,576,2048,2048,0,0,0,1024,0,0,0,0,7168,0,4032,0,8,0,960,6720,0
409,256,64,4,2048,64,500,proj,512,512,512,isap,1024,4096,4096,0,4096,0,0,4096,0,0,0,0,0,0,0,0,16,0,0,0,0
409,256,88,8,128,46,500,proj,512,512,512,wspp,128,512,4224,0,0,68,0,316,384,0,0,0,2688,2688,5376,2000,8,2072,576,4032,0
409,512,32,8,1024,256,500,proj,512,512,512,wspp,512,4608,2048,2048,0,0,0,8192,0,0,0,0,0,0,0,0,16,0,7168,0,0
409,512,24,4,2048,341,500,proj,512,512,512,ispp,512,4608,2112,2112,0,0,0,11264,0,0,0,0,0,0,0,0,48,0,8192,0,0
409,512,40,4,512,819,500,proj,512,512,512,ispp,512,4608,2080,2080,0,0,0,6656,0,0,0,0,0,0,0,0,32,0,4608,0,0
409,512,32,8,256,512,500,proj,512,512,512,wsap,256,2304,2048,2048,0,0,0,4096,0,0,0,0,4096,0,4608,0,16,0,3584,3584,0
409,512,32,16,64,128,500,proj,512,512,512,wsap,64,576,2048,2048,0,0,0,1024,0,0,0,0,7168,0,4032,0,8,0,960,6720,0
409,384,40,16,85,204,500,proj,512,512,512,isap,1024,6144,54080,0,6656,0,0,6656,0,0,0,0,0,0,0,0,104,0,0,0,0
409,256,64,4,2048,64,500,proj,512,512,512,isap,1024,4096,4096,0,4096,0,0,4096,0,0,0,0,0,0,0,0,16,0,0,0,0
409,256,72,2,1024,56,500,proj,512,512,512,wspp,1024,4096,4608,0,0,56,0,4040,4096,0,0,0,0,0,0,3984,32,2104,4096,0,0
409,256,88,8,128,46,500,proj,512,512,512,wspp,128,512,4224,0,0,68,0,316,384,0,0,0,2688,2688,5376,2000,8,2072,576,4032,0
409,128,96,16,128,42,500,proj,512,512,512,ispp,2048,2048,147456,0,0,672,2144,2400,7072,0,0,0,0,0,0,8000,0,5216,9728,0,0
409,512,32,8,1024,256,500,proj,512,512,512,wspp,512,4608,2048,2048,0,0,0,8192,0,0,0,0,0,0,0,0,16,0,7168,0,0
409,512,40,4,512,819,500,proj,512,512,512,ispp,512,4608,2080,2080,0,0,0,6656,0,0,0,0,0,0,0,0,32,0,4608,0,0
409,512,32,16,64,128,500,proj,512,512,512,wsap,64,576,2048,2048,0,0,0,1024,0,0,0,0,7168,0,4032,0,8,0,960,6720,0
409,256,64,4,2048,64,500,proj,512,512,512,isap,1024,4096,4096,0,4096,0,0,4096,0,0,0,0,0,0,0,0,16,0,0,0,0
409,256,88,8,128,46,500,proj,512,512,512,wspp,128,512,4224,0,0,68,0,316,384,0,0,0,2688,2688,5376,2000,8,2072,576,4032,0
409,512,32,8,1024,256,500,proj,512,512,512,wspp,512,4608,2048,2048,0,0,0,8192,0,0,0,0,0,0,0,0,16,0,7168,0,0
409,512,24,4,512,170,500,proj,512,512,512,isap,512,4608,2112,2112,0,0,0,11264,0,0,0,0,0,0,0,0,48,0,8192,0,0
409,512,40,4,512,819,500,proj,512,512,512,ispp,512,4608,2080,2080,0,0,0,6656,0,0,0,0,0,0,0,0,32,0,4608,0,0
409,512,40,4,256,409,500,proj,512,512,512,wspp,256,2304,2080,2080,0,0,0,3328,0,0,0,0,3328,0,9216,0,32,0,2304,2304,0
409,512,32,16,64,128,500,proj,512,512,512,wsap,64,576,2048,2048,0,0,0,1024,0,0,0,0,7168,0,4032,0,8,0,960,6720,0
409,384,40,32,42,51,500,proj,512,512,512,ispp,1024,6144,104000,0,0,6656,0,0,6656,0,0,0,0,0,0,0,100,6656,12288,0,0
409,256,64,4,2048,64,500,proj,512,512,512,isap,1024,4096,4096,0,4096,0,0,4096,0,0,0,0,0,0,0,0,16,0,0,0,0
409,128,72,2,8192,28,500,proj,512,512,512,isap,2048,2048,9216,0,8192,1820,0,2276,4096,0,0,0,0,0,0,4046,0,2073,0,0,0
409,256,88,8,128,46,500,proj,512,512,512,wspp,128,512,4224,0,0,68,0,316,384,0,0,0,2688,2688,5376,2000,8,2072,576,4032,0
409,128,96,8,256,42,500,proj,512,512,512,isap,2048,2048,73728,0,9216,0,0,3072,0,0,0,0,0,0,0,0,0,0,0,0,0
409,512,32,8,1024,256,500,proj,512,512,512,wspp,512,4608,2048,2048,0,0,0,8192,0,0,0,0,0,0,0,0,16,0,7168,0,0
409,512,40,4,512,819,500,proj,512,512,512,ispp,512,4608,2080,2080,0,0,0,6656,0,0,0,0,0,0,0,0,32,0,4608,0,0
409,512,32,16,64,128,500,proj,512,512,512,wsap,64,576,2048,2048,0,0,0,1024,0,0,0,0,7168,0,4032,0,8,0,960,6720,0
409,256,64,4,2048,64,500,proj,512,512,512,isap,1024,4096,4096,0,4096,0,0,4096,0,0,0,0,0,0,0,0,16,0,0,0,0
409,256,88,8,128,46,500,proj,512,512,512,wspp,128,512,4224,0,0,68,0,316,384,0,0,0,2688,2688,5376,2000,8,2072,576,4032,0
409,512,32,8,1024,256,500,proj,512,512,512,wspp,512,4608,2048,2048,0,0,0,8192,0,0,0,0,0,0,0,0,16,0,7168,0,0
409,640,24,4,819,682,500,proj,512,512,512,wsap,512,5632,2112,4224,0,0,0,11264,0,0,0,0,0,0,0,0,72,0,8192,0,0
409,512,40,4,512,819,500,proj,512,512,512,ispp,512,4608,2080,2080,0,0,0,6656,0,0,0,0,0,0,0,0,32,0,4608,0,0
409,512,40,2,512,1638,500,proj,512,512,512,wsap,512,4608,2080,2080,0,0,0,6656,0,0,0,0,0,0,0,0,56,0,3072,0,0
409,512,32,16,64,128,500,proj,512,512,512,wsap,64,576,2048,2048,0,0,0,1024,0,0,0,0,7168,0,4032,0,8,0,960,6720,0
409,640,32,16,102,256,500,proj,512,512,512,isap,512,5632,12288,24576,0,0,0,8192,0,0,0,0,0,0,0,0,72,0,7680,0,0
409,256,64,4,2048,64,500,proj,512,512,512,isap,1024,4096,4096,0,4096,0,0,4096,0,0,0,0,0,0,0,0,16,0,0,0,0
409,128,72,2,2048,56,500,proj,512,512,512,isap,2048,2048,9216,0,8192,1848,0,2248,4096,0,0,0,0,0,0,3990,0,2101,0,0,0
409,256,88,8,128,46,500,proj,512,512,512,wspp,128,512,4224,0,0,68,0,316,384,0,0,0,2688,2688,5376,2000,8,2072,576,4032,0
409,256,80,4,256,102,500,proj,512,512,512,wsap,256,1024,4480,0,896,0,0,896,0,2688,0,0,2688,0,21504,0,16,0,0,0,0
409,512,32,8,1024,256,500,proj,512,512,512,wspp,512,4608,2048,2048,0,0,0,8192,0,0,0,0,0,0,0,0,16,0,7168,0,0
409,512,40,2,512,1638,500,proj,512,512,512,wsap,512,4608,2080,2080,0,0,0,6656,0,0,0,0,0,0,0,0,56,0,3072,0,0
409,512,32,16,64,128,500,proj,512,512,512,wsap,64,576,2048,2048,0,0,0,1024,0,0,0,0,7168,0,4032,0,8,0,960,6720,0
409,256,64,4,2048,64,500,proj,512,512,512,isap,1024,4096,4096,0,4096,0,0,4096,0,0,0,0,0,0,0,0,16,0,0,0,0
409,256,88,8,128,46,500,proj,512,512,512,wspp,128,512,4224,0,0,68,0,316,384,0,0,0,2688,2688,5376,2000,8,2072,576,4032,0
409,512,32,8,1024,256,500,proj,512,512,512,wspp,512,4608,2048,2048,0,0,0,8192,0,0,0,0,0,0,0,0,16,0,7168,0,0
409,384,40,8,1365,204,500,proj,512,512,512,isap,1024,6144,4160,0,6656,0,0,6656,0,0,0,0,0,0,0,0,16,0,0,0,0
409,512,40,2,512,1638,500,proj,512,512,512,wsap,512,4608,2080,2080,0,0,0,6656,0,0,0,0,0,0,0,0,56,0,3072,0,0
409,512,40,2,1024,1638,500,proj,512,512,512,isap,512,4608,2080,2080,0,0,0,6656,0,0,0,0,0,0,0,0,56,0,3072,0,0
409,512,32,16,64,128,500,proj,512,512,512,wsap,64,576,2048,2048,0,0,0,1024,0,0,0,0,7168,0,4032,0,8,0,960,6720,0
409,512,32,8,32,256,500,proj,512,512,512,ispp,512,4608,32768,32768,0,0,0,8192,0,0,0,0,0,0,0,0,256,0,7168,0,0
409,256,64,4,2048,64,500,proj,512,512,512,isap,1024,4096,4096,0,4096,0,0,4096,0,0,0,0,0,0,0,0,16,0,0,0,0
409,384,56,4,1365,73,500,proj,512,512,512,ispp,1024,6144,4480,0,0,76,0,5044,5120,0,0,0,0,0,0,4640,20,2800,7168,0,0
409,256,88,8,128,46,500,proj,512,512,512,wspp,128,512,4224,0,0,68,0,316,384,0,0,0,2688,2688,5376,2000,8,2072,576,4032,0
409,256,80,8,256,25,500,proj,512,512,512,ispp,1024,4096,17920,0,0,116,0,3468,3584,0,0,0,0,0,0,984,32,3092,5632,0,0
409,512,32,8,1024,256,500,proj,512,512,512,wspp,512,4608,2048,2048,0,0,0,8192,0,0,0,0,0,0,0,0,16,0,7168,0,0
409,512,40,2,1024,1638,500,proj,512,512,512,isap,512,4608,2080,2080,0,0,0,6656,0,0,0,0,0,0,0,0,56,0,3072,0,0
409,512,32,16,64,128,500,proj,512,512,512,wsap,64,576,2048,2048,0,0,0,1024,0,0,0,0,7168,0,4032,0,8,0,960,6720,0
409,256,64,4,2048,64,500,proj,512,512,512,isap,1024,4096,4096,0,4096,0,0,4096,0,0,0,0,0,0,0,0,16,0,0,0,0
409,256,88,8,128,46,500,proj,512,512,512,wspp,128,512,4224,0,0,68,0,316,384,0,0,0,2688,2688,5376,2000,8,2072,576,4032,0
409,512,32,8,1024,256,500,proj,512,512,512,wspp,512,4608,2048,2048,0,0,0,8192,0,0,0,0,0,0,0,0,16,0,7168,0,0
409,384,32,16,682,256,500,proj,512,512,512,isap,1024,6144,8192,0,8192,0,0,8192,0,0,0,0,0,0,0,0,16,0,0,0,0
409,512,40,2,1024,1638,500,proj,512,512,512,isap,512,4608,2080,2080,0,0,0,6656,0,0,0,0,0,0,0,0,56,0,3072,0,0
409,512,40,4,2048,819,500,proj,512,512,512,isap,512,4608,2080,2080,0,0,0,6656,0,0,0,0,0,0,0,0,32,0,4608,0,0
409,512,32,16,64,128,500,proj,512,512,512,wsap,64,576,2048,2048,0,0,0,1024,0,0,0,0,7168,0,4032,0,8,0,960,6720,0
409,640,24,16,51,85,500,proj,512,512,512,wsap,51,561,2112,4224,0,0,0,1122,0,0,0,0,10142,0,10142,0,24,0,1020,9220,0
409,256,64,4,2048,64,500,proj,512,512,512,isap,1024,4096,4096,0,4096,0,0,4096,0,0,0,0,0,0,0,0,16,0,0,0,0
409,128,64,8,4096,64,500,proj,512,512,512,isap,2048,2048,8192,0,12288,0,0,4096,0,0,0,0,0,0,0,0,0,0,0,0,0
409,256,88,8,128,46,500,proj,512,512,512,wspp,128,512,4224,0,0,68,0,316,384,0,0,0,2688,2688,5376,2000,8,2072,576,4032,0
409,128,88,16,512,93,500,proj,512,512,512,isap,2048,2048,33792,0,9216,0,0,3072,0,0,0,0,0,0,0,0,0,0,0,0,0
409,512,32,8,1024,256,500,proj,512,512,512,wspp,512,4608,2048,2048,0,0,0,8192,0,0,0,0,0,0,0,0,16,0,7168,0,0
409,512,40,4,2048,819,500,proj,512,512,512,isap,512,4608,2080,2080,0,0,0,6656,0,0,0,0,0,0,0,0,32,0,4608,0,0
409,512,32,16,64,128,500,proj,512,512,512,wsap,64,576,2048,2048,0,0,0,1024,0,0,0,0,7168,0,4032,0,8,0,960,6720,0
409,256,64,4,2048,64,500,proj,512,512,512,isap,1024,4096,4096,0,4096,0,0,4096,0,0,0,0,0,0,0,0,16,0,0,0,0
409,256,88,8,128,46,500,proj,512,512,512,wspp,128,512,4224,0,0,68,0,316,384,0,0,0,2688,2688,5376,2000,8,2072,576,4032,0
409,512,32,8,1024,256,500,proj,512,512,512,wspp,512,4608,2048,2048,0,0,0,8192,0,0,0,0,0,0,0,0,16,0,7168,0,0
409,512,32,4,2048,128,500,proj,512,512,512,ispp,512,4608,2048,2048,0,0,0,8192,0,0,0,0,0,0,0,0,32,0,6144,0,0
409,512,40,4,2048,819,500,proj,512,512,512,isap,512,4608,2080,2080,0,0,0,6656,0,0,0,0,0,0,0,0,32,0,4608,0,0
409,640,32,8,819,1024,500,proj,512,512,512,wspp,512,5632,2048,4096,0,0,0,8192,0,0,0,0,0,0,0,0,24,0,7168,0,0
409,512,32,16,64,128,500,proj,512,512,512,wsap,64,576,2048,2048,0,0,0,1024,0,0,0,0,7168,0,4032,0,8,0,960,6720,0
409,384,24,8,85,170,500,proj,512,512,512,ispp,1024,6144,54912,0,0,2288,0,8976,11264,0,0,0,0,0,0,3096,312,8168,18944,0,0
409,256,64,4,2048,64,500,proj,512,512,512,isap,1024,4096,4096,0,4096,0,0,4096,0,0,0,0,0,0,0,0,16,0,0,0,0
409,256,72,2,4096,113,500,proj,512,512,512,ispp,1024,4096,4608,0,0,113,0,3983,4096,0,0,0,0,0,0,3868,32,2162,4096,0,0
409,256,88,8,128,46,500,proj,512,512,512,wspp,128,512,4224,0,0,68,0,316,384,0,0,0,2688,2688,5376,2000,8,2072,576,4032,0
409,256,80,8,256,102,500,proj,512,512,512,isap,1024,4096,17920,0,3584,0,0,3584,0,0,0,0,0,0,0,0,32,0,0,0,0
409,512,32,4,2048,128,500,proj,512,512,512,ispp,512,4608,2048,2048,0,0,0,8192,0,0,0,0,0,0,0,0,32,0,6144,0,0
409,512,40,4,2048,819,500,proj,512,512,512,isap,512,4608,2080,2080,0,0,0,6656,0,0,0,0,0,0,0,0,32,0,4608,0,0
409,512,32,16,64,128,500,proj,512,512,512,wsap,64,576,2048,2048,0,0,0,1024,0,0,0,0,7168,0,4032,0,8,0,960,6720,0
409,256,64,4,2048,64,500,proj,512,512,512,isap,1024,4096,4096,0,4096,0,0,4096,0,0,0,0,0,0,0,0,16,0,0,0,0
409,256,88,8,128,46,500,proj,512,512,512,wspp,128,512,4224,0,0,68,0,316,384,0,0,0,2688,2688,5376,2000,8,2072,576,4032,0
409,512,32,4,2048,128,500,proj,512,512,512,ispp,512,4608,2048,2048,0,0,0,8192,0,0,0,0,0,0,0,0,32,0,6144,0,0
409,512,24,4,2048,85,500,proj,512,512,512,wsap,512,4608,2112,2112,0,0,0,11264,0,0,0,0,0,0,0,0,48,0,8192,0,0
409,512,40,4,2048,819,500,proj,512,512,512,isap,512,4608,2080,2080,0,0,0,6656,0,0,0,0,0,0,0,0,32,0,4608,0,0
409,384,48,4,1365,682,500,proj,512,512,512,ispp,1024,6144,4224,0,0,700,0,4932,5632,0,0,0,0,0,0,2003,24,3629,7680,0,0
409,512,32,16,64,128,500,proj,512,512,512,wsap,64,576,2048,2048,0,0,0,1024,0,0,0,0,7168,0,4032,0,8,0,960,6720,0
409,640,24,16,25,170,500,proj,512,512,512,wspp,25,275,2112,4224,0,0,0,550,0,0,0,0,10714,0,10714,0,24,0,500,9740,0
409,256,64,4,2048,64,500,proj,512,512,512,isap,1024,4096,4096,0,4096,0,0,4096,0,0,0,0,0,0,0,0,16,0,0,0,0
409,256,72,4,4096,113,500,proj,512,512,512,wspp,1024,4096,4608,0,0,113,0,3983,4096,0,0,0,0,0,0,3864,16,2164,6144,0,0
409,256,88,8,128,46,500,proj,512,512,512,wspp,128,512,4224,0,0,68,0,316,384,0,0,0,2688,2688,5376,2000,8,2072,576,4032,0
409,128,88,16,256,93,500,proj,512,512,512,wspp,256,256,8448,0,0,93,284,291,868,0,0,896,2688,7168,2240,9928,0,4252,1216,8512,0
409,512,32,4,2048,128,500,proj,512,512,512,ispp,512,4608,2048,2048,0,0,0,8192,0,0,0,0,0,0,0,0,32,0,6144,0,0
409,512,40,4,2048,819,500,proj,512,512,512,isap,512,4608,2080,2080,0,0,0,6656,0,0,0,0,0,0,0,0,32,0,4608,0,0
409,512,32,16,64,128,500,proj,512,512,512,wsap,64,576,2048,2048,0,0,0,1024,0,0,0,0,7168,0,4032,0,8,0,960,6720,0
409,256,64,4,2048,64,500,proj,512,512,512,isap,1024,4096,4096,0,4096,0,0,4096,0,0,0,0,0,0,0,0,16,0,0,0,0
409,256,88,8,128,46,500,proj,512,512,512,wspp,128,512,4224,0,0,68,0,316,384,0,0,0,2688,2688,5376,2000,8,2072,576,4032,0
409,512,32,4,2048,128,500,proj,512,512,512,ispp,512,4608,2048,2048,0,0,0,8192,0,0,0,0,0,0,0,0,32,0,6144,0,0
409,384,24,4,5461,341,500,proj,512,512,512,wspp,1024,6144,4224,0,0,344,0,10920,11264,0,0,0,0,0,0,5236,44,6028,16384,0,0
409,512,40,4,2048,819,500,proj,512,512,512,isap,512,4608,2080,2080,0,0,0,6656,0,0,0,0,0,0,0,0,32,0,4608,0,0
409,384,48,4,1365,1365,500,proj,512,512,512,isap,1024,6144,4224,0,5632,0,0,5632,0,0,0,0,0,0,0,0,24,0,0,0,0
409,512,32,16,64,128,500,proj,512,512,512,wsap,64,576,2048,2048,0,0,0,1024,0,0,0,0,7168,0,4032,0,8,0,960,6720,0
409,384,40,16,170,204,500,proj,512,512,512,isap,1024,6144,29120,0,6656,0,0,6656,0,0,0,0,0,0,0,0,56,0,0,0,0
409,256,64,4,2048,64,500,proj,512,512,512,isap,1024,4096,4096,0,4096,0,0,4096,0,0,0,0,0,0,0,0,16,0,0,0,0
409,128,56,2,2048,73,500,proj,512,512,512,ispp,2048,2048,8960,0,0,73,146,5047,15214,0,0,0,0,0,0,25160,0,2780,10240,0,0
409,256,88,8,128,46,500,proj,512,512,512,wspp,128,512,4224,0,0,68,0,316,384,0,0,0,2688,2688,5376,2000,8,2072,576,4032,0
409,128,96,8,512,85,500,proj,512,512,512,ispp,2048,2048,36864,0,0,340,1592,2732,7624,0,0,0,0,0,0,9104,0,4664,9216,0,0
409,512,32,4,2048,128,500,proj,512,512,512,ispp,512,4608,2048,2048,0,0,0,8192,0,0,0,0,0,0,0,0,32,0,6144,0,0
409,512,40,4,2048,819,500,proj,512,512,512,isap,512,4608,2080,2080,0,0,0,6656,0,0,0,0,0,0,0,0,32,0,4608,0,0
409,512,32,16,64,128,500,proj,512,512,512,wsap,64,576,2048,2048,0,0,0,1024,0,0,0,0,7168,0,4032,0,8,0,960,6720,0
409,256,64,4,2048,64,500,proj,512,512,512,isap,1024,4096,4096,0,4096,0,0,4096,0,0,0,0,0,0,0,0,16,0,0,0,0
409,256,88,8,128,46,500,proj,512,512,512,wspp,128,512,4224,0,0,68,0,316,384,0,0,0,2688,2688,5376,2000,8,2072,576,4032,0
409,512,32,4,2048,128,500,proj,512,512,512,ispp,512,4608,2048,2048,0,0,0,8192,0,0,0,0,0,0,0,0,32,0,6144,0,0
409,640,24,8,819,170,500,proj,512,512,512,wspp,512,5632,2112,4224,0,0,0,11264,0,0,0,0,0,0,0,0,36,0,9728,0,0
409,512,40,4,2048,819,500,proj,512,512,512,isap,512,4608,2080,2080,0,0,0,6656,0,0,0,0,0,0,0,0,32,0,4608,0,0
409,512,40,2,2048,819,500,proj,512,512,512,wspp,512,4608,2080,2080,0,0,0,6656,0,0,0,0,0,0,0,0,56,0,3072,0,0
409,512,32,16,64,128,500,proj,512,512,512,wsap,64,576,2048,2048,0,0,0,1024,0,0,0,0,7168,0,4032,0,8,0,960,6720,0
409,512,32,8,64,256,500,proj,512,512,512,wsap,64,576,2048,2048,0,0,0,1024,0,0,0,0,7168,0,8064,0,16,0,896,6272,0
409,256,64,4,2048,64,500,proj,512,512,512,isap,1024,4096,4096,0,4096,0,0,4096,0,0,0,0,0,0,0,0,16,0,0,0,0
409,256,72,8,4096,113,500,proj,512,512,512,wsap,1024,4096,4608,0,4096,0,0,4096,0,0,0,0,0,0,0,0,8,0,0,0,0
409,256,88,8,128,46,500,proj,512,512,512,wspp,128,512,4224,0,0,68,0,316,384,0,0,0,2688,2688,5376,2000,8,2072,576,4032,0
409,128,96,8,256,85,500,proj,512,512,512,wsap,256,256,9216,0,1152,0,0,384,0,8064,0,0,2688,0,10752,0,0,0,0,0,0
409,512,32,4,2048,128,500,proj,512,512,512,ispp,512,4608,2048,2048,0,0,0,8192,0,0,0,0,0,0,0,0,32,0,6144,0,0
409,512,40,2,2048,819,500,proj,512,512,512,wspp,512,4608,2080,2080,0,0,0,6656,0,0,0,0,0,0,0,0,56,0,3072,0,0
409,512,32,16,64,128,500,proj,512,512,512,wsap,64,576,2048,2048,0,0,0,1024,0,0,0,0,7168,0,4032,0,8,0,960,6720,0
409,256,64,4,2048,64,500,proj,512,512,512,isap,1024,4096,4096,0,4096,0,0,4096,0,0,0,0,0,0,0,0,16,0,0,0,0
409,256,88,8,128,46,500,proj,512,512,512,wspp,128,512,4224,0,0,68,0,316,384,0,0,0,2688,2688,5376,2000,8,2072,576,4032,0
409,512,32,4,2048,128,500,proj,512,512,512,ispp,512,4608,2048,2048,0,0,0,8192,0,0,0,0,0,0,0,0,32,0,6144,0,0
409,384,40,4,5461,51,500,proj,512,512,512,wsap,1024,6144,4160,0,6656,0,0,6656,0,0,0,0,0,0,0,0,28,0,0,0,0
409,512,40,2,2048,819,500,proj,512,512,512,wspp,512,4608,2080,2080,0,0,0,6656,0,0,0,0,0,0,0,0,56,0,3072,0,0
409,384,40,4,2730,819,500,proj,512,512,512,wsap,1024,6144,4160,0,6656,0,0,6656,0,0,0,0,0,0,0,0,28,0,0,0,0
409,512,32,16,64,128,500,proj,512,512,512,wsap,64,576,2048,2048,0,0,0,1024,0,0,0,0,7168,0,4032,0,8,0,960,6720,0
409,640,32,8,25,128,500,proj,512,512,512,isap,512,5632,43008,86016,0,0,0,8192,0,0,0,0,0,0,0,0,504,0,7168,0,0
409,256,64,4,2048,64,500,proj,512,512,512,isap,1024,4096,4096,0,4096,0,0,4096,0,0,0,0,0,0,0,0,16,0,0,0,0
409,256,72,8,2048,56,500,proj,512,512,512,isap,1024,4096,4608,0,4096,0,0,4096,0,0,0,0,0,0,0,0,8,0,0,0,0
409,256,88,8,128,46,500,proj,512,512,512,wspp,128,512,4224,0,0,68,0,316,384,0,0,0,2688,2688,5376,2000,8,2072,576,4032,0
409,256,80,16,256,51,500,proj,512,512,512,ispp,1024,4096,17920,0,0,3584,0,0,3584,0,0,0,0,0,0,0,16,3584,6144,0,0
409,512,32,4,2048,128,500,proj,512,512,512,ispp,512,4608,2048,2048,0,0,0,8192,0,0,0,0,0,0,0,0,32,0,6144,0,0
409,512,40,2,2048,819,500,proj,512,512,512,wspp,512,4608,2080,2080,0,0,0,6656,0,0,0,0,0,0,0,0,56,0,3072,0,0
409,512,32,16,64,128,500,proj,512,512,512,wsap,64,576,2048,2048,0,0,0,1024,0,0,0,0,7168,0,4032,0,8,0,960,6720,0
409,256,64,4,2048,64,500,proj,512,512,512,isap,1024,4096,4096,0,4096,0,0,4096,0,0,0,0,0,0,0,0,16,0,0,0,0
409,256,88,8,128,46,500,proj,512,512,512,wspp,128,512,4224,0,0,68,0,316,384,0,0,0,2688,2688,5376,2000,8,2072,576,4032,0
409,512,32,4,2048,128,500,proj,512,512,512,ispp,512,4608,2048,2048,0,0,0,8192,0,0,0,0,0,0,0,0,32,0,6144,0,0
409,512,24,8,1024,170,500,proj,512,512,512,wspp,512,4608,2112,2112,0,0,0,11264,0,0,0,0,0,0,0,0,24,0,9728,0,0
409,512,40,2,2048,819,500,proj,512,512,512,wspp,512,4608,2080,2080,0,0,0,6656,0,0,0,0,0,0,0,0,56,0,3072,0,0
409,512,40,2,1024,819,500,proj,512,512,512,ispp,512,4608,2080,2080,0,0,0,6656,0,0,0,0,0,0,0,0,56,0,3072,0,0
409,512,32,16,64,128,500,proj,512,512,512,wsap,64,576,2048,2048,0,0,0,1024,0,0,0,0,7168,0,4032,0,8,0,960,6720,0
409,640,24,8,51,170,500,proj,512,512,512,wspp,51,561,2112,4224,0,0,0,1122,0,0,0,0,10142,0,15213,0,36,0,969,8759,0
409,256,64,4,2048,64,500,proj,512,512,512,isap,1024,4096,4096,0,4096,0,0,4096,0,0,0,0,0,0,0,0,16,0,0,0,0
409,128,64,4,4096,64,500,proj,512,512,512,wsap,2048,2048,8192,0,12288,0,0,4096,0,0,0,0,0,0,0,0,0,0,0,0,0
409,256,88,8,128,46,500,proj,512,512,512,wspp,128,512,4224,0,0,68,0,316,384,0,0,0,2688,2688,5376,2000,8,2072,576,4032,0
409,256,80,4,256,51,500,proj,512,512,512,isap,1024,4096,17920,0,3584,0,0,3584,0,0,0,0,0,0,0,0,64,0,0,0,0
409,512,32,4,2048,128,500,proj,512,512,512,ispp,512,4608,2048,2048,0,0,0,8192,0,0,0,0,0,0,0,0,32,0,6144,0,0
409,512,40,2,1024,819,500,proj,512,512,512,ispp,512,4608,2080,2080,0,0,0,6656,0,0,0,0,0,0,0,0,56,0,3072,0,0
409,512,32,16,64,128,500,proj,512,512,512,wsap,64,576,2048,2048,0,0,0,1024,0,0,0,0,7168,0,4032,0,8,0,960,6720,0
409,256,64,4,2048,64,500,proj,512,512,512,isap,1024,4096,4096,0,4096,0,0,4096,0,0,0,0,0,0,0,0,16,0,0,0,0
409,256,88,8,128,46,500,proj,512,512,512,wspp,128,512,4224,0,0,68,0,316,384,0,0,0,2688,2688,5376,2000,8,2072,576,4032,0
409,512,32,4,2048,128,500,proj,512,512,512,ispp,512,4608,2048,2048,0,0,0,8192,0,0,0,0,0,0,0,0,32,0,6144,0,0
409,512,24,4,1024,341,500,proj,512,512,512,wspp,512,4608,2112,2112,0,0,0,11264,0,0,0,0,0,0,0,0,48,0,8192,0,0
409,512,40,2,1024,819,500,proj,512,512,512,ispp,512,4608,2080,2080,0,0,0,6656,0,0,0,0,0,0,0,0,56,0,3072,0,0
409,384,40,4,682,819,500,proj,512,512,512,wsap,682,4092,4160,0,4433,0,0,4433,0,2223,0,0,2223,0,26676,0,28,0,0,0,0
409,512,32,16,64,128,500,proj,512,512,512,wsap,64,576,2048,2048,0,0,0,1024,0,0,0,0,7168,0,4032,0,8,0,960,6720,0
409,512,40,8,32,51,500,proj,512,512,512,isap,512,4608,33280,33280,0,0,0,6656,0,0,0,0,0,0,0,0,256,0,5632,0,0
409,256,64,4,2048,64,500,proj,512,512,512,isap,1024,4096,4096,0,4096,0,0,4096,0,0,0,0,0,0,0,0,16,0,0,0,0
409,128,72,2,2048,56,500,proj,512,512,512,wspp,2048,2048,9216,0,0,56,112,4040,12176,0,0,0,0,0,0,20144,0,2216,8192,0,0
409,256,88,8,128,46,500,proj,512,512,512,wspp,128,512,4224,0,0,68,0,316,384,0,0,0,2688,2688,5376,2000,8,2072,576,4032,0
409,128,96,4,128,85,500,proj,512,512,512,ispp,2048,2048,147456,0,0,1360,2928,1712,6288,0,0,0,0,0,0,7072,0,5680,8192,0,0
409,512,32,4,2048,128,500,proj,512,512,512,ispp,512,4608,2048,2048,0,0,0,8192,0,0,0,0,0,0,0,0,32,0,6144,0,0
409,512,40,2,1024,819,500,proj,512,512,512,ispp,512,4608,2080,2080,0,0,0,6656,0,0,0,0,0,0,0,0,56,0,3072,0,0
409,512,32,16,64,128,500,proj,512,512,512,wsap,64,576,2048,2048,0,0,0,1024,0,0,0,0,7168,0,4032,0,8,0,960,6720,0
409,256,64,4,2048,64,500,proj,512,512,512,isap,1024,4096,4096,0,4096,0,0,4096,0,0,0,0,0,0,0,0,16,0,0,0,0
409,256,88,8,128,46,500,proj,512,512,512,wspp,128,512,4224,0,0,68,0,316,384,0,0,0,2688,2688,5376,2000,8,2072,576,4032,0
409,512,32,4,2048,128,500,proj,512,512,512,ispp,512,4608,2048,2048,0,0,0,8192,0,0,0,0,0,0,0,0,32,0,6144,0,0
409,640,24,4,1638,85,500,proj,512,512,512,wspp,512,5632,2112,4224,0,0,0,11264,0,0,0,0,0,0,0,0,72,0,8192,0,0
409,512,40,2,1024,819,500,proj,512,512,512,ispp,512,4608,2080,2080,0,0,0,6656,0,0,0,0,0,0,0,0,56,0,3072,0,0
409,512,40,2,2048,819,500,proj,512,512,512,isap,512,4608,2080,2080,0,0,0,6656,0,0,0,0,0,0,0,0,56,0,3072,0,0
409,512,32,16,64,128,500,proj,512,512,512,wsap,64,576,2048,2048,0,0,0,1024,0,0,0,0,7168,0,4032,0,8,0,960,6720,0
409,384,32,32,85,64,500,proj,512,512,512,wspp,84,504,4096,0,0,672,0,0,672,0,7520,0,0,7520,5640,0,4,8192,1260,14100,0
409,256,64,4,2048,64,500,proj,512,512,512,isap,1024,4096,4096,0,4096,0,0,4096,0,0,0,0,0,0,0,0,16,0,0,0,0
409,128,64,2,8192,128,500,proj,512,512,512,wsap,2048,2048,8192,0,8192,1920,0,2176,4096,0,0,0,0,0,0,3836,0,2178,0,0,0
409,256,88,8,128,46,500,proj,512,512,512,wspp,128,512,4224,0,0,68,0,316,384,0,0,0,2688,2688,5376,2000,8,2072,576,4032,0
409,128,96,16,512,21,500,proj,512,512,512,ispp,2048,2048,36864,0,0,84,1168,2988,8048,0,0,0,0,0,0,9952,0,4240,9728,0,0
409,512,32,4,2048,128,500,proj,512,512,512,ispp,512,4608,2048,2048,0,0,0,8192,0,0,0,0,0,0,0,0,32,0,6144,0,0
409,512,40,2,2048,819,500,proj,512,512,512,isap,512,4608,2080,2080,0,0,0,6656,0,0,0,0,0,0,0,0,56,0,3072,0,0
409,512,32,16,64,128,500,proj,512,512,512,wsap,64,576,2048,2048,0,0,0,1024,0,0,0,0,7168,0,4032,0,8,0,960,6720,0
409,256,64,4,2048,64,500,proj,512,512,512,isap,1024,4096,4096,0,4096,0,0,4096,0,0,0,0,0,0,0,0,16,0,0,0,0
409,256,88,8,128,46,500,proj,512,512,512,wspp,128,512,4224,0,0,68,0,316,384,0,0,0,2688,2688,5376,2000,8,2072,576,4032,0
409,512,32,4,2048,128,500,proj,512,512,512,ispp,512,4608,2048,2048,0,0,0,8192,0,0,0,0,0,0,0,0,32,0,6144,0,0
409,384,32,8,5461,64,500,proj,512,512,512,ispp,1024,6144,4096,0,0,64,0,8128,8192,0,0,0,0,0,0,4032,16,4160,14336,0,0
409,512,40,2,2048,819,500,proj,512,512,512,isap,512,4608,2080,2080,0,0,0,6656,0,0,0,0,0,0,0,0,56,0,3072,0,0
409,512,32,2,1024,512,500,proj,512,512,512,isap,512,4608,2048,2048,0,0,0,8192,0,0,0,0,0,0,0,0,64,0,4096,0,0
409,512,32,16,64,128,500,proj,512,512,512,wsap,64,576,2048,2048,0,0,0,1024,0,0,0,0,7168,0,4032,0,8,0,960,6720,0
409,512,24,16,128,85,500,proj,512,512,512,wsap,128,1152,2112,2112,0,0,0,2816,0,0,0,0,8448,0,6912,0,16,0,2560,7680,0
409,256,64,4,2048,64,500,proj,512,512,512,isap,1024,4096,4096,0,4096,0,0,4096,0,0,0,0,0,0,0,0,16,0,0,0,0
409,384,56,2,2730,73,500,proj,512,512,512,wsap,1024,6144,4480,0,5120,0,0,5120,0,0,0,0,0,0,0,0,40,0,0,0,0
409,256,88,8,128,46,500,proj,512,512,512,wspp,128,512,4224,0,0,68,0,316,384,0,0,0,2688,2688,5376,2000,8,2072,576,4032,0
409,256,80,8,64,51,500,proj,512,512,512,wspp,64,256,4480,0,0,59,0,165,224,0,0,0,3360,3360,5760,1006,8,3081,352,5280,0
409,512,32,4,2048,128,500,proj,512,512,512,ispp,512,4608,2048,2048,0,0,0,8192,0,0,0,0,0,0,0,0,32,0,6144,0,0
409,512,32,2,1024,512,500,proj,512,512,512,isap,512,4608,2048,2048,0,0,0,8192,0,0,0,0,0,0,0,0,64,0,4096,0,0
409,512,32,16,64,128,500,proj,512,512,512,wsap,64,576,2048,2048,0,0,0,1024,0,0,0,0,7168,0,4032,0,8,0,960,6720,0
409,256,64,4,2048,64,500,proj,512,512,512,isap,1024,4096,4096,0,4096,0,0,4096,0,0,0,0,0,0,0,0,16,0,0,0,0
409,256,88,8,128,46,500,proj,512,512,512,wspp,128,512,4224,0,0,68,0,316,384,0,0,0,2688,2688,5376,2000,8,2072,576,4032,0
409,512,32,4,2048,128,500,proj,512,512,512,ispp,512,4608,2048,2048,0,0,0,8192,0,0,0,0,0,0,0,0,32,0,6144,0,0
409,512,24,4,4096,341,500,proj,512,512,512,ispp,512,4608,2112,2112,0,0,0,11264,0,0,0,0,0,0,0,0,48,0,8192,0,0
409,512,32,2,1024,512,500,proj,512,512,512,isap,512,4608,2048,2048,0,0,0,8192,0,0,0,0,0,0,0,0,64,0,4096,0,0
409,640,32,2,409,512,500,proj,512,512,512,ispp,512,5632,4096,8192,0,0,0,8192,0,0,0,0,0,0,0,0,192,0,4096,0,0
409,512,32,16,64,128,500,proj,512,512,512,wsap,64,576,2048,2048,0,0,0,1024,0,0,0,0,7168,0,4032,0,8,0,960,6720,0
409,512,32,32,64,128,500,proj,512,512,512,ispp,512,4608,16384,16384,0,0,0,8192,0,0,0,0,0,0,0,0,64,0,7680,0,0
409,256,64,4,2048,64,500,proj,512,512,512,isap,1024,4096,4096,0,4096,0,0,4096,0,0,0,0,0,0,0,0,16,0,0,0,0
409,128,72,2,2048,28,500,proj,512,512,512,wsap,2048,2048,9216,0,8192,1820,0,2276,4096,0,0,0,0,0,0,4046,0,2073,0,0,0
409,256,88,8,128,46,500,proj,512,512,512,wspp,128,512,4224,0,0,68,0,316,384,0,0,0,2688,2688,5376,2000,8,2072,576,4032,0
409,128,80,4,256,25,500,proj,512,512,512,wspp,256,256,8960,0,0,25,52,423,1292,0,0,0,3136,9408,4480,17262,0,2121,1152,8064,0
409,512,32,4,2048,128,500,proj,512,512,512,ispp,512,4608,2048,2048,0,0,0,8192,0,0,0,0,0,0,0,0,32,0,6144,0,0
409,512,32,2,1024,512,500,proj,512,512,512,isap,512,4608,2048,2048,0,0,0,8192,0,0,0,0,0,0,0,0,64,0,4096,0,0
409,512,32,16,64,128,500,proj,512,512,512,wsap,64,576,2048,2048,0,0,0,1024,0,0,0,0,7168,0,4032,0,8,0,960,6720,0
409,256,64,4,2048,64,500,proj,512,512,512,isap,1024,4096,4096,0,4096,0,0,4096,0,0,0,0,0,0,0,0,16,0,0,0,0
409,256,88,8,128,46,500,proj,512,512,512,wspp,128,512,4224,0,0,68,0,316,384,0,0,0,2688,2688,5376,2000,8,2072,576,4032,0
409,512,32,4,2048,128,500,proj,512,512,512,ispp,512,4608,2048,2048,0,0,0,8192,0,0,0,0,0,0,0,0,32,0,6144,0,0
409,384,24,4,1365,170,500,proj,512,512,512,isap,1024,6144,4224,0,11264,0,0,11264,0,0,0,0,0,0,0,0,44,0,0,0,0
409,512,32,2,1024,512,500,proj,512,512,512,isap,512,4608,2048,2048,0,0,0,8192,0,0,0,0,0,0,0,0,64,0,4096,0,0
409,512,40,4,512,819,500,proj,512,512,512,isap,512,4608,2080,2080,0,0,0,6656,0,0,0,0,0,0,0,0,32,0,4608,0,0
409,512,32,16,64,128,500,proj,512,512,512,wsap,64,576,2048,2048,0,0,0,1024,0,0,0,0,7168,0,4032,0,8,0,960,6720,0
409,384,40,16,85,204,500,proj,512,512,512,wspp,84,504,4160,0,0,264,0,282,546,0,0,0,6110,6110,8460,1473,8,5183,966,10810,0
409,256,64,4,2048,64,500,proj,512,512,512,isap,1024,4096,4096,0,4096,0,0,4096,0,0,0,0,0,0,0,0,16,0,0,0,0
409,256,72,8,4096,113,500,proj,512,512,512,isap,1024,4096,4608,0,4096,0,0,4096,0,0,0,0,0,0,0,0,8,0,0,0,0
409,256,88,8,128,46,500,proj,512,512,512,wspp,128,512,4224,0,0,68,0,316,384,0,0,0,2688,2688,5376,2000,8,2072,576,4032,0
409,128,96,16,128,85,500,proj,512,512,512,isap,2048,2048,147456,0,9216,0,0,3072,0,0,0,0,0,0,0,0,0,0,0,0,0
409,512,32,4,2048,128,500,proj,512,512,512,ispp,512,4608,2048,2048,0,0,0,8192,0,0,0,0,0,0,0,0,32,0,6144,0,0
409,512,40,4,512,819,500,proj,512,512,512,isap,512,4608,2080,2080,0,0,0,6656,0,0,0,0,0,0,0,0,32,0,4608,0,0
409,512,32,16,64,128,500,proj,512,512,512,wsap,64,576,2048,2048,0,0,0,1024,0,0,0,0,7168,0,4032,0,8,0,960,6720,0
409,256,72,8,4096,113,500,proj,512,512,512,isap,1024,4096,4608,0,4096,0,0,4096,0,0,0,0,0,0,0,0,8,0,0,0,0
409,256,88,8,128,46,500,proj,512,512,512,wspp,128,512,4224,0,0,68,0,316,384,0,0,0,2688,2688,5376,2000,8,2072,576,4032,0
409,512,32,4,2048,128,500,proj,512,512,512,ispp,512,4608,2048,2048,0,0,0,8192,0,0,0,0,0,0,0,0,32,0,6144,0,0
409,640,32,2,819,128,500,proj,512,512,512,isap,512,5632,2048,4096,0,0,0,8192,0,0,0,0,0,0,0,0,96,0,4096,0,0
409,512,40,4,512,819,500,proj,512,512,512,isap,512,4608,2080,2080,0,0,0,6656,0,0,0,0,0,0,0,0,32,0,4608,0,0
409,512,40,2,512,819,500,proj,512,512,512,wsap,512,4608,2080,2080,0,0,0,6656,0,0,0,0,0,0,0,0,56,0,3072,0,0
409,512,32,16,64,128,500,proj,512,512,512,wsap,64,576,2048,2048,0,0,0,1024,0,0,0,0,7168,0,4032,0,8,0,960,6720,0
409,512,40,8,64,204,500,proj,512,512,512,ispp,512,4608,16640,16640,0,0,0,6656,0,0,0,0,0,0,0,0,128,0,5632,0,0
409,256,72,8,4096,113,500,proj,512,512,512,isap,1024,4096,4608,0,4096,0,0,4096,0,0,0,0,0,0,0,0,8,0,0,0,0
409,128,64,16,16384,256,500,proj,512,512,512,isap,2048,2048,8192,0,12288,0,0,4096,0,0,0,0,0,0,0,0,0,0,0,0,0
409,256,88,8,128,46,500,proj,512,512,512,wspp,128,512,4224,0,0,68,0,316,384,0,0,0,2688,2688,5376,2000,8,2072,576,4032,0
409,128,96,4,128,42,500,proj,512,512,512,wspp,128,128,9216,0,0,42,90,150,486,0,0,0,2880,8640,3840,14112,0,2160,512,7680,0
409,512,32,4,2048,128,500,proj,512,512,512,ispp,512,4608,2048,2048,0,0,0,8192,0,0,0,0,0,0,0,0,32,0,6144,0,0
409,512,40,2,512,819,500,proj,512,512,512,wsap,512,4608,2080,2080,0,0,0,6656,0,0,0,0,0,0,0,0,56,0,3072,0,0
409,512,32,16,64,128,500,proj,512,512,512,wsap,64,576,2048,2048,0,0,0,1024,0,0,0,0,7168,0,4032,0,8,0,960,6720,0
409,256,72,8,4096,113,500,proj,512,512,512,isap,1024,4096,4608,0,4096,0,0,4096,0,0,0,0,0,0,0,0,8,0,0,0,0
409,256,88,8,128,46,500,proj,512,512,512,wspp,128,512,4224,0,0,68,0,316,384,0,0,0,2688,2688,5376,2000,8,2072,576,4032,0
409,512,32,4,2048,128,500,proj,512,512,512,ispp,512,4608,2048,2048,0,0,0,8192,0,0,0,0,0,0,0,0,32,0,6144,0,0
409,512,24,8,1024,341,500,proj,512,512,512,isap,512,4608,2112,2112,0,0,0,11264,0,0,0,0,0,0,0,0,24,0,9728,0,0
409,512,40,2,512,819,500,proj,512,512,512,wsap,512,4608,2080,2080,0,0,0,6656,0,0,0,0,0,0,0,0,56,0,3072,0,0
409,384,32,2,1365,1024,500,proj,512,512,512,isap,1024,6144,4096,0,8192,0,0,8192,0,0,0,0,0,0,0,0,64,0,0,0,0
409,512,32,16,64,128,500,proj,512,512,512,wsap,64,576,2048,2048,0,0,0,1024,0,0,0,0,7168,0,4032,0,8,0,960,6720,0
409,512,24,16,32,341,500,proj,512,512,512,ispp,512,4608,33792,33792,0,0,0,11264,0,0,0,0,0,0,0,0,256,0,10240,0,0
409,256,72,8,4096,113,500,proj,512,512,512,isap,1024,4096,4608,0,4096,0,0,4096,0,0,0,0,0,0,0,0,8,0,0,0,0
409,128,72,16,8192,227,500,proj,512,512,512,ispp,2048,2048,9216,0,0,227,4323,3869,7965,0,0,0,0,0,0,7738,0,8419,14336,0,0
409,256,88,8,128,46,500,proj,512,512,512,wspp,128,512,4224,0,0,68,0,316,384,0,0,0,2688,2688,5376,2000,8,2072,576,4032,0
409,128,88,16,512,46,500,proj,512,512,512,wspp,512,512,8448,0,0,46,334,722,1970,0,0,768,2304,6144,1920,10084,0,4174,2432,7296,0
409,512,32,4,2048,128,500,proj,512,512,512,ispp,512,4608,2048,2048,0,0,0,8192,0,0,0,0,0,0,0,0,32,0,6144,0,0
409,512,40,2,512,819,500,proj,512,512,512,wsap,512,4608,2080,2080,0,0,0,6656,0,0,0,0,0,0,0,0,56,0,3072,0,0
409,512,32,16,64,128,500,proj,512,512,512,wsap,64,576,2048,2048,0,0,0,1024,0,0,0,0,7168,0,4032,0,8,0,960,6720,0
409,256,72,8,4096,113,500,proj,512,512,512,isap,1024,4096,4608,0,4096,0,0,4096,0,0,0,0,0,0,0,0,8,0,0,0,0
409,256,88,8,128,46,500,proj,512,512,512,wspp,128,512,4224,0,0,68,0,316,384,0,0,0,2688,2688,5376,2000,8,2072,576,4032,0
409,512,32,4,2048,128,500,proj,512,512,512,ispp,512,4608,2048,2048,0,0,0,8192,0,0,0,0,0,0,0,0,32,0,6144,0,0
409,384,32,8,5461,64,500,proj,512,512,512,ispp,1024,6144,4096,0,0,64,0,8128,8192,0,0,0,0,0,0,4032,16,4160,14336,0,0
409,512,40,2,512,819,500,proj,512,512,512,wsap,512,4608,2080,2080,0,0,0,6656,0,0,0,0,0,0,0,0,56,0,3072,0,0
409,640,32,4,204,512,500,proj,512,512,512,isap,512,5632,6144,12288,0,0,0,8192,0,0,0,0,0,0,0,0,144,0,6144,0,0
409,512,32,16,64,128,500,proj,512,512,512,wsap,64,576,2048,2048,0,0,0,1024,0,0,0,0,7168,0,4032,0,8,0,960,6720,0
409,512,40,8,64,204,500,proj,512,512,512,wspp,64,576,2080,2080,0,0,0,832,0,0,0,0,5824,0,8064,0,16,0,704,4928,0
409,256,72,8,4096,113,500,proj,512,512,512,isap,1024,4096,4608,0,4096,0,0,4096,0,0,0,0,0,0,0,0,8,0,0,0,0
409,128,64,16,4096,256,500,proj,512,512,512,isap,2048,2048,8192,0,12288,0,0,4096,0,0,0,0,0,0,0,0,0,0,0,0,0
409,256,88,8,128,46,500,proj,512,512,512,wspp,128,512,4224,0,0,68,0,316,384,0,0,0,2688,2688,5376,2000,8,2072,576,4032,0
409,256,80,8,64,102,500,proj,512,512,512,isap,1024,4096,71680,0,3584,0,0,3584,0,0,0,0,0,0,0,0,128,0,0,0,0
409,512,32,4,2048,128,500,proj,512,512,512,ispp,512,4608,2048,2048,0,0,0,8192,0,0,0,0,0,0,0,0,32,0,6144,0,0
409,512,40,2,512,819,500,proj,512,512,512,wsap,512,4608,2080,2080,0,0,0,6656,0,0,0,0,0,0,0,0,56,0,3072,0,0
409,512,32,16,64,128,500,proj,512,512,512,wsap,64,576,2048,2048,0,0,0,1024,0,0,0,0,7168,0,4032,0,8,0,960,6720,0
409,256,72,8,4096,113,500,proj,512,512,512,isap,1024,4096,4608,0,4096,0,0,4096,0,0,0,0,0,0,0,0,8,0,0,0,0
409,256,88,8,128,46,500,proj,512,512,512,wspp,128,512,4224,0,0,68,0,316,384,0,0,0,2688,2688,5376,2000,8,2072,576,4032,0
409,512,32,4,2048,128,500,proj,512,512,512,ispp,512,4608,2048,2048,0,0,0,8192,0,0,0,0,0,0,0,0,32,0,6144,0,0
409,384,24,2,2730,341,500,proj,512,512,512,wsap,1024,6144,4224,0,11264,0,0,11264,0,0,0,0,0,0,0,0,88,0,0,0,0
409,512,40,2,512,819,500,proj,512,512,512,wsap,512,4608,2080,2080,0,0,0,6656,0,0,0,0,0,0,0,0,56,0,3072,0,0
409,384,32,4,341,1024,500,proj,512,512,512,wsap,340,2040,4096,0,2720,0,0,2720,0,5472,0,0,5472,0,65664,0,32,0,0,0,0
409,512,32,16,64,128,500,proj,512,512,512,wsap,64,576,2048,2048,0,0,0,1024,0,0,0,0,7168,0,4032,0,8,0,960,6720,0
409,512,24,32,128,170,500,proj,512,512,512,wspp,128,1152,2112,2112,0,0,0,2816,0,0,0,0,8448,0,3456,0,8,0,2688,8064,0
409,256,72,8,4096,113,500,proj,512,512,512,isap,1024,4096,4608,0,4096,0,0,4096,0,0,0,0,0,0,0,0,8,0,0,0,0
409,128,80,4,8192,204,500,proj,512,512,512,wspp,2048,2048,8960,0,0,204,429,3380,10323,0,0,0,0,0,0,16244,0,2630,9216,0,0
409,256,88,8,128,46,500,proj,512,512,512,wspp,128,512,4224,0,0,68,0,316,384,0,0,0,2688,2688,5376,2000,8,2072,576,4032,0
409,128,80,16,256,102,500,proj,512,512,512,ispp,2048,2048,71680,0,0,816,3616,2768,7136,0,0,0,0,0,0,7104,0,7200,11776,0,0
409,512,32,4,2048,128,500,proj,512,512,512,ispp,512,4608,2048,2048,0,0,0,8192,0,0,0,0,0,0,0,0,32,0,6144,0,0
409,512,40,2,512,819,500,proj,512,512,512,wsap,512,4608,2080,2080,0,0,0,6656,0,0,0,0,0,0,0,0,56,0,3072,0,0
409,512,32,16,64,128,500,proj,512,512,512,wsap,64,576,2048,2048,0,0,0,1024,0,0,0,0,7168,0,4032,0,8,0,960,6720,0
409,256,72,8,4096,113,500,proj,512,512,512,isap,1024,4096,4608,0,4096,0,0,4096,0,0,0,0,0,0,0,0,8,0,0,0,0
409,256,88,8,128,46,500,proj,512,512,512,wspp,128,512,4224,0,0,68,0,316,384,0,0,0,2688,2688,5376,2000,8,2072,576,4032,0
409,512,32,4,2048,128,500,proj,512,512,512,ispp,512,4608,2048,2048,0,0,0,8192,0,0,0,0,0,0,0,0,32,0,6144,0,0
409,640,24,2,1638,85,500,proj,512,512,512,ispp,512,5632,2112,4224,0,0,0,11264,0,0,0,0,0,0,0,0,132,0,5632,0,0
409,512,40,2,512,819,500,proj,512,512,512,wsap,512,4608,2080,2080,0,0,0,6656,0,0,0,0,0,0,0,0,56,0,3072,0,0
409,384,40,4,682,409,500,proj,512,512,512,ispp,1024,6144,8320,0,0,836,0,5820,6656,0,0,0,0,0,0,2414,56,4242,9216,0,0
409,512,32,16,64,128,500,proj,512,512,512,wsap,64,576,2048,2048,0,0,0,1024,0,0,0,0,7168,0,4032,0,8,0,960,6720,0
409,512,32,8,128,128,500,proj,512,512,512,wsap,128,1152,2048,2048,0,0,0,2048,0,0,0,0,6144,0,6912,0,16,0,1792,5376,0
409,256,72,8,4096,113,500,proj,512,512,512,isap,1024,4096,4608,0,4096,0,0,4096,0,0,0,0,0,0,0,0,8,0,0,0,0
409,256,64,4,4096,64,500,proj,512,512,512,ispp,1024,4096,4096,0,0,64,0,4032,4096,0,0,0,0,0,0,3968,16,2112,6144,0,0
409,256,88,8,128,46,500,proj,512,512,512,wspp,128,512,4224,0,0,68,0,316,384,0,0,0,2688,2688,5376,2000,8,2072,576,4032,0
409,128,96,4,256,21,500,proj,512,512,512,wspp,256,256,9216,0,0,21,45,363,1107,0,0,0,2688,8064,3584,14222,0,2105,1024,7168,0
409,512,32,4,2048,128,500,proj,512,512,512,ispp,512,4608,2048,2048,0,0,0,8192,0,0,0,0,0,0,0,0,32,0,6144,0,0
409,512,40,2,512,819,500,proj,512,512,512,wsap,512,4608,2080,2080,0,0,0,6656,0,0,0,0,0,0,0,0,56,0,3072,0,0
409,512,32,16,64,128,500,proj,512,512,512,wsap,64,576,2048,2048,0,0,0,1024,0,0,0,0,7168,0,4032,0,8,0,960,6720,0
409,256,64,4,4096,64,500,proj,512,512,512,ispp,1024,4096,4096,0,0,64,0,4032,4096,0,0,0,0,0,0,3968,16,2112,6144,0,0
409,256,88,8,128,46,500,proj,512,512,512,wspp,128,512,4224,0,0,68,0,316,384,0,0,0,2688,2688,5376,2000,8,2072,576,4032,0
409,512,32,4,2048,128,500,proj,512,512,512,ispp,512,4608,2048,2048,0,0,0,8192,0,0,0,0,0,0,0,0,32,0,6144,0,0
409,384,32,2,1365,128,500,proj,512,512,512,ispp,1024,6144,4096,0,0,128,0,8064,8192,0,0,0,0,0,0,3962,64,4230,8192,0,0
409,512,40,2,512,819,500,proj,512,512,512,wsap,512,4608,2080,2080,0,0,0,6656,0,0,0,0,0,0,0,0,56,0,3072,0,0
409,384,32,4,1365,2048,500,proj,512,512,512,wspp,1024,6144,4096,0,0,2048,0,6144,8192,0,0,0,0,0,0,2048,32,6144,12288,0,0
409,512,32,16,64,128,500,proj,512,512,512,wsap,64,576,2048,2048,0,0,0,1024,0,0,0,0,7168,0,4032,0,8,0,960,6720,0
409,512,32,8,32,64,500,proj,512,512,512,ispp,512,4608,32768,32768,0,0,0,8192,0,0,0,0,0,0,0,0,256,0,7168,0,0
409,256,64,4,4096,64,500,proj,512,512,512,ispp,1024,4096,4096,0,0,64,0,4032,4096,0,0,0,0,0,0,3968,16,2112,6144,0,0
409,128,56,2,8192,146,500,proj,512,512,512,wsap,2048,2048,8960,0,10240,2450,0,2670,5120,0,0,0,0,0,0,4828,0,2706,0,0,0
409,256,88,8,128,46,500,proj,512,512,512,wspp,128,512,4224,0,0,68,0,316,384,0,0,0,2688,2688,5376,2000,8,2072,576,4032,0
409,128,80,8,128,102,500,proj,512,512,512,isap,2048,2048,143360,0,10752,0,0,3584,0,0,0,0,0,0,0,0,0,0,0,0,0
409,512,32,4,2048,128,500,proj,512,512,512,ispp,512,4608,2048,2048,0,0,0,8192,0,0,0,0,0,0,0,0,32,0,6144,0,0
409,512,40,2,512,819,500,proj,512,512,512,wsap,512,4608,2080,2080,0,0,0,6656,0,0,0,0,0,0,0,0,56,0,3072,0,0
409,512,32,16,64,128,500,proj,512,512,512,wsap,64,576,2048,2048,0,0,0,1024,0,0,0,0,7168,0,4032,0,8,0,960,6720,0
409,256,64,4,4096,64,500,proj,512,512,512,ispp,1024,4096,4096,0,0,64,0,4032,4096,0,0,0,0,0,0,3968,16,2112,6144,0,0
409,256,88,8,128,46,500,proj,512,512,512,wspp,128,512,4224,0,0,68,0,316,384,0,0,0,2688,2688,5376,2000,8,2072,576,4032,0
409,512,32,4,2048,128,500,proj,512,512,512,ispp,512,4608,2048,2048,0,0,0,8192,0,0,0,0,0,0,0,0,32,0,6144,0,0
409,640,24,4,1638,341,500,proj,512,512,512,wspp,512,5632,2112,4224,0,0,0,11264,0,0,0,0,0,0,0,0,72,0,8192,0,0
409,512,40,2,512,819,500,proj,512,512,512,wsap,512,4608,2080,2080,0,0,0,6656,0,0,0,0,0,0,0,0,56,0,3072,0,0
409,640,32,4,204,2048,500,proj,512,512,512,wspp,204,2244,2048,4096,0,0,0,3264,0,0,0,0,4928,0,13552,0,48,0,2448,3696,0
409,512,32,16,64,128,500,proj,512,512,512,wsap,64,576,2048,2048,0,0,0,1024,0,0,0,0,7168,0,4032,0,8,0,960,6720,0
409,384,40,8,42,51,500,proj,512,512,512,wspp,42,252,4160,0,0,55,0,218,273,0,0,0,6383,6383,14730,3078,16,3578,441,10311,0
409,256,64,4,4096,64,500,proj,512,512,512,ispp,1024,4096,4096,0,0,64,0,4032,4096,0,0,0,0,0,0,3968,16,2112,6144,0,0
409,384,64,2,1365,32,500,proj,512,512,512,ispp,1024,6144,4096,0,0,32,0,4064,4096,0,0,0,0,0,0,4032,32,2080,4096,0,0
409,256,88,8,128,46,500,proj,512,512,512,wspp,128,512,4224,0,0,68,0,316,384,0,0,0,2688,2688,5376,2000,8,2072,576,4032,0
409,128,88,16,256,46,500,proj,512,512,512,ispp,2048,2048,67584,0,0,368,1648,2704,7568,0,0,0,0,0,0,8992,0,4720,9728,0,0
409,512,32,4,2048,128,500,proj,512,512,512,ispp,512,4608,2048,2048,0,0,0,8192,0,0,0,0,0,0,0,0,32,0,6144,0,0
409,512,40,2,512,819,500,proj,512,512,512,wsap,512,4608,2080,2080,0,0,0,6656,0,0,0,0,0,0,0,0,56,0,3072,0,0
409,512,32,16,64,128,500,proj,512,512,512,wsap,64,576,2048,2048,0,0,0,1024,0,0,0,0,7168,0,4032,0,8,0,960,6720,0
409,384,64,2,1365,32,500,proj,512,512,512,ispp,1024,6144,4096,0,0,32,0,4064,4096,0,0,0,0,0,0,4032,32,2080,4096,0,0
409,256,88,8,128,46,500,proj,512,512,512,wspp,128,512,4224,0,0,68,0,316,384,0,0,0,2688,2688,5376,2000,8,2072,576,4032,0
409,512,32,4,2048,128,500,proj,512,512,512,ispp,512,4608,2048,2048,0,0,0,8192,0,0,0,0,0,0,0,0,32,0,6144,0,0
409,384,40,2,2730,102,500,proj,512,512,512,isap,1024,6144,4160,0,6656,0,0,6656,0,0,0,0,0,0,0,0,52,0,0,0,0
409,512,40,2,512,819,500,proj,512,512,512,wsap,512,4608,2080,2080,0,0,0,6656,0,0,0,0,0,0,0,0,56,0,3072,0,0
409,384,48,4,1365,682,500,proj,512,512,512,wspp,1024,6144,4224,0,0,700,0,4932,5632,0,0,0,0,0,0,2003,24,3629,7680,0,0
409,512,32,16,64,128,500,proj,512,512,512,wsap,64,576,2048,2048,0,0,0,1024,0,0,0,0,7168,0,4032,0,8,0,960,6720,0
409,512,32,16,64,64,500,proj,512,512,512,wspp,64,576,2048,2048,0,0,0,1024,0,0,0,0,7168,0,4032,0,8,0,960,6720,0
409,384,64,2,1365,32,500,proj,512,512,512,ispp,1024,6144,4096,0,0,32,0,4064,4096,0,0,0,0,0,0,4032,32,2080,4096,0,0
409,256,64,4,1024,16,500,proj,512,512,512,wsap,1024,4096,4096,0,4096,0,0,4096,0,0,0,0,0,0,0,0,16,0,0,0,0
409,256,88,8,128,46,500,proj,512,512,512,wspp,128,512,4224,0,0,68,0,316,384,0,0,0,2688,2688,5376,2000,8,2072,576,4032,0
409,128,80,16,256,25,500,proj,512,512,512,wsap,256,256,8960,0,1344,0,0,448,0,9408,0,0,3136,0,12544,0,0,0,0,0,0
409,512,32,4,2048,128,500,proj,512,512,512,ispp,512,4608,2048,2048,0,0,0,8192,0,0,0,0,0,0,0,0,32,0,6144,0,0
409,512,40,2,512,819,500,proj,512,512,512,wsap,512,4608,2080,2080,0,0,0,6656,0,0,0,0,0,0,0,0,56,0,3072,0,0
409,512,32,16,64,64,500,proj,512,512,512,wspp,64,576,2048,2048,0,0,0,1024,0,0,0,0,7168,0,4032,0,8,0,960,6720,0
409,256,64,4,1024,16,500,proj,512,512,512,wsap,1024,4096,4096,0,4096,0,0,4096,0,0,0,0,0,0,0,0,16,0,0,0,0
409,256,88,8,128,46,500,proj,512,512,512,wspp,128,512,4224,0,0,68,0,316,384,0,0,0,2688,2688,5376,2000,8,2072,576,4032,0
409,512,32,4,2048,128,500,proj,512,512,512,ispp,512,4608,2048,2048,0,0,0,8192,0,0,0,0,0,0,0,0,32,0,6144,0,0
409,512,24,2,2048,85,500,proj,512,512,512,wsap,512,4608,2112,2112,0,0,0,11264,0,0,0,0,0,0,0,0,88,0,5632,0,0
409,512,40,2,512,819,500,proj,512,512,512,wsap,512,4608,2080,2080,0,0,0,6656,0,0,0,0,0,0,0,0,56,0,3072,0,0
409,384,48,2,682,341,500,proj,512,512,512,wsap,682,4092,4224,0,3751,0,0,3751,0,1881,0,0,1881,0,22572,0,44,0,0,0,0
409,512,32,16,64,64,500,proj,512,512,512,wspp,64,576,2048,2048,0,0,0,1024,0,0,0,0,7168,0,4032,0,8,0,960,6720,0
409,384,24,8,42,42,500,proj,512,512,512,wsap,42,252,4224,0,462,0,0,462,0,10802,0,0,10802,0,129624,0,24,0,0,0,0
409,256,64,4,1024,16,500,proj,512,512,512,wsap,1024,4096,4096,0,4096,0,0,4096,0,0,0,0,0,0,0,0,16,0,0,0,0
409,128,64,2,4096,32,500,proj,512,512,512,isap,2048,2048,8192,0,8192,1824,0,2272,4096,0,0,0,0,0,0,4032,0,2080,0,0,0
409,256,88,8,128,46,500,proj,512,512,512,wspp,128,512,4224,0,0,68,0,316,384,0,0,0,2688,2688,5376,2000,8,2072,576,4032,0
409,128,88,8,256,93,500,proj,512,512,512,wsap,256,256,8448,0,1152,0,0,384,0,8064,0,0,2688,0,10752,0,0,0,0,0,0
409,512,32,4,2048,128,500,proj,512,512,512,ispp,512,4608,2048,2048,0,0,0,8192,0,0,0,0,0,0,0,0,32,0,6144,0,0
409,512,40,2,512,819,500,proj,512,512,512,wsap,512,4608,2080,2080,0,0,0,6656,0,0,0,0,0,0,0,0,56,0,3072,0,0
409,512,32,16,64,64,500,proj,512,512,512,wspp,64,576,2048,2048,0,0,0,1024,0,0,0,0,7168,0,4032,0,8,0,960,6720,0
409,256,64,4,1024,16,500,proj,512,512,512,wsap,1024,4096,4096,0,4096,0,0,4096,0,0,0,0,0,0,0,0,16,0,0,0,0
409,256,88,8,128,46,500,proj,512,512,512,wspp,128,512,4224,0,0,68,0,316,384,0,0,0,2688,2688,5376,2000,8,2072,576,4032,0
409,512,32,4,2048,128,500,proj,512,512,512,ispp,512,4608,2048,2048,0,0,0,8192,0,0,0,0,0,0,0,0,32,0,6144,0,0
409,384,24,4,2730,341,500,proj,512,512,512,ispp,1024,6144,4224,0,0,344,0,10920,11264,0,0,0,0,0,0,5236,44,6028,16384,0,0
409,512,40,2,512,819,500,proj,512,512,512,wsap,512,4608,2080,2080,0,0,0,6656,0,0,0,0,0,0,0,0,56,0,3072,0,0
409,384,32,4,682,2048,500,proj,512,512,512,ispp,1024,6144,8192,0,0,4096,0,4096,8192,0,0,0,0,0,0,908,64,7284,12288,0,0
409,512,32,16,64,64,500,proj,512,512,512,wspp,64,576,2048,2048,0,0,0,1024,0,0,0,0,7168,0,4032,0,8,0,960,6720,0
409,384,32,32,42,64,500,proj,512,512,512,isap,1024,6144,102400,0,8192,0,0,8192,0,0,0,0,0,0,0,0,100,0,0,0,0
409,256,64,4,1024,16,500,proj,512,512,512,wsap,1024,4096,4096,0,4096,0,0,4096,0,0,0,0,0,0,0,0,16,0,0,0,0
409,128,64,2,4096,16,500,proj,512,512,512,wspp,2048,2048,8192,0,0,16,32,4080,12256,0,0,0,0,0,0,20384,0,2096,8192,0,0
409,256,88,8,128,46,500,proj,512,512,512,wspp,128,512,4224,0,0,68,0,316,384,0,0,0,2688,2688,5376,2000,8,2072,576,4032,0
409,128,96,4,512,85,500,proj,512,512,512,wsap,512,512,9216,0,2304,0,0,768,0,6912,0,0,2304,0,9216,0,0,0,0,0,0
409,512,32,4,2048,128,500,proj,512,512,512,ispp,512,4608,2048,2048,0,0,0,8192,0,0,0,0,0,0,0,0,32,0,6144,0,0
409,512,40,2,512,819,500,proj,512,512,512,wsap,512,4608,2080,2080,0,0,0,6656,0,0,0,0,0,0,0,0,56,0,3072,0,0
409,512,32,16,64,64,500,proj,512,512,512,wspp,64,576,2048,2048,0,0,0,1024,0,0,0,0,7168,0,4032,0,8,0,960,6720,0
409,256,64,4,1024,16,500,proj,512,512,512,wsap,1024,4096,4096,0,4096,0,0,4096,0,0,0,0,0,0,0,0,16,0,0,0,0
409,256,88,8,128,46,500,proj,512,512,512,wspp,128,512,4224,0,0,68,0,316,384,0,0,0,2688,2688,5376,2000,8,2072,576,4032,0
409,512,32,4,2048,128,500,proj,512,512,512,ispp,512,4608,2048,2048,0,0,0,8192,0,0,0,0,0,0,0,0,32,0,6144,0,0
409,384,40,4,5461,102,500,proj,512,512,512,wspp,1024,6144,4160,0,0,104,0,6552,6656,0,0,0,0,0,0,3235,28,3421,9216,0,0
409,512,40,2,512,819,500,proj,512,512,512,wsap,512,4608,2080,2080,0,0,0,6656,0,0,0,0,0,0,0,0,56,0,3072,0,0
409,512,40,4,1024,819,500,proj,512,512,512,wsap,512,4608,2080,2080,0,0,0,6656,0,0,0,0,0,0,0,0,32,0,4608,0,0
409,512,32,16,64,64,500,proj,512,512,512,wspp,64,576,2048,2048,0,0,0,1024,0,0,0,0,7168,0,4032,0,8,0,960,6720,0
409,512,32,16,128,128,500,proj,512,512,512,wsap,128,1152,2048,2048,0,0,0,2048,0,0,0,0,6144,0,3456,0,8,0,1920,5760,0
409,256,64,4,1024,16,500,proj,512,512,512,wsap,1024,4096,4096,0,4096,0,0,4096,0,0,0,0,0,0,0,0,16,0,0,0,0
409,128,56,8,2048,18,500,proj,512,512,512,wsap,2048,2048,8960,0,15360,0,0,5120,0,0,0,0,0,0,0,0,0,0,0,0,0
409,256,88,8,128,46,500,proj,512,512,512,wspp,128,512,4224,0,0,68,0,316,384,0,0,0,2688,2688,5376,2000,8,2072,576,4032,0
409,128,88,16,256,93,500,proj,512,512,512,wspp,256,256,8448,0,0,93,284,291,868,0,0,896,2688,7168,2240,9928,0,4252,1216,8512,0
409,512,32,4,2048,128,500,proj,512,512,512,ispp,512,4608,2048,2048,0,0,0,8192,0,0,0,0,0,0,0,0,32,0,6144,0,0
409,512,40,4,1024,819,500,proj,512,512,512,wsap,512,4608,2080,2080,0,0,0,6656,0,0,0,0,0,0,0,0,32,0,4608,0,0
409,512,32,16,128,128,500,proj,512,512,512,wsap,128,1152,2048,2048,0,0,0,2048,0,0,0,0,6144,0,3456,0,8,0,1920,5760,0
409,256,64,4,1024,16,500,proj,512,512,512,wsap,1024,4096,4096,0,4096,0,0,4096,0,0,0,0,0,0,0,0,16,0,0,0,0
409,256,88,8,128,46,500,proj,512,512,512,wspp,128,512,4224,0,0,68,0,316,384,0,0,0,2688,2688,5376,2000,8,2072,576,4032,0
409,512,32,4,2048,128,500,proj,512,512,512,ispp,512,4608,2048,2048,0,0,0,8192,0,0,0,0,0,0,0,0,32,0,6144,0,0
409,512,32,8,1024,128,500,proj,512,512,512,wspp,512,4608,2048,2048,0,0,0,8192,0,0,0,0,0,0,0,0,16,0,7168,0,0
409,512,40,4,1024,819,500,proj,512,512,512,wsap,512,4608,2080,2080,0,0,0,6656,0,0,0,0,0,0,0,0,32,0,4608,0,0
409,384,48,2,2730,682,500,proj,512,512,512,isap,1024,6144,4224,0,5632,0,0,5632,0,0,0,0,0,0,0,0,44,0,0,0,0
409,512,32,16,128,128,500,proj,512,512,512,wsap,128,1152,2048,2048,0,0,0,2048,0,0,0,0,6144,0,3456,0,8,0,1920,5760,0
409,384,40,16,341,102,500,proj,512,512,512,wspp,340,2040,4160,0,0,131,0,2079,2210,0,0,0,4446,4446,6156,1503,8,5153,3910,7866,0
409,256,64,4,1024,16,500,proj,512,512,512,wsap,1024,4096,4096,0,4096,0,0,4096,0,0,0,0,0,0,0,0,16,0,0,0,0
409,128,56,2,4096,9,500,proj,512,512,512,wspp,2048,2048,8960,0,0,9,18,5111,15342,0,0,0,0,0,0,25544,0,2588,10240,0,0
409,256,88,8,128,46,500,proj,512,512,512,wspp,128,512,4224,0,0,68,0,316,384,0,0,0,2688,2688,5376,2000,8,2072,576,4032,0
409,256,80,8,128,51,500,proj,512,512,512,ispp,1024,4096,35840,0,0,472,0,3112,3584,0,0,0,0,0,0,880,64,3144,5632,0,0
409,512,32,8,1024,128,500,proj,512,512,512,wspp,512,4608,2048,2048,0,0,0,8192,0,0,0,0,0,0,0,0,16,0,7168,0,0
409,512,40,4,1024,819,500,proj,512,512,512,wsap,512,4608,2080,2080,0,0,0,6656,0,0,0,0,0,0,0,0,32,0,4608,0,0
409,512,32,16,128,128,500,proj,512,512,512,wsap,128,1152,2048,2048,0,0,0,2048,0,0,0,0,6144,0,3456,0,8,0,1920,5760,0
409,256,64,4,1024,16,500,proj,512,512,512,wsap,1024,4096,4096,0,4096,0,0,4096,0,0,0,0,0,0,0,0,16,0,0,0,0
409,256,88,8,128,46,500,proj,512,512,512,wspp,128,512,4224,0,0,68,0,316,384,0,0,0,2688,2688,5376,2000,8,2072,576,4032,0
409,512,32,8,1024,128,500,proj,512,512,512,wspp,512,4608,2048,2048,0,0,0,8192,0,0,0,0,0,0,0,0,16,0,7168,0,0
409,384,24,16,2730,170,500,proj,512,512,512,isap,1024,6144,4224,0,11264,0,0,11264,0,0,0,0,0,0,0,0,12,0,0,0,0
409,512,40,4,1024,819,500,proj,512,512,512,wsap,512,4608,2080,2080,0,0,0,6656,0,0,0,0,0,0,0,0,32,0,4608,0,0
409,512,40,8,1024,409,500,proj,512,512,512,ispp,512,4608,2080,2080,0,0,0,6656,0,0,0,0,0,0,0,0,16,0,5632,0,0
409,512,32,16,128,128,500,proj,512,512,512,wsap,128,1152,2048,2048,0,0,0,2048,0,0,0,0,6144,0,3456,0,8,0,1920,5760,0
409,512,40,16,64,204,500,proj,512,512,512,wspp,64,576,2080,2080,0,0,0,832,0,0,0,0,5824,0,4032,0,8,0,768,5376,0
409,256,64,4,1024,16,500,proj,512,512,512,wsap,1024,4096,4096,0,4096,0,0,4096,0,0,0,0,0,0,0,0,16,0,0,0,0
409,384,64,2,1365,8,500,proj,512,512,512,wspp,1024,6144,4096,0,0,8,0,4088,4096,0,0,0,0,0,0,4080,32,2056,4096,0,0
409,256,88,8,128,46,500,proj,512,512,512,wspp,128,512,4224,0,0,68,0,316,384,0,0,0,2688,2688,5376,2000,8,2072,576,4032,0
409,256,80,4,64,102,500,proj,512,512,512,wspp,64,256,4480,0,0,110,0,114,224,0,0,0,3360,3360,9600,3446,16,1861,288,4320,0
409,512,32,8,1024,128,500,proj,512,512,512,wspp,512,4608,2048,2048,0,0,0,8192,0,0,0,0,0,0,0,0,16,0,7168,0,0
409,512,40,8,1024,409,500,proj,512,512,512,ispp,512,4608,2080,2080,0,0,0,6656,0,0,0,0,0,0,0,0,16,0,5632,0,0
409,512,40,16,64,204,500,proj,512,512,512,wspp,64,576,2080,2080,0,0,0,832,0,0,0,0,5824,0,4032,0,8,0,768,5376,0
409,256,64,4,1024,16,500,proj,512,512,512,wsap,1024,4096,4096,0,4096,0,0,4096,0,0,0,0,0,0,0,0,16,0,0,0,0
409,256,88,8,128,46,500,proj,512,512,512,wspp,128,512,4224,0,0,68,0,316,384,0,0,0,2688,2688,5376,2000,8,2072,576,4032,0
409,512,32,8,1024,128,500,proj,512,512,512,wspp,512,4608,2048,2048,0,0,0,8192,0,0,0,0,0,0,0,0,16,0,7168,0,0
409,512,32,16,1024,256,500,proj,512,512,512,isap,512,4608,2048,2048,0,0,0,8192,0,0,0,0,0,0,0,0,8,0,7680,0,0
409,512,40,8,1024,409,500,proj,512,512,512,ispp,512,4608,2080,2080,0,0,0,6656,0,0,0,0,0,0,0,0,16,0,5632,0,0
409,384,32,4,682,256,500,proj,512,512,512,isap,1024,6144,8192,0,8192,0,0,8192,0,0,0,0,0,0,0,0,64,0,0,0,0
409,512,40,16,64,204,500,proj,512,512,512,wspp,64,576,2080,2080,0,0,0,832,0,0,0,0,5824,0,4032,0,8,0,768,5376,0
409,384,32,16,170,512,500,proj,512,512,512,ispp,1024,6144,28672,0,0,3104,0,5088,8192,0,0,0,0,0,0,0,56,8192,15360,0,0
409,256,64,4,1024,16,500,proj,512,512,512,wsap,1024,4096,4096,0,4096,0,0,4096,0,0,0,0,0,0,0,0,16,0,0,0,0
409,128,72,2,4096,28,500,proj,512,512,512,ispp,2048,2048,9216,0,0,28,56,4068,12232,0,0,0,0,0,0,20312,0,2132,8192,0,0
409,256,88,8,128,46,500,proj,512,512,512,wspp,128,512,4224,0,0,68,0,316,384,0,0,0,2688,2688,5376,2000,8,2072,576,4032,0
409,128,96,8,512,42,500,proj,512,512,512,ispp,2048,2048,36864,0,0,168,1304,2904,7912,0,0,0,0,0,0,9680,0,4376,9216,0,0
409,512,32,16,1024,256,500,proj,512,512,512,isap,512,4608,2048,2048,0,0,0,8192,0,0,0,0,0,0,0,0,8,0,7680,0,0
409,512,40,8,1024,409,500,proj,512,512,512,ispp,512,4608,2080,2080,0,0,0,6656,0,0,0,0,0,0,0,0,16,0,5632,0,0
409,512,40,16,64,204,500,proj,512,512,512,wspp,64,576,2080,2080,0,0,0,832,0,0,0,0,5824,0,4032,0,8,0,768,5376,0
409,256,64,4,1024,16,500,proj,512,512,512,wsap,1024,4096,4096,0,4096,0,0,4096,0,0,0,0,0,0,0,0,16,0,0,0,0
409,256,88,8,128,46,500,proj,512,512,512,wspp,128,512,4224,0,0,68,0,316,384,0,0,0,2688,2688,5376,2000,8,2072,576,4032,0
409,512,32,16,1024,256,500,proj,512,512,512,isap,512,4608,2048,2048,0,0,0,8192,0,0,0,0,0,0,0,0,8,0,7680,0,0
409,512,32,8,512,512,500,proj,512,512,512,ispp,512,4608,2048,2048,0,0,0,8192,0,0,0,0,0,0,0,0,16,0,7168,0,0
409,512,40,8,1024,409,500,proj,512,512,512,ispp,512,4608,2080,2080,0,0,0,6656,0,0,0,0,0,0,0,0,16,0,5632,0,0
409,640,32,4,819,512,500,proj,512,512,512,isap,512,5632,2048,4096,0,0,0,8192,0,0,0,0,0,0,0,0,48,0,6144,0,0
409,512,40,16,64,204,500,proj,512,512,512,wspp,64,576,2080,2080,0,0,0,832,0,0,0,0,5824,0,4032,0,8,0,768,5376,0
409,384,48,8,170,85,500,proj,512,512,512,wsap,170,1020,4224,0,935,0,0,935,0,4697,0,0,4697,0,56364,0,12,0,0,0,0
409,256,64,4,1024,16,500,proj,512,512,512,wsap,1024,4096,4096,0,4096,0,0,4096,0,0,0,0,0,0,0,0,16,0,0,0,0
409,128,72,8,4096,28,500,proj,512,512,512,ispp,2048,2048,9216,0,0,28,56,4068,12232,0,0,0,0,0,0,16272,0,4152,14336,0,0
409,256,88,8,128,46,500,proj,512,512,512,wspp,128,512,4224,0,0,68,0,316,384,0,0,0,2688,2688,5376,2000,8,2072,576,4032,0
409,256,80,8,128,102,500,proj,512,512,512,isap,1024,4096,35840,0,3584,0,0,3584,0,0,0,0,0,0,0,0,64,0,0,0,0
409,512,32,8,512,512,500,proj,512,512,512,ispp,512,4608,2048,2048,0,0,0,8192,0,0,0,0,0,0,0,0,16,0,7168,0,0
409,512,40,8,1024,409,500,proj,512,512,512,ispp,512,4608,2080,2080,0,0,0,6656,0,0,0,0,0,0,0,0,16,0,5632,0,0
409,512,40,16,64,204,500,proj,512,512,512,wspp,64,576,2080,2080,0,0,0,832,0,0,0,0,5824,0,4032,0,8,0,768,5376,0
409,256,64,4,1024,16,500,proj,512,512,512,wsap,1024,4096,4096,0,4096,0,0,4096,0,0,0,0,0,0,0,0,16,0,0,0,0
409,256,88,8,128,46,500,proj,512,512,512,wspp,128,512,4224,0,0,68,0,316,384,0,0,0,2688,2688,5376,2000,8,2072,576,4032,0
409,512,32,8,512,512,500,proj,512,512,512,ispp,512,4608,2048,2048,0,0,0,8192,0,0,0,0,0,0,0,0,16,0,7168,0,0
409,384,40,8,1365,409,500,proj,512,512,512,wspp,1024,6144,4160,0,0,455,0,6201,6656,0,0,0,0,0,0,2397,16,4259,10752,0,0
409,512,40,8,1024,409,500,proj,512,512,512,ispp,512,4608,2080,2080,0,0,0,6656,0,0,0,0,0,0,0,0,16,0,5632,0,0
409,384,40,4,682,409,500,proj,512,512,512,wspp,682,4092,4160,0,0,418,0,4015,4433,0,0,0,2223,2223,8208,2873,28,3783,6138,3078,0
409,512,40,16,64,204,500,proj,512,512,512,wspp,64,576,2080,2080,0,0,0,832,0,0,0,0,5824,0,4032,0,8,0,768,5376,0
409,384,48,16,170,341,500,proj,512,512,512,wspp,170,1020,4224,0,0,621,0,314,935,0,0,0,4697,4697,7686,2275,8,3357,1615,8113,0
409,256,64,4,1024,16,500,proj,512,512,512,wsap,1024,4096,4096,0,4096,0,0,4096,0,0,0,0,0,0,0,0,16,0,0,0,0
409,128,64,8,2048,8,500,proj,512,512,512,isap,2048,2048,8192,0,12288,0,0,4096,0,0,0,0,0,0,0,0,0,0,0,0,0
409,256,88,8,128,46,500,proj,512,512,512,wspp,128,512,4224,0,0,68,0,316,384,0,0,0,2688,2688,5376,2000,8,2072,576,4032,0
409,256,80,8,128,51,500,proj,512,512,512,wspp,128,512,4480,0,0,59,0,389,448,0,0,0,3136,3136,5376,1006,8,3081,704,4928,0
409,512,32,8,512,512,500,proj,512,512,512,ispp,512,4608,2048,2048,0,0,0,8192,0,0,0,0,0,0,0,0,16,0,7168,0,0
409,512,40,8,1024,409,500,proj,512,512,512,ispp,512,4608,2080,2080,0,0,0,6656,0,0,0,0,0,0,0,0,16,0,5632,0,0
409,512,40,16,64,204,500,proj,512,512,512,wspp,64,576,2080,2080,0,0,0,832,0,0,0,0,5824,0,4032,0,8,0,768,5376,0
409,256,64,4,1024,16,500,proj,512,512,512,wsap,1024,4096,4096,0,4096,0,0,4096,0,0,0,0,0,0,0,0,16,0,0,0,0
409,256,88,8,128,46,500,proj,512,512,512,wspp,128,512,4224,0,0,68,0,316,384,0,0,0,2688,2688,5376,2000,8,2072,576,4032,0
409,512,32,8,512,512,500,proj,512,512,512,ispp,512,4608,2048,2048,0,0,0,8192,0,0,0,0,0,0,0,0,16,0,7168,0,0
409,384,32,4,1365,512,500,proj,512,512,512,wspp,1024,6144,4096,0,0,512,0,7680,8192,0,0,0,0,0,0,3584,32,4608,12288,0,0
409,512,40,8,1024,409,500,proj,512,512,512,ispp,512,4608,2080,2080,0,0,0,6656,0,0,0,0,0,0,0,0,16,0,5632,0,0
409,384,40,8,1365,409,500,proj,512,512,512,ispp,1024,6144,4160,0,0,455,0,6201,6656,0,0,0,0,0,0,2397,16,4259,10752,0,0
409,512,40,16,64,204,500,proj,512,512,512,wspp,64,576,2080,2080,0,0,0,832,0,0,0,0,5824,0,4032,0,8,0,768,5376,0
409,384,32,16,42,512,500,proj,512,512,512,wsap,42,252,4096,0,336,0,0,336,0,7856,0,0,7856,0,94272,0,8,0,0,0,0
409,256,64,4,1024,16,500,proj,512,512,512,wsap,1024,4096,4096,0,4096,0,0,4096,0,0,0,0,0,0,0,0,16,0,0,0,0
409,384,56,4,682,9,500,proj,512,512,512,wsap,682,4092,4480,0,3410,0,0,3410,0,1710,0,0,1710,0,20520,0,20,0,0,0,0
409,256,88,8,128,46,500,proj,512,512,512,wspp,128,512,4224,0,0,68,0,316,384,0,0,0,2688,2688,5376,2000,8,2072,576,4032,0
409,128,96,16,128,85,500,proj,512,512,512,wsap,128,128,9216,0,576,0,0,192,0,8640,0,0,2880,0,11520,0,0,0,0,0,0
409,512,32,8,512,512,500,proj,512,512,512,ispp,512,4608,2048,2048,0,0,0,8192,0,0,0,0,0,0,0,0,16,0,7168,0,0
409,512,40,8,1024,409,500,proj,512,512,512,ispp,512,4608,2080,2080,0,0,0,6656,0,0,0,0,0,0,0,0,16,0,5632,0,0
409,512,40,16,64,204,500,proj,512,512,512,wspp,64,576,2080,2080,0,0,0,832,0,0,0,0,5824,0,4032,0,8,0,768,5376,0
409,256,64,4,1024,16,500,proj,512,512,512,wsap,1024,4096,4096,0,4096,0,0,4096,0,0,0,0,0,0,0,0,16,0,0,0,0
409,256,88,8,128,46,500,proj,512,512,512,wspp,128,512,4224,0,0,68,0,316,384,0,0,0,2688,2688,5376,2000,8,2072,576,4032,0
409,512,32,8,512,512,500,proj,512,512,512,ispp,512,4608,2048,2048,0,0,0,8192,0,0,0,0,0,0,0,0,16,0,7168,0,0
409,512,40,4,1024,819,500,proj,512,512,512,isap,512,4608,2080,2080,0,0,0,6656,0,0,0,0,0,0,0,0,32,0,4608,0,0
409,512,40,8,1024,409,500,proj,512,512,512,ispp,512,4608,2080,2080,0,0,0,6656,0,0,0,0,0,0,0,0,16,0,5632,0,0
409,384,48,8,1365,170,500,proj,512,512,512,ispp,1024,6144,4224,0,0,206,0,5426,5632,0,0,0,0,0,0,2415,12,3217,9216,0,0
409,512,40,16,64,204,500,proj,512,512,512,wspp,64,576,2080,2080,0,0,0,832,0,0,0,0,5824,0,4032,0,8,0,768,5376,0
409,384,40,16,42,409,500,proj,512,512,512,wspp,42,252,4160,0,0,273,0,0,273,0,256,0,6127,6383,8838,1413,8,5243,483,11293,0
409,256,64,4,1024,16,500,proj,512,512,512,wsap,1024,4096,4096,0,4096,0,0,4096,0,0,0,0,0,0,0,0,16,0,0,0,0
409,384,56,8,682,36,500,proj,512,512,512,ispp,1024,6144,8960,0,0,88,0,5032,5120,0,0,0,0,0,0,5928,24,2156,8192,0,0
409,256,88,8,128,46,500,proj,512,512,512,wspp,128,512,4224,0,0,68,0,316,384,0,0,0,2688,2688,5376,2000,8,2072,576,4032,0
409,128,80,8,512,51,500,proj,512,512,512,ispp,2048,2048,35840,0,0,204,512,3380,10240,0,0,0,0,0,0,16072,0,2716,10752,0,0
409,512,32,8,512,512,500,proj,512,512,512,ispp,512,4608,2048,2048,0,0,0,8192,0,0,0,0,0,0,0,0,16,0,7168,0,0
409,512,40,8,1024,409,500,proj,512,512,512,ispp,512,4608,2080,2080,0,0,0,6656,0,0,0,0,0,0,0,0,16,0,5632,0,0
409,512,40,16,64,204,500,proj,512,512,512,wspp,64,576,2080,2080,0,0,0,832,0,0,0,0,5824,0,4032,0,8,0,768,5376,0
409,256,64,4,1024,16,500,proj,512,512,512,wsap,1024,4096,4096,0,4096,0,0,4096,0,0,0,0,0,0,0,0,16,0,0,0,0
409,256,88,8,128,46,500,proj,512,512,512,wspp,128,512,4224,0,0,68,0,316,384,0,0,0,2688,2688,5376,2000,8,2072,576,4032,0
409,512,32,8,512,512,500,proj,512,512,512,ispp,512,4608,2048,2048,0,0,0,8192,0,0,0,0,0,0,0,0,16,0,7168,0,0
409,512,24,16,256,1365,500,proj,512,512,512,wsap,256,2304,2112,2112,0,0,0,5632,0,0,0,0,5632,0,4608,0,16,0,5120,5120,0
409,512,40,8,1024,409,500,proj,512,512,512,ispp,512,4608,2080,2080,0,0,0,6656,0,0,0,0,0,0,0,0,16,0,5632,0,0
409,384,40,8,1365,204,500,proj,512,512,512,isap,1024,6144,4160,0,6656,0,0,6656,0,0,0,0,0,0,0,0,16,0,0,0,0
409,512,40,16,64,204,500,proj,512,512,512,wspp,64,576,2080,2080,0,0,0,832,0,0,0,0,5824,0,4032,0,8,0,768,5376,0
409,384,40,16,170,102,500,proj,512,512,512,ispp,1024,6144,29120,0,0,812,0,5844,6656,0,0,0,0,0,0,1332,56,5324,11776,0,0
409,256,64,4,1024,16,500,proj,512,512,512,wsap,1024,4096,4096,0,4096,0,0,4096,0,0,0,0,0,0,0,0,16,0,0,0,0
409,384,56,8,341,18,500,proj,512,512,512,wspp,340,2040,4480,0,0,22,0,1678,1700,0,0,0,3420,3420,8208,6084,12,2078,2720,5472,0
409,256,88,8,128,46,500,proj,512,512,512,wspp,128,512,4224,0,0,68,0,316,384,0,0,0,2688,2688,5376,2000,8,2072,576,4032,0
409,128,88,4,128,23,500,proj,512,512,512,ispp,2048,2048,135168,0,0,368,784,2704,8432,0,0,0,0,0,0,12384,0,3024,8192,0,0
409,512,32,8,512,512,500,proj,512,512,512,ispp,512,4608,2048,2048,0,0,0,8192,0,0,0,0,0,0,0,0,16,0,7168,0,0
409,512,40,8,1024,409,500,proj,512,512,512,ispp,512,4608,2080,2080,0,0,0,6656,0,0,0,0,0,0,0,0,16,0,5632,0,0
409,512,40,16,64,204,500,proj,512,512,512,wspp,64,576,2080,2080,0,0,0,832,0,0,0,0,5824,0,4032,0,8,0,768,5376,0
409,256,64,4,1024,16,500,proj,512,512,512,wsap,1024,4096,4096,0,4096,0,0,4096,0,0,0,0,0,0,0,0,16,0,0,0,0
409,256,88,8,128,46,500,proj,512,512,512,wspp,128,512,4224,0,0,68,0,316,384,0,0,0,2688,2688,5376,2000,8,2072,576,4032,0
409,512,32,8,512,512,500,proj,512,512,512,ispp,512,4608,2048,2048,0,0,0,8192,0,0,0,0,0,0,0,0,16,0,7168,0,0
409,512,32,4,256,256,500,proj,512,512,512,ispp,512,4608,4096,4096,0,0,0,8192,0,0,0,0,0,0,0,0,64,0,6144,0,0
409,512,40,8,1024,409,500,proj,512,512,512,ispp,512,4608,2080,2080,0,0,0,6656,0,0,0,0,0,0,0,0,16,0,5632,0,0
409,512,40,8,1024,204,500,proj,512,512,512,ispp,512,4608,2080,2080,0,0,0,6656,0,0,0,0,0,0,0,0,16,0,5632,0,0
409,512,40,16,64,204,500,proj,512,512,512,wspp,64,576,2080,2080,0,0,0,832,0,0,0,0,5824,0,4032,0,8,0,768,5376,0
409,512,48,8,64,170,500,proj,512,512,512,wsap,64,576,2112,2112,0,0,0,704,0,0,0,0,4928,0,8064,0,16,0,576,4032,0
409,256,64,4,1024,16,500,proj,512,512,512,wsap,1024,4096,4096,0,4096,0,0,4096,0,0,0,0,0,0,0,0,16,0,0,0,0
409,256,72,8,1024,28,500,proj,512,512,512,ispp,1024,4096,4608,0,0,28,0,4068,4096,0,0,0,0,0,0,0,8,4096,7168,0,0
409,256,88,8,128,46,500,proj,512,512,512,wspp,128,512,4224,0,0,68,0,316,384,0,0,0,2688,2688,5376,2000,8,2072,576,4032,0
409,128,80,4,256,51,500,proj,512,512,512,wspp,256,256,8960,0,0,51,107,397,1237,0,0,0,3136,9408,4480,17116,0,2194,1152,8064,0
409,512,32,8,512,512,500,proj,512,512,512,ispp,512,4608,2048,2048,0,0,0,8192,0,0,0,0,0,0,0,0,16,0,7168,0,0
409,512,40,8,1024,204,500,proj,512,512,512,ispp,512,4608,2080,2080,0,0,0,6656,0,0,0,0,0,0,0,0,16,0,5632,0,0
409,512,40,16,64,204,500,proj,512,512,512,wspp,64,576,2080,2080,0,0,0,832,0,0,0,0,5824,0,4032,0,8,0,768,5376,0
409,256,64,4,1024,16,500,proj,512,512,512,wsap,1024,4096,4096,0,4096,0,0,4096,0,0,0,0,0,0,0,0,16,0,0,0,0
409,256,88,8,128,46,500,proj,512,512,512,wspp,128,512,4224,0,0,68,0,316,384,0,0,0,2688,2688,5376,2000,8,2072,576,4032,0
409,512,32,8,512,512,500,proj,512,512,512,ispp,512,4608,2048,2048,0,0,0,8192,0,0,0,0,0,0,0,0,16,0,7168,0,0
409,512,40,16,512,409,500,proj,512,512,512,ispp,512,4608,2080,2080,0,0,0,6656,0,0,0,0,0,0,0,0,8,0,6144,0,0
409,512,40,8,1024,204,500,proj,512,512,512,ispp,512,4608,2080,2080,0,0,0,6656,0,0,0,0,0,0,0,0,16,0,5632,0,0
409,384,48,4,682,170,500,proj,512,512,512,ispp,1024,6144,8448,0,0,350,0,5282,5632,0,0,0,0,0,0,2430,48,3202,7680,0,0
409,512,40,16,64,204,500,proj,512,512,512,wspp,64,576,2080,2080,0,0,0,832,0,0,0,0,5824,0,4032,0,8,0,768,5376,0
409,640,32,8,25,512,500,proj,512,512,512,ispp,512,5632,43008,86016,0,0,0,8192,0,0,0,0,0,0,0,0,504,0,7168,0,0
409,256,64,4,1024,16,500,proj,512,512,512,wsap,1024,4096,4096,0,4096,0,0,4096,0,0,0,0,0,0,0,0,16,0,0,0,0
409,384,56,2,341,18,500,proj,512,512,512,isap,1024,6144,17920,0,5120,0,0,5120,0,0,0,0,0,0,0,0,160,0,0,0,0
409,256,88,8,128,46,500,proj,512,512,512,wspp,128,512,4224,0,0,68,0,316,384,0,0,0,2688,2688,5376,2000,8,2072,576,4032,0
409,128,80,8,512,102,500,proj,512,512,512,wspp,512,512,8960,0,0,102,256,794,2432,0,0,0,2688,8064,2688,16740,0,2382,2688,8064,0
409,512,32,8,512,512,500,proj,512,512,512,ispp,512,4608,2048,2048,0,0,0,8192,0,0,0,0,0,0,0,0,16,0,7168,0,0
409,512,40,8,1024,204,500,proj,512,512,512,ispp,512,4608,2080,2080,0,0,0,6656,0,0,0,0,0,0,0,0,16,0,5632,0,0
409,512,40,16,64,204,500,proj,512,512,512,wspp,64,576,2080,2080,0,0,0,832,0,0,0,0,5824,0,4032,0,8,0,768,5376,0
409,256,64,4,1024,16,500,proj,512,512,512,wsap,1024,4096,4096,0,4096,0,0,4096,0,0,0,0,0,0,0,0,16,0,0,0,0
409,256,88,8,128,46,500,proj,512,512,512,wspp,128,512,4224,0,0,68,0,316,384,0,0,0,2688,2688,5376,2000,8,2072,576,4032,0
409,512,32,8,512,512,500,proj,512,512,512,ispp,512,4608,2048,2048,0,0,0,8192,0,0,0,0,0,0,0,0,16,0,7168,0,0
409,640,24,16,409,341,500,proj,512,512,512,isap,512,5632,4224,8448,0,0,0,11264,0,0,0,0,0,0,0,0,48,0,10240,0,0
409,512,40,8,1024,204,500,proj,512,512,512,ispp,512,4608,2080,2080,0,0,0,6656,0,0,0,0,0,0,0,0,16,0,5632,0,0
409,384,32,4,2730,512,500,proj,512,512,512,ispp,1024,6144,4096,0,0,512,0,7680,8192,0,0,0,0,0,0,3584,32,4608,12288,0,0
409,512,40,16,64,204,500,proj,512,512,512,wspp,64,576,2080,2080,0,0,0,832,0,0,0,0,5824,0,4032,0,8,0,768,5376,0
409,384,32,8,85,512,500,proj,512,512,512,ispp,1024,6144,53248,0,0,6272,0,1920,8192,0,0,0,0,0,0,0,208,8192,14336,0,0
409,256,64,4,1024,16,500,proj,512,512,512,wsap,1024,4096,4096,0,4096,0,0,4096,0,0,0,0,0,0,0,0,16,0,0,0,0
409,256,64,8,2048,16,500,proj,512,512,512,wsap,1024,4096,4096,0,4096,0,0,4096,0,0,0,0,0,0,0,0,8,0,0,0,0
409,256,88,8,128,46,500,proj,512,512,512,wspp,128,512,4224,0,0,68,0,316,384,0,0,0,2688,2688,5376,2000,8,2072,576,4032,0
409,256,80,8,128,51,500,proj,512,512,512,isap,1024,4096,35840,0,3584,0,0,3584,0,0,0,0,0,0,0,0,64,0,0,0,0
409,512,32,8,512,512,500,proj,512,512,512,ispp,512,4608,2048,2048,0,0,0,8192,0,0,0,0,0,0,0,0,16,0,7168,0,0
409,512,40,8,1024,204,500,proj,512,512,512,ispp,512,4608,2080,2080,0,0,0,6656,0,0,0,0,0,0,0,0,16,0,5632,0,0
409,512,40,16,64,204,500,proj,512,512,512,wspp,64,576,2080,2080,0,0,0,832,0,0,0,0,5824,0,4032,0,8,0,768,5376,0
409,256,64,8,2048,16,500,proj,512,512,512,wsap,1024,4096,4096,0,4096,0,0,4096,0,0,0,0,0,0,0,0,8,0,0,0,0
409,256,88,8,128,46,500,proj,512,512,512,wspp,128,512,4224,0,0,68,0,316,384,0,0,0,2688,2688,5376,2000,8,2072,576,4032,0
409,512,32,8,512,512,500,proj,512,512,512,ispp,512,4608,2048,2048,0,0,0,8192,0,0,0,0,0,0,0,0,16,0,7168,0,0
409,512,32,4,1024,1024,500,proj,512,512,512,wsap,512,4608,2048,2048,0,0,0,8192,0,0,0,0,0,0,0,0,32,0,6144,0,0
409,512,40,8,1024,204,500,proj,512,512,512,ispp,512,4608,2080,2080,0,0,0,6656,0,0,0,0,0,0,0,0,16,0,5632,0,0
409,384,32,4,1365,256,500,proj,512,512,512,ispp,1024,6144,4096,0,0,256,0,7936,8192,0,0,0,0,0,0,3840,32,4352,12288,0,0
409,512,40,16,64,204,500,proj,512,512,512,wspp,64,576,2080,2080,0,0,0,832,0,0,0,0,5824,0,4032,0,8,0,768,5376,0
409,512,40,8,128,409,500,proj,512,512,512,ispp,512,4608,8320,8320,0,0,0,6656,0,0,0,0,0,0,0,0,64,0,5632,0,0
409,256,64,8,2048,16,500,proj,512,512,512,wsap,1024,4096,4096,0,4096,0,0,4096,0,0,0,0,0,0,0,0,8,0,0,0,0
409,256,64,8,2048,16,500,proj,512,512,512,wsap,1024,4096,4096,0,4096,0,0,4096,0,0,0,0,0,0,0,0,8,0,0,0,0
409,256,88,8,128,46,500,proj,512,512,512,wspp,128,512,4224,0,0,68,0,316,384,0,0,0,2688,2688,5376,2000,8,2072,576,4032,0
409,128,96,4,128,42,500,proj,512,512,512,ispp,2048,2048,147456,0,0,672,1440,2400,7776,0,0,0,0,0,0,10752,0,3840,8192,0,0
409,512,32,4,1024,1024,500,proj,512,512,512,wsap,512,4608,2048,2048,0,0,0,8192,0,0,0,0,0,0,0,0,32,0,6144,0,0
409,512,40,8,1024,204,500,proj,512,512,512,ispp,512,4608,2080,2080,0,0,0,6656,0,0,0,0,0,0,0,0,16,0,5632,0,0
409,512,40,16,64,204,500,proj,512,512,512,wspp,64,576,2080,2080,0,0,0,832,0,0,0,0,5824,0,4032,0,8,0,768,5376,0
409,256,64,8,2048,16,500,proj,512,512,512,wsap,1024,4096,4096,0,4096,0,0,4096,0,0,0,0,0,0,0,0,8,0,0,0,0
409,256,88,8,128,46,500,proj,512,512,512,wspp,128,512,4224,0,0,68,0,316,384,0,0,0,2688,2688,5376,2000,8,2072,576,4032,0
409,512,32,4,1024,1024,500,proj,512,512,512,wsap,512,4608,2048,2048,0,0,0,8192,0,0,0,0,0,0,0,0,32,0,6144,0,0
409,512,32,2,512,1024,500,proj,512,512,512,ispp,512,4608,2048,2048,0,0,0,8192,0,0,0,0,0,0,0,0,64,0,4096,0,0
409,512,40,8,1024,204,500,proj,512,512,512,ispp,512,4608,2080,2080,0,0,0,6656,0,0,0,0,0,0,0,0,16,0,5632,0,0
409,512,32,8,512,128,500,proj,512,512,512,isap,512,4608,2048,2048,0,0,0,8192,0,0,0,0,0,0,0,0,16,0,7168,0,0
409,512,40,16,64,204,500,proj,512,512,512,wspp,64,576,2080,2080,0,0,0,832,0,0,0,0,5824,0,4032,0,8,0,768,5376,0
409,640,32,8,25,512,500,proj,512,512,512,ispp,512,5632,43008,86016,0,0,0,8192,0,0,0,0,0,0,0,0,504,0,7168,0,0
409,256,64,8,2048,16,500,proj,512,512,512,wsap,1024,4096,4096,0,4096,0,0,4096,0,0,0,0,0,0,0,0,8,0,0,0,0
409,128,72,8,8192,28,500,proj,512,512,512,wsap,2048,2048,9216,0,12288,0,0,4096,0,0,0,0,0,0,0,0,0,0,0,0,0
409,256,88,8,128,46,500,proj,512,512,512,wspp,128,512,4224,0,0,68,0,316,384,0,0,0,2688,2688,5376,2000,8,2072,576,4032,0
409,128,96,16,256,21,500,proj,512,512,512,ispp,2048,2048,73728,0,0,168,1312,2904,7904,0,0,0,0,0,0,9664,0,4384,9728,0,0
409,512,32,2,512,1024,500,proj,512,512,512,ispp,512,4608,2048,2048,0,0,0,8192,0,0,0,0,0,0,0,0,64,0,4096,0,0
409,512,32,8,512,128,500,proj,512,512,512,isap,512,4608,2048,2048,0,0,0,8192,0,0,0,0,0,0,0,0,16,0,7168,0,0
409,512,40,16,64,204,500,proj,512,512,512,wspp,64,576,2080,2080,0,0,0,832,0,0,0,0,5824,0,4032,0,8,0,768,5376,0
409,256,64,8,2048,16,500,proj,512,512,512,wsap,1024,4096,4096,0,4096,0,0,4096,0,0,0,0,0,0,0,0,8,0,0,0,0
409,256,88,8,128,46,500,proj,512,512,512,wspp,128,512,4224,0,0,68,0,316,384,0,0,0,2688,2688,5376,2000,8,2072,576,4032,0
409,512,32,2,512,1024,500,proj,512,512,512,ispp,512,4608,2048,2048,0,0,0,8192,0,0,0,0,0,0,0,0,64,0,4096,0,0
409,384,40,2,1365,409,500,proj,512,512,512,wsap,1024,6144,4160,0,6656,0,0,6656,0,0,0,0,0,0,0,0,52,0,0,0,0
409,512,32,8,512,128,500,proj,512,512,512,isap,512,4608,2048,2048,0,0,0,8192,0,0,0,0,0,0,0,0,16,0,7168,0,0
409,640,24,8,204,85,500,proj,512,512,512,ispp,512,5632,6336,12672,0,0,0,11264,0,0,0,0,0,0,0,0,108,0,9728,0,0
409,512,40,16,64,204,500,proj,512,512,512,wspp,64,576,2080,2080,0,0,0,832,0,0,0,0,5824,0,4032,0,8,0,768,5376,0
409,384,40,8,42,204,500,proj,512,512,512,isap,1024,6144,104000,0,6656,0,0,6656,0,0,0,0,0,0,0,0,400,0,0,0,0
409,256,64,8,2048,16,500,proj,512,512,512,wsap,1024,4096,4096,0,4096,0,0,4096,0,0,0,0,0,0,0,0,8,0,0,0,0
409,256,72,16,1024,14,500,proj,512,512,512,wspp,1024,4096,4608,0,0,4096,0,0,4096,0,0,0,0,0,0,0,4,4096,7168,0,0
409,256,88,8,128,46,500,proj,512,512,512,wspp,128,512,4224,0,0,68,0,316,384,0,0,0,2688,2688,5376,2000,8,2072,576,4032,0
409,128,80,8,128,25,500,proj,512,512,512,isap,2048,2048,143360,0,10752,0,0,3584,0,0,0,0,0,0,0,0,0,0,0,0,0
409,512,32,2,512,1024,500,proj,512,512,512,ispp,512,4608,2048,2048,0,0,0,8192,0,0,0,0,0,0,0,0,64,0,4096,0,0
409,512,32,8,512,128,500,proj,512,512,512,isap,512,4608,2048,2048,0,0,0,8192,0,0,0,0,0,0,0,0,16,0,7168,0,0
409,512,40,16,64,204,500,proj,512,512,512,wspp,64,576,2080,2080,0,0,0,832,0,0,0,0,5824,0,4032,0,8,0,768,5376,0
409,256,64,8,2048,16,500,proj,512,512,512,wsap,1024,4096,4096,0,4096,0,0,4096,0,0,0,0,0,0,0,0,8,0,0,0,0
409,256,88,8,128,46,500,proj,512,512,512,wspp,128,512,4224,0,0,68,0,316,384,0,0,0,2688,2688,5376,2000,8,2072,576,4032,0
409,512,32,2,512,1024,500,proj,512,512,512,ispp,512,4608,2048,2048,0,0,0,8192,0,0,0,0,0,0,0,0,64,0,4096,0,0
409,384,32,4,1365,1024,500,proj,512,512,512,isap,1024,6144,4096,0,8192,0,0,8192,0,0,0,0,0,0,0,0,32,0,0,0,0
409,512,32,8,512,128,500,proj,512,512,512,isap,512,4608,2048,2048,0,0,0,8192,0,0,0,0,0,0,0,0,16,0,7168,0,0
409,640,24,8,819,341,500,proj,512,512,512,wsap,512,5632,2112,4224,0,0,0,11264,0,0,0,0,0,0,0,0,36,0,9728,0,0
409,512,40,16,64,204,500,proj,512,512,512,wspp,64,576,2080,2080,0,0,0,832,0,0,0,0,5824,0,4032,0,8,0,768,5376,0
409,384,48,8,85,341,500,proj,512,512,512,wspp,84,504,4224,0,0,374,0,88,462,0,42,0,5128,5170,11280,2275,12,3357,756,8460,0
409,256,64,8,2048,16,500,proj,512,512,512,wsap,1024,4096,4096,0,4096,0,0,4096,0,0,0,0,0,0,0,0,8,0,0,0,0
409,256,56,16,1024,18,500,proj,512,512,512,wsap,1024,4096,4480,0,5120,0,0,5120,0,0,0,0,0,0,0,0,8,0,0,0,0
409,256,88,8,128,46,500,proj,512,512,512,wspp,128,512,4224,0,0,68,0,316,384,0,0,0,2688,2688,5376,2000,8,2072,576,4032,0
409,128,80,8,128,51,500,proj,512,512,512,isap,2048,2048,143360,0,10752,0,0,3584,0,0,0,0,0,0,0,0,0,0,0,0,0
409,512,32,2,512,1024,500,proj,512,512,512,ispp,512,4608,2048,2048,0,0,0,8192,0,0,0,0,0,0,0,0,64,0,4096,0,0
409,512,32,8,512,128,500,proj,512,512,512,isap,512,4608,2048,2048,0,0,0,8192,0,0,0,0,0,0,0,0,16,0,7168,0,0
409,512,40,16,64,204,500,proj,512,512,512,wspp,64,576,2080,2080,0,0,0,832,0,0,0,0,5824,0,4032,0,8,0,768,5376,0
409,256,64,8,2048,16,500,proj,512,512,512,wsap,1024,4096,4096,0,4096,0,0,4096,0,0,0,0,0,0,0,0,8,0,0,0,0
409,256,88,8,128,46,500,proj,512,512,512,wspp,128,512,4224,0,0,68,0,316,384,0,0,0,2688,2688,5376,2000,8,2072,576,4032,0
409,512,32,2,512,1024,500,proj,512,512,512,ispp,512,4608,2048,2048,0,0,0,8192,0,0,0,0,0,0,0,0,64,0,4096,0,0
409,384,40,4,682,1638,500,proj,512,512,512,ispp,1024,6144,8320,0,0,3350,0,3306,6656,0,0,0,0,0,0,732,56,5924,9216,0,0
409,512,32,8,512,128,500,proj,512,512,512,isap,512,4608,2048,2048,0,0,0,8192,0,0,0,0,0,0,0,0,16,0,7168,0,0
409,640,24,8,819,85,500,proj,512,512,512,ispp,512,5632,2112,4224,0,0,0,11264,0,0,0,0,0,0,0,0,36,0,9728,0,0
409,512,40,16,64,204,500,proj,512,512,512,wspp,64,576,2080,2080,0,0,0,832,0,0,0,0,5824,0,4032,0,8,0,768,5376,0
409,384,32,8,42,256,500,proj,512,512,512,isap,1024,6144,102400,0,8192,0,0,8192,0,0,0,0,0,0,0,0,400,0,0,0,0
409,256,64,8,2048,16,500,proj,512,512,512,wsap,1024,4096,4096,0,4096,0,0,4096,0,0,0,0,0,0,0,0,8,0,0,0,0
409,128,56,16,8192,18,500,proj,512,512,512,ispp,2048,2048,8960,0,0,18,42,5102,15318,0,0,0,0,0,0,22432,0,4144,17408,0,0
409,256,88,8,128,46,500,proj,512,512,512,wspp,128,512,4224,0,0,68,0,316,384,0,0,0,2688,2688,5376,2000,8,2072,576,4032,0
409,256,80,4,64,25,500,proj,512,512,512,isap,1024,4096,71680,0,3584,0,0,3584,0,0,0,0,0,0,0,0,256,0,0,0,0
409,512,32,2,512,1024,500,proj,512,512,512,ispp,512,4608,2048,2048,0,0,0,8192,0,0,0,0,0,0,0,0,64,0,4096,0,0
409,512,32,8,512,128,500,proj,512,512,512,isap,512,4608,2048,2048,0,0,0,8192,0,0,0,0,0,0,0,0,16,0,7168,0,0
409,512,40,16,64,204,500,proj,512,512,512,wspp,64,576,2080,2080,0,0,0,832,0,0,0,0,5824,0,4032,0,8,0,768,5376,0
409,256,64,8,2048,16,500,proj,512,512,512,wsap,1024,4096,4096,0,4096,0,0,4096,0,0,0,0,0,0,0,0,8,0,0,0,0
409,256,88,8,128,46,500,proj,512,512,512,wspp,128,512,4224,0,0,68,0,316,384,0,0,0,2688,2688,5376,2000,8,2072,576,4032,0
409,512,32,2,512,1024,500,proj,512,512,512,ispp,512,4608,2048,2048,0,0,0,8192,0,0,0,0,0,0,0,0,64,0,4096,0,0
409,384,24,2,682,1365,500,proj,512,512,512,ispp,1024,6144,8448,0,0,2730,0,8534,11264,0,0,0,0,0,0,3162,176,8102,11264,0,0
409,512,32,8,512,128,500,proj,512,512,512,isap,512,4608,2048,2048,0,0,0,8192,0,0,0,0,0,0,0,0,16,0,7168,0,0
409,640,24,8,204,341,500,proj,512,512,512,wsap,204,2244,2112,4224,0,0,0,4488,0,0,0,0,6776,0,10164,0,36,0,3876,5852,0
409,512,40,16,64,204,500,proj,512,512,512,wspp,64,576,2080,2080,0,0,0,832,0,0,0,0,5824,0,4032,0,8,0,768,5376,0
409,640,32,8,51,512,500,proj,512,512,512,wsap,51,561,2048,4096,0,0,0,816,0,0,0,0,7376,0,10142,0,24,0,714,6454,0
409,256,64,8,2048,16,500,proj,512,512,512,wsap,1024,4096,4096,0,4096,0,0,4096,0,0,0,0,0,0,0,0,8,0,0,0,0
409,256,56,16,2048,9,500,proj,512,512,512,wsap,1024,4096,4480,0,5120,0,0,5120,0,0,0,0,0,0,0,0,8,0,0,0,0
409,256,88,8,128,46,500,proj,512,512,512,wspp,128,512,4224,0,0,68,0,316,384,0,0,0,2688,2688,5376,2000,8,2072,576,4032,0
409,256,80,8,256,51,500,proj,512,512,512,wspp,256,1024,4480,0,0,59,0,837,896,0,0,0,2688,2688,4608,1006,8,3081,1408,4224,0
409,512,32,2,512,1024,500,proj,512,512,512,ispp,512,4608,2048,2048,0,0,0,8192,0,0,0,0,0,0,0,0,64,0,4096,0,0
409,512,32,8,512,128,500,proj,512,512,512,isap,512,4608,2048,2048,0,0,0,8192,0,0,0,0,0,0,0,0,16,0,7168,0,0
409,512,40,16,64,204,500,proj,512,512,512,wspp,64,576,2080,2080,0,0,0,832,0,0,0,0,5824,0,4032,0,8,0,768,5376,0
409,256,64,8,2048,16,500,proj,512,512,512,wsap,1024,4096,4096,0,4096,0,0,4096,0,0,0,0,0,0,0,0,8,0,0,0,0
409,256,88,8,128,46,500,proj,512,512,512,wspp,128,512,4224,0,0,68,0,316,384,0,0,0,2688,2688,5376,2000,8,2072,576,4032,0
409,512,32,2,512,1024,500,proj,512,512,512,ispp,512,4608,2048,2048,0,0,0,8192,0,0,0,0,0,0,0,0,64,0,4096,0,0
409,384,24,2,341,2730,500,proj,512,512,512,ispp,1024,6144,16896,0,0,8234,0,3030,11264,0,0,0,0,0,0,294,352,10970,11264,0,0
409,512,32,8,512,128,500,proj,512,512,512,isap,512,4608,2048,2048,0,0,0,8192,0,0,0,0,0,0,0,0,16,0,7168,0,0
409,512,32,16,1024,128,500,proj,512,512,512,wsap,512,4608,2048,2048,0,0,0,8192,0,0,0,0,0,0,0,0,8,0,7680,0,0
409,512,40,16,64,204,500,proj,512,512,512,wspp,64,576,2080,2080,0,0,0,832,0,0,0,0,5824,0,4032,0,8,0,768,5376,0
409,640,32,8,51,128,500,proj,512,512,512,isap,512,5632,22528,45056,0,0,0,8192,0,0,0,0,0,0,0,0,264,0,7168,0,0
409,256,64,8,2048,16,500,proj,512,512,512,wsap,1024,4096,4096,0,4096,0,0,4096,0,0,0,0,0,0,0,0,8,0,0,0,0
409,128,64,8,2048,32,500,proj,512,512,512,wsap,2048,2048,8192,0,12288,0,0,4096,0,0,0,0,0,0,0,0,0,0,0,0,0
409,256,88,8,128,46,500,proj,512,512,512,wspp,128,512,4224,0,0,68,0,316,384,0,0,0,2688,2688,5376,2000,8,2072,576,4032,0
409,128,80,16,128,51,500,proj,512,512,512,ispp,2048,2048,143360,0,0,816,3632,2768,7120,0,0,0,0,0,0,7072,0,7216,11776,0,0
409,512,32,2,512,1024,500,proj,512,512,512,ispp,512,4608,2048,2048,0,0,0,8192,0,0,0,0,0,0,0,0,64,0,4096,0,0
409,512,32,16,1024,128,500,proj,512,512,512,wsap,512,4608,2048,2048,0,0,0,8192,0,0,0,0,0,0,0,0,8,0,7680,0,0
409,512,40,16,64,204,500,proj,512,512,512,wspp,64,576,2080,2080,0,0,0,832,0,0,0,0,5824,0,4032,0,8,0,768,5376,0
409,256,64,8,2048,16,500,proj,512,512,512,wsap,1024,4096,4096,0,4096,0,0,4096,0,0,0,0,0,0,0,0,8,0,0,0,0
409,256,88,8,128,46,500,proj,512,512,512,wspp,128,512,4224,0,0,68,0,316,384,0,0,0,2688,2688,5376,2000,8,2072,576,4032,0
409,512,32,2,512,1024,500,proj,512,512,512,ispp,512,4608,2048,2048,0,0,0,8192,0,0,0,0,0,0,0,0,64,0,4096,0,0
409,384,24,4,682,1365,500,proj,512,512,512,wspp,682,4092,4224,0,0,1377,0,6125,7502,0,0,0,3762,3762,12312,4222,44,7042,10912,5472,0
409,512,32,16,1024,128,500,proj,512,512,512,wsap,512,4608,2048,2048,0,0,0,8192,0,0,0,0,0,0,0,0,8,0,7680,0,0
409,512,24,16,2048,85,500,proj,512,512,512,wspp,512,4608,2112,2112,0,0,0,11264,0,0,0,0,0,0,0,0,16,0,10240,0,0
409,512,40,16,64,204,500,proj,512,512,512,wspp,64,576,2080,2080,0,0,0,832,0,0,0,0,5824,0,4032,0,8,0,768,5376,0
409,384,48,8,85,341,500,proj,512,512,512,isap,1024,6144,54912,0,5632,0,0,5632,0,0,0,0,0,0,0,0,156,0,0,0,0
409,256,64,8,2048,16,500,proj,512,512,512,wsap,1024,4096,4096,0,4096,0,0,4096,0,0,0,0,0,0,0,0,8,0,0,0,0
409,256,56,16,2048,36,500,proj,512,512,512,wsap,1024,4096,4480,0,5120,0,0,5120,0,0,0,0,0,0,0,0,8,0,0,0,0
409,256,88,8,128,46,500,proj,512,512,512,wspp,128,512,4224,0,0,68,0,316,384,0,0,0,2688,2688,5376,2000,8,2072,576,4032,0
409,256,80,4,128,102,500,proj,512,512,512,wsap,128,512,4480,0,448,0,0,448,0,3136,0,0,3136,0,25088,0,16,0,0,0,0
409,512,32,2,512,1024,500,proj,512,512,512,ispp,512,4608,2048,2048,0,0,0,8192,0,0,0,0,0,0,0,0,64,0,4096,0,0
409,512,32,16,1024,128,500,proj,512,512,512,wsap,512,4608,2048,2048,0,0,0,8192,0,0,0,0,0,0,0,0,8,0,7680,0,0
409,512,40,16,64,204,500,proj,512,512,512,wspp,64,576,2080,2080,0,0,0,832,0,0,0,0,5824,0,4032,0,8,0,768,5376,0
409,256,64,8,2048,16,500,proj,512,512,512,wsap,1024,4096,4096,0,4096,0,0,4096,0,0,0,0,0,0,0,0,8,0,0,0,0
409,256,88,8,128,46,500,proj,512,512,512,wspp,128,512,4224,0,0,68,0,316,384,0,0,0,2688,2688,5376,2000,8,2072,576,4032,0
409,512,32,2,512,1024,500,proj,512,512,512,ispp,512,4608,2048,2048,0,0,0,8192,0,0,0,0,0,0,0,0,64,0,4096,0,0
409,640,40,2,409,409,500,proj,512,512,512,ispp,512,5632,4160,8320,0,0,0,6656,0,0,0,0,0,0,0,0,168,0,3072,0,0
409,512,32,16,1024,128,500,proj,512,512,512,wsap,512,4608,2048,2048,0,0,0,8192,0,0,0,0,0,0,0,0,8,0,7680,0,0
409,384,40,32,682,51,500,proj,512,512,512,isap,1024,6144,8320,0,6656,0,0,6656,0,0,0,0,0,0,0,0,8,0,0,0,0
409,512,40,16,64,204,500,proj,512,512,512,wspp,64,576,2080,2080,0,0,0,832,0,0,0,0,5824,0,4032,0,8,0,768,5376,0
409,384,40,16,85,102,500,proj,512,512,512,isap,1024,6144,54080,0,6656,0,0,6656,0,0,0,0,0,0,0,0,104,0,0,0,0
409,256,64,8,2048,16,500,proj,512,512,512,wsap,1024,4096,4096,0,4096,0,0,4096,0,0,0,0,0,0,0,0,8,0,0,0,0
409,128,56,16,2048,36,500,proj,512,512,512,wspp,2048,2048,8960,0,0,36,84,5084,15276,0,0,0,0,0,0,22340,0,4190,17408,0,0
409,256,88,8,128,46,500,proj,512,512,512,wspp,128,512,4224,0,0,68,0,316,384,0,0,0,2688,2688,5376,2000,8,2072,576,4032,0
409,128,96,4,512,21,500,proj,512,512,512,wspp,512,512,9216,0,0,21,45,747,2259,0,0,0,2304,6912,3072,14222,0,2105,2048,6144,0
409,512,32,2,512,1024,500,proj,512,512,512,ispp,512,4608,2048,2048,0,0,0,8192,0,0,0,0,0,0,0,0,64,0,4096,0,0
409,512,32,16,1024,128,500,proj,512,512,512,wsap,512,4608,2048,2048,0,0,0,8192,0,0,0,0,0,0,0,0,8,0,7680,0,0
409,512,40,16,64,204,500,proj,512,512,512,wspp,64,576,2080,2080,0,0,0,832,0,0,0,0,5824,0,4032,0,8,0,768,5376,0
409,256,64,8,2048,16,500,proj,512,512,512,wsap,1024,4096,4096,0,4096,0,0,4096,0,0,0,0,0,0,0,0,8,0,0,0,0
409,256,88,8,128,46,500,proj,512,512,512,wspp,128,512,4224,0,0,68,0,316,384,0,0,0,2688,2688,5376,2000,8,2072,576,4032,0
409,512,32,2,512,1024,500,proj,512,512,512,ispp,512,4608,2048,2048,0,0,0,8192,0,0,0,0,0,0,0,0,64,0,4096,0,0
409,640,32,4,409,1024,500,proj,512,512,512,ispp,512,5632,4096,8192,0,0,0,8192,0,0,0,0,0,0,0,0,96,0,6144,0,0
409,512,32,16,1024,128,500,proj,512,512,512,wsap,512,4608,2048,2048,0,0,0,8192,0,0,0,0,0,0,0,0,8,0,7680,0,0
409,640,24,32,409,341,500,proj,512,512,512,wsap,409,4499,2112,4224,0,0,0,8998,0,0,0,0,2266,0,1133,0,12,0,8589,2163,0
409,512,40,16,64,204,500,proj,512,512,512,wspp,64,576,2080,2080,0,0,0,832,0,0,0,0,5824,0,4032,0,8,0,768,5376,0
409,384,32,32,85,128,500,proj,512,512,512,ispp,1024,6144,53248,0,0,8192,0,0,8192,0,0,0,0,0,0,0,52,8192,15360,0,0
409,256,64,8,2048,16,500,proj,512,512,512,wsap,1024,4096,4096,0,4096,0,0,4096,0,0,0,0,0,0,0,0,8,0,0,0,0
409,128,64,8,4096,32,500,proj,512,512,512,isap,2048,2048,8192,0,12288,0,0,4096,0,0,0,0,0,0,0,0,0,0,0,0,0
409,256,88,8,128,46,500,proj,512,512,512,wspp,128,512,4224,0,0,68,0,316,384,0,0,0,2688,2688,5376,2000,8,2072,576,4032,0
409,128,96,16,512,42,500,proj,512,512,512,isap,2048,2048,36864,0,9216,0,0,3072,0,0,0,0,0,0,0,0,0,0,0,0,0
409,512,32,2,512,1024,500,proj,512,512,512,ispp,512,4608,2048,2048,0,0,0,8192,0,0,0,0,0,0,0,0,64,0,4096,0,0
409,512,32,16,1024,128,500,proj,512,512,512,wsap,512,4608,2048,2048,0,0,0,8192,0,0,0,0,0,0,0,0,8,0,7680,0,0
409,512,40,16,64,204,500,proj,512,512,512,wspp,64,576,2080,2080,0,0,0,832,0,0,0,0,5824,0,4032,0,8,0,768,5376,0
409,256,64,8,2048,16,500,proj,512,512,512,wsap,1024,4096,4096,0,4096,0,0,4096,0,0,0,0,0,0,0,0,8,0,0,0,0
409,256,88,8,128,46,500,proj,512,512,512,wspp,128,512,4224,0,0,68,0,316,384,0,0,0,2688,2688,5376,2000,8,2072,576,4032,0
409,512,32,2,512,1024,500,proj,512,512,512,ispp,512,4608,2048,2048,0,0,0,8192,0,0,0,0,0,0,0,0,64,0,4096,0,0
409,640,24,4,204,1365,500,proj,512,512,512,isap,512,5632,6336,12672,0,0,0,11264,0,0,0,0,0,0,0,0,216,0,8192,0,0
409,512,32,16,1024,128,500,proj,512,512,512,wsap,512,4608,2048,2048,0,0,0,8192,0,0,0,0,0,0,0,0,8,0,7680,0,0
409,512,24,16,1024,170,500,proj,512,512,512,ispp,512,4608,2112,2112,0,0,0,11264,0,0,0,0,0,0,0,0,16,0,10240,0,0
409,512,40,16,64,204,500,proj,512,512,512,wspp,64,576,2080,2080,0,0,0,832,0,0,0,0,5824,0,4032,0,8,0,768,5376,0
409,384,48,16,85,170,500,proj,512,512,512,ispp,1024,6144,54912,0,0,3772,0,1860,5632,0,0,0,0,0,0,780,104,4852,9728,0,0
409,256,64,8,2048,16,500,proj,512,512,512,wsap,1024,4096,4096,0,4096,0,0,4096,0,0,0,0,0,0,0,0,8,0,0,0,0
409,128,56,4,4096,9,500,proj,512,512,512,isap,2048,2048,8960,0,15360,0,0,5120,0,0,0,0,0,0,0,0,0,0,0,0,0
409,256,88,8,128,46,500,proj,512,512,512,wspp,128,512,4224,0,0,68,0,316,384,0,0,0,2688,2688,5376,2000,8,2072,576,4032,0
409,128,96,4,128,21,500,proj,512,512,512,wspp,128,128,9216,0,0,21,45,171,531,0,0,0,2880,8640,3840,14222,0,2105,512,7680,0
409,512,32,2,512,1024,500,proj,512,512,512,ispp,512,4608,2048,2048,0,0,0,8192,0,0,0,0,0,0,0,0,64,0,4096,0,0
409,512,32,16,1024,128,500,proj,512,512,512,wsap,512,4608,2048,2048,0,0,0,8192,0,0,0,0,0,0,0,0,8,0,7680,0,0
409,512,40,16,64,204,500,proj,512,512,512,wspp,64,576,2080,2080,0,0,0,832,0,0,0,0,5824,0,4032,0,8,0,768,5376,0
409,256,64,8,2048,16,500,proj,512,512,512,wsap,1024,4096,4096,0,4096,0,0,4096,0,0,0,0,0,0,0,0,8,0,0,0,0
409,256,88,8,128,46,500,proj,512,512,512,wspp,128,512,4224,0,0,68,0,316,384,0,0,0,2688,2688,5376,2000,8,2072,576,4032,0
409,512,32,2,512,1024,500,proj,512,512,512,ispp,512,4608,2048,2048,0,0,0,8192,0,0,0,0,0,0,0,0,64,0,4096,0,0
409,512,24,2,1024,1365,500,proj,512,512,512,wsap,512,4608,2112,2112,0,0,0,11264,0,0,0,0,0,0,0,0,88,0,5632,0,0
409,512,32,16,1024,128,500,proj,512,512,512,wsap,512,4608,2048,2048,0,0,0,8192,0,0,0,0,0,0,0,0,8,0,7680,0,0
409,512,40,8,1024,51,500,proj,512,512,512,wspp,512,4608,2080,2080,0,0,0,6656,0,0,0,0,0,0,0,0,16,0,5632,0,0
409,512,40,16,64,204,500,proj,512,512,512,wspp,64,576,2080,2080,0,0,0,832,0,0,0,0,5824,0,4032,0,8,0,768,5376,0
409,384,40,8,42,102,500,proj,512,512,512,wspp,42,252,4160,0,0,113,0,160,273,0,0,0,6383,6383,14730,2983,16,3673,441,10311,0
409,256,64,8,2048,16,500,proj,512,512,512,wsap,1024,4096,4096,0,4096,0,0,4096,0,0,0,0,0,0,0,0,8,0,0,0,0
409,128,72,8,2048,7,500,proj,512,512,512,wspp,2048,2048,9216,0,0,7,14,4089,12274,0,0,0,0,0,0,16356,0,4110,14336,0,0
409,256,88,8,128,46,500,proj,512,512,512,wspp,128,512,4224,0,0,68,0,316,384,0,0,0,2688,2688,5376,2000,8,2072,576,4032,0
409,128,96,8,256,21,500,proj,512,512,512,wsap,256,256,9216,0,1152,0,0,384,0,8064,0,0,2688,0,10752,0,0,0,0,0,0
409,512,32,2,512,1024,500,proj,512,512,512,ispp,512,4608,2048,2048,0,0,0,8192,0,0,0,0,0,0,0,0,64,0,4096,0,0
409,512,32,16,1024,128,500,proj,512,512,512,wsap,512,4608,2048,2048,0,0,0,8192,0,0,0,0,0,0,0,0,8,0,7680,0,0
409,512,40,16,64,204,500,proj,512,512,512,wspp,64,576,2080,2080,0,0,0,832,0,0,0,0,5824,0,4032,0,8,0,768,5376,0
409,256,64,8,2048,16,500,proj,512,512,512,wsap,1024,4096,4096,0,4096,0,0,4096,0,0,0,0,0,0,0,0,8,0,0,0,0
409,256,88,8,128,46,500,proj,512,512,512,wspp,128,512,4224,0,0,68,0,316,384,0,0,0,2688,2688,5376,2000,8,2072,576,4032,0
409,512,32,2,512,1024,500,proj,512,512,512,ispp,512,4608,2048,2048,0,0,0,8192,0,0,0,0,0,0,0,0,64,0,4096,0,0
409,512,40,2,256,409,500,proj,512,512,512,ispp,512,4608,4160,4160,0,0,0,6656,0,0,0,0,0,0,0,0,112,0,3072,0,0
409,512,32,16,1024,128,500,proj,512,512,512,wsap,512,4608,2048,2048,0,0,0,8192,0,0,0,0,0,0,0,0,8,0,7680,0,0
409,512,40,8,1024,51,500,proj,512,512,512,isap,512,4608,2080,2080,0,0,0,6656,0,0,0,0,0,0,0,0,16,0,5632,0,0
409,512,40,16,64,204,500,proj,512,512,512,wspp,64,576,2080,2080,0,0,0,832,0,0,0,0,5824,0,4032,0,8,0,768,5376,0
409,384,32,32,170,512,500,proj,512,512,512,wspp,170,1020,4096,0,0,1360,0,0,1360,0,6832,0,0,6832,5124,0,4,8192,2550,12810,0
409,256,64,8,2048,16,500,proj,512,512,512,wsap,1024,4096,4096,0,4096,0,0,4096,0,0,0,0,0,0,0,0,8,0,0,0,0
409,256,72,8,1024,7,500,proj,512,512,512,ispp,1024,4096,4608,0,0,7,0,4089,4096,0,0,0,0,0,0,0,8,4096,7168,0,0
409,256,88,8,128,46,500,proj,512,512,512,wspp,128,512,4224,0,0,68,0,316,384,0,0,0,2688,2688,5376,2000,8,2072,576,4032,0
409,128,96,16,256,85,500,proj,512,512,512,ispp,2048,2048,73728,0,0,680,2160,2392,7056,0,0,0,0,0,0,7968,0,5232,9728,0,0
409,512,32,2,512,1024,500,proj,512,512,512,ispp,512,4608,2048,2048,0,0,0,8192,0,0,0,0,0,0,0,0,64,0,4096,0,0
409,512,32,16,1024,128,500,proj,512,512,512,wsap,512,4608,2048,2048,0,0,0,8192,0,0,0,0,0,0,0,0,8,0,7680,0,0
409,512,40,16,64,204,500,proj,512,512,512,wspp,64,576,2080,2080,0,0,0,832,0,0,0,0,5824,0,4032,0,8,0,768,5376,0
409,256,64,8,2048,16,500,proj,512,512,512,wsap,1024,4096,4096,0,4096,0,0,4096,0,0,0,0,0,0,0,0,8,0,0,0,0
409,256,88,8,128,46,500,proj,512,512,512,wspp,128,512,4224,0,0,68,0,316,384,0,0,0,2688,2688,5376,2000,8,2072,576,4032,0
409,512,32,2,512,1024,500,proj,512,512,512,ispp,512,4608,2048,2048,0,0,0,8192,0,0,0,0,0,0,0,0,64,0,4096,0,0
409,384,40,2,1365,409,500,proj,512,512,512,wspp,1024,6144,4160,0,0,412,0,6244,6656,0,0,0,0,0,0,2897,52,3759,6144,0,0
409,512,32,16,1024,128,500,proj,512,512,512,wsap,512,4608,2048,2048,0,0,0,8192,0,0,0,0,0,0,0,0,8,0,7680,0,0
409,640,24,8,409,85,500,proj,512,512,512,ispp,512,5632,4224,8448,0,0,0,11264,0,0,0,0,0,0,0,0,72,0,9728,0,0
409,512,40,16,64,204,500,proj,512,512,512,wspp,64,576,2080,2080,0,0,0,832,0,0,0,0,5824,0,4032,0,8,0,768,5376,0
409,384,40,8,85,409,500,proj,512,512,512,isap,1024,6144,54080,0,6656,0,0,6656,0,0,0,0,0,0,0,0,208,0,0,0,0
409,256,64,8,2048,16,500,proj,512,512,512,wsap,1024,4096,4096,0,4096,0,0,4096,0,0,0,0,0,0,0,0,8,0,0,0,0
409,128,56,16,8192,36,500,proj,512,512,512,wspp,2048,2048,8960,0,0,36,84,5084,15276,0,0,0,0,0,0,22340,0,4190,17408,0,0
409,256,88,8,128,46,500,proj,512,512,512,wspp,128,512,4224,0,0,68,0,316,384,0,0,0,2688,2688,5376,2000,8,2072,576,4032,0
409,128,96,8,128,42,500,proj,512,512,512,wsap,128,128,9216,0,576,0,0,192,0,8640,0,0,2880,0,11520,0,0,0,0,0,0
409,512,32,2,512,1024,500,proj,512,512,512,ispp,512,4608,2048,2048,0,0,0,8192,0,0,0,0,0,0,0,0,64,0,4096,0,0
409,512,32,16,1024,128,500,proj,512,512,512,wsap,512,4608,2048,2048,0,0,0,8192,0,0,0,0,0,0,0,0,8,0,7680,0,0
409,512,40,16,64,204,500,proj,512,512,512,wspp,64,576,2080,2080,0,0,0,832,0,0,0,0,5824,0,4032,0,8,0,768,5376,0
409,256,64,8,2048,16,500,proj,512,512,512,wsap,1024,4096,4096,0,4096,0,0,4096,0,0,0,0,0,0,0,0,8,0,0,0,0
409,256,88,8,128,46,500,proj,512,512,512,wspp,128,512,4224,0,0,68,0,316,384,0,0,0,2688,2688,5376,2000,8,2072,576,4032,0
409,512,32,2,512,1024,500,proj,512,512,512,ispp,512,4608,2048,2048,0,0,0,8192,0,0,0,0,0,0,0,0,64,0,4096,0,0
409,384,24,4,341,682,500,proj,512,512,512,ispp,1024,6144,16896,0,0,2108,0,9156,11264,0,0,0,0,0,0,3522,176,7742,16384,0,0
409,512,32,16,1024,128,500,proj,512,512,512,wsap,512,4608,2048,2048,0,0,0,8192,0,0,0,0,0,0,0,0,8,0,7680,0,0
409,640,24,32,819,341,500,proj,512,512,512,wspp,512,5632,2112,4224,0,0,0,11264,0,0,0,0,0,0,0,0,12,0,10752,0,0
409,512,40,16,64,204,500,proj,512,512,512,wspp,64,576,2080,2080,0,0,0,832,0,0,0,0,5824,0,4032,0,8,0,768,5376,0
409,384,32,32,85,128,500,proj,512,512,512,isap,1024,6144,53248,0,8192,0,0,8192,0,0,0,0,0,0,0,0,52,0,0,0,0
409,256,64,8,2048,16,500,proj,512,512,512,wsap,1024,4096,4096,0,4096,0,0,4096,0,0,0,0,0,0,0,0,8,0,0,0,0
409,256,72,16,2048,28,500,proj,512,512,512,ispp,1024,4096,4608,0,0,4096,0,0,4096,0,0,0,0,0,0,0,4,4096,7168,0,0
409,256,88,8,128,46,500,proj,512,512,512,wspp,128,512,4224,0,0,68,0,316,384,0,0,0,2688,2688,5376,2000,8,2072,576,4032,0
409,128,80,16,256,102,500,proj,512,512,512,ispp,2048,2048,71680,0,0,816,3616,2768,7136,0,0,0,0,0,0,7104,0,7200,11776,0,0
409,512,32,2,512,1024,500,proj,512,512,512,ispp,512,4608,2048,2048,0,0,0,8192,0,0,0,0,0,0,0,0,64,0,4096,0,0
409,512,32,16,1024,128,500,proj,512,512,512,wsap,512,4608,2048,2048,0,0,0,8192,0,0,0,0,0,0,0,0,8,0,7680,0,0
409,512,40,16,64,204,500,proj,512,512,512,wspp,64,576,2080,2080,0,0,0,832,0,0,0,0,5824,0,4032,0,8,0,768,5376,0
409,256,64,8,2048,16,500,proj,512,512,512,wsap,1024,4096,4096,0,4096,0,0,4096,0,0,0,0,0,0,0,0,8,0,0,0,0
409,256,88,8,128,46,500,proj,512,512,512,wspp,128,512,4224,0,0,68,0,316,384,0,0,0,2688,2688,5376,2000,8,2072,576,4032,0
409,512,32,2,512,1024,500,proj,512,512,512,ispp,512,4608,2048,2048,0,0,0,8192,0,0,0,0,0,0,0,0,64,0,4096,0,0
409,512,24,4,256,1365,500,proj,512,512,512,isap,512,4608,4224,4224,0,0,0,11264,0,0,0,0,0,0,0,0,96,0,8192,0,0
409,512,32,16,1024,128,500,proj,512,512,512,wsap,512,4608,2048,2048,0,0,0,8192,0,0,0,0,0,0,0,0,8,0,7680,0,0
409,384,40,8,1365,102,500,proj,512,512,512,isap,1024,6144,4160,0,6656,0,0,6656,0,0,0,0,0,0,0,0,16,0,0,0,0
409,512,40,16,64,204,500,proj,512,512,512,wspp,64,576,2080,2080,0,0,0,832,0,0,0,0,5824,0,4032,0,8,0,768,5376,0
409,384,32,16,42,512,500,proj,512,512,512,ispp,1024,6144,102400,0,0,8192,0,0,8192,0,0,0,0,0,0,0,200,8192,15360,0,0
409,256,64,8,2048,16,500,proj,512,512,512,wsap,1024,4096,4096,0,4096,0,0,4096,0,0,0,0,0,0,0,0,8,0,0,0,0
409,256,72,4,1024,28,500,proj,512,512,512,wspp,1024,4096,4608,0,0,28,0,4068,4096,0,0,0,0,0,0,4040,16,2076,6144,0,0
409,256,88,8,128,46,500,proj,512,512,512,wspp,128,512,4224,0,0,68,0,316,384,0,0,0,2688,2688,5376,2000,8,2072,576,4032,0
409,128,96,16,512,42,500,proj,512,512,512,ispp,2048,2048,36864,0,0,168,1304,2904,7912,0,0,0,0,0,0,9680,0,4376,9728,0,0
409,512,32,2,512,1024,500,proj,512,512,512,ispp,512,4608,2048,2048,0,0,0,8192,0,0,0,0,0,0,0,0,64,0,4096,0,0
409,512,32,16,1024,128,500,proj,512,512,512,wsap,512,4608,2048,2048,0,0,0,8192,0,0,0,0,0,0,0,0,8,0,7680,0,0
409,512,40,16,64,204,500,proj,512,512,512,wspp,64,576,2080,2080,0,0,0,832,0,0,0,0,5824,0,4032,0,8,0,768,5376,0
409,256,64,8,2048,16,500,proj,512,512,512,wsap,1024,4096,4096,0,4096,0,0,4096,0,0,0,0,0,0,0,0,8,0,0,0,0
409,256,88,8,128,46,500,proj,512,512,512,wspp,128,512,4224,0,0,68,0,316,384,0,0,0,2688,2688,5376,2000,8,2072,576,4032,0
409,512,32,2,512,1024,500,proj,512,512,512,ispp,512,4608,2048,2048,0,0,0,8192,0,0,0,0,0,0,0,0,64,0,4096,0,0
409,384,32,4,682,512,500,proj,512,512,512,wspp,682,4092,4096,0,0,512,0,4944,5456,0,0,0,2736,2736,8208,3584,32,4608,8184,4104,0
409,512,32,16,1024,128,500,proj,512,512,512,wsap,512,4608,2048,2048,0,0,0,8192,0,0,0,0,0,0,0,0,8,0,7680,0,0
409,384,40,16,682,102,500,proj,512,512,512,ispp,1024,6144,8320,0,0,262,0,6394,6656,0,0,0,0,0,0,1470,16,5186,11776,0,0
409,512,40,16,64,204,500,proj,512,512,512,wspp,64,576,2080,2080,0,0,0,832,0,0,0,0,5824,0,4032,0,8,0,768,5376,0
409,384,40,8,42,204,500,proj,512,512,512,ispp,1024,6144,104000,0,0,5576,0,1080,6656,0,0,0,0,0,0,0,400,6656,10752,0,0
409,256,64,8,2048,16,500,proj,512,512,512,wsap,1024,4096,4096,0,4096,0,0,4096,0,0,0,0,0,0,0,0,8,0,0,0,0
409,256,64,8,1024,8,500,proj,512,512,512,isap,1024,4096,4096,0,4096,0,0,4096,0,0,0,0,0,0,0,0,8,0,0,0,0
409,256,88,8,128,46,500,proj,512,512,512,wspp,128,512,4224,0,0,68,0,316,384,0,0,0,2688,2688,5376,2000,8,2072,576,4032,0
409,256,80,8,256,102,500,proj,512,512,512,isap,1024,4096,17920,0,3584,0,0,3584,0,0,0,0,0,0,0,0,32,0,0,0,0
409,512,32,2,512,1024,500,proj,512,512,512,ispp,512,4608,2048,2048,0,0,0,8192,0,0,0,0,0,0,0,0,64,0,4096,0,0
409,512,32,16,1024,128,500,proj,512,512,512,wsap,512,4608,2048,2048,0,0,0,8192,0,0,0,0,0,0,0,0,8,0,7680,0,0
409,512,40,16,64,204,500,proj,512,512,512,wspp,64,576,2080,2080,0,0,0,832,0,0,0,0,5824,0,4032,0,8,0,768,5376,0
409,256,64,8,1024,8,500,proj,512,512,512,isap,1024,4096,4096,0,4096,0,0,4096,0,0,0,0,0,0,0,0,8,0,0,0,0
409,256,88,8,128,46,500,proj,512,512,512,wspp,128,512,4224,0,0,68,0,316,384,0,0,0,2688,2688,5376,2000,8,2072,576,4032,0
409,512,32,2,512,1024,500,proj,512,512,512,ispp,512,4608,2048,2048,0,0,0,8192,0,0,0,0,0,0,0,0,64,0,4096,0,0
409,512,32,4,256,1024,500,proj,512,512,512,wspp,256,2304,2048,2048,0,0,0,4096,0,0,0,0,4096,0,9216,0,32,0,3072,3072,0
409,512,32,16,1024,128,500,proj,512,512,512,wsap,512,4608,2048,2048,0,0,0,8192,0,0,0,0,0,0,0,0,8,0,7680,0,0
409,384,24,8,682,85,500,proj,512,512,512,wspp,682,4092,4224,0,0,88,0,7414,7502,0,0,0,3762,3762,7182,5590,24,5674,12617,6327,0
409,512,40,16,64,204,500,proj,512,512,512,wspp,64,576,2080,2080,0,0,0,832,0,0,0,0,5824,0,4032,0,8,0,768,5376,0
409,512,40,8,64,102,500,proj,512,512,512,isap,512,4608,16640,16640,0,0,0,6656,0,0,0,0,0,0,0,0,128,0,5632,0,0
409,256,64,8,1024,8,500,proj,512,512,512,isap,1024,4096,4096,0,4096,0,0,4096,0,0,0,0,0,0,0,0,8,0,0,0,0
409,256,72,4,512,7,500,proj,512,512,512,wsap,512,2048,4608,0,2048,0,0,2048,0,2048,0,0,2048,0,16384,0,16,0,0,0,0
409,256,88,8,128,46,500,proj,512,512,512,wspp,128,512,4224,0,0,68,0,316,384,0,0,0,2688,2688,5376,2000,8,2072,576,4032,0
409,128,80,8,512,51,500,proj,512,512,512,wsap,512,512,8960,0,2688,0,0,896,0,8064,0,0,2688,0,10752,0,0,0,0,0,0
409,512,32,2,512,1024,500,proj,512,512,512,ispp,512,4608,2048,2048,0,0,0,8192,0,0,0,0,0,0,0,0,64,0,4096,0,0
409,512,32,16,1024,128,500,proj,512,512,512,wsap,512,4608,2048,2048,0,0,0,8192,0,0,0,0,0,0,0,0,8,0,7680,0,0
409,512,40,16,64,204,500,proj,512,512,512,wspp,64,576,2080,2080,0,0,0,832,0,0,0,0,5824,0,4032,0,8,0,768,5376,0
409,256,64,8,1024,8,500,proj,512,512,512,isap,1024,4096,4096,0,4096,0,0,4096,0,0,0,0,0,0,0,0,8,0,0,0,0
409,256,88,8,128,46,500,proj,512,512,512,wspp,128,512,4224,0,0,68,0,316,384,0,0,0,2688,2688,5376,2000,8,2072,576,4032,0
409,512,32,2,512,1024,500,proj,512,512,512,ispp,512,4608,2048,2048,0,0,0,8192,0,0,0,0,0,0,0,0,64,0,4096,0,0
409,640,24,2,409,2730,500,proj,512,512,512,wspp,409,4499,2112,4224,0,0,0,8998,0,0,0,0,2266,0,12463,0,132,0,4499,1133,0
409,512,32,16,1024,128,500,proj,512,512,512,wsap,512,4608,2048,2048,0,0,0,8192,0,0,0,0,0,0,0,0,8,0,7680,0,0
409,384,32,32,1365,256,500,proj,512,512,512,wspp,1024,6144,4096,0,0,8192,0,0,8192,0,0,0,0,0,0,0,4,8192,15360,0,0
409,512,40,16,64,204,500,proj,512,512,512,wspp,64,576,2080,2080,0,0,0,832,0,0,0,0,5824,0,4032,0,8,0,768,5376,0
409,384,32,16,85,128,500,proj,512,512,512,wsap,84,504,4096,0,672,0,0,672,0,7520,0,0,7520,0,90240,0,8,0,0,0,0
409,256,64,8,1024,8,500,proj,512,512,512,isap,1024,4096,4096,0,4096,0,0,4096,0,0,0,0,0,0,0,0,8,0,0,0,0
409,256,72,16,512,14,500,proj,512,512,512,wsap,512,2048,4608,0,2048,0,0,2048,0,2048,0,0,2048,0,16384,0,4,0,0,0,0
409,256,88,8,128,46,500,proj,512,512,512,wspp,128,512,4224,0,0,68,0,316,384,0,0,0,2688,2688,5376,2000,8,2072,576,4032,0
409,128,96,16,128,85,500,proj,512,512,512,wspp,128,128,9216,0,0,85,206,107,370,0,0,960,2880,7680,2400,9956,0,4238,608,9120,0
409,512,32,2,512,1024,500,proj,512,512,512,ispp,512,4608,2048,2048,0,0,0,8192,0,0,0,0,0,0,0,0,64,0,4096,0,0
409,512,32,16,1024,128,500,proj,512,512,512,wsap,512,4608,2048,2048,0,0,0,8192,0,0,0,0,0,0,0,0,8,0,7680,0,0
409,512,40,16,64,204,500,proj,512,512,512,wspp,64,576,2080,2080,0,0,0,832,0,0,0,0,5824,0,4032,0,8,0,768,5376,0
409,256,64,8,1024,8,500,proj,512,512,512,isap,1024,4096,4096,0,4096,0,0,4096,0,0,0,0,0,0,0,0,8,0,0,0,0
409,256,88,8,128,46,500,proj,512,512,512,wspp,128,512,4224,0,0,68,0,316,384,0,0,0,2688,2688,5376,2000,8,2072,576,4032,0
409,512,32,2,512,1024,500,proj,512,512,512,ispp,512,4608,2048,2048,0,0,0,8192,0,0,0,0,0,0,0,0,64,0,4096,0,0
409,640,24,2,204,682,500,proj,512,512,512,isap,512,5632,6336,12672,0,0,0,11264,0,0,0,0,0,0,0,0,396,0,5632,0,0
409,512,32,16,1024,128,500,proj,512,512,512,wsap,512,4608,2048,2048,0,0,0,8192,0,0,0,0,0,0,0,0,8,0,7680,0,0
409,512,24,16,512,85,500,proj,512,512,512,ispp,512,4608,2112,2112,0,0,0,11264,0,0,0,0,0,0,0,0,16,0,10240,0,0
409,512,40,16,64,204,500,proj,512,512,512,wspp,64,576,2080,2080,0,0,0,832,0,0,0,0,5824,0,4032,0,8,0,768,5376,0
409,512,40,16,64,409,500,proj,512,512,512,isap,512,4608,16640,16640,0,0,0,6656,0,0,0,0,0,0,0,0,64,0,6144,0,0
409,256,64,8,1024,8,500,proj,512,512,512,isap,1024,4096,4096,0,4096,0,0,4096,0,0,0,0,0,0,0,0,8,0,0,0,0
409,128,56,4,1024,9,500,proj,512,512,512,ispp,2048,2048,17920,0,0,18,36,5102,15324,0,0,0,0,0,0,25144,0,2788,14336,0,0
409,256,88,8,128,46,500,proj,512,512,512,wspp,128,512,4224,0,0,68,0,316,384,0,0,0,2688,2688,5376,2000,8,2072,576,4032,0
409,256,80,8,256,51,500,proj,512,512,512,ispp,1024,4096,17920,0,0,236,0,3348,3584,0,0,0,0,0,0,952,32,3108,5632,0,0
409,512,32,2,512,1024,500,proj,512,512,512,ispp,512,4608,2048,2048,0,0,0,8192,0,0,0,0,0,0,0,0,64,0,4096,0,0
409,512,32,16,1024,128,500,proj,512,512,512,wsap,512,4608,2048,2048,0,0,0,8192,0,0,0,0,0,0,0,0,8,0,7680,0,0
409,512,40,16,64,204,500,proj,512,512,512,wspp,64,576,2080,2080,0,0,0,832,0,0,0,0,5824,0,4032,0,8,0,768,5376,0
409,256,64,8,1024,8,500,proj,512,512,512,isap,1024,4096,4096,0,4096,0,0,4096,0,0,0,0,0,0,0,0,8,0,0,0,0
409,256,88,8,128,46,500,proj,512,512,512,wspp,128,512,4224,0,0,68,0,316,384,0,0,0,2688,2688,5376,2000,8,2072,576,4032,0
409,512,32,2,512,1024,500,proj,512,512,512,ispp,512,4608,2048,2048,0,0,0,8192,0,0,0,0,0,0,0,0,64,0,4096,0,0
409,640,40,2,409,409,500,proj,512,512,512,ispp,512,5632,4160,8320,0,0,0,6656,0,0,0,0,0,0,0,0,168,0,3072,0,0
409,512,32,16,1024,128,500,proj,512,512,512,wsap,512,4608,2048,2048,0,0,0,8192,0,0,0,0,0,0,0,0,8,0,7680,0,0
409,512,40,16,1024,102,500,proj,512,512,512,isap,512,4608,2080,2080,0,0,0,6656,0,0,0,0,0,0,0,0,8,0,6144,0,0
409,512,40,16,64,204,500,proj,512,512,512,wspp,64,576,2080,2080,0,0,0,832,0,0,0,0,5824,0,4032,0,8,0,768,5376,0
409,384,32,32,42,128,500,proj,512,512,512,wspp,42,252,4096,0,0,336,0,0,336,0,7856,0,0,7856,5892,0,4,8192,630,14730,0
409,256,64,8,1024,8,500,proj,512,512,512,isap,1024,4096,4096,0,4096,0,0,4096,0,0,0,0,0,0,0,0,8,0,0,0,0
409,256,56,16,512,18,500,proj,512,512,512,isap,1024,4096,8960,0,5120,0,0,5120,0,0,0,0,0,0,0,0,16,0,0,0,0
409,256,88,8,128,46,500,proj,512,512,512,wspp,128,512,4224,0,0,68,0,316,384,0,0,0,2688,2688,5376,2000,8,2072,576,4032,0
409,128,96,4,256,85,500,proj,512,512,512,wspp,256,256,9216,0,0,85,183,299,969,0,0,0,2688,8064,3584,13882,0,2275,1024,7168,0
409,512,32,2,512,1024,500,proj,512,512,512,ispp,512,4608,2048,2048,0,0,0,8192,0,0,0,0,0,0,0,0,64,0,4096,0,0
409,512,32,16,1024,128,500,proj,512,512,512,wsap,512,4608,2048,2048,0,0,0,8192,0,0,0,0,0,0,0,0,8,0,7680,0,0
409,512,40,16,64,204,500,proj,512,512,512,wspp,64,576,2080,2080,0,0,0,832,0,0,0,0,5824,0,4032,0,8,0,768,5376,0
409,256,64,8,1024,8,500,proj,512,512,512,isap,1024,4096,4096,0,4096,0,0,4096,0,0,0,0,0,0,0,0,8,0,0,0,0
409,256,88,8,128,46,500,proj,512,512,512,wspp,128,512,4224,0,0,68,0,316,384,0,0,0,2688,2688,5376,2000,8,2072,576,4032,0
409,512,32,2,512,1024,500,proj,512,512,512,ispp,512,4608,2048,2048,0,0,0,8192,0,0,0,0,0,0,0,0,64,0,4096,0,0
409,640,24,4,819,1365,500,proj,512,512,512,isap,512,5632,2112,4224,0,0,0,11264,0,0,0,0,0,0,0,0,72,0,8192,0,0
409,512,32,16,1024,128,500,proj,512,512,512,wsap,512,4608,2048,2048,0,0,0,8192,0,0,0,0,0,0,0,0,8,0,7680,0,0
409,384,32,8,1365,256,500,proj,512,512,512,wspp,1024,6144,4096,0,0,256,0,7936,8192,0,0,0,0,0,0,3840,16,4352,14336,0,0
409,512,40,16,64,204,500,proj,512,512,512,wspp,64,576,2080,2080,0,0,0,832,0,0,0,0,5824,0,4032,0,8,0,768,5376,0
409,512,48,8,32,170,500,proj,512,512,512,wsap,32,288,2112,2112,0,0,0,352,0,0,0,0,5280,0,8640,0,16,0,288,4320,0
409,256,64,8,1024,8,500,proj,512,512,512,isap,1024,4096,4096,0,4096,0,0,4096,0,0,0,0,0,0,0,0,8,0,0,0,0
409,384,56,8,682,9,500,proj,512,512,512,ispp,1024,6144,8960,0,0,18,0,5102,5120,0,0,0,0,0,0,6072,24,2084,8192,0,0
409,256,88,8,128,46,500,proj,512,512,512,wspp,128,512,4224,0,0,68,0,316,384,0,0,0,2688,2688,5376,2000,8,2072,576,4032,0
409,256,80,4,256,51,500,proj,512,512,512,wsap,256,1024,4480,0,896,0,0,896,0,2688,0,0,2688,0,21504,0,16,0,0,0,0
409,512,32,2,512,1024,500,proj,512,512,512,ispp,512,4608,2048,2048,0,0,0,8192,0,0,0,0,0,0,0,0,64,0,4096,0,0
409,512,32,16,1024,128,500,proj,512,512,512,wsap,512,4608,2048,2048,0,0,0,8192,0,0,0,0,0,0,0,0,8,0,7680,0,0
409,512,40,16,64,204,500,proj,512,512,512,wspp,64,576,2080,2080,0,0,0,832,0,0,0,0,5824,0,4032,0,8,0,768,5376,0
409,256,64,8,1024,8,500,proj,512,512,512,isap,1024,4096,4096,0,4096,0,0,4096,0,0,0,0,0,0,0,0,8,0,0,0,0
409,256,88,8,128,46,500,proj,512,512,512,wspp,128,512,4224,0,0,68,0,316,384,0,0,0,2688,2688,5376,2000,8,2072,576,4032,0
409,512,32,2,512,1024,500,proj,512,512,512,ispp,512,4608,2048,2048,0,0,0,8192,0,0,0,0,0,0,0,0,64,0,4096,0,0
409,384,32,4,1365,1024,500,proj,512,512,512,wspp,1024,6144,4096,0,0,1024,0,7168,8192,0,0,0,0,0,0,3072,32,5120,12288,0,0
409,512,32,16,1024,128,500,proj,512,512,512,wsap,512,4608,2048,2048,0,0,0,8192,0,0,0,0,0,0,0,0,8,0,7680,0,0
409,512,24,8,1024,85,500,proj,512,512,512,ispp,512,4608,2112,2112,0,0,0,11264,0,0,0,0,0,0,0,0,24,0,9728,0,0
409,512,40,16,64,204,500,proj,512,512,512,wspp,64,576,2080,2080,0,0,0,832,0,0,0,0,5824,0,4032,0,8,0,768,5376,0
409,512,48,8,32,170,500,proj,512,512,512,isap,512,4608,33792,33792,0,0,0,5632,0,0,0,0,0,0,0,0,256,0,4608,0,0
409,256,64,8,1024,8,500,proj,512,512,512,isap,1024,4096,4096,0,4096,0,0,4096,0,0,0,0,0,0,0,0,8,0,0,0,0
409,256,56,16,1024,18,500,proj,512,512,512,wsap,1024,4096,4480,0,5120,0,0,5120,0,0,0,0,0,0,0,0,8,0,0,0,0
409,256,88,8,128,46,500,proj,512,512,512,wspp,128,512,4224,0,0,68,0,316,384,0,0,0,2688,2688,5376,2000,8,2072,576,4032,0
409,128,88,16,512,46,500,proj,512,512,512,wsap,512,512,8448,0,2304,0,0,768,0,6912,0,0,2304,0,9216,0,0,0,0,0,0
409,512,32,2,512,1024,500,proj,512,512,512,ispp,512,4608,2048,2048,0,0,0,8192,0,0,0,0,0,0,0,0,64,0,4096,0,0
409,512,32,16,1024,128,500,proj,512,512,512,wsap,512,4608,2048,2048,0,0,0,8192,0,0,0,0,0,0,0,0,8,0,7680,0,0
409,512,40,16,64,204,500,proj,512,512,512,wspp,64,576,2080,2080,0,0,0,832,0,0,0,0,5824,0,4032,0,8,0,768,5376,0
409,256,64,8,1024,8,500,proj,512,512,512,isap,1024,4096,4096,0,4096,0,0,4096,0,0,0,0,0,0,0,0,8,0,0,0,0
409,256,88,8,128,46,500,proj,512,512,512,wspp,128,512,4224,0,0,68,0,316,384,0,0,0,2688,2688,5376,2000,8,2072,576,4032,0
409,512,32,2,512,1024,500,proj,512,512,512,ispp,512,4608,2048,2048,0,0,0,8192,0,0,0,0,0,0,0,0,64,0,4096,0,0
409,384,32,2,682,1024,500,proj,512,512,512,wspp,682,4092,4096,0,0,1024,0,4432,5456,0,0,0,2736,2736,16416,3066,64,5126,5456,2736,0
409,512,32,16,1024,128,500,proj,512,512,512,wsap,512,4608,2048,2048,0,0,0,8192,0,0,0,0,0,0,0,0,8,0,7680,0,0
409,640,24,32,819,85,500,proj,512,512,512,wspp,512,5632,2112,4224,0,0,0,11264,0,0,0,0,0,0,0,0,12,0,10752,0,0
409,512,40,16,64,204,500,proj,512,512,512,wspp,64,576,2080,2080,0,0,0,832,0,0,0,0,5824,0,4032,0,8,0,768,5376,0
409,384,48,32,85,170,500,proj,512,512,512,ispp,1024,6144,54912,0,0,5632,0,0,5632,0,0,0,0,0,0,0,52,5632,10240,0,0
409,256,64,8,1024,8,500,proj,512,512,512,isap,1024,4096,4096,0,4096,0,0,4096,0,0,0,0,0,0,0,0,8,0,0,0,0
409,128,64,16,1024,8,500,proj,512,512,512,wsap,1024,1024,8192,0,6144,0,0,2048,0,6144,0,0,2048,0,8192,0,0,0,0,0,0
409,256,88,8,128,46,500,proj,512,512,512,wspp,128,512,4224,0,0,68,0,316,384,0,0,0,2688,2688,5376,2000,8,2072,576,4032,0
409,256,88,8,64,93,500,proj,512,512,512,ispp,1024,4096,67584,0,0,2208,0,864,3072,0,0,0,0,0,0,512,128,2816,4608,0,0
409,512,32,2,512,1024,500,proj,512,512,512,ispp,512,4608,2048,2048,0,0,0,8192,0,0,0,0,0,0,0,0,64,0,4096,0,0
409,512,32,16,1024,128,500,proj,512,512,512,wsap,512,4608,2048,2048,0,0,0,8192,0,0,0,0,0,0,0,0,8,0,7680,0,0
409,512,40,16,64,204,500,proj,512,512,512,wspp,64,576,2080,2080,0,0,0,832,0,0,0,0,5824,0,4032,0,8,0,768,5376,0
409,256,64,8,1024,8,500,proj,512,512,512,isap,1024,4096,4096,0,4096,0,0,4096,0,0,0,0,0,0,0,0,8,0,0,0,0
409,256,88,8,128,46,500,proj,512,512,512,wspp,128,512,4224,0,0,68,0,316,384,0,0,0,2688,2688,5376,2000,8,2072,576,4032,0
409,512,32,2,512,1024,500,proj,512,512,512,ispp,512,4608,2048,2048,0,0,0,8192,0,0,0,0,0,0,0,0,64,0,4096,0,0
409,384,32,2,1365,2048,500,proj,512,512,512,ispp,1024,6144,4096,0,0,2048,0,6144,8192,0,0,0,0,0,0,2190,64,6002,8192,0,0
409,512,32,16,1024,128,500,proj,512,512,512,wsap,512,4608,2048,2048,0,0,0,8192,0,0,0,0,0,0,0,0,8,0,7680,0,0
409,384,40,16,682,51,500,proj,512,512,512,ispp,1024,6144,8320,0,0,128,0,6528,6656,0,0,0,0,0,0,1500,16,5156,11776,0,0
409,512,40,16,64,204,500,proj,512,512,512,wspp,64,576,2080,2080,0,0,0,832,0,0,0,0,5824,0,4032,0,8,0,768,5376,0
409,640,32,16,51,512,500,proj,512,512,512,isap,512,5632,22528,45056,0,0,0,8192,0,0,0,0,0,0,0,0,132,0,7680,0,0
409,256,64,8,1024,8,500,proj,512,512,512,isap,1024,4096,4096,0,4096,0,0,4096,0,0,0,0,0,0,0,0,8,0,0,0,0
409,128,72,8,1024,14,500,proj,512,512,512,isap,2048,2048,18432,0,12288,0,0,4096,0,0,0,0,0,0,0,0,0,0,0,0,0
409,256,88,8,128,46,500,proj,512,512,512,wspp,128,512,4224,0,0,68,0,316,384,0,0,0,2688,2688,5376,2000,8,2072,576,4032,0
409,128,88,4,256,93,500,proj,512,512,512,ispp,2048,2048,67584,0,0,744,1608,2328,7608,0,0,0,0,0,0,10352,0,4040,8192,0,0
409,512,32,2,512,1024,500,proj,512,512,512,ispp,512,4608,2048,2048,0,0,0,8192,0,0,0,0,0,0,0,0,64,0,4096,0,0
409,512,32,16,1024,128,500,proj,512,512,512,wsap,512,4608,2048,2048,0,0,0,8192,0,0,0,0,0,0,0,0,8,0,7680,0,0
409,512,40,16,64,204,500,proj,512,512,512,wspp,64,576,2080,2080,0,0,0,832,0,0,0,0,5824,0,4032,0,8,0,768,5376,0
409,256,64,8,1024,8,500,proj,512,512,512,isap,1024,4096,4096,0,4096,0,0,4096,0,0,0,0,0,0,0,0,8,0,0,0,0
409,256,88,8,128,46,500,proj,512,512,512,wspp,128,512,4224,0,0,68,0,316,384,0,0,0,2688,2688,5376,2000,8,2072,576,4032,0
409,512,32,2,512,1024,500,proj,512,512,512,ispp,512,4608,2048,2048,0,0,0,8192,0,0,0,0,0,0,0,0,64,0,4096,0,0
409,384,40,4,682,1638,500,proj,512,512,512,wsap,682,4092,4160,0,4433,0,0,4433,0,2223,0,0,2223,0,26676,0,28,0,0,0,0
409,512,32,16,1024,128,500,proj,512,512,512,wsap,512,4608,2048,2048,0,0,0,8192,0,0,0,0,0,0,0,0,8,0,7680,0,0
409,384,24,16,2730,85,500,proj,512,512,512,wsap,1024,6144,4224,0,11264,0,0,11264,0,0,0,0,0,0,0,0,12,0,0,0,0
409,512,40,16,64,204,500,proj,512,512,512,wspp,64,576,2080,2080,0,0,0,832,0,0,0,0,5824,0,4032,0,8,0,768,5376,0
409,512,48,8,64,341,500,proj,512,512,512,wsap,64,576,2112,2112,0,0,0,704,0,0,0,0,4928,0,8064,0,16,0,576,4032,0
409,256,64,8,1024,8,500,proj,512,512,512,isap,1024,4096,4096,0,4096,0,0,4096,0,0,0,0,0,0,0,0,8,0,0,0,0
409,384,56,16,341,18,500,proj,512,512,512,wsap,340,2040,4480,0,1700,0,0,1700,0,3420,0,0,3420,0,41040,0,8,0,0,0,0
409,256,88,8,128,46,500,proj,512,512,512,wspp,128,512,4224,0,0,68,0,316,384,0,0,0,2688,2688,5376,2000,8,2072,576,4032,0
409,128,96,8,512,21,500,proj,512,512,512,ispp,2048,2048,36864,0,0,84,1168,2988,8048,0,0,0,0,0,0,9952,0,4240,9216,0,0
409,512,32,2,512,1024,500,proj,512,512,512,ispp,512,4608,2048,2048,0,0,0,8192,0,0,0,0,0,0,0,0,64,0,4096,0,0
409,512,32,16,1024,128,500,proj,512,512,512,wsap,512,4608,2048,2048,0,0,0,8192,0,0,0,0,0,0,0,0,8,0,7680,0,0
409,512,40,16,64,204,500,proj,512,512,512,wspp,64,576,2080,2080,0,0,0,832,0,0,0,0,5824,0,4032,0,8,0,768,5376,0
409,256,64,8,1024,8,500,proj,512,512,512,isap,1024,4096,4096,0,4096,0,0,4096,0,0,0,0,0,0,0,0,8,0,0,0,0
409,256,88,8,128,46,500,proj,512,512,512,wspp,128,512,4224,0,0,68,0,316,384,0,0,0,2688,2688,5376,2000,8,2072,576,4032,0
409,512,32,2,512,1024,500,proj,512,512,512,ispp,512,4608,2048,2048,0,0,0,8192,0,0,0,0,0,0,0,0,64,0,4096,0,0
409,384,32,4,341,1024,500,proj,512,512,512,isap,1024,6144,16384,0,8192,0,0,8192,0,0,0,0,0,0,0,0,128,0,0,0,0
409,512,32,16,1024,128,500,proj,512,512,512,wsap,512,4608,2048,2048,0,0,0,8192,0,0,0,0,0,0,0,0,8,0,7680,0,0
409,512,40,8,1024,204,500,proj,512,512,512,wsap,512,4608,2080,2080,0,0,0,6656,0,0,0,0,0,0,0,0,16,0,5632,0,0
409,512,40,16,64,204,500,proj,512,512,512,wspp,64,576,2080,2080,0,0,0,832,0,0,0,0,5824,0,4032,0,8,0,768,5376,0
409,384,32,16,170,128,500,proj,512,512,512,ispp,1024,6144,28672,0,0,800,0,7392,8192,0,0,0,0,0,0,0,56,8192,15360,0,0
409,256,64,8,1024,8,500,proj,512,512,512,isap,1024,4096,4096,0,4096,0,0,4096,0,0,0,0,0,0,0,0,8,0,0,0,0
409,256,64,4,1024,16,500,proj,512,512,512,ispp,1024,4096,4096,0,0,16,0,4080,4096,0,0,0,0,0,0,4064,16,2064,6144,0,0
409,256,88,8,128,46,500,proj,512,512,512,wspp,128,512,4224,0,0,68,0,316,384,0,0,0,2688,2688,5376,2000,8,2072,576,4032,0
409,256,80,4,64,102,500,proj,512,512,512,ispp,1024,4096,71680,0,0,1760,0,1824,3584,0,0,0,0,0,0,480,256,3344,4608,0,0
409,512,32,2,512,1024,500,proj,512,512,512,ispp,512,4608,2048,2048,0,0,0,8192,0,0,0,0,0,0,0,0,64,0,4096,0,0
409,512,40,8,1024,204,500,proj,512,512,512,wsap,512,4608,2080,2080,0,0,0,6656,0,0,0,0,0,0,0,0,16,0,5632,0,0
409,512,40,16,64,204,500,proj,512,512,512,wspp,64,576,2080,2080,0,0,0,832,0,0,0,0,5824,0,4032,0,8,0,768,5376,0
409,256,64,8,1024,8,500,proj,512,512,512,isap,1024,4096,4096,0,4096,0,0,4096,0,0,0,0,0,0,0,0,8,0,0,0,0
409,256,88,8,128,46,500,proj,512,512,512,wspp,128,512,4224,0,0,68,0,316,384,0,0,0,2688,2688,5376,2000,8,2072,576,4032,0
409,512,32,2,512,1024,500,proj,512,512,512,ispp,512,4608,2048,2048,0,0,0,8192,0,0,0,0,0,0,0,0,64,0,4096,0,0
409,640,32,2,409,2048,500,proj,512,512,512,wsap,409,4499,2048,4096,0,0,0,6544,0,0,0,0,1648,0,9064,0,96,0,3272,824,0
409,512,40,8,1024,204,500,proj,512,512,512,wsap,512,4608,2080,2080,0,0,0,6656,0,0,0,0,0,0,0,0,16,0,5632,0,0
409,384,32,16,1365,512,500,proj,512,512,512,wsap,1024,6144,4096,0,8192,0,0,8192,0,0,0,0,0,0,0,0,8,0,0,0,0
409,512,40,16,64,204,500,proj,512,512,512,wspp,64,576,2080,2080,0,0,0,832,0,0,0,0,5824,0,4032,0,8,0,768,5376,0
409,512,32,16,64,512,500,proj,512,512,512,wsap,64,576,2048,2048,0,0,0,1024,0,0,0,0,7168,0,4032,0,8,0,960,6720,0
409,256,64,8,1024,8,500,proj,512,512,512,isap,1024,4096,4096,0,4096,0,0,4096,0,0,0,0,0,0,0,0,8,0,0,0,0
409,128,64,16,2048,8,500,proj,512,512,512,wspp,2048,2048,8192,0,0,8,4104,4088,8184,0,0,0,0,0,0,8176,0,8200,14336,0,0
409,256,88,8,128,46,500,proj,512,512,512,wspp,128,512,4224,0,0,68,0,316,384,0,0,0,2688,2688,5376,2000,8,2072,576,4032,0
409,256,80,4,256,102,500,proj,512,512,512,wsap,256,1024,4480,0,896,0,0,896,0,2688,0,0,2688,0,21504,0,16,0,0,0,0
409,512,32,2,512,1024,500,proj,512,512,512,ispp,512,4608,2048,2048,0,0,0,8192,0,0,0,0,0,0,0,0,64,0,4096,0,0
409,512,40,8,1024,204,500,proj,512,512,512,wsap,512,4608,2080,2080,0,0,0,6656,0,0,0,0,0,0,0,0,16,0,5632,0,0
409,512,40,16,64,204,500,proj,512,512,512,wspp,64,576,2080,2080,0,0,0,832,0,0,0,0,5824,0,4032,0,8,0,768,5376,0
409,256,64,8,1024,8,500,proj,512,512,512,isap,1024,4096,4096,0,4096,0,0,4096,0,0,0,0,0,0,0,0,8,0,0,0,0
409,256,88,8,128,46,500,proj,512,512,512,wspp,128,512,4224,0,0,68,0,316,384,0,0,0,2688,2688,5376,2000,8,2072,576,4032,0
409,512,32,2,512,1024,500,proj,512,512,512,ispp,512,4608,2048,2048,0,0,0,8192,0,0,0,0,0,0,0,0,64,0,4096,0,0
409,512,32,2,256,1024,500,proj,512,512,512,wsap,256,2304,2048,2048,0,0,0,4096,0,0,0,0,4096,0,18432,0,64,0,2048,2048,0
409,512,40,8,1024,204,500,proj,512,512,512,wsap,512,4608,2080,2080,0,0,0,6656,0,0,0,0,0,0,0,0,16,0,5632,0,0
409,640,32,4,819,256,500,proj,512,512,512,wspp,512,5632,2048,4096,0,0,0,8192,0,0,0,0,0,0,0,0,48,0,6144,0,0
409,512,40,16,64,204,500,proj,512,512,512,wspp,64,576,2080,2080,0,0,0,832,0,0,0,0,5824,0,4032,0,8,0,768,5376,0
409,384,48,16,170,341,500,proj,512,512,512,wsap,170,1020,4224,0,935,0,0,935,0,4697,0,0,4697,0,56364,0,8,0,0,0,0
409,256,64,8,1024,8,500,proj,512,512,512,isap,1024,4096,4096,0,4096,0,0,4096,0,0,0,0,0,0,0,0,8,0,0,0,0
409,256,72,4,512,14,500,proj,512,512,512,wsap,512,2048,4608,0,2048,0,0,2048,0,2048,0,0,2048,0,16384,0,16,0,0,0,0
409,256,88,8,128,46,500,proj,512,512,512,wspp,128,512,4224,0,0,68,0,316,384,0,0,0,2688,2688,5376,2000,8,2072,576,4032,0
409,128,96,16,256,85,500,proj,512,512,512,wspp,256,256,9216,0,0,85,270,299,882,0,0,896,2688,7168,2240,9956,0,4238,1216,8512,0
409,512,32,2,512,1024,500,proj,512,512,512,ispp,512,4608,2048,2048,0,0,0,8192,0,0,0,0,0,0,0,0,64,0,4096,0,0
409,512,40,8,1024,204,500,proj,512,512,512,wsap,512,4608,2080,2080,0,0,0,6656,0,0,0,0,0,0,0,0,16,0,5632,0,0
409,512,40,16,64,204,500,proj,512,512,512,wspp,64,576,2080,2080,0,0,0,832,0,0,0,0,5824,0,4032,0,8,0,768,5376,0
409,256,64,8,1024,8,500,proj,512,512,512,isap,1024,4096,4096,0,4096,0,0,4096,0,0,0,0,0,0,0,0,8,0,0,0,0
409,256,88,8,128,46,500,proj,512,512,512,wspp,128,512,4224,0,0,68,0,316,384,0,0,0,2688,2688,5376,2000,8,2072,576,4032,0
409,512,32,2,512,1024,500,proj,512,512,512,ispp,512,4608,2048,2048,0,0,0,8192,0,0,0,0,0,0,0,0,64,0,4096,0,0
409,512,40,2,1024,409,500,proj,512,512,512,wspp,512,4608,2080,2080,0,0,0,6656,0,0,0,0,0,0,0,0,56,0,3072,0,0
409,512,40,8,1024,204,500,proj,512,512,512,wsap,512,4608,2080,2080,0,0,0,6656,0,0,0,0,0,0,0,0,16,0,5632,0,0
409,384,40,16,1365,204,500,proj,512,512,512,isap,1024,6144,4160,0,6656,0,0,6656,0,0,0,0,0,0,0,0,8,0,0,0,0
409,512,40,16,64,204,500,proj,512,512,512,wspp,64,576,2080,2080,0,0,0,832,0,0,0,0,5824,0,4032,0,8,0,768,5376,0
409,384,40,16,170,204,500,proj,512,512,512,isap,1024,6144,29120,0,6656,0,0,6656,0,0,0,0,0,0,0,0,56,0,0,0,0
409,256,64,8,1024,8,500,proj,512,512,512,isap,1024,4096,4096,0,4096,0,0,4096,0,0,0,0,0,0,0,0,8,0,0,0,0
409,128,56,16,2048,18,500,proj,512,512,512,ispp,2048,2048,8960,0,0,18,42,5102,15318,0,0,0,0,0,0,22432,0,4144,17408,0,0
409,256,88,8,128,46,500,proj,512,512,512,wspp,128,512,4224,0,0,68,0,316,384,0,0,0,2688,2688,5376,2000,8,2072,576,4032,0
409,128,88,8,512,23,500,proj,512,512,512,ispp,2048,2048,33792,0,0,92,1180,2980,8036,0,0,0,0,0,0,9928,0,4252,9216,0,0
409,512,40,2,1024,409,500,proj,512,512,512,wspp,512,4608,2080,2080,0,0,0,6656,0,0,0,0,0,0,0,0,56,0,3072,0,0
409,512,40,8,1024,204,500,proj,512,512,512,wsap,512,4608,2080,2080,0,0,0,6656,0,0,0,0,0,0,0,0,16,0,5632,0,0
409,512,40,16,64,204,500,proj,512,512,512,wspp,64,576,2080,2080,0,0,0,832,0,0,0,0,5824,0,4032,0,8,0,768,5376,0
409,256,64,8,1024,8,500,proj,512,512,512,isap,1024,4096,4096,0,4096,0,0,4096,0,0,0,0,0,0,0,0,8,0,0,0,0
409,256,88,8,128,46,500,proj,512,512,512,wspp,128,512,4224,0,0,68,0,316,384,0,0,0,2688,2688,5376,2000,8,2072,576,4032,0
409,512,40,2,1024,409,500,proj,512,512,512,wspp,512,4608,2080,2080,0,0,0,6656,0,0,0,0,0,0,0,0,56,0,3072,0,0
409,512,32,2,1024,1024,500,proj,512,512,512,wsap,512,4608,2048,2048,0,0,0,8192,0,0,0,0,0,0,0,0,64,0,4096,0,0
409,512,40,8,1024,204,500,proj,512,512,512,wsap,512,4608,2080,2080,0,0,0,6656,0,0,0,0,0,0,0,0,16,0,5632,0,0
409,384,40,16,682,204,500,proj,512,512,512,isap,1024,6144,8320,0,6656,0,0,6656,0,0,0,0,0,0,0,0,16,0,0,0,0
409,512,40,16,64,204,500,proj,512,512,512,wspp,64,576,2080,2080,0,0,0,832,0,0,0,0,5824,0,4032,0,8,0,768,5376,0
409,640,32,16,102,256,500,proj,512,512,512,ispp,512,5632,12288,24576,0,0,0,8192,0,0,0,0,0,0,0,0,72,0,7680,0,0
409,256,64,8,1024,8,500,proj,512,512,512,isap,1024,4096,4096,0,4096,0,0,4096,0,0,0,0,0,0,0,0,8,0,0,0,0
409,256,64,8,2048,16,500,proj,512,512,512,ispp,1024,4096,4096,0,0,16,0,4080,4096,0,0,0,0,0,0,0,8,4096,7168,0,0
409,256,88,8,128,46,500,proj,512,512,512,wspp,128,512,4224,0,0,68,0,316,384,0,0,0,2688,2688,5376,2000,8,2072,576,4032,0
409,128,88,4,512,93,500,proj,512,512,512,wspp,512,512,8448,0,0,93,201,675,2103,0,0,0,2304,6912,3072,13838,0,2297,2048,6144,0
409,512,32,2,1024,1024,500,proj,512,512,512,wsap,512,4608,2048,2048,0,0,0,8192,0,0,0,0,0,0,0,0,64,0,4096,0,0
409,512,40,8,1024,204,500,proj,512,512,512,wsap,512,4608,2080,2080,0,0,0,6656,0,0,0,0,0,0,0,0,16,0,5632,0,0
409,512,40,16,64,204,500,proj,512,512,512,wspp,64,576,2080,2080,0,0,0,832,0,0,0,0,5824,0,4032,0,8,0,768,5376,0
409,256,64,8,2048,16,500,proj,512,512,512,ispp,1024,4096,4096,0,0,16,0,4080,4096,0,0,0,0,0,0,0,8,4096,7168,0,0
409,256,88,8,128,46,500,proj,512,512,512,wspp,128,512,4224,0,0,68,0,316,384,0,0,0,2688,2688,5376,2000,8,2072,576,4032,0
409,512,32,2,1024,1024,500,proj,512,512,512,wsap,512,4608,2048,2048,0,0,0,8192,0,0,0,0,0,0,0,0,64,0,4096,0,0
409,384,24,4,2730,682,500,proj,512,512,512,ispp,1024,6144,4224,0,0,688,0,10576,11264,0,0,0,0,0,0,4898,44,6366,16384,0,0
409,512,40,8,1024,204,500,proj,512,512,512,wsap,512,4608,2080,2080,0,0,0,6656,0,0,0,0,0,0,0,0,16,0,5632,0,0
409,384,40,16,682,409,500,proj,512,512,512,wspp,682,4092,4160,0,0,529,0,3904,4433,0,0,0,2223,2223,3078,1413,8,5243,7843,3933,0
409,512,40,16,64,204,500,proj,512,512,512,wspp,64,576,2080,2080,0,0,0,832,0,0,0,0,5824,0,4032,0,8,0,768,5376,0
409,384,48,8,85,85,500,proj,512,512,512,wsap,84,504,4224,0,462,0,0,462,0,5170,0,0,5170,0,62040,0,12,0,0,0,0
409,256,64,8,2048,16,500,proj,512,512,512,ispp,1024,4096,4096,0,0,16,0,4080,4096,0,0,0,0,0,0,0,8,4096,7168,0,0
409,128,56,4,8192,18,500,proj,512,512,512,wsap,2048,2048,8960,0,15360,0,0,5120,0,0,0,0,0,0,0,0,0,0,0,0,0
409,256,88,8,128,46,500,proj,512,512,512,wspp,128,512,4224,0,0,68,0,316,384,0,0,0,2688,2688,5376,2000,8,2072,576,4032,0
409,256,88,8,256,46,500,proj,512,512,512,isap,1024,4096,16896,0,3072,0,0,3072,0,0,0,0,0,0,0,0,32,0,0,0,0
409,512,32,2,1024,1024,500,proj,512,512,512,wsap,512,4608,2048,2048,0,0,0,8192,0,0,0,0,0,0,0,0,64,0,4096,0,0
409,512,40,8,1024,204,500,proj,512,512,512,wsap,512,4608,2080,2080,0,0,0,6656,0,0,0,0,0,0,0,0,16,0,5632,0,0
409,512,40,16,64,204,500,proj,512,512,512,wspp,64,576,2080,2080,0,0,0,832,0,0,0,0,5824,0,4032,0,8,0,768,5376,0
409,256,64,8,2048,16,500,proj,512,512,512,ispp,1024,4096,4096,0,0,16,0,4080,4096,0,0,0,0,0,0,0,8,4096,7168,0,0
409,256,88,8,128,46,500,proj,512,512,512,wspp,128,512,4224,0,0,68,0,316,384,0,0,0,2688,2688,5376,2000,8,2072,576,4032,0
409,512,32,2,1024,1024,500,proj,512,512,512,wsap,512,4608,2048,2048,0,0,0,8192,0,0,0,0,0,0,0,0,64,0,4096,0,0
409,512,40,4,512,819,500,proj,512,512,512,wsap,512,4608,2080,2080,0,0,0,6656,0,0,0,0,0,0,0,0,32,0,4608,0,0
409,512,40,8,1024,204,500,proj,512,512,512,wsap,512,4608,2080,2080,0,0,0,6656,0,0,0,0,0,0,0,0,16,0,5632,0,0
409,384,32,4,2730,128,500,proj,512,512,512,isap,1024,6144,4096,0,8192,0,0,8192,0,0,0,0,0,0,0,0,32,0,0,0,0
409,512,40,16,64,204,500,proj,512,512,512,wspp,64,576,2080,2080,0,0,0,832,0,0,0,0,5824,0,4032,0,8,0,768,5376,0
409,384,32,8,42,128,500,proj,512,512,512,ispp,1024,6144,102400,0,0,3200,0,4992,8192,0,0,0,0,0,0,960,400,7232,14336,0,0
409,256,64,8,2048,16,500,proj,512,512,512,ispp,1024,4096,4096,0,0,16,0,4080,4096,0,0,0,0,0,0,0,8,4096,7168,0,0
409,256,56,8,1024,18,500,proj,512,512,512,wspp,1024,4096,4480,0,0,22,0,5098,5120,0,0,0,0,0,0,6084,12,2078,8192,0,0
409,256,88,8,128,46,500,proj,512,512,512,wspp,128,512,4224,0,0,68,0,316,384,0,0,0,2688,2688,5376,2000,8,2072,576,4032,0
409,128,88,8,128,93,500,proj,512,512,512,wspp,128,128,8448,0,0,93,220,99,356,0,0,960,2880,7680,2880,9928,0,4252,576,8640,0
409,512,40,4,512,819,500,proj,512,512,512,wsap,512,4608,2080,2080,0,0,0,6656,0,0,0,0,0,0,0,0,32,0,4608,0,0
409,512,40,8,1024,204,500,proj,512,512,512,wsap,512,4608,2080,2080,0,0,0,6656,0,0,0,0,0,0,0,0,16,0,5632,0,0
409,512,40,16,64,204,500,proj,512,512,512,wspp,64,576,2080,2080,0,0,0,832,0,0,0,0,5824,0,4032,0,8,0,768,5376,0
409,256,64,8,2048,16,500,proj,512,512,512,ispp,1024,4096,4096,0,0,16,0,4080,4096,0,0,0,0,0,0,0,8,4096,7168,0,0
409,256,88,8,128,46,500,proj,512,512,512,wspp,128,512,4224,0,0,68,0,316,384,0,0,0,2688,2688,5376,2000,8,2072,576,4032,0
409,512,40,4,512,819,500,proj,512,512,512,wsap,512,4608,2080,2080,0,0,0,6656,0,0,0,0,0,0,0,0,32,0,4608,0,0
409,384,32,4,682,1024,500,proj,512,512,512,wspp,682,4092,4096,0,0,1024,0,4432,5456,0,0,0,2736,2736,8208,3072,32,5120,8184,4104,0
409,512,40,8,1024,204,500,proj,512,512,512,wsap,512,4608,2080,2080,0,0,0,6656,0,0,0,0,0,0,0,0,16,0,5632,0,0
409,512,32,4,512,256,500,proj,512,512,512,isap,512,4608,2048,2048,0,0,0,8192,0,0,0,0,0,0,0,0,32,0,6144,0,0
409,512,40,16,64,204,500,proj,512,512,512,wspp,64,576,2080,2080,0,0,0,832,0,0,0,0,5824,0,4032,0,8,0,768,5376,0
409,640,40,8,51,102,500,proj,512,512,512,ispp,512,5632,22880,45760,0,0,0,6656,0,0,0,0,0,0,0,0,264,0,5632,0,0
409,256,64,8,2048,16,500,proj,512,512,512,ispp,1024,4096,4096,0,0,16,0,4080,4096,0,0,0,0,0,0,0,8,4096,7168,0,0
409,256,72,4,1024,28,500,proj,512,512,512,wsap,1024,4096,4608,0,4096,0,0,4096,0,0,0,0,0,0,0,0,16,0,0,0,0
409,256,88,8,128,46,500,proj,512,512,512,wspp,128,512,4224,0,0,68,0,316,384,0,0,0,2688,2688,5376,2000,8,2072,576,4032,0
409,256,80,16,256,51,500,proj,512,512,512,isap,1024,4096,17920,0,3584,0,0,3584,0,0,0,0,0,0,0,0,16,0,0,0,0
409,512,40,4,512,819,500,proj,512,512,512,wsap,512,4608,2080,2080,0,0,0,6656,0,0,0,0,0,0,0,0,32,0,4608,0,0
409,512,32,4,512,256,500,proj,512,512,512,isap,512,4608,2048,2048,0,0,0,8192,0,0,0,0,0,0,0,0,32,0,6144,0,0
409,512,40,16,64,204,500,proj,512,512,512,wspp,64,576,2080,2080,0,0,0,832,0,0,0,0,5824,0,4032,0,8,0,768,5376,0
409,256,64,8,2048,16,500,proj,512,512,512,ispp,1024,4096,4096,0,0,16,0,4080,4096,0,0,0,0,0,0,0,8,4096,7168,0,0
409,256,88,8,128,46,500,proj,512,512,512,wspp,128,512,4224,0,0,68,0,316,384,0,0,0,2688,2688,5376,2000,8,2072,576,4032,0
409,512,40,4,512,819,500,proj,512,512,512,wsap,512,4608,2080,2080,0,0,0,6656,0,0,0,0,0,0,0,0,32,0,4608,0,0
409,384,32,8,682,1024,500,proj,512,512,512,isap,1024,6144,8192,0,8192,0,0,8192,0,0,0,0,0,0,0,0,32,0,0,0,0
409,512,32,4,512,256,500,proj,512,512,512,isap,512,4608,2048,2048,0,0,0,8192,0,0,0,0,0,0,0,0,32,0,6144,0,0
409,384,40,4,682,409,500,proj,512,512,512,isap,1024,6144,8320,0,6656,0,0,6656,0,0,0,0,0,0,0,0,56,0,0,0,0
409,512,40,16,64,204,500,proj,512,512,512,wspp,64,576,2080,2080,0,0,0,832,0,0,0,0,5824,0,4032,0,8,0,768,5376,0
409,512,48,8,128,85,500,proj,512,512,512,wsap,128,1152,2112,2112,0,0,0,1408,0,0,0,0,4224,0,6912,0,16,0,1152,3456,0
409,256,64,8,2048,16,500,proj,512,512,512,ispp,1024,4096,4096,0,0,16,0,4080,4096,0,0,0,0,0,0,0,8,4096,7168,0,0
409,256,72,8,2048,14,500,proj,512,512,512,wsap,1024,4096,4608,0,4096,0,0,4096,0,0,0,0,0,0,0,0,8,0,0,0,0
409,256,88,8,128,46,500,proj,512,512,512,wspp,128,512,4224,0,0,68,0,316,384,0,0,0,2688,2688,5376,2000,8,2072,576,4032,0
409,256,88,4,128,46,500,proj,512,512,512,wspp,128,512,4224,0,0,54,0,330,384,0,0,0,2688,2688,7168,2000,12,2072,512,3584,0
409,512,40,4,512,819,500,proj,512,512,512,wsap,512,4608,2080,2080,0,0,0,6656,0,0,0,0,0,0,0,0,32,0,4608,0,0
409,512,32,4,512,256,500,proj,512,512,512,isap,512,4608,2048,2048,0,0,0,8192,0,0,0,0,0,0,0,0,32,0,6144,0,0
409,512,40,16,64,204,500,proj,512,512,512,wspp,64,576,2080,2080,0,0,0,832,0,0,0,0,5824,0,4032,0,8,0,768,5376,0
409,256,64,8,2048,16,500,proj,512,512,512,ispp,1024,4096,4096,0,0,16,0,4080,4096,0,0,0,0,0,0,0,8,4096,7168,0,0
409,256,88,8,128,46,500,proj,512,512,512,wspp,128,512,4224,0,0,68,0,316,384,0,0,0,2688,2688,5376,2000,8,2072,576,4032,0
409,512,40,4,512,819,500,proj,512,512,512,wsap,512,4608,2080,2080,0,0,0,6656,0,0,0,0,0,0,0,0,32,0,4608,0,0
409,384,32,8,341,512,500,proj,512,512,512,wspp,340,2040,4096,0,0,512,0,2208,2720,0,0,0,5472,5472,8208,3584,16,4608,4760,9576,0
409,512,32,4,512,256,500,proj,512,512,512,isap,512,4608,2048,2048,0,0,0,8192,0,0,0,0,0,0,0,0,32,0,6144,0,0
409,384,24,4,1365,682,500,proj,512,512,512,ispp,1024,6144,4224,0,0,688,0,10576,11264,0,0,0,0,0,0,4898,44,6366,16384,0,0
409,512,40,16,64,204,500,proj,512,512,512,wspp,64,576,2080,2080,0,0,0,832,0,0,0,0,5824,0,4032,0,8,0,768,5376,0
409,512,32,16,128,128,500,proj,512,512,512,isap,512,4608,8192,8192,0,0,0,8192,0,0,0,0,0,0,0,0,32,0,7680,0,0
409,256,64,8,2048,16,500,proj,512,512,512,ispp,1024,4096,4096,0,0,16,0,4080,4096,0,0,0,0,0,0,0,8,4096,7168,0,0
409,256,64,4,2048,8,500,proj,512,512,512,isap,1024,4096,4096,0,4096,0,0,4096,0,0,0,0,0,0,0,0,16,0,0,0,0
409,256,88,8,128,46,500,proj,512,512,512,wspp,128,512,4224,0,0,68,0,316,384,0,0,0,2688,2688,5376,2000,8,2072,576,4032,0
409,128,80,4,128,102,500,proj,512,512,512,ispp,2048,2048,143360,0,0,1632,3424,1952,7328,0,0,0,0,0,0,8064,0,6720,9216,0,0
409,512,40,4,512,819,500,proj,512,512,512,wsap,512,4608,2080,2080,0,0,0,6656,0,0,0,0,0,0,0,0,32,0,4608,0,0
409,512,32,4,512,256,500,proj,512,512,512,isap,512,4608,2048,2048,0,0,0,8192,0,0,0,0,0,0,0,0,32,0,6144,0,0
409,512,40,16,64,204,500,proj,512,512,512,wspp,64,576,2080,2080,0,0,0,832,0,0,0,0,5824,0,4032,0,8,0,768,5376,0
409,256,64,4,2048,8,500,proj,512,512,512,isap,1024,4096,4096,0,4096,0,0,4096,0,0,0,0,0,0,0,0,16,0,0,0,0
409,256,88,8,128,46,500,proj,512,512,512,wspp,128,512,4224,0,0,68,0,316,384,0,0,0,2688,2688,5376,2000,8,2072,576,4032,0
409,512,40,4,512,819,500,proj,512,512,512,wsap,512,4608,2080,2080,0,0,0,6656,0,0,0,0,0,0,0,0,32,0,4608,0,0
409,384,40,4,1365,409,500,proj,512,512,512,ispp,1024,6144,4160,0,0,418,0,6238,6656,0,0,0,0,0,0,2873,28,3783,9216,0,0
409,512,32,4,512,256,500,proj,512,512,512,isap,512,4608,2048,2048,0,0,0,8192,0,0,0,0,0,0,0,0,32,0,6144,0,0
409,384,24,8,682,682,500,proj,512,512,512,wspp,682,4092,4224,0,0,700,0,6802,7502,0,0,0,3762,3762,7182,4858,24,6406,12617,6327,0
409,512,40,16,64,204,500,proj,512,512,512,wspp,64,576,2080,2080,0,0,0,832,0,0,0,0,5824,0,4032,0,8,0,768,5376,0
409,384,48,16,170,85,500,proj,512,512,512,ispp,1024,6144,29568,0,0,928,0,4704,5632,0,0,0,0,0,0,2100,56,3532,9728,0,0
409,256,64,4,2048,8,500,proj,512,512,512,isap,1024,4096,4096,0,4096,0,0,4096,0,0,0,0,0,0,0,0,16,0,0,0,0
409,256,64,4,4096,16,500,proj,512,512,512,isap,1024,4096,4096,0,4096,0,0,4096,0,0,0,0,0,0,0,0,16,0,0,0,0
409,256,88,8,128,46,500,proj,512,512,512,wspp,128,512,4224,0,0,68,0,316,384,0,0,0,2688,2688,5376,2000,8,2072,576,4032,0
409,128,96,4,128,85,500,proj,512,512,512,wsap,128,128,9216,0,576,0,0,192,0,8640,0,0,2880,0,11520,0,0,0,0,0,0
409,512,40,4,512,819,500,proj,512,512,512,wsap,512,4608,2080,2080,0,0,0,6656,0,0,0,0,0,0,0,0,32,0,4608,0,0
409,512,32,4,512,256,500,proj,512,512,512,isap,512,4608,2048,2048,0,0,0,8192,0,0,0,0,0,0,0,0,32,0,6144,0,0
409,512,40,16,64,204,500,proj,512,512,512,wspp,64,576,2080,2080,0,0,0,832,0,0,0,0,5824,0,4032,0,8,0,768,5376,0
409,256,64,4,4096,16,500,proj,512,512,512,isap,1024,4096,4096,0,4096,0,0,4096,0,0,0,0,0,0,0,0,16,0,0,0,0
409,256,88,8,128,46,500,proj,512,512,512,wspp,128,512,4224,0,0,68,0,316,384,0,0,0,2688,2688,5376,2000,8,2072,576,4032,0
409,512,40,4,512,819,500,proj,512,512,512,wsap,512,4608,2080,2080,0,0,0,6656,0,0,0,0,0,0,0,0,32,0,4608,0,0
409,384,40,4,1365,409,500,proj,512,512,512,isap,1024,6144,4160,0,6656,0,0,6656,0,0,0,0,0,0,0,0,28,0,0,0,0
409,512,32,4,512,256,500,proj,512,512,512,isap,512,4608,2048,2048,0,0,0,8192,0,0,0,0,0,0,0,0,32,0,6144,0,0
409,640,32,4,819,512,500,proj,512,512,512,isap,512,5632,2048,4096,0,0,0,8192,0,0,0,0,0,0,0,0,48,0,6144,0,0
409,512,40,16,64,204,500,proj,512,512,512,wspp,64,576,2080,2080,0,0,0,832,0,0,0,0,5824,0,4032,0,8,0,768,5376,0
409,640,32,16,25,128,500,proj,512,512,512,isap,512,5632,43008,86016,0,0,0,8192,0,0,0,0,0,0,0,0,252,0,7680,0,0
409,256,64,4,4096,16,500,proj,512,512,512,isap,1024,4096,4096,0,4096,0,0,4096,0,0,0,0,0,0,0,0,16,0,0,0,0
409,256,64,2,4096,8,500,proj,512,512,512,isap,1024,4096,4096,0,4096,0,0,4096,0,0,0,0,0,0,0,0,32,0,0,0,0
409,256,88,8,128,46,500,proj,512,512,512,wspp,128,512,4224,0,0,68,0,316,384,0,0,0,2688,2688,5376,2000,8,2072,576,4032,0
409,128,88,8,128,93,500,proj,512,512,512,ispp,2048,2048,135168,0,0,1488,3520,1584,5696,0,0,0,0,0,0,5248,0,6592,9216,0,0
409,512,40,4,512,819,500,proj,512,512,512,wsap,512,4608,2080,2080,0,0,0,6656,0,0,0,0,0,0,0,0,32,0,4608,0,0
409,512,32,4,512,256,500,proj,512,512,512,isap,512,4608,2048,2048,0,0,0,8192,0,0,0,0,0,0,0,0,32,0,6144,0,0
409,512,40,16,64,204,500,proj,512,512,512,wspp,64,576,2080,2080,0,0,0,832,0,0,0,0,5824,0,4032,0,8,0,768,5376,0
409,256,64,2,4096,8,500,proj,512,512,512,isap,1024,4096,4096,0,4096,0,0,4096,0,0,0,0,0,0,0,0,32,0,0,0,0
409,256,88,8,128,46,500,proj,512,512,512,wspp,128,512,4224,0,0,68,0,316,384,0,0,0,2688,2688,5376,2000,8,2072,576,4032,0
409,512,40,4,512,819,500,proj,512,512,512,wsap,512,4608,2080,2080,0,0,0,6656,0,0,0,0,0,0,0,0,32,0,4608,0,0
409,384,32,2,341,1024,500,proj,512,512,512,ispp,1024,6144,16384,0,0,3104,0,5088,8192,0,0,0,0,0,0,1440,256,6752,8192,0,0
409,512,32,4,512,256,500,proj,512,512,512,isap,512,4608,2048,2048,0,0,0,8192,0,0,0,0,0,0,0,0,32,0,6144,0,0
409,384,40,2,341,204,500,proj,512,512,512,ispp,1024,6144,16640,0,0,641,0,6015,6656,0,0,0,0,0,0,2685,208,3971,6144,0,0
409,512,40,16,64,204,500,proj,512,512,512,wspp,64,576,2080,2080,0,0,0,832,0,0,0,0,5824,0,4032,0,8,0,768,5376,0
409,512,32,32,128,256,500,proj,512,512,512,isap,512,4608,8192,8192,0,0,0,8192,0,0,0,0,0,0,0,0,32,0,7680,0,0
409,256,64,2,4096,8,500,proj,512,512,512,isap,1024,4096,4096,0,4096,0,0,4096,0,0,0,0,0,0,0,0,32,0,0,0,0
409,128,64,4,4096,8,500,proj,512,512,512,wsap,2048,2048,8192,0,12288,0,0,4096,0,0,0,0,0,0,0,0,0,0,0,0,0
409,256,88,8,128,46,500,proj,512,512,512,wspp,128,512,4224,0,0,68,0,316,384,0,0,0,2688,2688,5376,2000,8,2072,576,4032,0
409,128,80,8,256,51,500,proj,512,512,512,wsap,256,256,8960,0,1344,0,0,448,0,9408,0,0,3136,0,12544,0,0,0,0,0,0
409,512,40,4,512,819,500,proj,512,512,512,wsap,512,4608,2080,2080,0,0,0,6656,0,0,0,0,0,0,0,0,32,0,4608,0,0
409,512,32,4,512,256,500,proj,512,512,512,isap,512,4608,2048,2048,0,0,0,8192,0,0,0,0,0,0,0,0,32,0,6144,0,0
409,512,40,16,64,204,500,proj,512,512,512,wspp,64,576,2080,2080,0,0,0,832,0,0,0,0,5824,0,4032,0,8,0,768,5376,0
409,256,64,2,4096,8,500,proj,512,512,512,isap,1024,4096,4096,0,4096,0,0,4096,0,0,0,0,0,0,0,0,32,0,0,0,0
409,256,88,8,128,46,500,proj,512,512,512,wspp,128,512,4224,0,0,68,0,316,384,0,0,0,2688,2688,5376,2000,8,2072,576,4032,0
409,512,40,4,512,819,500,proj,512,512,512,wsap,512,4608,2080,2080,0,0,0,6656,0,0,0,0,0,0,0,0,32,0,4608,0,0
409,384,32,8,1365,2048,500,proj,512,512,512,isap,1024,6144,4096,0,8192,0,0,8192,0,0,0,0,0,0,0,0,16,0,0,0,0
409,512,32,4,512,256,500,proj,512,512,512,isap,512,4608,2048,2048,0,0,0,8192,0,0,0,0,0,0,0,0,32,0,6144,0,0
409,384,32,4,341,128,500,proj,512,512,512,wspp,340,2040,4096,0,0,128,0,2592,2720,0,0,0,5472,5472,16416,3968,32,4224,4080,8208,0
409,512,40,16,64,204,500,proj,512,512,512,wspp,64,576,2080,2080,0,0,0,832,0,0,0,0,5824,0,4032,0,8,0,768,5376,0
409,384,40,8,170,102,500,proj,512,512,512,isap,1024,6144,29120,0,6656,0,0,6656,0,0,0,0,0,0,0,0,112,0,0,0,0
409,256,64,2,4096,8,500,proj,512,512,512,isap,1024,4096,4096,0,4096,0,0,4096,0,0,0,0,0,0,0,0,32,0,0,0,0
409,256,56,2,4096,9,500,proj,512,512,512,ispp,1024,4096,4480,0,0,9,0,5111,5120,0,0,0,0,0,0,5100,40,2570,5120,0,0
409,256,88,8,128,46,500,proj,512,512,512,wspp,128,512,4224,0,0,68,0,316,384,0,0,0,2688,2688,5376,2000,8,2072,576,4032,0
409,128,80,4,512,102,500,proj,512,512,512,ispp,2048,2048,35840,0,0,408,856,3176,9896,0,0,0,0,0,0,15072,0,3216,9216,0,0
409,512,40,4,512,819,500,proj,512,512,512,wsap,512,4608,2080,2080,0,0,0,6656,0,0,0,0,0,0,0,0,32,0,4608,0,0
409,512,32,4,512,256,500,proj,512,512,512,isap,512,4608,2048,2048,0,0,0,8192,0,0,0,0,0,0,0,0,32,0,6144,0,0
409,512,40,16,64,204,500,proj,512,512,512,wspp,64,576,2080,2080,0,0,0,832,0,0,0,0,5824,0,4032,0,8,0,768,5376,0
409,256,64,2,4096,8,500,proj,512,512,512,isap,1024,4096,4096,0,4096,0,0,4096,0,0,0,0,0,0,0,0,32,0,0,0,0
409,256,88,8,128,46,500,proj,512,512,512,wspp,128,512,4224,0,0,68,0,316,384,0,0,0,2688,2688,5376,2000,8,2072,576,4032,0
409,512,40,4,512,819,500,proj,512,512,512,wsap,512,4608,2080,2080,0,0,0,6656,0,0,0,0,0,0,0,0,32,0,4608,0,0
409,512,48,2,512,682,500,proj,512,512,512,isap,512,4608,2112,2112,0,0,0,5632,0,0,0,0,0,0,0,0,48,0,2560,0,0
409,512,32,4,512,256,500,proj,512,512,512,isap,512,4608,2048,2048,0,0,0,8192,0,0,0,0,0,0,0,0,32,0,6144,0,0
409,640,32,8,409,128,500,proj,512,512,512,ispp,512,5632,4096,8192,0,0,0,8192,0,0,0,0,0,0,0,0,48,0,7168,0,0
409,512,40,16,64,204,500,proj,512,512,512,wspp,64,576,2080,2080,0,0,0,832,0,0,0,0,5824,0,4032,0,8,0,768,5376,0
409,384,32,16,170,512,500,proj,512,512,512,wsap,170,1020,4096,0,1360,0,0,1360,0,6832,0,0,6832,0,81984,0,8,0,0,0,0
409,256,64,2,4096,8,500,proj,512,512,512,isap,1024,4096,4096,0,4096,0,0,4096,0,0,0,0,0,0,0,0,32,0,0,0,0
409,128,72,4,4096,7,500,proj,512,512,512,wspp,2048,2048,9216,0,0,7,14,4089,12274,0,0,0,0,0,0,20436,0,2070,12288,0,0
409,256,88,8,128,46,500,proj,512,512,512,wspp,128,512,4224,0,0,68,0,316,384,0,0,0,2688,2688,5376,2000,8,2072,576,4032,0
409,256,88,4,64,23,500,proj,512,512,512,ispp,1024,4096,67584,0,0,416,0,2656,3072,0,0,0,0,0,0,1664,192,2240,4096,0,0
409,512,40,4,512,819,500,proj,512,512,512,wsap,512,4608,2080,2080,0,0,0,6656,0,0,0,0,0,0,0,0,32,0,4608,0,0
409,512,32,4,512,256,500,proj,512,512,512,isap,512,4608,2048,2048,0,0,0,8192,0,0,0,0,0,0,0,0,32,0,6144,0,0
409,512,40,16,64,204,500,proj,512,512,512,wspp,64,576,2080,2080,0,0,0,832,0,0,0,0,5824,0,4032,0,8,0,768,5376,0
409,256,64,2,4096,8,500,proj,512,512,512,isap,1024,4096,4096,0,4096,0,0,4096,0,0,0,0,0,0,0,0,32,0,0,0,0
409,256,88,8,128,46,500,proj,512,512,512,wspp,128,512,4224,0,0,68,0,316,384,0,0,0,2688,2688,5376,2000,8,2072,576,4032,0
409,512,40,4,512,819,500,proj,512,512,512,wsap,512,4608,2080,2080,0,0,0,6656,0,0,0,0,0,0,0,0,32,0,4608,0,0
409,384,32,2,341,2048,500,proj,512,512,512,wsap,340,2040,4096,0,2720,0,0,2720,0,5472,0,0,5472,0,65664,0,64,0,0,0,0
409,512,32,4,512,256,500,proj,512,512,512,isap,512,4608,2048,2048,0,0,0,8192,0,0,0,0,0,0,0,0,32,0,6144,0,0
409,640,32,8,409,128,500,proj,512,512,512,wspp,409,4499,2048,4096,0,0,0,6544,0,0,0,0,1648,0,2266,0,24,0,5726,1442,0
409,512,40,16,64,204,500,proj,512,512,512,wspp,64,576,2080,2080,0,0,0,832,0,0,0,0,5824,0,4032,0,8,0,768,5376,0
409,384,32,16,42,512,500,proj,512,512,512,isap,1024,6144,102400,0,8192,0,0,8192,0,0,0,0,0,0,0,0,200,0,0,0,0
409,256,64,2,4096,8,500,proj,512,512,512,isap,1024,4096,4096,0,4096,0,0,4096,0,0,0,0,0,0,0,0,32,0,0,0,0
409,256,56,4,2048,18,500,proj,512,512,512,ispp,1024,4096,4480,0,0,20,0,5100,5120,0,0,0,0,0,0,4740,20,2750,7168,0,0
409,256,88,8,128,46,500,proj,512,512,512,wspp,128,512,4224,0,0,68,0,316,384,0,0,0,2688,2688,5376,2000,8,2072,576,4032,0
409,128,88,8,512,93,500,proj,512,512,512,ispp,2048,2048,33792,0,0,372,1648,2700,7568,0,0,0,0,0,0,8992,0,4720,9216,0,0
409,512,40,4,512,819,500,proj,512,512,512,wsap,512,4608,2080,2080,0,0,0,6656,0,0,0,0,0,0,0,0,32,0,4608,0,0
409,512,32,4,512,256,500,proj,512,512,512,isap,512,4608,2048,2048,0,0,0,8192,0,0,0,0,0,0,0,0,32,0,6144,0,0
409,512,40,16,64,204,500,proj,512,512,512,wspp,64,576,2080,2080,0,0,0,832,0,0,0,0,5824,0,4032,0,8,0,768,5376,0
409,256,64,2,4096,8,500,proj,512,512,512,isap,1024,4096,4096,0,4096,0,0,4096,0,0,0,0,0,0,0,0,32,0,0,0,0
409,256,88,8,128,46,500,proj,512,512,512,wspp,128,512,4224,0,0,68,0,316,384,0,0,0,2688,2688,5376,2000,8,2072,576,4032,0
409,512,40,4,512,819,500,proj,512,512,512,wsap,512,4608,2080,2080,0,0,0,6656,0,0,0,0,0,0,0,0,32,0,4608,0,0
409,384,40,2,682,409,500,proj,512,512,512,ispp,1024,6144,8320,0,0,824,0,5832,6656,0,0,0,0,0,0,2502,104,4154,6144,0,0
409,512,32,4,512,256,500,proj,512,512,512,isap,512,4608,2048,2048,0,0,0,8192,0,0,0,0,0,0,0,0,32,0,6144,0,0
409,512,24,2,256,682,500,proj,512,512,512,wspp,256,2304,2112,2112,0,0,0,5632,0,0,0,0,5632,0,25344,0,88,0,2816,2816,0
409,512,40,16,64,204,500,proj,512,512,512,wspp,64,576,2080,2080,0,0,0,832,0,0,0,0,5824,0,4032,0,8,0,768,5376,0
409,512,40,8,64,204,500,proj,512,512,512,isap,512,4608,16640,16640,0,0,0,6656,0,0,0,0,0,0,0,0,128,0,5632,0,0
409,256,64,2,4096,8,500,proj,512,512,512,isap,1024,4096,4096,0,4096,0,0,4096,0,0,0,0,0,0,0,0,32,0,0,0,0
409,256,56,4,8192,9,500,proj,512,512,512,ispp,1024,4096,4480,0,0,9,0,5111,5120,0,0,0,0,0,0,4760,20,2740,7168,0,0
409,256,88,8,128,46,500,proj,512,512,512,wspp,128,512,4224,0,0,68,0,316,384,0,0,0,2688,2688,5376,2000,8,2072,576,4032,0
409,128,80,4,512,51,500,proj,512,512,512,wsap,512,512,8960,0,2688,0,0,896,0,8064,0,0,2688,0,10752,0,0,0,0,0,0
409,512,40,4,512,819,500,proj,512,512,512,wsap,512,4608,2080,2080,0,0,0,6656,0,0,0,0,0,0,0,0,32,0,4608,0,0
409,512,32,4,512,256,500,proj,512,512,512,isap,512,4608,2048,2048,0,0,0,8192,0,0,0,0,0,0,0,0,32,0,6144,0,0
409,512,40,16,64,204,500,proj,512,512,512,wspp,64,576,2080,2080,0,0,0,832,0,0,0,0,5824,0,4032,0,8,0,768,5376,0
409,256,64,2,4096,8,500,proj,512,512,512,isap,1024,4096,4096,0,4096,0,0,4096,0,0,0,0,0,0,0,0,32,0,0,0,0
409,256,88,8,128,46,500,proj,512,512,512,wspp,128,512,4224,0,0,68,0,316,384,0,0,0,2688,2688,5376,2000,8,2072,576,4032,0
409,512,40,4,512,819,500,proj,512,512,512,wsap,512,4608,2080,2080,0,0,0,6656,0,0,0,0,0,0,0,0,32,0,4608,0,0
409,384,48,2,1365,1365,500,proj,512,512,512,wspp,1024,6144,4224,0,0,1377,0,4255,5632,0,0,0,0,0,0,1513,44,4119,5120,0,0
409,512,32,4,512,256,500,proj,512,512,512,isap,512,4608,2048,2048,0,0,0,8192,0,0,0,0,0,0,0,0,32,0,6144,0,0
409,512,24,2,256,682,500,proj,512,512,512,isap,512,4608,4224,4224,0,0,0,11264,0,0,0,0,0,0,0,0,176,0,5632,0,0
409,512,40,16,64,204,500,proj,512,512,512,wspp,64,576,2080,2080,0,0,0,832,0,0,0,0,5824,0,4032,0,8,0,768,5376,0
409,384,32,8,42,128,500,proj,512,512,512,isap,1024,6144,102400,0,8192,0,0,8192,0,0,0,0,0,0,0,0,400,0,0,0,0
409,256,64,2,4096,8,500,proj,512,512,512,isap,1024,4096,4096,0,4096,0,0,4096,0,0,0,0,0,0,0,0,32,0,0,0,0
409,128,56,2,16384,9,500,proj,512,512,512,wspp,2048,2048,8960,0,0,9,18,5111,15342,0,0,0,0,0,0,25544,0,2588,10240,0,0
409,256,88,8,128,46,500,proj,512,512,512,wspp,128,512,4224,0,0,68,0,316,384,0,0,0,2688,2688,5376,2000,8,2072,576,4032,0
409,256,80,16,256,102,500,proj,512,512,512,wspp,256,1024,4480,0,0,896,0,0,896,0,2688,0,0,2688,3072,0,4,3584,1536,4608,0
409,512,40,4,512,819,500,proj,512,512,512,wsap,512,4608,2080,2080,0,0,0,6656,0,0,0,0,0,0,0,0,32,0,4608,0,0
409,512,32,4,512,256,500,proj,512,512,512,isap,512,4608,2048,2048,0,0,0,8192,0,0,0,0,0,0,0,0,32,0,6144,0,0
409,512,40,16,64,204,500,proj,512,512,512,wspp,64,576,2080,2080,0,0,0,832,0,0,0,0,5824,0,4032,0,8,0,768,5376,0
409,256,64,2,4096,8,500,proj,512,512,512,isap,1024,4096,4096,0,4096,0,0,4096,0,0,0,0,0,0,0,0,32,0,0,0,0
409,256,80,16,256,102,500,proj,512,512,512,wspp,256,1024,4480,0,0,896,0,0,896,0,2688,0,0,2688,3072,0,4,3584,1536,4608,0
409,512,40,4,512,819,500,proj,512,512,512,wsap,512,4608,2080,2080,0,0,0,6656,0,0,0,0,0,0,0,0,32,0,4608,0,0
409,384,48,8,682,682,500,proj,512,512,512,wspp,682,4092,4224,0,0,834,0,2917,3751,0,0,0,1881,1881,4104,1990,12,3642,6138,3078,0
409,512,32,4,512,256,500,proj,512,512,512,isap,512,4608,2048,2048,0,0,0,8192,0,0,0,0,0,0,0,0,32,0,6144,0,0
409,640,24,2,409,170,500,proj,512,512,512,wsap,409,4499,2112,4224,0,0,0,8998,0,0,0,0,2266,0,12463,0,132,0,4499,1133,0
409,512,40,16,64,204,500,proj,512,512,512,wspp,64,576,2080,2080,0,0,0,832,0,0,0,0,5824,0,4032,0,8,0,768,5376,0
409,384,40,8,170,102,500,proj,512,512,512,wsap,170,1020,4160,0,1105,0,0,1105,0,5551,0,0,5551,0,66612,0,16,0,0,0,0
409,256,64,2,4096,8,500,proj,512,512,512,isap,1024,4096,4096,0,4096,0,0,4096,0,0,0,0,0,0,0,0,32,0,0,0,0
409,256,64,2,2048,16,500,proj,512,512,512,isap,1024,4096,4096,0,4096,0,0,4096,0,0,0,0,0,0,0,0,32,0,0,0,0
409,256,80,16,256,102,500,proj,512,512,512,wspp,256,1024,4480,0,0,896,0,0,896,0,2688,0,0,2688,3072,0,4,3584,1536,4608,0
409,128,88,16,512,186,500,proj,512,512,512,wspp,512,512,8448,0,0,186,566,582,1738,0,0,768,2304,6144,1920,9620,0,4406,2432,7296,0
409,512,40,4,512,819,500,proj,512,512,512,wsap,512,4608,2080,2080,0,0,0,6656,0,0,0,0,0,0,0,0,32,0,4608,0,0
409,512,32,4,512,256,500,proj,512,512,512,isap,512,4608,2048,2048,0,0,0,8192,0,0,0,0,0,0,0,0,32,0,6144,0,0
409,512,40,16,64,204,500,proj,512,512,512,wspp,64,576,2080,2080,0,0,0,832,0,0,0,0,5824,0,4032,0,8,0,768,5376,0
409,256,64,2,2048,16,500,proj,512,512,512,isap,1024,4096,4096,0,4096,0,0,4096,0,0,0,0,0,0,0,0,32,0,0,0,0
409,256,80,16,256,102,500,proj,512,512,512,wspp,256,1024,4480,0,0,896,0,0,896,0,2688,0,0,2688,3072,0,4,3584,1536,4608,0
409,512,40,4,512,819,500,proj,512,512,512,wsap,512,4608,2080,2080,0,0,0,6656,0,0,0,0,0,0,0,0,32,0,4608,0,0
409,384,48,2,341,1365,500,proj,512,512,512,isap,1024,6144,16896,0,5632,0,0,5632,0,0,0,0,0,0,0,0,176,0,0,0,0
409,512,32,4,512,256,500,proj,512,512,512,isap,512,4608,2048,2048,0,0,0,8192,0,0,0,0,0,0,0,0,32,0,6144,0,0
409,512,40,8,1024,409,500,proj,512,512,512,isap,512,4608,2080,2080,0,0,0,6656,0,0,0,0,0,0,0,0,16,0,5632,0,0
409,512,40,16,64,204,500,proj,512,512,512,wspp,64,576,2080,2080,0,0,0,832,0,0,0,0,5824,0,4032,0,8,0,768,5376,0
409,384,48,16,85,170,500,proj,512,512,512,isap,1024,6144,54912,0,5632,0,0,5632,0,0,0,0,0,0,0,0,104,0,0,0,0
409,256,64,2,2048,16,500,proj,512,512,512,isap,1024,4096,4096,0,4096,0,0,4096,0,0,0,0,0,0,0,0,32,0,0,0,0
409,256,64,4,2048,16,500,proj,512,512,512,isap,1024,4096,4096,0,4096,0,0,4096,0,0,0,0,0,0,0,0,16,0,0,0,0
409,256,80,16,256,102,500,proj,512,512,512,wspp,256,1024,4480,0,0,896,0,0,896,0,2688,0,0,2688,3072,0,4,3584,1536,4608,0
409,128,88,16,1024,93,500,proj,512,512,512,wsap,1024,1024,8448,0,4608,0,0,1536,0,4608,0,0,1536,0,6144,0,0,0,0,0,0
409,512,40,4,512,819,500,proj,512,512,512,wsap,512,4608,2080,2080,0,0,0,6656,0,0,0,0,0,0,0,0,32,0,4608,0,0
409,512,40,8,1024,409,500,proj,512,512,512,isap,512,4608,2080,2080,0,0,0,6656,0,0,0,0,0,0,0,0,16,0,5632,0,0
409,512,40,16,64,204,500,proj,512,512,512,wspp,64,576,2080,2080,0,0,0,832,0,0,0,0,5824,0,4032,0,8,0,768,5376,0
409,256,64,4,2048,16,500,proj,512,512,512,isap,1024,4096,4096,0,4096,0,0,4096,0,0,0,0,0,0,0,0,16,0,0,0,0
409,256,80,16,256,102,500,proj,512,512,512,wspp,256,1024,4480,0,0,896,0,0,896,0,2688,0,0,2688,3072,0,4,3584,1536,4608,0
409,512,40,4,512,819,500,proj,512,512,512,wsap,512,4608,2080,2080,0,0,0,6656,0,0,0,0,0,0,0,0,32,0,4608,0,0
409,384,40,8,1365,409,500,proj,512,512,512,wsap,1024,6144,4160,0,6656,0,0,6656,0,0,0,0,0,0,0,0,16,0,0,0,0
409,512,40,8,1024,409,500,proj,512,512,512,isap,512,4608,2080,2080,0,0,0,6656,0,0,0,0,0,0,0,0,16,0,5632,0,0
409,640,32,4,1638,1024,500,proj,512,512,512,wsap,512,5632,2048,4096,0,0,0,8192,0,0,0,0,0,0,0,0,48,0,6144,0,0
409,512,40,16,64,204,500,proj,512,512,512,wspp,64,576,2080,2080,0,0,0,832,0,0,0,0,5824,0,4032,0,8,0,768,5376,0
409,512,48,8,64,170,500,proj,512,512,512,wspp,64,576,2112,2112,0,0,0,704,0,0,0,0,4928,0,8064,0,16,0,576,4032,0
409,256,64,4,2048,16,500,proj,512,512,512,isap,1024,4096,4096,0,4096,0,0,4096,0,0,0,0,0,0,0,0,16,0,0,0,0
409,128,64,2,4096,32,500,proj,512,512,512,wspp,2048,2048,8192,0,0,32,64,4064,12224,0,0,0,0,0,0,20288,0,2144,8192,0,0
409,256,80,16,256,102,500,proj,512,512,512,wspp,256,1024,4480,0,0,896,0,0,896,0,2688,0,0,2688,3072,0,4,3584,1536,4608,0
409,256,72,16,256,56,500,proj,512,512,512,wspp,256,1024,4608,0,0,1024,0,0,1024,0,3072,0,0,3072,3072,0,4,4096,1792,5376,0
409,512,40,4,512,819,500,proj,512,512,512,wsap,512,4608,2080,2080,0,0,0,6656,0,0,0,0,0,0,0,0,32,0,4608,0,0
409,512,40,8,1024,409,500,proj,512,512,512,isap,512,4608,2080,2080,0,0,0,6656,0,0,0,0,0,0,0,0,16,0,5632,0,0
409,512,40,16,64,204,500,proj,512,512,512,wspp,64,576,2080,2080,0,0,0,832,0,0,0,0,5824,0,4032,0,8,0,768,5376,0
409,256,64,4,2048,16,500,proj,512,512,512,isap,1024,4096,4096,0,4096,0,0,4096,0,0,0,0,0,0,0,0,16,0,0,0,0
409,256,80,16,256,102,500,proj,512,512,512,wspp,256,1024,4480,0,0,896,0,0,896,0,2688,0,0,2688,3072,0,4,3584,1536,4608,0
409,512,40,4,512,819,500,proj,512,512,512,wsap,512,4608,2080,2080,0,0,0,6656,0,0,0,0,0,0,0,0,32,0,4608,0,0
409,384,48,8,682,1365,500,proj,512,512,512,wsap,682,4092,4224,0,3751,0,0,3751,0,1881,0,0,1881,0,22572,0,12,0,0,0,0
409,512,40,8,1024,409,500,proj,512,512,512,isap,512,4608,2080,2080,0,0,0,6656,0,0,0,0,0,0,0,0,16,0,5632,0,0
409,384,40,4,1365,819,500,proj,512,512,512,isap,1024,6144,4160,0,6656,0,0,6656,0,0,0,0,0,0,0,0,28,0,0,0,0
409,512,40,16,64,204,500,proj,512,512,512,wspp,64,576,2080,2080,0,0,0,832,0,0,0,0,5824,0,4032,0,8,0,768,5376,0
409,512,40,8,32,102,500,proj,512,512,512,isap,512,4608,33280,33280,0,0,0,6656,0,0,0,0,0,0,0,0,256,0,5632,0,0
409,256,64,4,2048,16,500,proj,512,512,512,isap,1024,4096,4096,0,4096,0,0,4096,0,0,0,0,0,0,0,0,16,0,0,0,0
409,128,72,8,4096,7,500,proj,512,512,512,isap,2048,2048,9216,0,12288,0,0,4096,0,0,0,0,0,0,0,0,0,0,0,0,0
409,256,80,16,256,102,500,proj,512,512,512,wspp,256,1024,4480,0,0,896,0,0,896,0,2688,0,0,2688,3072,0,4,3584,1536,4608,0
409,128,88,32,1024,186,500,proj,512,512,512,wsap,1024,1024,8448,0,4608,0,0,1536,0,4608,0,0,1536,0,6144,0,0,0,0,0,0
409,512,40,4,512,819,500,proj,512,512,512,wsap,512,4608,2080,2080,0,0,0,6656,0,0,0,0,0,0,0,0,32,0,4608,0,0
409,512,40,8,1024,409,500,proj,512,512,512,isap,512,4608,2080,2080,0,0,0,6656,0,0,0,0,0,0,0,0,16,0,5632,0,0
409,512,40,16,64,204,500,proj,512,512,512,wspp,64,576,2080,2080,0,0,0,832,0,0,0,0,5824,0,4032,0,8,0,768,5376,0
409,256,64,4,2048,16,500,proj,512,512,512,isap,1024,4096,4096,0,4096,0,0,4096,0,0,0,0,0,0,0,0,16,0,0,0,0
409,256,80,16,256,102,500,proj,512,512,512,wspp,256,1024,4480,0,0,896,0,0,896,0,2688,0,0,2688,3072,0,4,3584,1536,4608,0
409,512,40,4,512,819,500,proj,512,512,512,wsap,512,4608,2080,2080,0,0,0,6656,0,0,0,0,0,0,0,0,32,0,4608,0,0
409,512,40,2,1024,1638,500,proj,512,512,512,isap,512,4608,2080,2080,0,0,0,6656,0,0,0,0,0,0,0,0,56,0,3072,0,0
409,512,40,8,1024,409,500,proj,512,512,512,isap,512,4608,2080,2080,0,0,0,6656,0,0,0,0,0,0,0,0,16,0,5632,0,0
409,512,32,8,512,512,500,proj,512,512,512,wsap,512,4608,2048,2048,0,0,0,8192,0,0,0,0,0,0,0,0,16,0,7168,0,0
409,512,40,16,64,204,500,proj,512,512,512,wspp,64,576,2080,2080,0,0,0,832,0,0,0,0,5824,0,4032,0,8,0,768,5376,0
409,384,40,32,170,409,500,proj,512,512,512,isap,1024,6144,29120,0,6656,0,0,6656,0,0,0,0,0,0,0,0,28,0,0,0,0
409,256,64,4,2048,16,500,proj,512,512,512,isap,1024,4096,4096,0,4096,0,0,4096,0,0,0,0,0,0,0,0,16,0,0,0,0
409,256,56,4,2048,36,500,proj,512,512,512,wspp,1024,4096,4480,0,0,38,0,5082,5120,0,0,0,0,0,0,4708,20,2766,7168,0,0
409,256,80,16,256,102,500,proj,512,512,512,wspp,256,1024,4480,0,0,896,0,0,896,0,2688,0,0,2688,3072,0,4,3584,1536,4608,0
409,128,88,32,256,93,500,proj,512,512,512,ispp,2048,2048,67584,0,0,3072,6144,0,3072,0,0,0,0,0,0,0,0,9216,10240,0,0
409,512,40,2,1024,1638,500,proj,512,512,512,isap,512,4608,2080,2080,0,0,0,6656,0,0,0,0,0,0,0,0,56,0,3072,0,0
409,512,32,8,512,512,500,proj,512,512,512,wsap,512,4608,2048,2048,0,0,0,8192,0,0,0,0,0,0,0,0,16,0,7168,0,0
409,512,40,16,64,204,500,proj,512,512,512,wspp,64,576,2080,2080,0,0,0,832,0,0,0,0,5824,0,4032,0,8,0,768,5376,0
409,256,64,4,2048,16,500,proj,512,512,512,isap,1024,4096,4096,0,4096,0,0,4096,0,0,0,0,0,0,0,0,16,0,0,0,0
409,256,80,16,256,102,500,proj,512,512,512,wspp,256,1024,4480,0,0,896,0,0,896,0,2688,0,0,2688,3072,0,4,3584,1536,4608,0
409,512,40,2,1024,1638,500,proj,512,512,512,isap,512,4608,2080,2080,0,0,0,6656,0,0,0,0,0,0,0,0,56,0,3072,0,0
409,384,40,2,682,819,500,proj,512,512,512,wsap,682,4092,4160,0,4433,0,0,4433,0,2223,0,0,2223,0,26676,0,52,0,0,0,0
409,512,32,8,512,512,500,proj,512,512,512,wsap,512,4608,2048,2048,0,0,0,8192,0,0,0,0,0,0,0,0,16,0,7168,0,0
409,384,32,4,1365,1024,500,proj,512,512,512,wsap,1024,6144,4096,0,8192,0,0,8192,0,0,0,0,0,0,0,0,32,0,0,0,0
409,512,40,16,64,204,500,proj,512,512,512,wspp,64,576,2080,2080,0,0,0,832,0,0,0,0,5824,0,4032,0,8,0,768,5376,0
409,512,32,8,128,512,500,proj,512,512,512,ispp,512,4608,8192,8192,0,0,0,8192,0,0,0,0,0,0,0,0,64,0,7168,0,0
409,256,64,4,2048,16,500,proj,512,512,512,isap,1024,4096,4096,0,4096,0,0,4096,0,0,0,0,0,0,0,0,16,0,0,0,0
409,128,64,4,8192,8,500,proj,512,512,512,wspp,2048,2048,8192,0,0,8,16,4088,12272,0,0,0,0,0,0,20432,0,2072,12288,0,0
409,256,80,16,256,102,500,proj,512,512,512,wspp,256,1024,4480,0,0,896,0,0,896,0,2688,0,0,2688,3072,0,4,3584,1536,4608,0
409,128,80,32,512,102,500,proj,512,512,512,wsap,512,512,8960,0,2688,0,0,896,0,8064,0,0,2688,0,10752,0,0,0,0,0,0
409,512,40,2,1024,1638,500,proj,512,512,512,isap,512,4608,2080,2080,0,0,0,6656,0,0,0,0,0,0,0,0,56,0,3072,0,0
409,512,32,8,512,512,500,proj,512,512,512,wsap,512,4608,2048,2048,0,0,0,8192,0,0,0,0,0,0,0,0,16,0,7168,0,0
409,512,40,16,64,204,500,proj,512,512,512,wspp,64,576,2080,2080,0,0,0,832,0,0,0,0,5824,0,4032,0,8,0,768,5376,0
409,256,64,4,2048,16,500,proj,512,512,512,isap,1024,4096,4096,0,4096,0,0,4096,0,0,0,0,0,0,0,0,16,0,0,0,0
409,256,80,16,256,102,500,proj,512,512,512,wspp,256,1024,4480,0,0,896,0,0,896,0,2688,0,0,2688,3072,0,4,3584,1536,4608,0
409,512,40,2,1024,1638,500,proj,512,512,512,isap,512,4608,2080,2080,0,0,0,6656,0,0,0,0,0,0,0,0,56,0,3072,0,0
409,384,40,2,1365,3276,500,proj,512,512,512,wsap,1024,6144,4160,0,6656,0,0,6656,0,0,0,0,0,0,0,0,52,0,0,0,0
409,512,32,8,512,512,500,proj,512,512,512,wsap,512,4608,2048,2048,0,0,0,8192,0,0,0,0,0,0,0,0,16,0,7168,0,0
409,640,24,8,819,1365,500,proj,512,512,512,isap,512,5632,2112,4224,0,0,0,11264,0,0,0,0,0,0,0,0,36,0,9728,0,0
409,512,40,16,64,204,500,proj,512,512,512,wspp,64,576,2080,2080,0,0,0,832,0,0,0,0,5824,0,4032,0,8,0,768,5376,0
409,640,32,16,25,256,500,proj,512,512,512,wspp,25,275,2048,4096,0,0,0,400,0,0,0,0,7792,0,5357,0,12,0,375,7305,0
409,256,64,4,2048,16,500,proj,512,512,512,isap,1024,4096,4096,0,4096,0,0,4096,0,0,0,0,0,0,0,0,16,0,0,0,0
409,256,64,2,1024,32,500,proj,512,512,512,wspp,1024,4096,4096,0,0,32,0,4064,4096,0,0,0,0,0,0,4032,32,2080,4096,0,0
409,256,80,16,256,102,500,proj,512,512,512,wspp,256,1024,4480,0,0,896,0,0,896,0,2688,0,0,2688,3072,0,4,3584,1536,4608,0
409,128,80,8,512,204,500,proj,512,512,512,isap,2048,2048,35840,0,10752,0,0,3584,0,0,0,0,0,0,0,0,0,0,0,0,0
409,512,40,2,1024,1638,500,proj,512,512,512,isap,512,4608,2080,2080,0,0,0,6656,0,0,0,0,0,0,0,0,56,0,3072,0,0
409,512,32,8,512,512,500,proj,512,512,512,wsap,512,4608,2048,2048,0,0,0,8192,0,0,0,0,0,0,0,0,16,0,7168,0,0
409,512,40,16,64,204,500,proj,512,512,512,wspp,64,576,2080,2080,0,0,0,832,0,0,0,0,5824,0,4032,0,8,0,768,5376,0
409,256,64,4,2048,16,500,proj,512,512,512,isap,1024,4096,4096,0,4096,0,0,4096,0,0,0,0,0,0,0,0,16,0,0,0,0
409,256,80,16,256,102,500,proj,512,512,512,wspp,256,1024,4480,0,0,896,0,0,896,0,2688,0,0,2688,3072,0,4,3584,1536,4608,0
409,512,40,2,1024,1638,500,proj,512,512,512,isap,512,4608,2080,2080,0,0,0,6656,0,0,0,0,0,0,0,0,56,0,3072,0,0
409,384,40,2,2730,1638,500,proj,512,512,512,ispp,1024,6144,4160,0,0,1648,0,5008,6656,0,0,0,0,0,0,1787,52,4869,6144,0,0
409,512,32,8,512,512,500,proj,512,512,512,wsap,512,4608,2048,2048,0,0,0,8192,0,0,0,0,0,0,0,0,16,0,7168,0,0
409,640,24,16,409,682,500,proj,512,512,512,isap,512,5632,4224,8448,0,0,0,11264,0,0,0,0,0,0,0,0,48,0,10240,0,0
409,512,40,16,64,204,500,proj,512,512,512,wspp,64,576,2080,2080,0,0,0,832,0,0,0,0,5824,0,4032,0,8,0,768,5376,0
409,512,40,8,64,409,500,proj,512,512,512,wsap,64,576,2080,2080,0,0,0,832,0,0,0,0,5824,0,8064,0,16,0,704,4928,0
409,256,64,4,2048,16,500,proj,512,512,512,isap,1024,4096,4096,0,4096,0,0,4096,0,0,0,0,0,0,0,0,16,0,0,0,0
409,256,64,2,2048,32,500,proj,512,512,512,wspp,1024,4096,4096,0,0,32,0,4064,4096,0,0,0,0,0,0,4032,32,2080,4096,0,0
409,256,80,16,256,102,500,proj,512,512,512,wspp,256,1024,4480,0,0,896,0,0,896,0,2688,0,0,2688,3072,0,4,3584,1536,4608,0
409,128,88,32,1024,93,500,proj,512,512,512,wsap,1024,1024,8448,0,4608,0,0,1536,0,4608,0,0,1536,0,6144,0,0,0,0,0,0
409,512,40,2,1024,1638,500,proj,512,512,512,isap,512,4608,2080,2080,0,0,0,6656,0,0,0,0,0,0,0,0,56,0,3072,0,0
409,512,32,8,512,512,500,proj,512,512,512,wsap,512,4608,2048,2048,0,0,0,8192,0,0,0,0,0,0,0,0,16,0,7168,0,0
409,512,40,16,64,204,500,proj,512,512,512,wspp,64,576,2080,2080,0,0,0,832,0,0,0,0,5824,0,4032,0,8,0,768,5376,0
409,256,64,4,2048,16,500,proj,512,512,512,isap,1024,4096,4096,0,4096,0,0,4096,0,0,0,0,0,0,0,0,16,0,0,0,0
409,256,80,16,256,102,500,proj,512,512,512,wspp,256,1024,4480,0,0,896,0,0,896,0,2688,0,0,2688,3072,0,4,3584,1536,4608,0
409,512,40,2,1024,1638,500,proj,512,512,512,isap,512,4608,2080,2080,0,0,0,6656,0,0,0,0,0,0,0,0,56,0,3072,0,0
409,640,32,4,819,1024,500,proj,512,512,512,ispp,512,5632,2048,4096,0,0,0,8192,0,0,0,0,0,0,0,0,48,0,6144,0,0
409,512,32,8,512,512,500,proj,512,512,512,wsap,512,4608,2048,2048,0,0,0,8192,0,0,0,0,0,0,0,0,16,0,7168,0,0
409,640,24,8,409,1365,500,proj,512,512,512,isap,512,5632,4224,8448,0,0,0,11264,0,0,0,0,0,0,0,0,72,0,9728,0,0
409,512,40,16,64,204,500,proj,512,512,512,wspp,64,576,2080,2080,0,0,0,832,0,0,0,0,5824,0,4032,0,8,0,768,5376,0
409,384,40,16,85,409,500,proj,512,512,512,isap,1024,6144,54080,0,6656,0,0,6656,0,0,0,0,0,0,0,0,104,0,0,0,0
409,256,64,4,2048,16,500,proj,512,512,512,isap,1024,4096,4096,0,4096,0,0,4096,0,0,0,0,0,0,0,0,16,0,0,0,0
409,256,72,4,2048,28,500,proj,512,512,512,wspp,1024,4096,4608,0,0,28,0,4068,4096,0,0,0,0,0,0,4040,16,2076,6144,0,0
409,256,80,16,256,102,500,proj,512,512,512,wspp,256,1024,4480,0,0,896,0,0,896,0,2688,0,0,2688,3072,0,4,3584,1536,4608,0
409,128,88,8,1024,93,500,proj,512,512,512,ispp,2048,2048,16896,0,0,186,1336,2886,7880,0,0,0,0,0,0,9616,0,4408,9216,0,0
409,512,40,2,1024,1638,500,proj,512,512,512,isap,512,4608,2080,2080,0,0,0,6656,0,0,0,0,0,0,0,0,56,0,3072,0,0
409,512,32,8,512,512,500,proj,512,512,512,wsap,512,4608,2048,2048,0,0,0,8192,0,0,0,0,0,0,0,0,16,0,7168,0,0
409,512,40,16,64,204,500,proj,512,512,512,wspp,64,576,2080,2080,0,0,0,832,0,0,0,0,5824,0,4032,0,8,0,768,5376,0
409,256,64,4,2048,16,500,proj,512,512,512,isap,1024,4096,4096,0,4096,0,0,4096,0,0,0,0,0,0,0,0,16,0,0,0,0
409,256,80,16,256,102,500,proj,512,512,512,wspp,256,1024,4480,0,0,896,0,0,896,0,2688,0,0,2688,3072,0,4,3584,1536,4608,0
409,512,40,2,1024,1638,500,proj,512,512,512,isap,512,4608,2080,2080,0,0,0,6656,0,0,0,0,0,0,0,0,56,0,3072,0,0
409,640,40,2,409,819,500,proj,512,512,512,ispp,512,5632,4160,8320,0,0,0,6656,0,0,0,0,0,0,0,0,168,0,3072,0,0
409,512,32,8,512,512,500,proj,512,512,512,wsap,512,4608,2048,2048,0,0,0,8192,0,0,0,0,0,0,0,0,16,0,7168,0,0
409,512,24,4,1024,1365,500,proj,512,512,512,isap,512,4608,2112,2112,0,0,0,11264,0,0,0,0,0,0,0,0,48,0,8192,0,0
409,512,40,16,64,204,500,proj,512,512,512,wspp,64,576,2080,2080,0,0,0,832,0,0,0,0,5824,0,4032,0,8,0,768,5376,0
409,384,32,16,85,512,500,proj,512,512,512,wspp,84,504,4096,0,0,512,0,160,672,0,0,0,7520,7520,5640,0,8,8192,1260,14100,0
409,256,64,4,2048,16,500,proj,512,512,512,isap,1024,4096,4096,0,4096,0,0,4096,0,0,0,0,0,0,0,0,16,0,0,0,0
409,128,64,4,4096,32,500,proj,512,512,512,isap,2048,2048,8192,0,12288,0,0,4096,0,0,0,0,0,0,0,0,0,0,0,0,0
409,256,80,16,256,102,500,proj,512,512,512,wspp,256,1024,4480,0,0,896,0,0,896,0,2688,0,0,2688,3072,0,4,3584,1536,4608,0
409,128,88,8,256,186,500,proj,512,512,512,isap,2048,2048,67584,0,9216,0,0,3072,0,0,0,0,0,0,0,0,0,0,0,0,0
409,512,40,2,1024,1638,500,proj,512,512,512,isap,512,4608,2080,2080,0,0,0,6656,0,0,0,0,0,0,0,0,56,0,3072,0,0
409,512,32,8,512,512,500,proj,512,512,512,wsap,512,4608,2048,2048,0,0,0,8192,0,0,0,0,0,0,0,0,16,0,7168,0,0
409,512,40,16,64,204,500,proj,512,512,512,wspp,64,576,2080,2080,0,0,0,832,0,0,0,0,5824,0,4032,0,8,0,768,5376,0
409,256,64,4,2048,16,500,proj,512,512,512,isap,1024,4096,4096,0,4096,0,0,4096,0,0,0,0,0,0,0,0,16,0,0,0,0
409,256,80,16,256,102,500,proj,512,512,512,wspp,256,1024,4480,0,0,896,0,0,896,0,2688,0,0,2688,3072,0,4,3584,1536,4608,0
409,512,40,2,1024,1638,500,proj,512,512,512,isap,512,4608,2080,2080,0,0,0,6656,0,0,0,0,0,0,0,0,56,0,3072,0,0
409,384,48,2,682,682,500,proj,512,512,512,ispp,1024,6144,8448,0,0,1376,0,4256,5632,0,0,0,0,0,0,1510,88,4122,5120,0,0
409,512,32,8,512,512,500,proj,512,512,512,wsap,512,4608,2048,2048,0,0,0,8192,0,0,0,0,0,0,0,0,16,0,7168,0,0
409,640,24,4,819,1365,500,proj,512,512,512,wsap,512,5632,2112,4224,0,0,0,11264,0,0,0,0,0,0,0,0,72,0,8192,0,0
409,512,40,16,64,204,500,proj,512,512,512,wspp,64,576,2080,2080,0,0,0,832,0,0,0,0,5824,0,4032,0,8,0,768,5376,0
409,384,40,8,170,102,500,proj,512,512,512,ispp,1024,6144,29120,0,0,704,0,5952,6656,0,0,0,0,0,0,2004,112,4652,10752,0,0
409,256,64,4,2048,16,500,proj,512,512,512,isap,1024,4096,4096,0,4096,0,0,4096,0,0,0,0,0,0,0,0,16,0,0,0,0
409,384,64,4,682,8,500,proj,512,512,512,wspp,682,4092,4096,0,0,8,0,2720,2728,0,0,0,1368,1368,4104,4080,16,2056,4092,2052,0
409,256,80,16,256,102,500,proj,512,512,512,wspp,256,1024,4480,0,0,896,0,0,896,0,2688,0,0,2688,3072,0,4,3584,1536,4608,0
409,128,88,8,256,93,500,proj,512,512,512,wsap,256,256,8448,0,1152,0,0,384,0,8064,0,0,2688,0,10752,0,0,0,0,0,0
409,512,40,2,1024,1638,500,proj,512,512,512,isap,512,4608,2080,2080,0,0,0,6656,0,0,0,0,0,0,0,0,56,0,3072,0,0
409,512,32,8,512,512,500,proj,512,512,512,wsap,512,4608,2048,2048,0,0,0,8192,0,0,0,0,0,0,0,0,16,0,7168,0,0
409,512,40,16,64,204,500,proj,512,512,512,wspp,64,576,2080,2080,0,0,0,832,0,0,0,0,5824,0,4032,0,8,0,768,5376,0
409,256,64,4,2048,16,500,proj,512,512,512,isap,1024,4096,4096,0,4096,0,0,4096,0,0,0,0,0,0,0,0,16,0,0,0,0
409,256,80,16,256,102,500,proj,512,512,512,wspp,256,1024,4480,0,0,896,0,0,896,0,2688,0,0,2688,3072,0,4,3584,1536,4608,0
409,512,40,2,1024,1638,500,proj,512,512,512,isap,512,4608,2080,2080,0,0,0,6656,0,0,0,0,0,0,0,0,56,0,3072,0,0
409,384,48,2,1365,682,500,proj,512,512,512,isap,1024,6144,4224,0,5632,0,0,5632,0,0,0,0,0,0,0,0,44,0,0,0,0
409,512,32,8,512,512,500,proj,512,512,512,wsap,512,4608,2048,2048,0,0,0,8192,0,0,0,0,0,0,0,0,16,0,7168,0,0
409,512,24,16,1024,1365,500,proj,512,512,512,wsap,512,4608,2112,2112,0,0,0,11264,0,0,0,0,0,0,0,0,16,0,10240,0,0
409,512,40,16,64,204,500,proj,512,512,512,wspp,64,576,2080,2080,0,0,0,832,0,0,0,0,5824,0,4032,0,8,0,768,5376,0
409,384,48,8,170,341,500,proj,512,512,512,wspp,170,1020,4224,0,0,416,0,519,935,0,0,0,4697,4697,10248,2275,12,3357,1530,7686,0
409,256,64,4,2048,16,500,proj,512,512,512,isap,1024,4096,4096,0,4096,0,0,4096,0,0,0,0,0,0,0,0,16,0,0,0,0
409,128,56,4,4096,18,500,proj,512,512,512,isap,2048,2048,8960,0,15360,0,0,5120,0,0,0,0,0,0,0,0,0,0,0,0,0
409,256,80,16,256,102,500,proj,512,512,512,wspp,256,1024,4480,0,0,896,0,0,896,0,2688,0,0,2688,3072,0,4,3584,1536,4608,0
409,256,80,16,256,51,500,proj,512,512,512,wspp,256,1024,4480,0,0,896,0,0,896,0,2688,0,0,2688,3072,0,4,3584,1536,4608,0
409,512,40,2,1024,1638,500,proj,512,512,512,isap,512,4608,2080,2080,0,0,0,6656,0,0,0,0,0,0,0,0,56,0,3072,0,0
409,512,32,8,512,512,500,proj,512,512,512,wsap,512,4608,2048,2048,0,0,0,8192,0,0,0,0,0,0,0,0,16,0,7168,0,0
409,512,40,16,64,204,500,proj,512,512,512,wspp,64,576,2080,2080,0,0,0,832,0,0,0,0,5824,0,4032,0,8,0,768,5376,0
409,256,64,4,2048,16,500,proj,512,512,512,isap,1024,4096,4096,0,4096,0,0,4096,0,0,0,0,0,0,0,0,16,0,0,0,0
409,256,80,16,256,51,500,proj,512,512,512,wspp,256,1024,4480,0,0,896,0,0,896,0,2688,0,0,2688,3072,0,4,3584,1536,4608,0
409,512,40,2,1024,1638,500,proj,512,512,512,isap,512,4608,2080,2080,0,0,0,6656,0,0,0,0,0,0,0,0,56,0,3072,0,0
409,384,48,4,682,682,500,proj,512,512,512,wspp,682,4092,4224,0,0,700,0,3051,3751,0,0,0,1881,1881,7182,2003,24,3629,5115,2565,0
409,512,32,8,512,512,500,proj,512,512,512,wsap,512,4608,2048,2048,0,0,0,8192,0,0,0,0,0,0,0,0,16,0,7168,0,0
409,640,24,4,204,1365,500,proj,512,512,512,isap,512,5632,6336,12672,0,0,0,11264,0,0,0,0,0,0,0,0,216,0,8192,0,0
409,512,40,16,64,204,500,proj,512,512,512,wspp,64,576,2080,2080,0,0,0,832,0,0,0,0,5824,0,4032,0,8,0,768,5376,0
409,384,32,16,42,512,500,proj,512,512,512,wspp,42,252,4096,0,0,336,0,0,336,0,176,0,7680,7856,5892,0,8,8192,630,14730,0
409,256,64,4,2048,16,500,proj,512,512,512,isap,1024,4096,4096,0,4096,0,0,4096,0,0,0,0,0,0,0,0,16,0,0,0,0
409,256,56,8,4096,9,500,proj,512,512,512,isap,1024,4096,4480,0,5120,0,0,5120,0,0,0,0,0,0,0,0,12,0,0,0,0
409,256,80,16,256,51,500,proj,512,512,512,wspp,256,1024,4480,0,0,896,0,0,896,0,2688,0,0,2688,3072,0,4,3584,1536,4608,0
409,256,72,16,128,28,500,proj,512,512,512,ispp,1024,4096,36864,0,0,4096,0,0,4096,0,0,0,0,0,0,0,32,4096,7168,0,0
409,512,40,2,1024,1638,500,proj,512,512,512,isap,512,4608,2080,2080,0,0,0,6656,0,0,0,0,0,0,0,0,56,0,3072,0,0
409,512,32,8,512,512,500,proj,512,512,512,wsap,512,4608,2048,2048,0,0,0,8192,0,0,0,0,0,0,0,0,16,0,7168,0,0
409,512,40,16,64,204,500,proj,512,512,512,wspp,64,576,2080,2080,0,0,0,832,0,0,0,0,5824,0,4032,0,8,0,768,5376,0
409,256,64,4,2048,16,500,proj,512,512,512,isap,1024,4096,4096,0,4096,0,0,4096,0,0,0,0,0,0,0,0,16,0,0,0,0
409,256,80,16,256,51,500,proj,512,512,512,wspp,256,1024,4480,0,0,896,0,0,896,0,2688,0,0,2688,3072,0,4,3584,1536,4608,0
409,512,40,2,1024,1638,500,proj,512,512,512,isap,512,4608,2080,2080,0,0,0,6656,0,0,0,0,0,0,0,0,56,0,3072,0,0
409,512,48,2,512,682,500,proj,512,512,512,isap,512,4608,2112,2112,0,0,0,5632,0,0,0,0,0,0,0,0,48,0,2560,0,0
409,512,32,8,512,512,500,proj,512,512,512,wsap,512,4608,2048,2048,0,0,0,8192,0,0,0,0,0,0,0,0,16,0,7168,0,0
409,640,32,8,819,1024,500,proj,512,512,512,wsap,512,5632,2048,4096,0,0,0,8192,0,0,0,0,0,0,0,0,24,0,7168,0,0
409,512,40,16,64,204,500,proj,512,512,512,wspp,64,576,2080,2080,0,0,0,832,0,0,0,0,5824,0,4032,0,8,0,768,5376,0
409,512,32,32,128,256,500,proj,512,512,512,wsap,128,1152,2048,2048,0,0,0,2048,0,0,0,0,6144,0,3456,0,8,0,1920,5760,0
409,256,64,4,2048,16,500,proj,512,512,512,isap,1024,4096,4096,0,4096,0,0,4096,0,0,0,0,0,0,0,0,16,0,0,0,0
409,256,56,4,4096,36,500,proj,512,512,512,ispp,1024,4096,4480,0,0,38,0,5082,5120,0,0,0,0,0,0,4708,20,2766,7168,0,0
409,256,80,16,256,51,500,proj,512,512,512,wspp,256,1024,4480,0,0,896,0,0,896,0,2688,0,0,2688,3072,0,4,3584,1536,4608,0
409,256,80,8,256,25,500,proj,512,512,512,wspp,256,1024,4480,0,0,29,0,867,896,0,0,0,2688,2688,4608,1014,8,3077,1408,4224,0
409,512,48,2,512,682,500,proj,512,512,512,isap,512,4608,2112,2112,0,0,0,5632,0,0,0,0,0,0,0,0,48,0,2560,0,0
409,512,32,8,512,512,500,proj,512,512,512,wsap,512,4608,2048,2048,0,0,0,8192,0,0,0,0,0,0,0,0,16,0,7168,0,0
409,512,40,16,64,204,500,proj,512,512,512,wspp,64,576,2080,2080,0,0,0,832,0,0,0,0,5824,0,4032,0,8,0,768,5376,0
409,256,64,4,2048,16,500,proj,512,512,512,isap,1024,4096,4096,0,4096,0,0,4096,0,0,0,0,0,0,0,0,16,0,0,0,0
409,256,80,16,256,51,500,proj,512,512,512,wspp,256,1024,4480,0,0,896,0,0,896,0,2688,0,0,2688,3072,0,4,3584,1536,4608,0
409,512,48,2,512,682,500,proj,512,512,512,isap,512,4608,2112,2112,0,0,0,5632,0,0,0,0,0,0,0,0,48,0,2560,0,0
409,384,56,2,1365,585,500,proj,512,512,512,wsap,1024,6144,4480,0,5120,0,0,5120,0,0,0,0,0,0,0,0,40,0,0,0,0
409,512,32,8,512,512,500,proj,512,512,512,wsap,512,4608,2048,2048,0,0,0,8192,0,0,0,0,0,0,0,0,16,0,7168,0,0
409,384,32,16,1365,1024,500,proj,512,512,512,wsap,1024,6144,4096,0,8192,0,0,8192,0,0,0,0,0,0,0,0,8,0,0,0,0
409,512,40,16,64,204,500,proj,512,512,512,wspp,64,576,2080,2080,0,0,0,832,0,0,0,0,5824,0,4032,0,8,0,768,5376,0
409,512,32,32,32,128,500,proj,512,512,512,ispp,512,4608,32768,32768,0,0,0,8192,0,0,0,0,0,0,0,0,128,0,7680,0,0
409,256,64,4,2048,16,500,proj,512,512,512,isap,1024,4096,4096,0,4096,0,0,4096,0,0,0,0,0,0,0,0,16,0,0,0,0
409,128,56,4,2048,9,500,proj,512,512,512,wspp,2048,2048,8960,0,0,9,18,5111,15342,0,0,0,0,0,0,25204,0,2758,14336,0,0
409,256,80,16,256,51,500,proj,512,512,512,wspp,256,1024,4480,0,0,896,0,0,896,0,2688,0,0,2688,3072,0,4,3584,1536,4608,0
409,128,88,8,1024,46,500,proj,512,512,512,ispp,2048,2048,16896,0,0,92,1180,2980,8036,0,0,0,0,0,0,9928,0,4252,9216,0,0
409,512,48,2,512,682,500,proj,512,512,512,isap,512,4608,2112,2112,0,0,0,5632,0,0,0,0,0,0,0,0,48,0,2560,0,0
409,512,32,8,512,512,500,proj,512,512,512,wsap,512,4608,2048,2048,0,0,0,8192,0,0,0,0,0,0,0,0,16,0,7168,0,0
409,512,40,16,64,204,500,proj,512,512,512,wspp,64,576,2080,2080,0,0,0,832,0,0,0,0,5824,0,4032,0,8,0,768,5376,0
409,256,64,4,2048,16,500,proj,512,512,512,isap,1024,4096,4096,0,4096,0,0,4096,0,0,0,0,0,0,0,0,16,0,0,0,0
409,256,80,16,256,51,500,proj,512,512,512,wspp,256,1024,4480,0,0,896,0,0,896,0,2688,0,0,2688,3072,0,4,3584,1536,4608,0
409,512,48,2,512,682,500,proj,512,512,512,isap,512,4608,2112,2112,0,0,0,5632,0,0,0,0,0,0,0,0,48,0,2560,0,0
409,512,48,2,256,341,500,proj,512,512,512,isap,512,4608,4224,4224,0,0,0,5632,0,0,0,0,0,0,0,0,96,0,2560,0,0
409,512,32,8,512,512,500,proj,512,512,512,wsap,512,4608,2048,2048,0,0,0,8192,0,0,0,0,0,0,0,0,16,0,7168,0,0
409,384,32,8,682,256,500,proj,512,512,512,isap,1024,6144,8192,0,8192,0,0,8192,0,0,0,0,0,0,0,0,32,0,0,0,0
409,512,40,16,64,204,500,proj,512,512,512,wspp,64,576,2080,2080,0,0,0,832,0,0,0,0,5824,0,4032,0,8,0,768,5376,0
409,512,32,8,128,256,500,proj,512,512,512,ispp,512,4608,8192,8192,0,0,0,8192,0,0,0,0,0,0,0,0,64,0,7168,0,0
409,256,64,4,2048,16,500,proj,512,512,512,isap,1024,4096,4096,0,4096,0,0,4096,0,0,0,0,0,0,0,0,16,0,0,0,0
409,384,56,8,682,18,500,proj,512,512,512,wspp,682,4092,4480,0,0,22,0,3388,3410,0,0,0,1710,1710,4104,6084,12,2078,5456,2736,0
409,256,80,16,256,51,500,proj,512,512,512,wspp,256,1024,4480,0,0,896,0,0,896,0,2688,0,0,2688,3072,0,4,3584,1536,4608,0
409,256,88,8,256,46,500,proj,512,512,512,wsap,256,1024,4224,0,768,0,0,768,0,2304,0,0,2304,0,18432,0,8,0,0,0,0
409,512,48,2,512,682,500,proj,512,512,512,isap,512,4608,2112,2112,0,0,0,5632,0,0,0,0,0,0,0,0,48,0,2560,0,0
409,512,32,8,512,512,500,proj,512,512,512,wsap,512,4608,2048,2048,0,0,0,8192,0,0,0,0,0,0,0,0,16,0,7168,0,0
409,512,40,16,64,204,500,proj,512,512,512,wspp,64,576,2080,2080,0,0,0,832,0,0,0,0,5824,0,4032,0,8,0,768,5376,0
409,256,64,4,2048,16,500,proj,512,512,512,isap,1024,4096,4096,0,4096,0,0,4096,0,0,0,0,0,0,0,0,16,0,0,0,0
409,256,80,16,256,51,500,proj,512,512,512,wspp,256,1024,4480,0,0,896,0,0,896,0,2688,0,0,2688,3072,0,4,3584,1536,4608,0
409,512,48,2,512,682,500,proj,512,512,512,isap,512,4608,2112,2112,0,0,0,5632,0,0,0,0,0,0,0,0,48,0,2560,0,0
409,512,40,4,512,409,500,proj,512,512,512,ispp,512,4608,2080,2080,0,0,0,6656,0,0,0,0,0,0,0,0,32,0,4608,0,0
409,512,32,8,512,512,500,proj,512,512,512,wsap,512,4608,2048,2048,0,0,0,8192,0,0,0,0,0,0,0,0,16,0,7168,0,0
409,512,40,8,1024,819,500,proj,512,512,512,wspp,512,4608,2080,2080,0,0,0,6656,0,0,0,0,0,0,0,0,16,0,5632,0,0
409,512,40,16,64,204,500,proj,512,512,512,wspp,64,576,2080,2080,0,0,0,832,0,0,0,0,5824,0,4032,0,8,0,768,5376,0
409,384,32,16,42,512,500,proj,512,512,512,isap,1024,6144,102400,0,8192,0,0,8192,0,0,0,0,0,0,0,0,200,0,0,0,0
409,256,64,4,2048,16,500,proj,512,512,512,isap,1024,4096,4096,0,4096,0,0,4096,0,0,0,0,0,0,0,0,16,0,0,0,0
409,256,64,4,4096,8,500,proj,512,512,512,isap,1024,4096,4096,0,4096,0,0,4096,0,0,0,0,0,0,0,0,16,0,0,0,0
409,256,80,16,256,51,500,proj,512,512,512,wspp,256,1024,4480,0,0,896,0,0,896,0,2688,0,0,2688,3072,0,4,3584,1536,4608,0
409,128,72,16,256,28,500,proj,512,512,512,wsap,256,256,9216,0,1536,0,0,512,0,10752,0,0,3584,0,14336,0,0,0,0,0,0
409,512,40,4,512,409,500,proj,512,512,512,ispp,512,4608,2080,2080,0,0,0,6656,0,0,0,0,0,0,0,0,32,0,4608,0,0
409,512,40,8,1024,819,500,proj,512,512,512,wspp,512,4608,2080,2080,0,0,0,6656,0,0,0,0,0,0,0,0,16,0,5632,0,0
409,512,40,16,64,204,500,proj,512,512,512,wspp,64,576,2080,2080,0,0,0,832,0,0,0,0,5824,0,4032,0,8,0,768,5376,0
409,256,64,4,4096,8,500,proj,512,512,512,isap,1024,4096,4096,0,4096,0,0,4096,0,0,0,0,0,0,0,0,16,0,0,0,0
409,256,80,16,256,51,500,proj,512,512,512,wspp,256,1024,4480,0,0,896,0,0,896,0,2688,0,0,2688,3072,0,4,3584,1536,4608,0
409,512,40,4,512,409,500,proj,512,512,512,ispp,512,4608,2080,2080,0,0,0,6656,0,0,0,0,0,0,0,0,32,0,4608,0,0
409,512,32,8,512,512,500,proj,512,512,512,isap,512,4608,2048,2048,0,0,0,8192,0,0,0,0,0,0,0,0,16,0,7168,0,0
409,512,40,8,1024,819,500,proj,512,512,512,wspp,512,4608,2080,2080,0,0,0,6656,0,0,0,0,0,0,0,0,16,0,5632,0,0
409,512,32,4,512,512,500,proj,512,512,512,wspp,512,4608,2048,2048,0,0,0,8192,0,0,0,0,0,0,0,0,32,0,6144,0,0
409,512,40,16,64,204,500,proj,512,512,512,wspp,64,576,2080,2080,0,0,0,832,0,0,0,0,5824,0,4032,0,8,0,768,5376,0
409,384,48,8,170,170,500,proj,512,512,512,isap,1024,6144,29568,0,5632,0,0,5632,0,0,0,0,0,0,0,0,84,0,0,0,0
409,256,64,4,4096,8,500,proj,512,512,512,isap,1024,4096,4096,0,4096,0,0,4096,0,0,0,0,0,0,0,0,16,0,0,0,0
409,256,64,4,4096,8,500,proj,512,512,512,wspp,1024,4096,4096,0,0,8,0,4088,4096,0,0,0,0,0,0,4080,16,2056,6144,0,0
409,256,80,16,256,51,500,proj,512,512,512,wspp,256,1024,4480,0,0,896,0,0,896,0,2688,0,0,2688,3072,0,4,3584,1536,4608,0
409,128,88,16,512,46,500,proj,512,512,512,ispp,2048,2048,33792,0,0,184,1336,2888,7880,0,0,0,0,0,0,9616,0,4408,9728,0,0
409,512,32,8,512,512,500,proj,512,512,512,isap,512,4608,2048,2048,0,0,0,8192,0,0,0,0,0,0,0,0,16,0,7168,0,0
409,512,32,4,512,512,500,proj,512,512,512,wspp,512,4608,2048,2048,0,0,0,8192,0,0,0,0,0,0,0,0,32,0,6144,0,0
409,512,40,16,64,204,500,proj,512,512,512,wspp,64,576,2080,2080,0,0,0,832,0,0,0,0,5824,0,4032,0,8,0,768,5376,0
409,256,64,4,4096,8,500,proj,512,512,512,isap,1024,4096,4096,0,4096,0,0,4096,0,0,0,0,0,0,0,0,16,0,0,0,0
409,256,80,16,256,51,500,proj,512,512,512,wspp,256,1024,4480,0,0,896,0,0,896,0,2688,0,0,2688,3072,0,4,3584,1536,4608,0
409,512,32,8,512,512,500,proj,512,512,512,isap,512,4608,2048,2048,0,0,0,8192,0,0,0,0,0,0,0,0,16,0,7168,0,0
409,512,24,8,512,1365,500,proj,512,512,512,wsap,512,4608,2112,2112,0,0,0,11264,0,0,0,0,0,0,0,0,24,0,9728,0,0
409,512,32,4,512,512,500,proj,512,512,512,wspp,512,4608,2048,2048,0,0,0,8192,0,0,0,0,0,0,0,0,32,0,6144,0,0
409,512,24,2,512,682,500,proj,512,512,512,isap,512,4608,2112,2112,0,0,0,11264,0,0,0,0,0,0,0,0,88,0,5632,0,0
409,512,40,16,64,204,500,proj,512,512,512,wspp,64,576,2080,2080,0,0,0,832,0,0,0,0,5824,0,4032,0,8,0,768,5376,0
409,640,32,8,25,128,500,proj,512,512,512,ispp,512,5632,43008,86016,0,0,0,8192,0,0,0,0,0,0,0,0,504,0,7168,0,0
409,256,64,4,4096,8,500,proj,512,512,512,isap,1024,4096,4096,0,4096,0,0,4096,0,0,0,0,0,0,0,0,16,0,0,0,0
409,256,56,2,2048,18,500,proj,512,512,512,wspp,1024,4096,4480,0,0,18,0,5102,5120,0,0,0,0,0,0,5084,40,2578,5120,0,0
409,256,80,16,256,51,500,proj,512,512,512,wspp,256,1024,4480,0,0,896,0,0,896,0,2688,0,0,2688,3072,0,4,3584,1536,4608,0
409,256,72,8,256,28,500,proj,512,512,512,isap,1024,4096,18432,0,4096,0,0,4096,0,0,0,0,0,0,0,0,32,0,0,0,0
409,512,32,8,512,512,500,proj,512,512,512,isap,512,4608,2048,2048,0,0,0,8192,0,0,0,0,0,0,0,0,16,0,7168,0,0
409,512,32,4,512,512,500,proj,512,512,512,wspp,512,4608,2048,2048,0,0,0,8192,0,0,0,0,0,0,0,0,32,0,6144,0,0
409,512,40,16,64,204,500,proj,512,512,512,wspp,64,576,2080,2080,0,0,0,832,0,0,0,0,5824,0,4032,0,8,0,768,5376,0
409,256,64,4,4096,8,500,proj,512,512,512,isap,1024,4096,4096,0,4096,0,0,4096,0,0,0,0,0,0,0,0,16,0,0,0,0
409,256,80,16,256,51,500,proj,512,512,512,wspp,256,1024,4480,0,0,896,0,0,896,0,2688,0,0,2688,3072,0,4,3584,1536,4608,0
409,512,32,8,512,512,500,proj,512,512,512,isap,512,4608,2048,2048,0,0,0,8192,0,0,0,0,0,0,0,0,16,0,7168,0,0
409,384,40,4,1365,819,500,proj,512,512,512,ispp,1024,6144,4160,0,0,837,0,5819,6656,0,0,0,0,0,0,2382,28,4274,9216,0,0
409,512,32,4,512,512,500,proj,512,512,512,wspp,512,4608,2048,2048,0,0,0,8192,0,0,0,0,0,0,0,0,32,0,6144,0,0
409,512,40,4,1024,819,500,proj,512,512,512,ispp,512,4608,2080,2080,0,0,0,6656,0,0,0,0,0,0,0,0,32,0,4608,0,0
409,512,40,16,64,204,500,proj,512,512,512,wspp,64,576,2080,2080,0,0,0,832,0,0,0,0,5824,0,4032,0,8,0,768,5376,0
409,512,32,16,128,256,500,proj,512,512,512,wsap,128,1152,2048,2048,0,0,0,2048,0,0,0,0,6144,0,3456,0,8,0,1920,5760,0
409,256,64,4,4096,8,500,proj,512,512,512,isap,1024,4096,4096,0,4096,0,0,4096,0,0,0,0,0,0,0,0,16,0,0,0,0
409,256,64,8,2048,16,500,proj,512,512,512,ispp,1024,4096,4096,0,0,16,0,4080,4096,0,0,0,0,0,0,0,8,4096,7168,0,0
409,256,80,16,256,51,500,proj,512,512,512,wspp,256,1024,4480,0,0,896,0,0,896,0,2688,0,0,2688,3072,0,4,3584,1536,4608,0
409,128,88,16,1024,93,500,proj,512,512,512,ispp,2048,2048,16896,0,0,186,1336,2886,7880,0,0,0,0,0,0,9616,0,4408,9728,0,0
409,512,32,8,512,512,500,proj,512,512,512,isap,512,4608,2048,2048,0,0,0,8192,0,0,0,0,0,0,0,0,16,0,7168,0,0
409,512,40,4,1024,819,500,proj,512,512,512,ispp,512,4608,2080,2080,0,0,0,6656,0,0,0,0,0,0,0,0,32,0,4608,0,0
409,512,40,16,64,204,500,proj,512,512,512,wspp,64,576,2080,2080,0,0,0,832,0,0,0,0,5824,0,4032,0,8,0,768,5376,0
409,256,64,8,2048,16,500,proj,512,512,512,ispp,1024,4096,4096,0,0,16,0,4080,4096,0,0,0,0,0,0,0,8,4096,7168,0,0
409,256,80,16,256,51,500,proj,512,512,512,wspp,256,1024,4480,0,0,896,0,0,896,0,2688,0,0,2688,3072,0,4,3584,1536,4608,0
409,512,32,8,512,512,500,proj,512,512,512,isap,512,4608,2048,2048,0,0,0,8192,0,0,0,0,0,0,0,0,16,0,7168,0,0
409,640,24,16,409,682,500,proj,512,512,512,wspp,409,4499,2112,4224,0,0,0,8998,0,0,0,0,2266,0,2266,0,24,0,8180,2060,0
409,512,40,4,1024,819,500,proj,512,512,512,ispp,512,4608,2080,2080,0,0,0,6656,0,0,0,0,0,0,0,0,32,0,4608,0,0
409,384,48,2,682,1365,500,proj,512,512,512,wsap,682,4092,4224,0,3751,0,0,3751,0,1881,0,0,1881,0,22572,0,44,0,0,0,0
409,512,40,16,64,204,500,proj,512,512,512,wspp,64,576,2080,2080,0,0,0,832,0,0,0,0,5824,0,4032,0,8,0,768,5376,0
409,384,48,32,170,85,500,proj,512,512,512,wsap,170,1020,4224,0,935,0,0,935,0,4697,0,0,4697,0,56364,0,4,0,0,0,0
409,256,64,8,2048,16,500,proj,512,512,512,ispp,1024,4096,4096,0,0,16,0,4080,4096,0,0,0,0,0,0,0,8,4096,7168,0,0
409,256,64,4,4096,8,500,proj,512,512,512,ispp,1024,4096,4096,0,0,8,0,4088,4096,0,0,0,0,0,0,4080,16,2056,6144,0,0
409,256,80,16,256,51,500,proj,512,512,512,wspp,256,1024,4480,0,0,896,0,0,896,0,2688,0,0,2688,3072,0,4,3584,1536,4608,0
409,256,80,8,256,102,500,proj,512,512,512,wsap,256,1024,4480,0,896,0,0,896,0,2688,0,0,2688,0,21504,0,8,0,0,0,0
409,512,32,8,512,512,500,proj,512,512,512,isap,512,4608,2048,2048,0,0,0,8192,0,0,0,0,0,0,0,0,16,0,7168,0,0
409,512,40,4,1024,819,500,proj,512,512,512,ispp,512,4608,2080,2080,0,0,0,6656,0,0,0,0,0,0,0,0,32,0,4608,0,0
409,512,40,16,64,204,500,proj,512,512,512,wspp,64,576,2080,2080,0,0,0,832,0,0,0,0,5824,0,4032,0,8,0,768,5376,0
409,256,64,8,2048,16,500,proj,512,512,512,ispp,1024,4096,4096,0,0,16,0,4080,4096,0,0,0,0,0,0,0,8,4096,7168,0,0
409,256,80,16,256,51,500,proj,512,512,512,wspp,256,1024,4480,0,0,896,0,0,896,0,2688,0,0,2688,3072,0,4,3584,1536,4608,0
409,512,32,8,512,512,500,proj,512,512,512,isap,512,4608,2048,2048,0,0,0,8192,0,0,0,0,0,0,0,0,16,0,7168,0,0
409,512,32,4,256,512,500,proj,512,512,512,wspp,256,2304,2048,2048,0,0,0,4096,0,0,0,0,4096,0,9216,0,32,0,3072,3072,0
409,512,40,4,1024,819,500,proj,512,512,512,ispp,512,4608,2080,2080,0,0,0,6656,0,0,0,0,0,0,0,0,32,0,4608,0,0
409,384,48,8,1365,682,500,proj,512,512,512,isap,1024,6144,4224,0,5632,0,0,5632,0,0,0,0,0,0,0,0,12,0,0,0,0
409,512,40,16,64,204,500,proj,512,512,512,wspp,64,576,2080,2080,0,0,0,832,0,0,0,0,5824,0,4032,0,8,0,768,5376,0
409,640,32,8,25,128,500,proj,512,512,512,wsap,25,275,2048,4096,0,0,0,400,0,0,0,0,7792,0,10714,0,24,0,350,6818,0
409,256,64,8,2048,16,500,proj,512,512,512,ispp,1024,4096,4096,0,0,16,0,4080,4096,0,0,0,0,0,0,0,8,4096,7168,0,0
409,128,56,4,8192,36,500,proj,512,512,512,wspp,2048,2048,8960,0,0,36,74,5084,15286,0,0,0,0,0,0,25040,0,2840,14336,0,0
409,256,80,16,256,51,500,proj,512,512,512,wspp,256,1024,4480,0,0,896,0,0,896,0,2688,0,0,2688,3072,0,4,3584,1536,4608,0
409,256,80,8,512,102,500,proj,512,512,512,isap,1024,4096,8960,0,3584,0,0,3584,0,0,0,0,0,0,0,0,16,0,0,0,0
409,512,32,8,512,512,500,proj,512,512,512,isap,512,4608,2048,2048,0,0,0,8192,0,0,0,0,0,0,0,0,16,0,7168,0,0
409,512,40,4,1024,819,500,proj,512,512,512,ispp,512,4608,2080,2080,0,0,0,6656,0,0,0,0,0,0,0,0,32,0,4608,0,0
409,512,40,16,64,204,500,proj,512,512,512,wspp,64,576,2080,2080,0,0,0,832,0,0,0,0,5824,0,4032,0,8,0,768,5376,0
409,256,64,8,2048,16,500,proj,512,512,512,ispp,1024,4096,4096,0,0,16,0,4080,4096,0,0,0,0,0,0,0,8,4096,7168,0,0
409,256,80,16,256,51,500,proj,512,512,512,wspp,256,1024,4480,0,0,896,0,0,896,0,2688,0,0,2688,3072,0,4,3584,1536,4608,0
409,512,32,8,512,512,500,proj,512,512,512,isap,512,4608,2048,2048,0,0,0,8192,0,0,0,0,0,0,0,0,16,0,7168,0,0
409,384,32,16,341,1024,500,proj,512,512,512,isap,1024,6144,16384,0,8192,0,0,8192,0,0,0,0,0,0,0,0,32,0,0,0,0
409,512,40,4,1024,819,500,proj,512,512,512,ispp,512,4608,2080,2080,0,0,0,6656,0,0,0,0,0,0,0,0,32,0,4608,0,0
409,512,32,8,1024,2048,500,proj,512,512,512,wsap,512,4608,2048,2048,0,0,0,8192,0,0,0,0,0,0,0,0,16,0,7168,0,0
409,512,40,16,64,204,500,proj,512,512,512,wspp,64,576,2080,2080,0,0,0,832,0,0,0,0,5824,0,4032,0,8,0,768,5376,0
409,384,40,16,85,409,500,proj,512,512,512,wspp,84,504,4160,0,0,529,0,17,546,0,0,0,6110,6110,8460,1413,8,5243,966,10810,0
409,256,64,8,2048,16,500,proj,512,512,512,ispp,1024,4096,4096,0,0,16,0,4080,4096,0,0,0,0,0,0,0,8,4096,7168,0,0
409,128,56,8,4096,36,500,proj,512,512,512,isap,2048,2048,8960,0,15360,0,0,5120,0,0,0,0,0,0,0,0,0,0,0,0,0
409,256,80,16,256,51,500,proj,512,512,512,wspp,256,1024,4480,0,0,896,0,0,896,0,2688,0,0,2688,3072,0,4,3584,1536,4608,0
409,128,88,8,512,93,500,proj,512,512,512,wsap,512,512,8448,0,2304,0,0,768,0,6912,0,0,2304,0,9216,0,0,0,0,0,0
409,512,32,8,512,512,500,proj,512,512,512,isap,512,4608,2048,2048,0,0,0,8192,0,0,0,0,0,0,0,0,16,0,7168,0,0
409,512,32,8,1024,2048,500,proj,512,512,512,wsap,512,4608,2048,2048,0,0,0,8192,0,0,0,0,0,0,0,0,16,0,7168,0,0
409,512,40,16,64,204,500,proj,512,512,512,wspp,64,576,2080,2080,0,0,0,832,0,0,0,0,5824,0,4032,0,8,0,768,5376,0
409,256,64,8,2048,16,500,proj,512,512,512,ispp,1024,4096,4096,0,0,16,0,4080,4096,0,0,0,0,0,0,0,8,4096,7168,0,0
409,256,80,16,256,51,500,proj,512,512,512,wspp,256,1024,4480,0,0,896,0,0,896,0,2688,0,0,2688,3072,0,4,3584,1536,4608,0
409,512,32,8,512,512,500,proj,512,512,512,isap,512,4608,2048,2048,0,0,0,8192,0,0,0,0,0,0,0,0,16,0,7168,0,0
409,512,40,4,512,204,500,proj,512,512,512,wsap,512,4608,2080,2080,0,0,0,6656,0,0,0,0,0,0,0,0,32,0,4608,0,0
409,512,32,8,1024,2048,500,proj,512,512,512,wsap,512,4608,2048,2048,0,0,0,8192,0,0,0,0,0,0,0,0,16,0,7168,0,0
409,384,40,16,2730,1638,500,proj,512,512,512,isap,1024,6144,4160,0,6656,0,0,6656,0,0,0,0,0,0,0,0,8,0,0,0,0
409,512,40,16,64,204,500,proj,512,512,512,wspp,64,576,2080,2080,0,0,0,832,0,0,0,0,5824,0,4032,0,8,0,768,5376,0
409,384,32,32,42,512,500,proj,512,512,512,wspp,42,252,4096,0,0,336,0,0,336,0,7856,0,0,7856,5892,0,4,8192,630,14730,0
409,256,64,8,2048,16,500,proj,512,512,512,ispp,1024,4096,4096,0,0,16,0,4080,4096,0,0,0,0,0,0,0,8,4096,7168,0,0
409,256,64,16,1024,32,500,proj,512,512,512,wspp,1024,4096,4096,0,0,4096,0,0,4096,0,0,0,0,0,0,0,4,4096,7168,0,0
409,256,80,16,256,51,500,proj,512,512,512,wspp,256,1024,4480,0,0,896,0,0,896,0,2688,0,0,2688,3072,0,4,3584,1536,4608,0
409,128,88,32,512,46,500,proj,512,512,512,wsap,512,512,8448,0,2304,0,0,768,0,6912,0,0,2304,0,9216,0,0,0,0,0,0
409,512,32,8,512,512,500,proj,512,512,512,isap,512,4608,2048,2048,0,0,0,8192,0,0,0,0,0,0,0,0,16,0,7168,0,0
409,512,32,8,1024,2048,500,proj,512,512,512,wsap,512,4608,2048,2048,0,0,0,8192,0,0,0,0,0,0,0,0,16,0,7168,0,0
409,512,40,16,64,204,500,proj,512,512,512,wspp,64,576,2080,2080,0,0,0,832,0,0,0,0,5824,0,4032,0,8,0,768,5376,0
409,256,64,16,1024,32,500,proj,512,512,512,wspp,1024,4096,4096,0,0,4096,0,0,4096,0,0,0,0,0,0,0,4,4096,7168,0,0
409,256,80,16,256,51,500,proj,512,512,512,wspp,256,1024,4480,0,0,896,0,0,896,0,2688,0,0,2688,3072,0,4,3584,1536,4608,0
409,512,32,8,512,512,500,proj,512,512,512,isap,512,4608,2048,2048,0,0,0,8192,0,0,0,0,0,0,0,0,16,0,7168,0,0
409,512,24,16,256,1365,500,proj,512,512,512,ispp,512,4608,4224,4224,0,0,0,11264,0,0,0,0,0,0,0,0,32,0,10240,0,0
409,512,32,8,1024,2048,500,proj,512,512,512,wsap,512,4608,2048,2048,0,0,0,8192,0,0,0,0,0,0,0,0,16,0,7168,0,0
409,512,24,8,512,5461,500,proj,512,512,512,isap,512,4608,2112,2112,0,0,0,11264,0,0,0,0,0,0,0,0,24,0,9728,0,0
409,512,40,16,64,204,500,proj,512,512,512,wspp,64,576,2080,2080,0,0,0,832,0,0,0,0,5824,0,4032,0,8,0,768,5376,0
409,384,40,32,170,409,500,proj,512,512,512,ispp,1024,6144,29120,0,0,6656,0,0,6656,0,0,0,0,0,0,0,28,6656,12288,0,0
409,256,64,16,1024,32,500,proj,512,512,512,wspp,1024,4096,4096,0,0,4096,0,0,4096,0,0,0,0,0,0,0,4,4096,7168,0,0
409,128,64,16,2048,16,500,proj,512,512,512,wsap,2048,2048,8192,0,12288,0,0,4096,0,0,0,0,0,0,0,0,0,0,0,0,0
409,256,80,16,256,51,500,proj,512,512,512,wspp,256,1024,4480,0,0,896,0,0,896,0,2688,0,0,2688,3072,0,4,3584,1536,4608,0
409,128,88,8,512,93,500,proj,512,512,512,wsap,512,512,8448,0,2304,0,0,768,0,6912,0,0,2304,0,9216,0,0,0,0,0,0
409,512,32,8,512,512,500,proj,512,512,512,isap,512,4608,2048,2048,0,0,0,8192,0,0,0,0,0,0,0,0,16,0,7168,0,0
409,512,32,8,1024,2048,500,proj,512,512,512,wsap,512,4608,2048,2048,0,0,0,8192,0,0,0,0,0,0,0,0,16,0,7168,0,0
409,512,40,16,64,204,500,proj,512,512,512,wspp,64,576,2080,2080,0,0,0,832,0,0,0,0,5824,0,4032,0,8,0,768,5376,0
409,256,64,16,1024,32,500,proj,512,512,512,wspp,1024,4096,4096,0,0,4096,0,0,4096,0,0,0,0,0,0,0,4,4096,7168,0,0
409,256,80,16,256,51,500,proj,512,512,512,wspp,256,1024,4480,0,0,896,0,0,896,0,2688,0,0,2688,3072,0,4,3584,1536,4608,0
409,512,32,8,512,512,500,proj,512,512,512,isap,512,4608,2048,2048,0,0,0,8192,0,0,0,0,0,0,0,0,16,0,7168,0,0
409,640,32,4,409,1024,500,proj,512,512,512,ispp,512,5632,4096,8192,0,0,0,8192,0,0,0,0,0,0,0,0,96,0,6144,0,0
409,512,32,8,1024,2048,500,proj,512,512,512,wsap,512,4608,2048,2048,0,0,0,8192,0,0,0,0,0,0,0,0,16,0,7168,0,0
409,384,40,16,1365,819,500,proj,512,512,512,wsap,1024,6144,4160,0,6656,0,0,6656,0,0,0,0,0,0,0,0,8,0,0,0,0
409,512,40,16,64,204,500,proj,512,512,512,wspp,64,576,2080,2080,0,0,0,832,0,0,0,0,5824,0,4032,0,8,0,768,5376,0
409,512,32,8,32,128,500,proj,512,512,512,isap,512,4608,32768,32768,0,0,0,8192,0,0,0,0,0,0,0,0,256,0,7168,0,0
409,256,64,16,1024,32,500,proj,512,512,512,wspp,1024,4096,4096,0,0,4096,0,0,4096,0,0,0,0,0,0,0,4,4096,7168,0,0
409,256,64,8,2048,16,500,proj,512,512,512,wspp,1024,4096,4096,0,0,16,0,4080,4096,0,0,0,0,0,0,0,8,4096,7168,0,0
409,256,80,16,256,51,500,proj,512,512,512,wspp,256,1024,4480,0,0,896,0,0,896,0,2688,0,0,2688,3072,0,4,3584,1536,4608,0
409,256,80,16,256,25,500,proj,512,512,512,ispp,1024,4096,17920,0,0,3584,0,0,3584,0,0,0,0,0,0,0,16,3584,6144,0,0
409,512,32,8,512,512,500,proj,512,512,512,isap,512,4608,2048,2048,0,0,0,8192,0,0,0,0,0,0,0,0,16,0,7168,0,0
409,512,32,8,1024,2048,500,proj,512,512,512,wsap,512,4608,2048,2048,0,0,0,8192,0,0,0,0,0,0,0,0,16,0,7168,0,0
409,512,40,16,64,204,500,proj,512,512,512,wspp,64,576,2080,2080,0,0,0,832,0,0,0,0,5824,0,4032,0,8,0,768,5376,0
409,256,64,8,2048,16,500,proj,512,512,512,wspp,1024,4096,4096,0,0,16,0,4080,4096,0,0,0,0,0,0,0,8,4096,7168,0,0
409,256,80,16,256,51,500,proj,512,512,512,wspp,256,1024,4480,0,0,896,0,0,896,0,2688,0,0,2688,3072,0,4,3584,1536,4608,0
409,512,32,8,512,512,500,proj,512,512,512,isap,512,4608,2048,2048,0,0,0,8192,0,0,0,0,0,0,0,0,16,0,7168,0,0
409,512,24,16,256,682,500,proj,512,512,512,isap,512,4608,4224,4224,0,0,0,11264,0,0,0,0,0,0,0,0,32,0,10240,0,0
409,512,32,8,1024,2048,500,proj,512,512,512,wsap,512,4608,2048,2048,0,0,0,8192,0,0,0,0,0,0,0,0,16,0,7168,0,0
409,384,40,4,2730,3276,500,proj,512,512,512,wsap,1024,6144,4160,0,6656,0,0,6656,0,0,0,0,0,0,0,0,28,0,0,0,0
409,512,40,16,64,204,500,proj,512,512,512,wspp,64,576,2080,2080,0,0,0,832,0,0,0,0,5824,0,4032,0,8,0,768,5376,0
409,384,32,8,42,512,500,proj,512,512,512,ispp,1024,6144,102400,0,0,8192,0,0,8192,0,0,0,0,0,0,0,400,8192,14336,0,0
409,256,64,8,2048,16,500,proj,512,512,512,wspp,1024,4096,4096,0,0,16,0,4080,4096,0,0,0,0,0,0,0,8,4096,7168,0,0
409,256,72,8,4096,14,500,proj,512,512,512,isap,1024,4096,4608,0,4096,0,0,4096,0,0,0,0,0,0,0,0,8,0,0,0,0
409,256,80,16,256,51,500,proj,512,512,512,wspp,256,1024,4480,0,0,896,0,0,896,0,2688,0,0,2688,3072,0,4,3584,1536,4608,0
409,256,80,8,256,51,500,proj,512,512,512,wsap,256,1024,4480,0,896,0,0,896,0,2688,0,0,2688,0,21504,0,8,0,0,0,0
409,512,32,8,512,512,500,proj,512,512,512,isap,512,4608,2048,2048,0,0,0,8192,0,0,0,0,0,0,0,0,16,0,7168,0,0
409,512,32,8,1024,2048,500,proj,512,512,512,wsap,512,4608,2048,2048,0,0,0,8192,0,0,0,0,0,0,0,0,16,0,7168,0,0
409,512,40,16,64,204,500,proj,512,512,512,wspp,64,576,2080,2080,0,0,0,832,0,0,0,0,5824,0,4032,0,8,0,768,5376,0
409,256,64,8,2048,16,500,proj,512,512,512,wspp,1024,4096,4096,0,0,16,0,4080,4096,0,0,0,0,0,0,0,8,4096,7168,0,0
409,256,80,16,256,51,500,proj,512,512,512,wspp,256,1024,4480,0,0,896,0,0,896,0,2688,0,0,2688,3072,0,4,3584,1536,4608,0
409,512,32,8,512,512,500,proj,512,512,512,isap,512,4608,2048,2048,0,0,0,8192,0,0,0,0,0,0,0,0,16,0,7168,0,0
409,640,32,4,819,256,500,proj,512,512,512,ispp,512,5632,2048,4096,0,0,0,8192,0,0,0,0,0,0,0,0,48,0,6144,0,0
409,512,32,8,1024,2048,500,proj,512,512,512,wsap,512,4608,2048,2048,0,0,0,8192,0,0,0,0,0,0,0,0,16,0,7168,0,0
409,384,32,16,2730,2048,500,proj,512,512,512,wspp,1024,6144,4096,0,0,2048,0,6144,8192,0,0,0,0,0,0,0,8,8192,15360,0,0
409,512,40,16,64,204,500,proj,512,512,512,wspp,64,576,2080,2080,0,0,0,832,0,0,0,0,5824,0,4032,0,8,0,768,5376,0
409,512,32,16,32,512,500,proj,512,512,512,isap,512,4608,32768,32768,0,0,0,8192,0,0,0,0,0,0,0,0,128,0,7680,0,0
409,256,64,8,2048,16,500,proj,512,512,512,wspp,1024,4096,4096,0,0,16,0,4080,4096,0,0,0,0,0,0,0,8,4096,7168,0,0
409,256,56,4,1024,36,500,proj,512,512,512,wsap,1024,4096,4480,0,5120,0,0,5120,0,0,0,0,0,0,0,0,20,0,0,0,0
409,256,80,16,256,51,500,proj,512,512,512,wspp,256,1024,4480,0,0,896,0,0,896,0,2688,0,0,2688,3072,0,4,3584,1536,4608,0
409,256,80,16,256,51,500,proj,512,512,512,ispp,1024,4096,17920,0,0,3584,0,0,3584,0,0,0,0,0,0,0,16,3584,6144,0,0
409,512,32,8,512,512,500,proj,512,512,512,isap,512,4608,2048,2048,0,0,0,8192,0,0,0,0,0,0,0,0,16,0,7168,0,0
409,512,32,8,1024,2048,500,proj,512,512,512,wsap,512,4608,2048,2048,0,0,0,8192,0,0,0,0,0,0,0,0,16,0,7168,0,0
409,512,40,16,64,204,500,proj,512,512,512,wspp,64,576,2080,2080,0,0,0,832,0,0,0,0,5824,0,4032,0,8,0,768,5376,0
409,256,64,8,2048,16,500,proj,512,512,512,wspp,1024,4096,4096,0,0,16,0,4080,4096,0,0,0,0,0,0,0,8,4096,7168,0,0
409,256,80,16,256,51,500,proj,512,512,512,wspp,256,1024,4480,0,0,896,0,0,896,0,2688,0,0,2688,3072,0,4,3584,1536,4608,0
409,512,32,8,512,512,500,proj,512,512,512,isap,512,4608,2048,2048,0,0,0,8192,0,0,0,0,0,0,0,0,16,0,7168,0,0
409,384,24,4,1365,1365,500,proj,512,512,512,ispp,1024,6144,4224,0,0,1377,0,9887,11264,0,0,0,0,0,0,4222,44,7042,16384,0,0
409,512,32,8,1024,2048,500,proj,512,512,512,wsap,512,4608,2048,2048,0,0,0,8192,0,0,0,0,0,0,0,0,16,0,7168,0,0
409,640,24,8,819,5461,500,proj,512,512,512,wspp,512,5632,2112,4224,0,0,0,11264,0,0,0,0,0,0,0,0,36,0,9728,0,0
409,512,40,16,64,204,500,proj,512,512,512,wspp,64,576,2080,2080,0,0,0,832,0,0,0,0,5824,0,4032,0,8,0,768,5376,0
409,512,40,8,32,102,500,proj,512,512,512,wsap,32,288,2080,2080,0,0,0,416,0,0,0,0,6240,0,8640,0,16,0,352,5280,0
409,256,64,8,2048,16,500,proj,512,512,512,wspp,1024,4096,4096,0,0,16,0,4080,4096,0,0,0,0,0,0,0,8,4096,7168,0,0
409,384,64,4,682,8,500,proj,512,512,512,wspp,682,4092,4096,0,0,8,0,2720,2728,0,0,0,1368,1368,4104,4080,16,2056,4092,2052,0
409,256,80,16,256,51,500,proj,512,512,512,wspp,256,1024,4480,0,0,896,0,0,896,0,2688,0,0,2688,3072,0,4,3584,1536,4608,0
409,128,72,8,256,56,500,proj,512,512,512,wspp,256,256,9216,0,0,56,112,456,1424,0,0,0,3584,10752,1792,16160,0,4208,1792,12544,0
409,512,32,8,512,512,500,proj,512,512,512,isap,512,4608,2048,2048,0,0,0,8192,0,0,0,0,0,0,0,0,16,0,7168,0,0
409,512,32,8,1024,2048,500,proj,512,512,512,wsap,512,4608,2048,2048,0,0,0,8192,0,0,0,0,0,0,0,0,16,0,7168,0,0
409,512,40,16,64,204,500,proj,512,512,512,wspp,64,576,2080,2080,0,0,0,832,0,0,0,0,5824,0,4032,0,8,0,768,5376,0
409,256,64,8,2048,16,500,proj,512,512,512,wspp,1024,4096,4096,0,0,16,0,4080,4096,0,0,0,0,0,0,0,8,4096,7168,0,0
409,256,80,16,256,51,500,proj,512,512,512,wspp,256,1024,4480,0,0,896,0,0,896,0,2688,0,0,2688,3072,0,4,3584,1536,4608,0
409,512,32,8,512,512,500,proj,512,512,512,isap,512,4608,2048,2048,0,0,0,8192,0,0,0,0,0,0,0,0,16,0,7168,0,0
409,512,32,16,256,1024,500,proj,512,512,512,isap,512,4608,4096,4096,0,0,0,8192,0,0,0,0,0,0,0,0,16,0,7680,0,0
409,512,32,8,1024,2048,500,proj,512,512,512,wsap,512,4608,2048,2048,0,0,0,8192,0,0,0,0,0,0,0,0,16,0,7168,0,0
409,384,32,8,1365,4096,500,proj,512,512,512,wsap,1024,6144,4096,0,8192,0,0,8192,0,0,0,0,0,0,0,0,16,0,0,0,0
409,512,40,16,64,204,500,proj,512,512,512,wspp,64,576,2080,2080,0,0,0,832,0,0,0,0,5824,0,4032,0,8,0,768,5376,0
409,384,40,8,42,204,500,proj,512,512,512,isap,1024,6144,104000,0,6656,0,0,6656,0,0,0,0,0,0,0,0,400,0,0,0,0
409,256,64,8,2048,16,500,proj,512,512,512,wspp,1024,4096,4096,0,0,16,0,4080,4096,0,0,0,0,0,0,0,8,4096,7168,0,0
409,384,64,4,682,32,500,proj,512,512,512,wsap,682,4092,4096,0,2728,0,0,2728,0,1368,0,0,1368,0,16416,0,16,0,0,0,0
409,256,80,16,256,51,500,proj,512,512,512,wspp,256,1024,4480,0,0,896,0,0,896,0,2688,0,0,2688,3072,0,4,3584,1536,4608,0
409,128,88,16,256,46,500,proj,512,512,512,isap,2048,2048,67584,0,9216,0,0,3072,0,0,0,0,0,0,0,0,0,0,0,0,0
409,512,32,8,512,512,500,proj,512,512,512,isap,512,4608,2048,2048,0,0,0,8192,0,0,0,0,0,0,0,0,16,0,7168,0,0
409,512,32,8,1024,2048,500,proj,512,512,512,wsap,512,4608,2048,2048,0,0,0,8192,0,0,0,0,0,0,0,0,16,0,7168,0,0
409,512,40,16,64,204,500,proj,512,512,512,wspp,64,576,2080,2080,0,0,0,832,0,0,0,0,5824,0,4032,0,8,0,768,5376,0
409,256,64,8,2048,16,500,proj,512,512,512,wspp,1024,4096,4096,0,0,16,0,4080,4096,0,0,0,0,0,0,0,8,4096,7168,0,0
409,256,80,16,256,51,500,proj,512,512,512,wspp,256,1024,4480,0,0,896,0,0,896,0,2688,0,0,2688,3072,0,4,3584,1536,4608,0
409,512,32,8,512,512,500,proj,512,512,512,isap,512,4608,2048,2048,0,0,0,8192,0,0,0,0,0,0,0,0,16,0,7168,0,0
409,512,32,8,1024,1024,500,proj,512,512,512,wspp,512,4608,2048,2048,0,0,0,8192,0,0,0,0,0,0,0,0,16,0,7168,0,0
409,512,32,8,1024,2048,500,proj,512,512,512,wsap,512,4608,2048,2048,0,0,0,8192,0,0,0,0,0,0,0,0,16,0,7168,0,0
409,384,40,16,2730,1638,500,proj,512,512,512,wspp,1024,6144,4160,0,0,2127,0,4529,6656,0,0,0,0,0,0,1044,8,5612,11776,0,0
409,512,40,16,64,204,500,proj,512,512,512,wspp,64,576,2080,2080,0,0,0,832,0,0,0,0,5824,0,4032,0,8,0,768,5376,0
409,512,32,16,128,128,500,proj,512,512,512,wspp,128,1152,2048,2048,0,0,0,2048,0,0,0,0,6144,0,3456,0,8,0,1920,5760,0
409,256,64,8,2048,16,500,proj,512,512,512,wspp,1024,4096,4096,0,0,16,0,4080,4096,0,0,0,0,0,0,0,8,4096,7168,0,0
409,128,72,4,8192,28,500,proj,512,512,512,isap,2048,2048,9216,0,12288,0,0,4096,0,0,0,0,0,0,0,0,0,0,0,0,0
409,256,80,16,256,51,500,proj,512,512,512,wspp,256,1024,4480,0,0,896,0,0,896,0,2688,0,0,2688,3072,0,4,3584,1536,4608,0
409,128,80,16,256,102,500,proj,512,512,512,wspp,256,256,8960,0,0,102,452,346,892,0,0,2240,3136,7168,2240,8952,0,6276,1472,10304,0
409,512,32,8,1024,1024,500,proj,512,512,512,wspp,512,4608,2048,2048,0,0,0,8192,0,0,0,0,0,0,0,0,16,0,7168,0,0
409,512,32,8,1024,2048,500,proj,512,512,512,wsap,512,4608,2048,2048,0,0,0,8192,0,0,0,0,0,0,0,0,16,0,7168,0,0
409,512,40,16,64,204,500,proj,512,512,512,wspp,64,576,2080,2080,0,0,0,832,0,0,0,0,5824,0,4032,0,8,0,768,5376,0
409,256,64,8,2048,16,500,proj,512,512,512,wspp,1024,4096,4096,0,0,16,0,4080,4096,0,0,0,0,0,0,0,8,4096,7168,0,0
409,256,80,16,256,51,500,proj,512,512,512,wspp,256,1024,4480,0,0,896,0,0,896,0,2688,0,0,2688,3072,0,4,3584,1536,4608,0
409,512,32,8,1024,1024,500,proj,512,512,512,wspp,512,4608,2048,2048,0,0,0,8192,0,0,0,0,0,0,0,0,16,0,7168,0,0
409,384,24,16,1365,682,500,proj,512,512,512,isap,1024,6144,4224,0,11264,0,0,11264,0,0,0,0,0,0,0,0,12,0,0,0,0
409,512,32,8,1024,2048,500,proj,512,512,512,wsap,512,4608,2048,2048,0,0,0,8192,0,0,0,0,0,0,0,0,16,0,7168,0,0
409,384,40,16,682,819,500,proj,512,512,512,ispp,1024,6144,8320,0,0,2124,0,4532,6656,0,0,0,0,0,0,1044,16,5612,11776,0,0
409,512,40,16,64,204,500,proj,512,512,512,wspp,64,576,2080,2080,0,0,0,832,0,0,0,0,5824,0,4032,0,8,0,768,5376,0
409,640,32,8,51,256,500,proj,512,512,512,ispp,512,5632,22528,45056,0,0,0,8192,0,0,0,0,0,0,0,0,264,0,7168,0,0
409,256,64,8,2048,16,500,proj,512,512,512,wspp,1024,4096,4096,0,0,16,0,4080,4096,0,0,0,0,0,0,0,8,4096,7168,0,0
409,128,56,8,2048,36,500,proj,512,512,512,isap,2048,2048,8960,0,15360,0,0,5120,0,0,0,0,0,0,0,0,0,0,0,0,0
409,256,80,16,256,51,500,proj,512,512,512,wspp,256,1024,4480,0,0,896,0,0,896,0,2688,0,0,2688,3072,0,4,3584,1536,4608,0
409,256,72,8,128,113,500,proj,512,512,512,wspp,128,512,4608,0,0,113,0,399,512,0,0,0,3584,3584,3584,0,8,4096,896,6272,0
409,512,32,8,1024,1024,500,proj,512,512,512,wspp,512,4608,2048,2048,0,0,0,8192,0,0,0,0,0,0,0,0,16,0,7168,0,0
409,512,32,8,1024,2048,500,proj,512,512,512,wsap,512,4608,2048,2048,0,0,0,8192,0,0,0,0,0,0,0,0,16,0,7168,0,0
409,512,40,16,64,204,500,proj,512,512,512,wspp,64,576,2080,2080,0,0,0,832,0,0,0,0,5824,0,4032,0,8,0,768,5376,0
409,256,64,8,2048,16,500,proj,512,512,512,wspp,1024,4096,4096,0,0,16,0,4080,4096,0,0,0,0,0,0,0,8,4096,7168,0,0
409,256,80,16,256,51,500,proj,512,512,512,wspp,256,1024,4480,0,0,896,0,0,896,0,2688,0,0,2688,3072,0,4,3584,1536,4608,0
409,512,32,8,1024,1024,500,proj,512,512,512,wspp,512,4608,2048,2048,0,0,0,8192,0,0,0,0,0,0,0,0,16,0,7168,0,0
409,640,32,4,1638,1024,500,proj,512,512,512,ispp,512,5632,2048,4096,0,0,0,8192,0,0,0,0,0,0,0,0,48,0,6144,0,0
409,512,32,8,1024,2048,500,proj,512,512,512,wsap,512,4608,2048,2048,0,0,0,8192,0,0,0,0,0,0,0,0,16,0,7168,0,0
409,512,24,8,1024,5461,500,proj,512,512,512,wsap,512,4608,2112,2112,0,0,0,11264,0,0,0,0,0,0,0,0,24,0,9728,0,0
409,512,40,16,64,204,500,proj,512,512,512,wspp,64,576,2080,2080,0,0,0,832,0,0,0,0,5824,0,4032,0,8,0,768,5376,0
409,384,32,16,170,512,500,proj,512,512,512,wsap,170,1020,4096,0,1360,0,0,1360,0,6832,0,0,6832,0,81984,0,8,0,0,0,0
409,256,64,8,2048,16,500,proj,512,512,512,wspp,1024,4096,4096,0,0,16,0,4080,4096,0,0,0,0,0,0,0,8,4096,7168,0,0
409,128,72,4,2048,7,500,proj,512,512,512,wsap,2048,2048,9216,0,12288,0,0,4096,0,0,0,0,0,0,0,0,0,0,0,0,0
409,256,80,16,256,51,500,proj,512,512,512,wspp,256,1024,4480,0,0,896,0,0,896,0,2688,0,0,2688,3072,0,4,3584,1536,4608,0
409,128,88,32,1024,23,500,proj,512,512,512,wspp,1024,1024,8448,0,0,1536,3072,0,1536,0,1536,3072,0,1536,1024,0,0,9216,5120,5120,0
409,512,32,8,1024,1024,500,proj,512,512,512,wspp,512,4608,2048,2048,0,0,0,8192,0,0,0,0,0,0,0,0,16,0,7168,0,0
409,512,32,8,1024,2048,500,proj,512,512,512,wsap,512,4608,2048,2048,0,0,0,8192,0,0,0,0,0,0,0,0,16,0,7168,0,0
409,512,40,16,64,204,500,proj,512,512,512,wspp,64,576,2080,2080,0,0,0,832,0,0,0,0,5824,0,4032,0,8,0,768,5376,0
409,256,64,8,2048,16,500,proj,512,512,512,wspp,1024,4096,4096,0,0,16,0,4080,4096,0,0,0,0,0,0,0,8,4096,7168,0,0
409,256,80,16,256,51,500,proj,512,512,512,wspp,256,1024,4480,0,0,896,0,0,896,0,2688,0,0,2688,3072,0,4,3584,1536,4608,0
409,512,32,8,1024,1024,500,proj,512,512,512,wspp,512,4608,2048,2048,0,0,0,8192,0,0,0,0,0,0,0,0,16,0,7168,0,0
409,512,32,4,1024,1024,500,proj,512,512,512,wspp,512,4608,2048,2048,0,0,0,8192,0,0,0,0,0,0,0,0,32,0,6144,0,0
409,512,32,8,1024,2048,500,proj,512,512,512,wsap,512,4608,2048,2048,0,0,0,8192,0,0,0,0,0,0,0,0,16,0,7168,0,0
409,384,24,16,2730,5461,500,proj,512,512,512,wsap,1024,6144,4224,0,11264,0,0,11264,0,0,0,0,0,0,0,0,12,0,0,0,0
409,512,40,16,64,204,500,proj,512,512,512,wspp,64,576,2080,2080,0,0,0,832,0,0,0,0,5824,0,4032,0,8,0,768,5376,0
409,640,32,8,25,128,500,proj,512,512,512,wsap,25,275,2048,4096,0,0,0,400,0,0,0,0,7792,0,10714,0,24,0,350,6818,0
409,256,64,8,2048,16,500,proj,512,512,512,wspp,1024,4096,4096,0,0,16,0,4080,4096,0,0,0,0,0,0,0,8,4096,7168,0,0
409,256,56,4,4096,9,500,proj,512,512,512,wspp,1024,4096,4480,0,0,9,0,5111,5120,0,0,0,0,0,0,4760,20,2740,7168,0,0
409,256,80,16,256,51,500,proj,512,512,512,wspp,256,1024,4480,0,0,896,0,0,896,0,2688,0,0,2688,3072,0,4,3584,1536,4608,0
409,256,80,16,256,25,500,proj,512,512,512,isap,1024,4096,17920,0,3584,0,0,3584,0,0,0,0,0,0,0,0,16,0,0,0,0
409,512,32,4,1024,1024,500,proj,512,512,512,wspp,512,4608,2048,2048,0,0,0,8192,0,0,0,0,0,0,0,0,32,0,6144,0,0
409,512,32,8,1024,2048,500,proj,512,512,512,wsap,512,4608,2048,2048,0,0,0,8192,0,0,0,0,0,0,0,0,16,0,7168,0,0
409,512,40,16,64,204,500,proj,512,512,512,wspp,64,576,2080,2080,0,0,0,832,0,0,0,0,5824,0,4032,0,8,0,768,5376,0
409,256,64,8,2048,16,500,proj,512,512,512,wspp,1024,4096,4096,0,0,16,0,4080,4096,0,0,0,0,0,0,0,8,4096,7168,0,0
409,256,80,16,256,51,500,proj,512,512,512,wspp,256,1024,4480,0,0,896,0,0,896,0,2688,0,0,2688,3072,0,4,3584,1536,4608,0
409,512,32,4,1024,1024,500,proj,512,512,512,wspp,512,4608,2048,2048,0,0,0,8192,0,0,0,0,0,0,0,0,32,0,6144,0,0
409,512,40,4,1024,819,500,proj,512,512,512,wspp,512,4608,2080,2080,0,0,0,6656,0,0,0,0,0,0,0,0,32,0,4608,0,0
409,512,32,8,1024,2048,500,proj,512,512,512,wsap,512,4608,2048,2048,0,0,0,8192,0,0,0,0,0,0,0,0,16,0,7168,0,0
409,384,32,16,1365,1024,500,proj,512,512,512,isap,1024,6144,4096,0,8192,0,0,8192,0,0,0,0,0,0,0,0,8,0,0,0,0
409,512,40,16,64,204,500,proj,512,512,512,wspp,64,576,2080,2080,0,0,0,832,0,0,0,0,5824,0,4032,0,8,0,768,5376,0
409,640,40,8,51,102,500,proj,512,512,512,wspp,51,561,2080,4160,0,0,0,663,0,0,0,0,5993,0,10142,0,24,0,561,5071,0
409,256,64,8,2048,16,500,proj,512,512,512,wspp,1024,4096,4096,0,0,16,0,4080,4096,0,0,0,0,0,0,0,8,4096,7168,0,0
409,384,56,4,1365,18,500,proj,512,512,512,isap,1024,6144,4480,0,5120,0,0,5120,0,0,0,0,0,0,0,0,20,0,0,0,0
409,256,80,16,256,51,500,proj,512,512,512,wspp,256,1024,4480,0,0,896,0,0,896,0,2688,0,0,2688,3072,0,4,3584,1536,4608,0
409,128,72,32,1024,56,500,proj,512,512,512,ispp,2048,2048,18432,0,0,4096,8192,0,4096,0,0,0,0,0,0,0,0,12288,14336,0,0
409,512,40,4,1024,819,500,proj,512,512,512,wspp,512,4608,2080,2080,0,0,0,6656,0,0,0,0,0,0,0,0,32,0,4608,0,0
409,512,32,8,1024,2048,500,proj,512,512,512,wsap,512,4608,2048,2048,0,0,0,8192,0,0,0,0,0,0,0,0,16,0,7168,0,0
409,512,40,16,64,204,500,proj,512,512,512,wspp,64,576,2080,2080,0,0,0,832,0,0,0,0,5824,0,4032,0,8,0,768,5376,0
409,256,64,8,2048,16,500,proj,512,512,512,wspp,1024,4096,4096,0,0,16,0,4080,4096,0,0,0,0,0,0,0,8,4096,7168,0,0
409,256,80,16,256,51,500,proj,512,512,512,wspp,256,1024,4480,0,0,896,0,0,896,0,2688,0,0,2688,3072,0,4,3584,1536,4608,0
409,512,40,4,1024,819,500,proj,512,512,512,wspp,512,4608,2080,2080,0,0,0,6656,0,0,0,0,0,0,0,0,32,0,4608,0,0
409,512,32,8,2048,1024,500,proj,512,512,512,isap,512,4608,2048,2048,0,0,0,8192,0,0,0,0,0,0,0,0,16,0,7168,0,0
409,512,32,8,1024,2048,500,proj,512,512,512,wsap,512,4608,2048,2048,0,0,0,8192,0,0,0,0,0,0,0,0,16,0,7168,0,0
409,512,32,4,1024,2048,500,proj,512,512,512,isap,512,4608,2048,2048,0,0,0,8192,0,0,0,0,0,0,0,0,32,0,6144,0,0
409,512,40,16,64,204,500,proj,512,512,512,wspp,64,576,2080,2080,0,0,0,832,0,0,0,0,5824,0,4032,0,8,0,768,5376,0
409,512,32,32,32,128,500,proj,512,512,512,wspp,32,288,2048,2048,0,0,0,512,0,0,0,0,7680,0,4320,0,8,0,480,7200,0
409,256,64,8,2048,16,500,proj,512,512,512,wspp,1024,4096,4096,0,0,16,0,4080,4096,0,0,0,0,0,0,0,8,4096,7168,0,0
409,384,64,4,682,32,500,proj,512,512,512,ispp,1024,6144,8192,0,0,64,0,4032,4096,0,0,0,0,0,0,3968,32,2112,6144,0,0
409,256,80,16,256,51,500,proj,512,512,512,wspp,256,1024,4480,0,0,896,0,0,896,0,2688,0,0,2688,3072,0,4,3584,1536,4608,0
409,128,72,8,256,113,500,proj,512,512,512,wspp,256,256,9216,0,0,113,226,399,1310,0,0,0,3584,10752,1792,15932,0,4322,1792,12544,0
409,512,32,8,2048,1024,500,proj,512,512,512,isap,512,4608,2048,2048,0,0,0,8192,0,0,0,0,0,0,0,0,16,0,7168,0,0
409,512,32,4,1024,2048,500,proj,512,512,512,isap,512,4608,2048,2048,0,0,0,8192,0,0,0,0,0,0,0,0,32,0,6144,0,0
409,512,40,16,64,204,500,proj,512,512,512,wspp,64,576,2080,2080,0,0,0,832,0,0,0,0,5824,0,4032,0,8,0,768,5376,0
409,256,64,8,2048,16,500,proj,512,512,512,wspp,1024,4096,4096,0,0,16,0,4080,4096,0,0,0,0,0,0,0,8,4096,7168,0,0
409,256,80,16,256,51,500,proj,512,512,512,wspp,256,1024,4480,0,0,896,0,0,896,0,2688,0,0,2688,3072,0,4,3584,1536,4608,0
409,512,32,8,2048,1024,500,proj,512,512,512,isap,512,4608,2048,2048,0,0,0,8192,0,0,0,0,0,0,0,0,16,0,7168,0,0
409,384,32,4,1365,1024,500,proj,512,512,512,ispp,1024,6144,4096,0,0,1024,0,7168,8192,0,0,0,0,0,0,3072,32,5120,12288,0,0
409,512,32,4,1024,2048,500,proj,512,512,512,isap,512,4608,2048,2048,0,0,0,8192,0,0,0,0,0,0,0,0,32,0,6144,0,0
409,384,24,2,682,1365,500,proj,512,512,512,wsap,682,4092,4224,0,7502,0,0,7502,0,3762,0,0,3762,0,45144,0,88,0,0,0,0
409,512,40,16,64,204,500,proj,512,512,512,wspp,64,576,2080,2080,0,0,0,832,0,0,0,0,5824,0,4032,0,8,0,768,5376,0
409,384,48,8,170,85,500,proj,512,512,512,isap,1024,6144,29568,0,5632,0,0,5632,0,0,0,0,0,0,0,0,84,0,0,0,0
409,256,64,8,2048,16,500,proj,512,512,512,wspp,1024,4096,4096,0,0,16,0,4080,4096,0,0,0,0,0,0,0,8,4096,7168,0,0
409,128,64,16,2048,8,500,proj,512,512,512,wspp,2048,2048,8192,0,0,8,4104,4088,8184,0,0,0,0,0,0,8176,0,8200,14336,0,0
409,256,80,16,256,51,500,proj,512,512,512,wspp,256,1024,4480,0,0,896,0,0,896,0,2688,0,0,2688,3072,0,4,3584,1536,4608,0
409,128,80,16,1024,25,500,proj,512,512,512,ispp,2048,2048,17920,0,0,50,2626,3534,8126,0,0,0,0,0,0,9084,0,6210,11776,0,0
409,512,32,8,2048,1024,500,proj,512,512,512,isap,512,4608,2048,2048,0,0,0,8192,0,0,0,0,0,0,0,0,16,0,7168,0,0
409,512,32,4,1024,2048,500,proj,512,512,512,isap,512,4608,2048,2048,0,0,0,8192,0,0,0,0,0,0,0,0,32,0,6144,0,0
409,512,40,16,64,204,500,proj,512,512,512,wspp,64,576,2080,2080,0,0,0,832,0,0,0,0,5824,0,4032,0,8,0,768,5376,0
409,256,64,8,2048,16,500,proj,512,512,512,wspp,1024,4096,4096,0,0,16,0,4080,4096,0,0,0,0,0,0,0,8,4096,7168,0,0
409,256,80,16,256,51,500,proj,512,512,512,wspp,256,1024,4480,0,0,896,0,0,896,0,2688,0,0,2688,3072,0,4,3584,1536,4608,0
409,512,32,8,2048,1024,500,proj,512,512,512,isap,512,4608,2048,2048,0,0,0,8192,0,0,0,0,0,0,0,0,16,0,7168,0,0
409,512,24,4,4096,2730,500,proj,512,512,512,isap,512,4608,2112,2112,0,0,0,11264,0,0,0,0,0,0,0,0,48,0,8192,0,0
409,512,32,4,1024,2048,500,proj,512,512,512,isap,512,4608,2048,2048,0,0,0,8192,0,0,0,0,0,0,0,0,32,0,6144,0,0
409,384,40,8,2730,819,500,proj,512,512,512,wsap,1024,6144,4160,0,6656,0,0,6656,0,0,0,0,0,0,0,0,16,0,0,0,0
409,512,40,16,64,204,500,proj,512,512,512,wspp,64,576,2080,2080,0,0,0,832,0,0,0,0,5824,0,4032,0,8,0,768,5376,0
409,512,32,32,32,512,500,proj,512,512,512,wsap,32,288,2048,2048,0,0,0,512,0,0,0,0,7680,0,4320,0,8,0,480,7200,0
409,256,64,8,2048,16,500,proj,512,512,512,wspp,1024,4096,4096,0,0,16,0,4080,4096,0,0,0,0,0,0,0,8,4096,7168,0,0
409,128,56,8,2048,18,500,proj,512,512,512,wspp,2048,2048,8960,0,0,18,38,5102,15322,0,0,0,0,0,0,22440,0,4140,16384,0,0
409,256,80,16,256,51,500,proj,512,512,512,wspp,256,1024,4480,0,0,896,0,0,896,0,2688,0,0,2688,3072,0,4,3584,1536,4608,0
409,256,80,16,256,51,500,proj,512,512,512,wsap,256,1024,4480,0,896,0,0,896,0,2688,0,0,2688,0,21504,0,4,0,0,0,0
409,512,32,8,2048,1024,500,proj,512,512,512,isap,512,4608,2048,2048,0,0,0,8192,0,0,0,0,0,0,0,0,16,0,7168,0,0
409,512,32,4,1024,2048,500,proj,512,512,512,isap,512,4608,2048,2048,0,0,0,8192,0,0,0,0,0,0,0,0,32,0,6144,0,0
409,512,40,16,64,204,500,proj,512,512,512,wspp,64,576,2080,2080,0,0,0,832,0,0,0,0,5824,0,4032,0,8,0,768,5376,0
409,256,64,8,2048,16,500,proj,512,512,512,wspp,1024,4096,4096,0,0,16,0,4080,4096,0,0,0,0,0,0,0,8,4096,7168,0,0
409,256,80,16,256,51,500,proj,512,512,512,wspp,256,1024,4480,0,0,896,0,0,896,0,2688,0,0,2688,3072,0,4,3584,1536,4608,0
409,512,32,8,2048,1024,500,proj,512,512,512,isap,512,4608,2048,2048,0,0,0,8192,0,0,0,0,0,0,0,0,16,0,7168,0,0
409,512,40,4,2048,409,500,proj,512,512,512,wsap,512,4608,2080,2080,0,0,0,6656,0,0,0,0,0,0,0,0,32,0,4608,0,0
409,512,32,4,1024,2048,500,proj,512,512,512,isap,512,4608,2048,2048,0,0,0,8192,0,0,0,0,0,0,0,0,32,0,6144,0,0
409,512,32,4,1024,1024,500,proj,512,512,512,ispp,512,4608,2048,2048,0,0,0,8192,0,0,0,0,0,0,0,0,32,0,6144,0,0
409,512,40,16,64,204,500,proj,512,512,512,wspp,64,576,2080,2080,0,0,0,832,0,0,0,0,5824,0,4032,0,8,0,768,5376,0
409,640,32,16,25,128,500,proj,512,512,512,wsap,25,275,2048,4096,0,0,0,400,0,0,0,0,7792,0,5357,0,12,0,375,7305,0
409,256,64,8,2048,16,500,proj,512,512,512,wspp,1024,4096,4096,0,0,16,0,4080,4096,0,0,0,0,0,0,0,8,4096,7168,0,0
409,128,72,4,4096,28,500,proj,512,512,512,isap,2048,2048,9216,0,12288,0,0,4096,0,0,0,0,0,0,0,0,0,0,0,0,0
409,256,80,16,256,51,500,proj,512,512,512,wspp,256,1024,4480,0,0,896,0,0,896,0,2688,0,0,2688,3072,0,4,3584,1536,4608,0
409,128,72,32,256,28,500,proj,512,512,512,wspp,256,256,9216,0,0,512,1024,0,512,0,3584,7168,0,3584,1792,0,0,12288,1792,12544,0
409,512,32,8,2048,1024,500,proj,512,512,512,isap,512,4608,2048,2048,0,0,0,8192,0,0,0,0,0,0,0,0,16,0,7168,0,0
409,512,32,4,1024,1024,500,proj,512,512,512,ispp,512,4608,2048,2048,0,0,0,8192,0,0,0,0,0,0,0,0,32,0,6144,0,0
409,512,40,16,64,204,500,proj,512,512,512,wspp,64,576,2080,2080,0,0,0,832,0,0,0,0,5824,0,4032,0,8,0,768,5376,0
409,256,64,8,2048,16,500,proj,512,512,512,wspp,1024,4096,4096,0,0,16,0,4080,4096,0,0,0,0,0,0,0,8,4096,7168,0,0
409,256,80,16,256,51,500,proj,512,512,512,wspp,256,1024,4480,0,0,896,0,0,896,0,2688,0,0,2688,3072,0,4,3584,1536,4608,0
409,512,32,8,2048,1024,500,proj,512,512,512,isap,512,4608,2048,2048,0,0,0,8192,0,0,0,0,0,0,0,0,16,0,7168,0,0
409,640,32,4,1638,1024,500,proj,512,512,512,wsap,512,5632,2048,4096,0,0,0,8192,0,0,0,0,0,0,0,0,48,0,6144,0,0
409,512,32,4,1024,1024,500,proj,512,512,512,ispp,512,4608,2048,2048,0,0,0,8192,0,0,0,0,0,0,0,0,32,0,6144,0,0
409,384,32,8,682,1024,500,proj,512,512,512,wsap,682,4092,4096,0,5456,0,0,5456,0,2736,0,0,2736,0,32832,0,16,0,0,0,0
409,512,40,16,64,204,500,proj,512,512,512,wspp,64,576,2080,2080,0,0,0,832,0,0,0,0,5824,0,4032,0,8,0,768,5376,0
409,512,32,32,128,512,500,proj,512,512,512,ispp,512,4608,8192,8192,0,0,0,8192,0,0,0,0,0,0,0,0,32,0,7680,0,0
409,256,64,8,2048,16,500,proj,512,512,512,wspp,1024,4096,4096,0,0,16,0,4080,4096,0,0,0,0,0,0,0,8,4096,7168,0,0
409,128,72,8,8192,14,500,proj,512,512,512,ispp,2048,2048,9216,0,0,14,28,4082,12260,0,0,0,0,0,0,16328,0,4124,14336,0,0
409,256,80,16,256,51,500,proj,512,512,512,wspp,256,1024,4480,0,0,896,0,0,896,0,2688,0,0,2688,3072,0,4,3584,1536,4608,0
409,256,80,8,256,25,500,proj,512,512,512,isap,1024,4096,17920,0,3584,0,0,3584,0,0,0,0,0,0,0,0,32,0,0,0,0
409,512,32,8,2048,1024,500,proj,512,512,512,isap,512,4608,2048,2048,0,0,0,8192,0,0,0,0,0,0,0,0,16,0,7168,0,0
409,512,32,4,1024,1024,500,proj,512,512,512,ispp,512,4608,2048,2048,0,0,0,8192,0,0,0,0,0,0,0,0,32,0,6144,0,0
409,512,40,16,64,204,500,proj,512,512,512,wspp,64,576,2080,2080,0,0,0,832,0,0,0,0,5824,0,4032,0,8,0,768,5376,0
409,256,64,8,2048,16,500,proj,512,512,512,wspp,1024,4096,4096,0,0,16,0,4080,4096,0,0,0,0,0,0,0,8,4096,7168,0,0
409,256,80,16,256,51,500,proj,512,512,512,wspp,256,1024,4480,0,0,896,0,0,896,0,2688,0,0,2688,3072,0,4,3584,1536,4608,0
409,512,32,8,2048,1024,500,proj,512,512,512,isap,512,4608,2048,2048,0,0,0,8192,0,0,0,0,0,0,0,0,16,0,7168,0,0
409,512,24,16,1024,2730,500,proj,512,512,512,isap,512,4608,2112,2112,0,0,0,11264,0,0,0,0,0,0,0,0,16,0,10240,0,0
409,512,32,4,1024,1024,500,proj,512,512,512,ispp,512,4608,2048,2048,0,0,0,8192,0,0,0,0,0,0,0,0,32,0,6144,0,0
409,512,24,8,1024,682,500,proj,512,512,512,ispp,512,4608,2112,2112,0,0,0,11264,0,0,0,0,0,0,0,0,24,0,9728,0,0
409,512,40,16,64,204,500,proj,512,512,512,wspp,64,576,2080,2080,0,0,0,832,0,0,0,0,5824,0,4032,0,8,0,768,5376,0
409,384,48,16,170,85,500,proj,512,512,512,wspp,170,1020,4224,0,0,151,0,784,935,0,0,0,4697,4697,7686,2485,8,3147,1615,8113,0
409,256,64,8,2048,16,500,proj,512,512,512,wspp,1024,4096,4096,0,0,16,0,4080,4096,0,0,0,0,0,0,0,8,4096,7168,0,0
409,128,72,4,8192,28,500,proj,512,512,512,ispp,2048,2048,9216,0,0,28,56,4068,12232,0,0,0,0,0,0,20312,0,2132,12288,0,0
409,256,80,16,256,51,500,proj,512,512,512,wspp,256,1024,4480,0,0,896,0,0,896,0,2688,0,0,2688,3072,0,4,3584,1536,4608,0
409,128,80,16,1024,25,500,proj,512,512,512,wsap,1024,1024,8960,0,5376,0,0,1792,0,5376,0,0,1792,0,7168,0,0,0,0,0,0
409,512,32,8,2048,1024,500,proj,512,512,512,isap,512,4608,2048,2048,0,0,0,8192,0,0,0,0,0,0,0,0,16,0,7168,0,0
409,512,32,4,1024,1024,500,proj,512,512,512,ispp,512,4608,2048,2048,0,0,0,8192,0,0,0,0,0,0,0,0,32,0,6144,0,0
409,512,40,16,64,204,500,proj,512,512,512,wspp,64,576,2080,2080,0,0,0,832,0,0,0,0,5824,0,4032,0,8,0,768,5376,0
409,256,64,8,2048,16,500,proj,512,512,512,wspp,1024,4096,4096,0,0,16,0,4080,4096,0,0,0,0,0,0,0,8,4096,7168,0,0
409,256,80,16,256,51,500,proj,512,512,512,wspp,256,1024,4480,0,0,896,0,0,896,0,2688,0,0,2688,3072,0,4,3584,1536,4608,0
409,512,32,8,2048,1024,500,proj,512,512,512,isap,512,4608,2048,2048,0,0,0,8192,0,0,0,0,0,0,0,0,16,0,7168,0,0
409,384,40,4,2730,819,500,proj,512,512,512,isap,1024,6144,4160,0,6656,0,0,6656,0,0,0,0,0,0,0,0,28,0,0,0,0
409,512,32,4,1024,1024,500,proj,512,512,512,ispp,512,4608,2048,2048,0,0,0,8192,0,0,0,0,0,0,0,0,32,0,6144,0,0
409,512,40,8,512,409,500,proj,512,512,512,ispp,512,4608,2080,2080,0,0,0,6656,0,0,0,0,0,0,0,0,16,0,5632,0,0
409,512,40,16,64,204,500,proj,512,512,512,wspp,64,576,2080,2080,0,0,0,832,0,0,0,0,5824,0,4032,0,8,0,768,5376,0
409,512,32,8,64,256,500,proj,512,512,512,wsap,64,576,2048,2048,0,0,0,1024,0,0,0,0,7168,0,8064,0,16,0,896,6272,0
409,256,64,8,2048,16,500,proj,512,512,512,wspp,1024,4096,4096,0,0,16,0,4080,4096,0,0,0,0,0,0,0,8,4096,7168,0,0
409,256,72,4,1024,7,500,proj,512,512,512,isap,1024,4096,4608,0,4096,0,0,4096,0,0,0,0,0,0,0,0,16,0,0,0,0
409,256,80,16,256,51,500,proj,512,512,512,wspp,256,1024,4480,0,0,896,0,0,896,0,2688,0,0,2688,3072,0,4,3584,1536,4608,0
409,256,80,16,128,51,500,proj,512,512,512,wspp,128,512,4480,0,0,448,0,0,448,0,3136,0,0,3136,3584,0,4,3584,768,5376,0
409,512,32,8,2048,1024,500,proj,512,512,512,isap,512,4608,2048,2048,0,0,0,8192,0,0,0,0,0,0,0,0,16,0,7168,0,0
409,512,32,4,1024,1024,500,proj,512,512,512,ispp,512,4608,2048,2048,0,0,0,8192,0,0,0,0,0,0,0,0,32,0,6144,0,0
409,512,40,16,64,204,500,proj,512,512,512,wspp,64,576,2080,2080,0,0,0,832,0,0,0,0,5824,0,4032,0,8,0,768,5376,0
409,256,64,8,2048,16,500,proj,512,512,512,wspp,1024,4096,4096,0,0,16,0,4080,4096,0,0,0,0,0,0,0,8,4096,7168,0,0
409,256,80,16,256,51,500,proj,512,512,512,wspp,256,1024,4480,0,0,896,0,0,896,0,2688,0,0,2688,3072,0,4,3584,1536,4608,0
409,512,32,8,2048,1024,500,proj,512,512,512,isap,512,4608,2048,2048,0,0,0,8192,0,0,0,0,0,0,0,0,16,0,7168,0,0
409,384,32,4,2730,1024,500,proj,512,512,512,isap,1024,6144,4096,0,8192,0,0,8192,0,0,0,0,0,0,0,0,32,0,0,0,0
409,512,32,4,1024,1024,500,proj,512,512,512,ispp,512,4608,2048,2048,0,0,0,8192,0,0,0,0,0,0,0,0,32,0,6144,0,0
409,512,32,4,2048,512,500,proj,512,512,512,wsap,512,4608,2048,2048,0,0,0,8192,0,0,0,0,0,0,0,0,32,0,6144,0,0
409,512,40,16,64,204,500,proj,512,512,512,wspp,64,576,2080,2080,0,0,0,832,0,0,0,0,5824,0,4032,0,8,0,768,5376,0
409,384,32,32,42,128,500,proj,512,512,512,wspp,42,252,4096,0,0,336,0,0,336,0,7856,0,0,7856,5892,0,4,8192,630,14730,0
409,256,64,8,2048,16,500,proj,512,512,512,wspp,1024,4096,4096,0,0,16,0,4080,4096,0,0,0,0,0,0,0,8,4096,7168,0,0
409,384,56,4,682,36,500,proj,512,512,512,isap,1024,6144,8960,0,5120,0,0,5120,0,0,0,0,0,0,0,0,40,0,0,0,0
409,256,80,16,256,51,500,proj,512,512,512,wspp,256,1024,4480,0,0,896,0,0,896,0,2688,0,0,2688,3072,0,4,3584,1536,4608,0
409,128,80,32,512,51,500,proj,512,512,512,ispp,2048,2048,35840,0,0,3584,7168,0,3584,0,0,0,0,0,0,0,0,10752,12288,0,0
409,512,32,8,2048,1024,500,proj,512,512,512,isap,512,4608,2048,2048,0,0,0,8192,0,0,0,0,0,0,0,0,16,0,7168,0,0
409,512,32,4,2048,512,500,proj,512,512,512,wsap,512,4608,2048,2048,0,0,0,8192,0,0,0,0,0,0,0,0,32,0,6144,0,0
409,512,40,16,64,204,500,proj,512,512,512,wspp,64,576,2080,2080,0,0,0,832,0,0,0,0,5824,0,4032,0,8,0,768,5376,0
409,256,64,8,2048,16,500,proj,512,512,512,wspp,1024,4096,4096,0,0,16,0,4080,4096,0,0,0,0,0,0,0,8,4096,7168,0,0
409,256,80,16,256,51,500,proj,512,512,512,wspp,256,1024,4480,0,0,896,0,0,896,0,2688,0,0,2688,3072,0,4,3584,1536,4608,0
409,512,32,8,2048,1024,500,proj,512,512,512,isap,512,4608,2048,2048,0,0,0,8192,0,0,0,0,0,0,0,0,16,0,7168,0,0
409,512,40,4,2048,409,500,proj,512,512,512,ispp,512,4608,2080,2080,0,0,0,6656,0,0,0,0,0,0,0,0,32,0,4608,0,0
409,512,32,4,2048,512,500,proj,512,512,512,wsap,512,4608,2048,2048,0,0,0,8192,0,0,0,0,0,0,0,0,32,0,6144,0,0
409,512,24,8,1024,682,500,proj,512,512,512,isap,512,4608,2112,2112,0,0,0,11264,0,0,0,0,0,0,0,0,24,0,9728,0,0
409,512,40,16,64,204,500,proj,512,512,512,wspp,64,576,2080,2080,0,0,0,832,0,0,0,0,5824,0,4032,0,8,0,768,5376,0
409,640,32,8,25,128,500,proj,512,512,512,ispp,512,5632,43008,86016,0,0,0,8192,0,0,0,0,0,0,0,0,504,0,7168,0,0
409,256,64,8,2048,16,500,proj,512,512,512,wspp,1024,4096,4096,0,0,16,0,4080,4096,0,0,0,0,0,0,0,8,4096,7168,0,0
409,256,72,8,1024,14,500,proj,512,512,512,wsap,1024,4096,4608,0,4096,0,0,4096,0,0,0,0,0,0,0,0,8,0,0,0,0
409,256,80,16,256,51,500,proj,512,512,512,wspp,256,1024,4480,0,0,896,0,0,896,0,2688,0,0,2688,3072,0,4,3584,1536,4608,0
409,256,88,8,128,93,500,proj,512,512,512,ispp,1024,4096,33792,0,0,1104,0,1968,3072,0,0,0,0,0,0,1280,64,2432,4608,0,0
409,512,32,8,2048,1024,500,proj,512,512,512,isap,512,4608,2048,2048,0,0,0,8192,0,0,0,0,0,0,0,0,16,0,7168,0,0
409,512,32,4,2048,512,500,proj,512,512,512,wsap,512,4608,2048,2048,0,0,0,8192,0,0,0,0,0,0,0,0,32,0,6144,0,0
409,512,40,16,64,204,500,proj,512,512,512,wspp,64,576,2080,2080,0,0,0,832,0,0,0,0,5824,0,4032,0,8,0,768,5376,0
409,256,64,8,2048,16,500,proj,512,512,512,wspp,1024,4096,4096,0,0,16,0,4080,4096,0,0,0,0,0,0,0,8,4096,7168,0,0
409,256,80,16,256,51,500,proj,512,512,512,wspp,256,1024,4480,0,0,896,0,0,896,0,2688,0,0,2688,3072,0,4,3584,1536,4608,0
409,512,32,8,2048,1024,500,proj,512,512,512,isap,512,4608,2048,2048,0,0,0,8192,0,0,0,0,0,0,0,0,16,0,7168,0,0
409,384,32,4,1365,512,500,proj,512,512,512,wsap,1024,6144,4096,0,8192,0,0,8192,0,0,0,0,0,0,0,0,32,0,0,0,0
409,512,32,4,2048,512,500,proj,512,512,512,wsap,512,4608,2048,2048,0,0,0,8192,0,0,0,0,0,0,0,0,32,0,6144,0,0
409,512,32,2,4096,256,500,proj,512,512,512,ispp,512,4608,2048,2048,0,0,0,8192,0,0,0,0,0,0,0,0,64,0,4096,0,0
409,512,40,16,64,204,500,proj,512,512,512,wspp,64,576,2080,2080,0,0,0,832,0,0,0,0,5824,0,4032,0,8,0,768,5376,0
409,640,32,16,25,128,500,proj,512,512,512,ispp,512,5632,43008,86016,0,0,0,8192,0,0,0,0,0,0,0,0,252,0,7680,0,0
409,256,64,8,2048,16,500,proj,512,512,512,wspp,1024,4096,4096,0,0,16,0,4080,4096,0,0,0,0,0,0,0,8,4096,7168,0,0
409,256,56,16,4096,18,500,proj,512,512,512,wsap,1024,4096,4480,0,5120,0,0,5120,0,0,0,0,0,0,0,0,8,0,0,0,0
409,256,80,16,256,51,500,proj,512,512,512,wspp,256,1024,4480,0,0,896,0,0,896,0,2688,0,0,2688,3072,0,4,3584,1536,4608,0
409,128,80,16,512,25,500,proj,512,512,512,ispp,2048,2048,35840,0,0,100,2692,3484,8060,0,0,0,0,0,0,8952,0,6276,11776,0,0
409,512,32,8,2048,1024,500,proj,512,512,512,isap,512,4608,2048,2048,0,0,0,8192,0,0,0,0,0,0,0,0,16,0,7168,0,0
409,512,32,2,4096,256,500,proj,512,512,512,ispp,512,4608,2048,2048,0,0,0,8192,0,0,0,0,0,0,0,0,64,0,4096,0,0
409,512,40,16,64,204,500,proj,512,512,512,wspp,64,576,2080,2080,0,0,0,832,0,0,0,0,5824,0,4032,0,8,0,768,5376,0
409,256,64,8,2048,16,500,proj,512,512,512,wspp,1024,4096,4096,0,0,16,0,4080,4096,0,0,0,0,0,0,0,8,4096,7168,0,0
409,256,80,16,256,51,500,proj,512,512,512,wspp,256,1024,4480,0,0,896,0,0,896,0,2688,0,0,2688,3072,0,4,3584,1536,4608,0
409,512,32,8,2048,1024,500,proj,512,512,512,isap,512,4608,2048,2048,0,0,0,8192,0,0,0,0,0,0,0,0,16,0,7168,0,0
409,384,24,4,2730,1365,500,proj,512,512,512,wspp,1024,6144,4224,0,0,1377,0,9887,11264,0,0,0,0,0,0,4222,44,7042,16384,0,0
409,512,32,2,4096,256,500,proj,512,512,512,ispp,512,4608,2048,2048,0,0,0,8192,0,0,0,0,0,0,0,0,64,0,4096,0,0
409,512,32,2,2048,512,500,proj,512,512,512,isap,512,4608,2048,2048,0,0,0,8192,0,0,0,0,0,0,0,0,64,0,4096,0,0
409,512,40,16,64,204,500,proj,512,512,512,wspp,64,576,2080,2080,0,0,0,832,0,0,0,0,5824,0,4032,0,8,0,768,5376,0
409,384,32,8,170,512,500,proj,512,512,512,wspp,170,1020,4096,0,0,512,0,848,1360,0,0,0,6832,6832,10248,3584,16,4608,2380,11956,0
409,256,64,8,2048,16,500,proj,512,512,512,wspp,1024,4096,4096,0,0,16,0,4080,4096,0,0,0,0,0,0,0,8,4096,7168,0,0
409,256,64,16,4096,32,500,proj,512,512,512,isap,1024,4096,4096,0,4096,0,0,4096,0,0,0,0,0,0,0,0,4,0,0,0,0
409,256,80,16,256,51,500,proj,512,512,512,wspp,256,1024,4480,0,0,896,0,0,896,0,2688,0,0,2688,3072,0,4,3584,1536,4608,0
409,256,72,8,512,113,500,proj,512,512,512,wspp,512,2048,4608,0,0,113,0,1935,2048,0,0,0,2048,2048,2048,0,8,4096,3584,3584,0
409,512,32,8,2048,1024,500,proj,512,512,512,isap,512,4608,2048,2048,0,0,0,8192,0,0,0,0,0,0,0,0,16,0,7168,0,0
409,512,32,2,2048,512,500,proj,512,512,512,isap,512,4608,2048,2048,0,0,0,8192,0,0,0,0,0,0,0,0,64,0,4096,0,0
409,512,40,16,64,204,500,proj,512,512,512,wspp,64,576,2080,2080,0,0,0,832,0,0,0,0,5824,0,4032,0,8,0,768,5376,0
409,256,64,16,4096,32,500,proj,512,512,512,isap,1024,4096,4096,0,4096,0,0,4096,0,0,0,0,0,0,0,0,4,0,0,0,0
409,256,80,16,256,51,500,proj,512,512,512,wspp,256,1024,4480,0,0,896,0,0,896,0,2688,0,0,2688,3072,0,4,3584,1536,4608,0
409,512,32,8,2048,1024,500,proj,512,512,512,isap,512,4608,2048,2048,0,0,0,8192,0,0,0,0,0,0,0,0,16,0,7168,0,0
409,512,24,16,2048,1365,500,proj,512,512,512,isap,512,4608,2112,2112,0,0,0,11264,0,0,0,0,0,0,0,0,16,0,10240,0,0
409,512,32,2,2048,512,500,proj,512,512,512,isap,512,4608,2048,2048,0,0,0,8192,0,0,0,0,0,0,0,0,64,0,4096,0,0
409,384,32,2,5461,1024,500,proj,512,512,512,isap,1024,6144,4096,0,8192,0,0,8192,0,0,0,0,0,0,0,0,64,0,0,0,0
409,512,40,16,64,204,500,proj,512,512,512,wspp,64,576,2080,2080,0,0,0,832,0,0,0,0,5824,0,4032,0,8,0,768,5376,0
409,512,40,16,32,409,500,proj,512,512,512,wsap,32,288,2080,2080,0,0,0,416,0,0,0,0,6240,0,4320,0,8,0,384,5760,0
409,256,64,16,4096,32,500,proj,512,512,512,isap,1024,4096,4096,0,4096,0,0,4096,0,0,0,0,0,0,0,0,4,0,0,0,0
409,128,72,32,4096,28,500,proj,512,512,512,wspp,2048,2048,9216,0,0,4096,8192,0,4096,0,0,0,0,0,0,0,0,12288,14336,0,0
409,256,80,16,256,51,500,proj,512,512,512,wspp,256,1024,4480,0,0,896,0,0,896,0,2688,0,0,2688,3072,0,4,3584,1536,4608,0
409,256,72,8,128,113,500,proj,512,512,512,isap,1024,4096,36864,0,4096,0,0,4096,0,0,0,0,0,0,0,0,64,0,0,0,0
409,512,32,8,2048,1024,500,proj,512,512,512,isap,512,4608,2048,2048,0,0,0,8192,0,0,0,0,0,0,0,0,16,0,7168,0,0
409,512,32,2,2048,512,500,proj,512,512,512,isap,512,4608,2048,2048,0,0,0,8192,0,0,0,0,0,0,0,0,64,0,4096,0,0
409,512,40,16,32,409,500,proj,512,512,512,wsap,32,288,2080,2080,0,0,0,416,0,0,0,0,6240,0,4320,0,8,0,384,5760,0
409,256,64,16,4096,32,500,proj,512,512,512,isap,1024,4096,4096,0,4096,0,0,4096,0,0,0,0,0,0,0,0,4,0,0,0,0
409,256,80,16,256,51,500,proj,512,512,512,wspp,256,1024,4480,0,0,896,0,0,896,0,2688,0,0,2688,3072,0,4,3584,1536,4608,0
409,512,32,8,2048,1024,500,proj,512,512,512,isap,512,4608,2048,2048,0,0,0,8192,0,0,0,0,0,0,0,0,16,0,7168,0,0
409,640,24,4,3276,682,500,proj,512,512,512,ispp,512,5632,2112,4224,0,0,0,11264,0,0,0,0,0,0,0,0,72,0,8192,0,0
409,512,32,2,2048,512,500,proj,512,512,512,isap,512,4608,2048,2048,0,0,0,8192,0,0,0,0,0,0,0,0,64,0,4096,0,0
409,512,40,2,2048,819,500,proj,512,512,512,wsap,512,4608,2080,2080,0,0,0,6656,0,0,0,0,0,0,0,0,56,0,3072,0,0
409,512,40,16,32,409,500,proj,512,512,512,wsap,32,288,2080,2080,0,0,0,416,0,0,0,0,6240,0,4320,0,8,0,384,5760,0
409,512,40,8,16,409,500,proj,512,512,512,wsap,16,144,2080,2080,0,0,0,208,0,0,0,0,6448,0,8928,0,16,0,176,5456,0
409,256,64,16,4096,32,500,proj,512,512,512,isap,1024,4096,4096,0,4096,0,0,4096,0,0,0,0,0,0,0,0,4,0,0,0,0
409,256,72,8,4096,56,500,proj,512,512,512,isap,1024,4096,4608,0,4096,0,0,4096,0,0,0,0,0,0,0,0,8,0,0,0,0
409,256,80,16,256,51,500,proj,512,512,512,wspp,256,1024,4480,0,0,896,0,0,896,0,2688,0,0,2688,3072,0,4,3584,1536,4608,0
409,256,72,16,512,56,500,proj,512,512,512,wspp,512,2048,4608,0,0,2048,0,0,2048,0,2048,0,0,2048,2048,0,4,4096,3584,3584,0
409,512,32,8,2048,1024,500,proj,512,512,512,isap,512,4608,2048,2048,0,0,0,8192,0,0,0,0,0,0,0,0,16,0,7168,0,0
409,512,32,2,2048,512,500,proj,512,512,512,isap,512,4608,2048,2048,0,0,0,8192,0,0,0,0,0,0,0,0,64,0,4096,0,0
409,512,40,16,32,409,500,proj,512,512,512,wsap,32,288,2080,2080,0,0,0,416,0,0,0,0,6240,0,4320,0,8,0,384,5760,0
409,256,64,16,4096,32,500,proj,512,512,512,isap,1024,4096,4096,0,4096,0,0,4096,0,0,0,0,0,0,0,0,4,0,0,0,0
409,256,80,16,256,51,500,proj,512,512,512,wspp,256,1024,4480,0,0,896,0,0,896,0,2688,0,0,2688,3072,0,4,3584,1536,4608,0
409,512,32,8,2048,1024,500,proj,512,512,512,isap,512,4608,2048,2048,0,0,0,8192,0,0,0,0,0,0,0,0,16,0,7168,0,0
409,640,24,4,1638,1365,500,proj,512,512,512,isap,512,5632,2112,4224,0,0,0,11264,0,0,0,0,0,0,0,0,72,0,8192,0,0
409,512,32,2,2048,512,500,proj,512,512,512,isap,512,4608,2048,2048,0,0,0,8192,0,0,0,0,0,0,0,0,64,0,4096,0,0
409,640,24,2,819,1365,500,proj,512,512,512,isap,512,5632,2112,4224,0,0,0,11264,0,0,0,0,0,0,0,0,132,0,5632,0,0
409,512,40,16,32,409,500,proj,512,512,512,wsap,32,288,2080,2080,0,0,0,416,0,0,0,0,6240,0,4320,0,8,0,384,5760,0
409,384,40,32,85,819,500,proj,512,512,512,wsap,84,504,4160,0,546,0,0,546,0,6110,0,0,6110,0,73320,0,4,0,0,0,0
409,256,64,16,4096,32,500,proj,512,512,512,isap,1024,4096,4096,0,4096,0,0,4096,0,0,0,0,0,0,0,0,4,0,0,0,0
409,256,56,32,2048,36,500,proj,512,512,512,ispp,1024,4096,4480,0,0,5120,0,0,5120,0,0,0,0,0,0,0,4,5120,9216,0,0
409,256,80,16,256,51,500,proj,512,512,512,wspp,256,1024,4480,0,0,896,0,0,896,0,2688,0,0,2688,3072,0,4,3584,1536,4608,0
409,128,88,32,1024,93,500,proj,512,512,512,wspp,1024,1024,8448,0,0,1536,3072,0,1536,0,1536,3072,0,1536,1024,0,0,9216,5120,5120,0
409,512,32,8,2048,1024,500,proj,512,512,512,isap,512,4608,2048,2048,0,0,0,8192,0,0,0,0,0,0,0,0,16,0,7168,0,0
409,512,32,2,2048,512,500,proj,512,512,512,isap,512,4608,2048,2048,0,0,0,8192,0,0,0,0,0,0,0,0,64,0,4096,0,0
409,512,40,16,32,409,500,proj,512,512,512,wsap,32,288,2080,2080,0,0,0,416,0,0,0,0,6240,0,4320,0,8,0,384,5760,0
409,256,64,16,4096,32,500,proj,512,512,512,isap,1024,4096,4096,0,4096,0,0,4096,0,0,0,0,0,0,0,0,4,0,0,0,0
409,256,80,16,256,51,500,proj,512,512,512,wspp,256,1024,4480,0,0,896,0,0,896,0,2688,0,0,2688,3072,0,4,3584,1536,4608,0
409,512,32,8,2048,1024,500,proj,512,512,512,isap,512,4608,2048,2048,0,0,0,8192,0,0,0,0,0,0,0,0,16,0,7168,0,0
409,512,32,16,1024,2048,500,proj,512,512,512,wspp,512,4608,2048,2048,0,0,0,8192,0,0,0,0,0,0,0,0,8,0,7680,0,0
409,512,32,2,2048,512,500,proj,512,512,512,isap,512,4608,2048,2048,0,0,0,8192,0,0,0,0,0,0,0,0,64,0,4096,0,0
409,640,32,4,819,256,500,proj,512,512,512,wspp,512,5632,2048,4096,0,0,0,8192,0,0,0,0,0,0,0,0,48,0,6144,0,0
409,512,40,16,32,409,500,proj,512,512,512,wsap,32,288,2080,2080,0,0,0,416,0,0,0,0,6240,0,4320,0,8,0,384,5760,0
409,640,32,8,51,1024,500,proj,512,512,512,isap,512,5632,22528,45056,0,0,0,8192,0,0,0,0,0,0,0,0,264,0,7168,0,0
409,256,64,16,4096,32,500,proj,512,512,512,isap,1024,4096,4096,0,4096,0,0,4096,0,0,0,0,0,0,0,0,4,0,0,0,0
409,128,56,8,4096,18,500,proj,512,512,512,isap,2048,2048,8960,0,15360,0,0,5120,0,0,0,0,0,0,0,0,0,0,0,0,0
409,256,80,16,256,51,500,proj,512,512,512,wspp,256,1024,4480,0,0,896,0,0,896,0,2688,0,0,2688,3072,0,4,3584,1536,4608,0
409,256,80,8,256,25,500,proj,512,512,512,wsap,256,1024,4480,0,896,0,0,896,0,2688,0,0,2688,0,21504,0,8,0,0,0,0
409,512,32,16,1024,2048,500,proj,512,512,512,wspp,512,4608,2048,2048,0,0,0,8192,0,0,0,0,0,0,0,0,8,0,7680,0,0
409,512,32,2,2048,512,500,proj,512,512,512,isap,512,4608,2048,2048,0,0,0,8192,0,0,0,0,0,0,0,0,64,0,4096,0,0
409,512,40,16,32,409,500,proj,512,512,512,wsap,32,288,2080,2080,0,0,0,416,0,0,0,0,6240,0,4320,0,8,0,384,5760,0
409,256,64,16,4096,32,500,proj,512,512,512,isap,1024,4096,4096,0,4096,0,0,4096,0,0,0,0,0,0,0,0,4,0,0,0,0
409,256,80,16,256,51,500,proj,512,512,512,wspp,256,1024,4480,0,0,896,0,0,896,0,2688,0,0,2688,3072,0,4,3584,1536,4608,0
409,512,32,16,1024,2048,500,proj,512,512,512,wspp,512,4608,2048,2048,0,0,0,8192,0,0,0,0,0,0,0,0,8,0,7680,0,0
409,512,40,8,512,819,500,proj,512,512,512,ispp,512,4608,2080,2080,0,0,0,6656,0,0,0,0,0,0,0,0,16,0,5632,0,0
409,512,32,2,2048,512,500,proj,512,512,512,isap,512,4608,2048,2048,0,0,0,8192,0,0,0,0,0,0,0,0,64,0,4096,0,0
409,384,24,4,2730,341,500,proj,512,512,512,isap,1024,6144,4224,0,11264,0,0,11264,0,0,0,0,0,0,0,0,44,0,0,0,0
409,512,40,16,32,409,500,proj,512,512,512,wsap,32,288,2080,2080,0,0,0,416,0,0,0,0,6240,0,4320,0,8,0,384,5760,0
409,384,32,16,42,1024,500,proj,512,512,512,ispp,1024,6144,102400,0,0,8192,0,0,8192,0,0,0,0,0,0,0,200,8192,15360,0,0
409,256,64,16,4096,32,500,proj,512,512,512,isap,1024,4096,4096,0,4096,0,0,4096,0,0,0,0,0,0,0,0,4,0,0,0,0
409,256,56,32,2048,73,500,proj,512,512,512,isap,1024,4096,4480,0,5120,0,0,5120,0,0,0,0,0,0,0,0,4,0,0,0,0
409,256,80,16,256,51,500,proj,512,512,512,wspp,256,1024,4480,0,0,896,0,0,896,0,2688,0,0,2688,3072,0,4,3584,1536,4608,0
409,128,80,8,256,51,500,proj,512,512,512,wspp,256,256,8960,0,0,51,128,397,1216,0,0,0,3136,9408,3136,17074,0,2215,1344,9408,0
409,512,40,8,512,819,500,proj,512,512,512,ispp,512,4608,2080,2080,0,0,0,6656,0,0,0,0,0,0,0,0,16,0,5632,0,0
409,512,32,2,2048,512,500,proj,512,512,512,isap,512,4608,2048,2048,0,0,0,8192,0,0,0,0,0,0,0,0,64,0,4096,0,0
409,512,40,16,32,409,500,proj,512,512,512,wsap,32,288,2080,2080,0,0,0,416,0,0,0,0,6240,0,4320,0,8,0,384,5760,0
409,256,64,16,4096,32,500,proj,512,512,512,isap,1024,4096,4096,0,4096,0,0,4096,0,0,0,0,0,0,0,0,4,0,0,0,0
409,256,80,16,256,51,500,proj,512,512,512,wspp,256,1024,4480,0,0,896,0,0,896,0,2688,0,0,2688,3072,0,4,3584,1536,4608,0
409,512,40,8,512,819,500,proj,512,512,512,ispp,512,4608,2080,2080,0,0,0,6656,0,0,0,0,0,0,0,0,16,0,5632,0,0
409,512,40,4,1024,409,500,proj,512,512,512,isap,512,4608,2080,2080,0,0,0,6656,0,0,0,0,0,0,0,0,32,0,4608,0,0
409,512,32,2,2048,512,500,proj,512,512,512,isap,512,4608,2048,2048,0,0,0,8192,0,0,0,0,0,0,0,0,64,0,4096,0,0
409,384,32,2,5461,256,500,proj,512,512,512,wspp,1024,6144,4096,0,0,256,0,7936,8192,0,0,0,0,0,0,3836,64,4356,8192,0,0
409,512,40,16,32,409,500,proj,512,512,512,wsap,32,288,2080,2080,0,0,0,416,0,0,0,0,6240,0,4320,0,8,0,384,5760,0
409,384,40,32,85,409,500,proj,512,512,512,wsap,84,504,4160,0,546,0,0,546,0,6110,0,0,6110,0,73320,0,4,0,0,0,0
409,256,64,16,4096,32,500,proj,512,512,512,isap,1024,4096,4096,0,4096,0,0,4096,0,0,0,0,0,0,0,0,4,0,0,0,0
409,256,56,16,2048,73,500,proj,512,512,512,isap,1024,4096,4480,0,5120,0,0,5120,0,0,0,0,0,0,0,0,8,0,0,0,0
409,256,80,16,256,51,500,proj,512,512,512,wspp,256,1024,4480,0,0,896,0,0,896,0,2688,0,0,2688,3072,0,4,3584,1536,4608,0
409,128,72,16,256,113,500,proj,512,512,512,wspp,256,256,9216,0,0,113,625,399,911,0,0,3584,3584,7168,1792,7966,0,8305,1792,12544,0
409,512,40,4,1024,409,500,proj,512,512,512,isap,512,4608,2080,2080,0,0,0,6656,0,0,0,0,0,0,0,0,32,0,4608,0,0
409,512,32,2,2048,512,500,proj,512,512,512,isap,512,4608,2048,2048,0,0,0,8192,0,0,0,0,0,0,0,0,64,0,4096,0,0
409,512,40,16,32,409,500,proj,512,512,512,wsap,32,288,2080,2080,0,0,0,416,0,0,0,0,6240,0,4320,0,8,0,384,5760,0
409,256,64,16,4096,32,500,proj,512,512,512,isap,1024,4096,4096,0,4096,0,0,4096,0,0,0,0,0,0,0,0,4,0,0,0,0
409,256,80,16,256,51,500,proj,512,512,512,wspp,256,1024,4480,0,0,896,0,0,896,0,2688,0,0,2688,3072,0,4,3584,1536,4608,0
409,512,40,4,1024,409,500,proj,512,512,512,isap,512,4608,2080,2080,0,0,0,6656,0,0,0,0,0,0,0,0,32,0,4608,0,0
409,512,40,4,1024,409,500,proj,512,512,512,wspp,512,4608,2080,2080,0,0,0,6656,0,0,0,0,0,0,0,0,32,0,4608,0,0
409,512,32,2,2048,512,500,proj,512,512,512,isap,512,4608,2048,2048,0,0,0,8192,0,0,0,0,0,0,0,0,64,0,4096,0,0
409,384,32,2,1365,1024,500,proj,512,512,512,wsap,1024,6144,4096,0,8192,0,0,8192,0,0,0,0,0,0,0,0,64,0,0,0,0
409,512,40,16,32,409,500,proj,512,512,512,wsap,32,288,2080,2080,0,0,0,416,0,0,0,0,6240,0,4320,0,8,0,384,5760,0
409,384,48,8,21,682,500,proj,512,512,512,ispp,1024,6144,219648,0,0,5632,0,0,5632,0,0,0,0,0,0,0,624,5632,9216,0,0
409,256,64,16,4096,32,500,proj,512,512,512,isap,1024,4096,4096,0,4096,0,0,4096,0,0,0,0,0,0,0,0,4,0,0,0,0
409,128,72,16,16384,14,500,proj,512,512,512,ispp,2048,2048,9216,0,0,14,4110,4082,8178,0,0,0,0,0,0,8164,0,8206,14336,0,0
409,256,80,16,256,51,500,proj,512,512,512,wspp,256,1024,4480,0,0,896,0,0,896,0,2688,0,0,2688,3072,0,4,3584,1536,4608,0
409,256,80,8,512,25,500,proj,512,512,512,isap,1024,4096,8960,0,3584,0,0,3584,0,0,0,0,0,0,0,0,16,0,0,0,0
409,512,40,4,1024,409,500,proj,512,512,512,wspp,512,4608,2080,2080,0,0,0,6656,0,0,0,0,0,0,0,0,32,0,4608,0,0
409,512,32,2,2048,512,500,proj,512,512,512,isap,512,4608,2048,2048,0,0,0,8192,0,0,0,0,0,0,0,0,64,0,4096,0,0
409,512,40,16,32,409,500,proj,512,512,512,wsap,32,288,2080,2080,0,0,0,416,0,0,0,0,6240,0,4320,0,8,0,384,5760,0
409,256,64,16,4096,32,500,proj,512,512,512,isap,1024,4096,4096,0,4096,0,0,4096,0,0,0,0,0,0,0,0,4,0,0,0,0
409,256,80,16,256,51,500,proj,512,512,512,wspp,256,1024,4480,0,0,896,0,0,896,0,2688,0,0,2688,3072,0,4,3584,1536,4608,0
409,512,40,4,1024,409,500,proj,512,512,512,wspp,512,4608,2080,2080,0,0,0,6656,0,0,0,0,0,0,0,0,32,0,4608,0,0
409,384,40,2,2730,204,500,proj,512,512,512,isap,1024,6144,4160,0,6656,0,0,6656,0,0,0,0,0,0,0,0,52,0,0,0,0
409,512,32,2,2048,512,500,proj,512,512,512,isap,512,4608,2048,2048,0,0,0,8192,0,0,0,0,0,0,0,0,64,0,4096,0,0
409,640,24,4,1638,1365,500,proj,512,512,512,wspp,512,5632,2112,4224,0,0,0,11264,0,0,0,0,0,0,0,0,72,0,8192,0,0
409,512,40,16,32,409,500,proj,512,512,512,wsap,32,288,2080,2080,0,0,0,416,0,0,0,0,6240,0,4320,0,8,0,384,5760,0
409,384,32,32,85,1024,500,proj,512,512,512,wsap,84,504,4096,0,672,0,0,672,0,7520,0,0,7520,0,90240,0,4,0,0,0,0
409,256,64,16,4096,32,500,proj,512,512,512,isap,1024,4096,4096,0,4096,0,0,4096,0,0,0,0,0,0,0,0,4,0,0,0,0
409,128,56,32,16384,18,500,proj,512,512,512,wspp,2048,2048,8960,0,0,22,44,5098,15316,0,0,0,0,0,0,22428,0,4146,17920,0,0
409,256,80,16,256,51,500,proj,512,512,512,wspp,256,1024,4480,0,0,896,0,0,896,0,2688,0,0,2688,3072,0,4,3584,1536,4608,0
409,256,80,16,128,51,500,proj,512,512,512,wspp,128,512,4480,0,0,448,0,0,448,0,3136,0,0,3136,3584,0,4,3584,768,5376,0
409,512,40,4,1024,409,500,proj,512,512,512,wspp,512,4608,2080,2080,0,0,0,6656,0,0,0,0,0,0,0,0,32,0,4608,0,0
409,512,32,2,2048,512,500,proj,512,512,512,isap,512,4608,2048,2048,0,0,0,8192,0,0,0,0,0,0,0,0,64,0,4096,0,0
409,512,40,16,32,409,500,proj,512,512,512,wsap,32,288,2080,2080,0,0,0,416,0,0,0,0,6240,0,4320,0,8,0,384,5760,0
409,256,64,16,4096,32,500,proj,512,512,512,isap,1024,4096,4096,0,4096,0,0,4096,0,0,0,0,0,0,0,0,4,0,0,0,0
409,256,80,16,256,51,500,proj,512,512,512,wspp,256,1024,4480,0,0,896,0,0,896,0,2688,0,0,2688,3072,0,4,3584,1536,4608,0
409,512,40,4,1024,409,500,proj,512,512,512,wspp,512,4608,2080,2080,0,0,0,6656,0,0,0,0,0,0,0,0,32,0,4608,0,0
409,384,48,2,2730,170,500,proj,512,512,512,ispp,1024,6144,4224,0,0,171,0,5461,5632,0,0,0,0,0,0,2619,44,3013,5120,0,0
409,512,32,2,2048,512,500,proj,512,512,512,isap,512,4608,2048,2048,0,0,0,8192,0,0,0,0,0,0,0,0,64,0,4096,0,0
409,512,24,4,4096,682,500,proj,512,512,512,isap,512,4608,2112,2112,0,0,0,11264,0,0,0,0,0,0,0,0,48,0,8192,0,0
409,512,40,16,32,409,500,proj,512,512,512,wsap,32,288,2080,2080,0,0,0,416,0,0,0,0,6240,0,4320,0,8,0,384,5760,0
409,384,40,16,85,409,500,proj,512,512,512,wsap,84,504,4160,0,546,0,0,546,0,6110,0,0,6110,0,73320,0,8,0,0,0,0
409,256,64,16,4096,32,500,proj,512,512,512,isap,1024,4096,4096,0,4096,0,0,4096,0,0,0,0,0,0,0,0,4,0,0,0,0
409,128,72,32,4096,28,500,proj,512,512,512,isap,2048,2048,9216,0,12288,0,0,4096,0,0,0,0,0,0,0,0,0,0,0,0,0
409,256,80,16,256,51,500,proj,512,512,512,wspp,256,1024,4480,0,0,896,0,0,896,0,2688,0,0,2688,3072,0,4,3584,1536,4608,0
409,128,72,8,1024,56,500,proj,512,512,512,ispp,2048,2048,18432,0,0,112,224,3984,12064,0,0,0,0,0,0,15936,0,4320,14336,0,0
409,512,40,4,1024,409,500,proj,512,512,512,wspp,512,4608,2080,2080,0,0,0,6656,0,0,0,0,0,0,0,0,32,0,4608,0,0
409,512,32,2,2048,512,500,proj,512,512,512,isap,512,4608,2048,2048,0,0,0,8192,0,0,0,0,0,0,0,0,64,0,4096,0,0
409,512,40,16,32,409,500,proj,512,512,512,wsap,32,288,2080,2080,0,0,0,416,0,0,0,0,6240,0,4320,0,8,0,384,5760,0
409,256,64,16,4096,32,500,proj,512,512,512,isap,1024,4096,4096,0,4096,0,0,4096,0,0,0,0,0,0,0,0,4,0,0,0,0
409,256,80,16,256,51,500,proj,512,512,512,wspp,256,1024,4480,0,0,896,0,0,896,0,2688,0,0,2688,3072,0,4,3584,1536,4608,0
409,512,40,4,1024,409,500,proj,512,512,512,wspp,512,4608,2080,2080,0,0,0,6656,0,0,0,0,0,0,0,0,32,0,4608,0,0
409,640,32,2,409,256,500,proj,512,512,512,wspp,409,4499,2048,4096,0,0,0,6544,0,0,0,0,1648,0,9064,0,96,0,3272,824,0
409,512,32,2,2048,512,500,proj,512,512,512,isap,512,4608,2048,2048,0,0,0,8192,0,0,0,0,0,0,0,0,64,0,4096,0,0
409,384,32,2,5461,1024,500,proj,512,512,512,wspp,1024,6144,4096,0,0,1024,0,7168,8192,0,0,0,0,0,0,3066,64,5126,8192,0,0
409,512,40,16,32,409,500,proj,512,512,512,wsap,32,288,2080,2080,0,0,0,416,0,0,0,0,6240,0,4320,0,8,0,384,5760,0
409,384,40,16,85,204,500,proj,512,512,512,ispp,1024,6144,54080,0,0,3272,0,3384,6656,0,0,0,0,0,0,756,104,5900,11776,0,0
409,256,64,16,4096,32,500,proj,512,512,512,isap,1024,4096,4096,0,4096,0,0,4096,0,0,0,0,0,0,0,0,4,0,0,0,0
409,256,56,8,2048,36,500,proj,512,512,512,ispp,1024,4096,4480,0,0,44,0,5076,5120,0,0,0,0,0,0,6036,12,2102,8192,0,0
409,256,80,16,256,51,500,proj,512,512,512,wspp,256,1024,4480,0,0,896,0,0,896,0,2688,0,0,2688,3072,0,4,3584,1536,4608,0
409,128,80,16,512,51,500,proj,512,512,512,wspp,512,512,8960,0,0,51,707,845,1981,0,0,1920,2688,6144,1920,9082,0,6211,2944,8832,0
409,512,40,4,1024,409,500,proj,512,512,512,wspp,512,4608,2080,2080,0,0,0,6656,0,0,0,0,0,0,0,0,32,0,4608,0,0
409,512,32,2,2048,512,500,proj,512,512,512,isap,512,4608,2048,2048,0,0,0,8192,0,0,0,0,0,0,0,0,64,0,4096,0,0
409,512,40,16,32,409,500,proj,512,512,512,wsap,32,288,2080,2080,0,0,0,416,0,0,0,0,6240,0,4320,0,8,0,384,5760,0
409,256,64,16,4096,32,500,proj,512,512,512,isap,1024,4096,4096,0,4096,0,0,4096,0,0,0,0,0,0,0,0,4,0,0,0,0
409,256,80,16,256,51,500,proj,512,512,512,wspp,256,1024,4480,0,0,896,0,0,896,0,2688,0,0,2688,3072,0,4,3584,1536,4608,0
409,512,40,4,1024,409,500,proj,512,512,512,wspp,512,4608,2080,2080,0,0,0,6656,0,0,0,0,0,0,0,0,32,0,4608,0,0
409,512,32,2,512,512,500,proj,512,512,512,wsap,512,4608,2048,2048,0,0,0,8192,0,0,0,0,0,0,0,0,64,0,4096,0,0
409,512,32,2,2048,512,500,proj,512,512,512,isap,512,4608,2048,2048,0,0,0,8192,0,0,0,0,0,0,0,0,64,0,4096,0,0
409,640,24,2,819,341,500,proj,512,512,512,ispp,512,5632,2112,4224,0,0,0,11264,0,0,0,0,0,0,0,0,132,0,5632,0,0
409,512,40,16,32,409,500,proj,512,512,512,wsap,32,288,2080,2080,0,0,0,416,0,0,0,0,6240,0,4320,0,8,0,384,5760,0
409,384,40,32,85,819,500,proj,512,512,512,ispp,1024,6144,54080,0,0,6656,0,0,6656,0,0,0,0,0,0,0,52,6656,12288,0,0
409,256,64,16,4096,32,500,proj,512,512,512,isap,1024,4096,4096,0,4096,0,0,4096,0,0,0,0,0,0,0,0,4,0,0,0,0
409,256,64,16,2048,16,500,proj,512,512,512,wspp,1024,4096,4096,0,0,4096,0,0,4096,0,0,0,0,0,0,0,4,4096,7168,0,0
409,256,80,16,256,51,500,proj,512,512,512,wspp,256,1024,4480,0,0,896,0,0,896,0,2688,0,0,2688,3072,0,4,3584,1536,4608,0
409,128,88,8,512,93,500,proj,512,512,512,isap,2048,2048,33792,0,9216,0,0,3072,0,0,0,0,0,0,0,0,0,0,0,0,0
409,512,32,2,512,512,500,proj,512,512,512,wsap,512,4608,2048,2048,0,0,0,8192,0,0,0,0,0,0,0,0,64,0,4096,0,0
409,512,32,2,2048,512,500,proj,512,512,512,isap,512,4608,2048,2048,0,0,0,8192,0,0,0,0,0,0,0,0,64,0,4096,0,0
409,512,40,16,32,409,500,proj,512,512,512,wsap,32,288,2080,2080,0,0,0,416,0,0,0,0,6240,0,4320,0,8,0,384,5760,0
409,256,64,16,2048,16,500,proj,512,512,512,wspp,1024,4096,4096,0,0,4096,0,0,4096,0,0,0,0,0,0,0,4,4096,7168,0,0
409,256,80,16,256,51,500,proj,512,512,512,wspp,256,1024,4480,0,0,896,0,0,896,0,2688,0,0,2688,3072,0,4,3584,1536,4608,0
409,512,32,2,512,512,500,proj,512,512,512,wsap,512,4608,2048,2048,0,0,0,8192,0,0,0,0,0,0,0,0,64,0,4096,0,0
409,640,24,2,204,1365,500,proj,512,512,512,ispp,512,5632,6336,12672,0,0,0,11264,0,0,0,0,0,0,0,0,396,0,5632,0,0
409,512,32,2,2048,512,500,proj,512,512,512,isap,512,4608,2048,2048,0,0,0,8192,0,0,0,0,0,0,0,0,64,0,4096,0,0
409,640,24,2,819,341,500,proj,512,512,512,wspp,512,5632,2112,4224,0,0,0,11264,0,0,0,0,0,0,0,0,132,0,5632,0,0
409,512,40,16,32,409,500,proj,512,512,512,wsap,32,288,2080,2080,0,0,0,416,0,0,0,0,6240,0,4320,0,8,0,384,5760,0
409,512,48,8,32,341,500,proj,512,512,512,isap,512,4608,33792,33792,0,0,0,5632,0,0,0,0,0,0,0,0,256,0,4608,0,0
409,256,64,16,2048,16,500,proj,512,512,512,wspp,1024,4096,4096,0,0,4096,0,0,4096,0,0,0,0,0,0,0,4,4096,7168,0,0
409,128,56,32,8192,18,500,proj,512,512,512,wspp,2048,2048,8960,0,0,22,44,5098,15316,0,0,0,0,0,0,22428,0,4146,17920,0,0
409,256,80,16,256,51,500,proj,512,512,512,wspp,256,1024,4480,0,0,896,0,0,896,0,2688,0,0,2688,3072,0,4,3584,1536,4608,0
409,128,80,32,512,102,500,proj,512,512,512,wspp,512,512,8960,0,0,896,1792,0,896,0,2688,5376,0,2688,1536,0,0,10752,3072,9216,0
409,512,32,2,512,512,500,proj,512,512,512,wsap,512,4608,2048,2048,0,0,0,8192,0,0,0,0,0,0,0,0,64,0,4096,0,0
409,512,32,2,2048,512,500,proj,512,512,512,isap,512,4608,2048,2048,0,0,0,8192,0,0,0,0,0,0,0,0,64,0,4096,0,0
409,512,40,16,32,409,500,proj,512,512,512,wsap,32,288,2080,2080,0,0,0,416,0,0,0,0,6240,0,4320,0,8,0,384,5760,0
409,256,64,16,2048,16,500,proj,512,512,512,wspp,1024,4096,4096,0,0,4096,0,0,4096,0,0,0,0,0,0,0,4,4096,7168,0,0
409,256,80,16,256,51,500,proj,512,512,512,wspp,256,1024,4480,0,0,896,0,0,896,0,2688,0,0,2688,3072,0,4,3584,1536,4608,0
409,512,32,2,512,512,500,proj,512,512,512,wsap,512,4608,2048,2048,0,0,0,8192,0,0,0,0,0,0,0,0,64,0,4096,0,0
409,640,40,4,204,204,500,proj,512,512,512,ispp,512,5632,6240,12480,0,0,0,6656,0,0,0,0,0,0,0,0,144,0,4608,0,0
409,512,32,2,2048,512,500,proj,512,512,512,isap,512,4608,2048,2048,0,0,0,8192,0,0,0,0,0,0,0,0,64,0,4096,0,0
409,384,32,4,2730,256,500,proj,512,512,512,ispp,1024,6144,4096,0,0,256,0,7936,8192,0,0,0,0,0,0,3840,32,4352,12288,0,0
409,512,40,16,32,409,500,proj,512,512,512,wsap,32,288,2080,2080,0,0,0,416,0,0,0,0,6240,0,4320,0,8,0,384,5760,0
409,640,32,8,25,1024,500,proj,512,512,512,wspp,25,275,2048,4096,0,0,0,400,0,0,0,0,7792,0,10714,0,24,0,350,6818,0
409,256,64,16,2048,16,500,proj,512,512,512,wspp,1024,4096,4096,0,0,4096,0,0,4096,0,0,0,0,0,0,0,4,4096,7168,0,0
409,128,56,32,2048,36,500,proj,512,512,512,isap,2048,2048,8960,0,15360,0,0,5120,0,0,0,0,0,0,0,0,0,0,0,0,0
409,256,80,16,256,51,500,proj,512,512,512,wspp,256,1024,4480,0,0,896,0,0,896,0,2688,0,0,2688,3072,0,4,3584,1536,4608,0
409,128,88,16,256,46,500,proj,512,512,512,wsap,256,256,8448,0,1152,0,0,384,0,8064,0,0,2688,0,10752,0,0,0,0,0,0
409,512,32,2,512,512,500,proj,512,512,512,wsap,512,4608,2048,2048,0,0,0,8192,0,0,0,0,0,0,0,0,64,0,4096,0,0
409,512,32,2,2048,512,500,proj,512,512,512,isap,512,4608,2048,2048,0,0,0,8192,0,0,0,0,0,0,0,0,64,0,4096,0,0
409,512,40,16,32,409,500,proj,512,512,512,wsap,32,288,2080,2080,0,0,0,416,0,0,0,0,6240,0,4320,0,8,0,384,5760,0
409,256,64,16,2048,16,500,proj,512,512,512,wspp,1024,4096,4096,0,0,4096,0,0,4096,0,0,0,0,0,0,0,4,4096,7168,0,0
409,256,80,16,256,51,500,proj,512,512,512,wspp,256,1024,4480,0,0,896,0,0,896,0,2688,0,0,2688,3072,0,4,3584,1536,4608,0
409,512,32,2,512,512,500,proj,512,512,512,wsap,512,4608,2048,2048,0,0,0,8192,0,0,0,0,0,0,0,0,64,0,4096,0,0
409,384,32,2,1365,256,500,proj,512,512,512,wsap,1024,6144,4096,0,8192,0,0,8192,0,0,0,0,0,0,0,0,64,0,0,0,0
409,512,32,2,2048,512,500,proj,512,512,512,isap,512,4608,2048,2048,0,0,0,8192,0,0,0,0,0,0,0,0,64,0,4096,0,0
409,640,24,4,3276,682,500,proj,512,512,512,ispp,512,5632,2112,4224,0,0,0,11264,0,0,0,0,0,0,0,0,72,0,8192,0,0
409,512,40,16,32,409,500,proj,512,512,512,wsap,32,288,2080,2080,0,0,0,416,0,0,0,0,6240,0,4320,0,8,0,384,5760,0
409,384,32,16,21,512,500,proj,512,512,512,wspp,20,120,4096,0,0,160,0,0,160,0,352,0,7680,8032,6024,0,8,8192,300,15060,0
409,256,64,16,2048,16,500,proj,512,512,512,wspp,1024,4096,4096,0,0,4096,0,0,4096,0,0,0,0,0,0,0,4,4096,7168,0,0
409,128,72,16,2048,28,500,proj,512,512,512,ispp,2048,2048,9216,0,0,28,4124,4068,8164,0,0,0,0,0,0,8136,0,8220,14336,0,0
409,256,80,16,256,51,500,proj,512,512,512,wspp,256,1024,4480,0,0,896,0,0,896,0,2688,0,0,2688,3072,0,4,3584,1536,4608,0
409,128,88,32,1024,46,500,proj,512,512,512,wspp,1024,1024,8448,0,0,1536,3072,0,1536,0,1536,3072,0,1536,1024,0,0,9216,5120,5120,0
409,512,32,2,512,512,500,proj,512,512,512,wsap,512,4608,2048,2048,0,0,0,8192,0,0,0,0,0,0,0,0,64,0,4096,0,0
409,512,32,2,2048,512,500,proj,512,512,512,isap,512,4608,2048,2048,0,0,0,8192,0,0,0,0,0,0,0,0,64,0,4096,0,0
409,512,40,16,32,409,500,proj,512,512,512,wsap,32,288,2080,2080,0,0,0,416,0,0,0,0,6240,0,4320,0,8,0,384,5760,0
409,256,64,16,2048,16,500,proj,512,512,512,wspp,1024,4096,4096,0,0,4096,0,0,4096,0,0,0,0,0,0,0,4,4096,7168,0,0
409,256,80,16,256,51,500,proj,512,512,512,wspp,256,1024,4480,0,0,896,0,0,896,0,2688,0,0,2688,3072,0,4,3584,1536,4608,0
409,512,32,2,512,512,500,proj,512,512,512,wsap,512,4608,2048,2048,0,0,0,8192,0,0,0,0,0,0,0,0,64,0,4096,0,0
409,640,24,4,819,1365,500,proj,512,512,512,isap,512,5632,2112,4224,0,0,0,11264,0,0,0,0,0,0,0,0,72,0,8192,0,0
409,512,32,2,2048,512,500,proj,512,512,512,isap,512,4608,2048,2048,0,0,0,8192,0,0,0,0,0,0,0,0,64,0,4096,0,0
409,512,24,4,4096,682,500,proj,512,512,512,wspp,512,4608,2112,2112,0,0,0,11264,0,0,0,0,0,0,0,0,48,0,8192,0,0
409,512,40,16,32,409,500,proj,512,512,512,wsap,32,288,2080,2080,0,0,0,416,0,0,0,0,6240,0,4320,0,8,0,384,5760,0
409,384,40,32,42,204,500,proj,512,512,512,wspp,42,252,4160,0,0,273,0,0,273,0,6383,0,0,6383,5892,0,4,6656,504,11784,0
409,256,64,16,2048,16,500,proj,512,512,512,wspp,1024,4096,4096,0,0,4096,0,0,4096,0,0,0,0,0,0,0,4,4096,7168,0,0
409,256,56,8,2048,18,500,proj,512,512,512,wsap,1024,4096,4480,0,5120,0,0,5120,0,0,0,0,0,0,0,0,12,0,0,0,0
409,256,80,16,256,51,500,proj,512,512,512,wspp,256,1024,4480,0,0,896,0,0,896,0,2688,0,0,2688,3072,0,4,3584,1536,4608,0
409,128,88,16,256,23,500,proj,512,512,512,wspp,256,256,8448,0,0,23,167,361,985,0,0,896,2688,7168,2240,10162,0,4135,1216,8512,0
409,512,32,2,512,512,500,proj,512,512,512,wsap,512,4608,2048,2048,0,0,0,8192,0,0,0,0,0,0,0,0,64,0,4096,0,0
409,512,32,2,2048,512,500,proj,512,512,512,isap,512,4608,2048,2048,0,0,0,8192,0,0,0,0,0,0,0,0,64,0,4096,0,0
409,512,40,16,32,409,500,proj,512,512,512,wsap,32,288,2080,2080,0,0,0,416,0,0,0,0,6240,0,4320,0,8,0,384,5760,0
409,256,64,16,2048,16,500,proj,512,512,512,wspp,1024,4096,4096,0,0,4096,0,0,4096,0,0,0,0,0,0,0,4,4096,7168,0,0
409,256,80,16,256,51,500,proj,512,512,512,wspp,256,1024,4480,0,0,896,0,0,896,0,2688,0,0,2688,3072,0,4,3584,1536,4608,0
409,512,32,2,512,512,500,proj,512,512,512,wsap,512,4608,2048,2048,0,0,0,8192,0,0,0,0,0,0,0,0,64,0,4096,0,0
409,384,32,4,682,1024,500,proj,512,512,512,ispp,1024,6144,8192,0,0,2048,0,6144,8192,0,0,0,0,0,0,2160,64,6032,12288,0,0
409,512,32,2,2048,512,500,proj,512,512,512,isap,512,4608,2048,2048,0,0,0,8192,0,0,0,0,0,0,0,0,64,0,4096,0,0
409,384,24,2,5461,1365,500,proj,512,512,512,wsap,1024,6144,4224,0,11264,0,0,11264,0,0,0,0,0,0,0,0,88,0,0,0,0
409,512,40,16,32,409,500,proj,512,512,512,wsap,32,288,2080,2080,0,0,0,416,0,0,0,0,6240,0,4320,0,8,0,384,5760,0
409,512,48,8,32,170,500,proj,512,512,512,wsap,32,288,2112,2112,0,0,0,352,0,0,0,0,5280,0,8640,0,16,0,288,4320,0
409,256,64,16,2048,16,500,proj,512,512,512,wspp,1024,4096,4096,0,0,4096,0,0,4096,0,0,0,0,0,0,0,4,4096,7168,0,0
409,256,72,8,2048,7,500,proj,512,512,512,ispp,1024,4096,4608,0,0,7,0,4089,4096,0,0,0,0,0,0,0,8,4096,7168,0,0
409,256,80,16,256,51,500,proj,512,512,512,wspp,256,1024,4480,0,0,896,0,0,896,0,2688,0,0,2688,3072,0,4,3584,1536,4608,0
409,256,80,8,128,102,500,proj,512,512,512,ispp,1024,4096,35840,0,0,944,0,2640,3584,0,0,0,0,0,0,752,64,3208,5632,0,0
409,512,32,2,512,512,500,proj,512,512,512,wsap,512,4608,2048,2048,0,0,0,8192,0,0,0,0,0,0,0,0,64,0,4096,0,0
409,512,32,2,2048,512,500,proj,512,512,512,isap,512,4608,2048,2048,0,0,0,8192,0,0,0,0,0,0,0,0,64,0,4096,0,0
409,512,40,16,32,409,500,proj,512,512,512,wsap,32,288,2080,2080,0,0,0,416,0,0,0,0,6240,0,4320,0,8,0,384,5760,0
409,256,64,16,2048,16,500,proj,512,512,512,wspp,1024,4096,4096,0,0,4096,0,0,4096,0,0,0,0,0,0,0,4,4096,7168,0,0
409,256,80,16,256,51,500,proj,512,512,512,wspp,256,1024,4480,0,0,896,0,0,896,0,2688,0,0,2688,3072,0,4,3584,1536,4608,0
409,512,32,2,512,512,500,proj,512,512,512,wsap,512,4608,2048,2048,0,0,0,8192,0,0,0,0,0,0,0,0,64,0,4096,0,0
409,512,40,4,1024,409,500,proj,512,512,512,isap,512,4608,2080,2080,0,0,0,6656,0,0,0,0,0,0,0,0,32,0,4608,0,0
409,512,32,2,2048,512,500,proj,512,512,512,isap,512,4608,2048,2048,0,0,0,8192,0,0,0,0,0,0,0,0,64,0,4096,0,0
409,384,24,2,1365,1365,500,proj,512,512,512,wsap,1024,6144,4224,0,11264,0,0,11264,0,0,0,0,0,0,0,0,88,0,0,0,0
409,512,40,16,32,409,500,proj,512,512,512,wsap,32,288,2080,2080,0,0,0,416,0,0,0,0,6240,0,4320,0,8,0,384,5760,0
409,384,48,16,21,170,500,proj,512,512,512,ispp,1024,6144,219648,0,0,5632,0,0,5632,0,0,0,0,0,0,0,416,5632,9728,0,0
409,256,64,16,2048,16,500,proj,512,512,512,wspp,1024,4096,4096,0,0,4096,0,0,4096,0,0,0,0,0,0,0,4,4096,7168,0,0
409,256,64,8,2048,8,500,proj,512,512,512,isap,1024,4096,4096,0,4096,0,0,4096,0,0,0,0,0,0,0,0,8,0,0,0,0
409,256,80,16,256,51,500,proj,512,512,512,wspp,256,1024,4480,0,0,896,0,0,896,0,2688,0,0,2688,3072,0,4,3584,1536,4608,0
409,128,80,16,1024,102,500,proj,512,512,512,ispp,2048,2048,17920,0,0,204,2824,3380,7928,0,0,0,0,0,0,8688,0,6408,11776,0,0
409,512,32,2,512,512,500,proj,512,512,512,wsap,512,4608,2048,2048,0,0,0,8192,0,0,0,0,0,0,0,0,64,0,4096,0,0
409,512,32,2,2048,512,500,proj,512,512,512,isap,512,4608,2048,2048,0,0,0,8192,0,0,0,0,0,0,0,0,64,0,4096,0,0
409,512,40,16,32,409,500,proj,512,512,512,wsap,32,288,2080,2080,0,0,0,416,0,0,0,0,6240,0,4320,0,8,0,384,5760,0
409,256,64,8,2048,8,500,proj,512,512,512,isap,1024,4096,4096,0,4096,0,0,4096,0,0,0,0,0,0,0,0,8,0,0,0,0
409,256,80,16,256,51,500,proj,512,512,512,wspp,256,1024,4480,0,0,896,0,0,896,0,2688,0,0,2688,3072,0,4,3584,1536,4608,0
409,512,32,2,512,512,500,proj,512,512,512,wsap,512,4608,2048,2048,0,0,0,8192,0,0,0,0,0,0,0,0,64,0,4096,0,0
409,384,24,4,682,682,500,proj,512,512,512,isap,1024,6144,8448,0,11264,0,0,11264,0,0,0,0,0,0,0,0,88,0,0,0,0
409,512,32,2,2048,512,500,proj,512,512,512,isap,512,4608,2048,2048,0,0,0,8192,0,0,0,0,0,0,0,0,64,0,4096,0,0
409,640,32,4,1638,512,500,proj,512,512,512,wspp,512,5632,2048,4096,0,0,0,8192,0,0,0,0,0,0,0,0,48,0,6144,0,0
409,512,40,16,32,409,500,proj,512,512,512,wsap,32,288,2080,2080,0,0,0,416,0,0,0,0,6240,0,4320,0,8,0,384,5760,0
409,512,48,8,16,170,500,proj,512,512,512,ispp,512,4608,67584,67584,0,0,0,5632,0,0,0,0,0,0,0,0,512,0,4608,0,0
409,256,64,8,2048,8,500,proj,512,512,512,isap,1024,4096,4096,0,4096,0,0,4096,0,0,0,0,0,0,0,0,8,0,0,0,0
409,256,72,16,2048,7,500,proj,512,512,512,ispp,1024,4096,4608,0,0,3584,0,512,4096,0,0,0,0,0,0,0,4,4096,7168,0,0
409,256,80,16,256,51,500,proj,512,512,512,wspp,256,1024,4480,0,0,896,0,0,896,0,2688,0,0,2688,3072,0,4,3584,1536,4608,0
409,128,88,32,512,23,500,proj,512,512,512,isap,2048,2048,33792,0,9216,0,0,3072,0,0,0,0,0,0,0,0,0,0,0,0,0
409,512,32,2,512,512,500,proj,512,512,512,wsap,512,4608,2048,2048,0,0,0,8192,0,0,0,0,0,0,0,0,64,0,4096,0,0
409,512,32,2,2048,512,500,proj,512,512,512,isap,512,4608,2048,2048,0,0,0,8192,0,0,0,0,0,0,0,0,64,0,4096,0,0
409,512,40,16,32,409,500,proj,512,512,512,wsap,32,288,2080,2080,0,0,0,416,0,0,0,0,6240,0,4320,0,8,0,384,5760,0
409,256,64,8,2048,8,500,proj,512,512,512,isap,1024,4096,4096,0,4096,0,0,4096,0,0,0,0,0,0,0,0,8,0,0,0,0
409,256,80,16,256,51,500,proj,512,512,512,wspp,256,1024,4480,0,0,896,0,0,896,0,2688,0,0,2688,3072,0,4,3584,1536,4608,0
409,512,32,2,512,512,500,proj,512,512,512,wsap,512,4608,2048,2048,0,0,0,8192,0,0,0,0,0,0,0,0,64,0,4096,0,0
409,512,40,2,512,819,500,proj,512,512,512,isap,512,4608,2080,2080,0,0,0,6656,0,0,0,0,0,0,0,0,56,0,3072,0,0
409,512,32,2,2048,512,500,proj,512,512,512,isap,512,4608,2048,2048,0,0,0,8192,0,0,0,0,0,0,0,0,64,0,4096,0,0
409,640,24,2,819,1365,500,proj,512,512,512,wsap,512,5632,2112,4224,0,0,0,11264,0,0,0,0,0,0,0,0,132,0,5632,0,0
409,512,40,16,32,409,500,proj,512,512,512,wsap,32,288,2080,2080,0,0,0,416,0,0,0,0,6240,0,4320,0,8,0,384,5760,0
409,384,32,16,42,256,500,proj,512,512,512,isap,1024,6144,102400,0,8192,0,0,8192,0,0,0,0,0,0,0,0,200,0,0,0,0
409,256,64,8,2048,8,500,proj,512,512,512,isap,1024,4096,4096,0,4096,0,0,4096,0,0,0,0,0,0,0,0,8,0,0,0,0
409,256,56,16,2048,9,500,proj,512,512,512,wspp,1024,4096,4480,0,0,15,0,5105,5120,0,0,0,0,0,0,6108,8,2066,8704,0,0
409,256,80,16,256,51,500,proj,512,512,512,wspp,256,1024,4480,0,0,896,0,0,896,0,2688,0,0,2688,3072,0,4,3584,1536,4608,0
409,128,88,32,256,46,500,proj,512,512,512,ispp,2048,2048,67584,0,0,3072,6144,0,3072,0,0,0,0,0,0,0,0,9216,10240,0,0
409,512,32,2,512,512,500,proj,512,512,512,wsap,512,4608,2048,2048,0,0,0,8192,0,0,0,0,0,0,0,0,64,0,4096,0,0
409,512,32,2,2048,512,500,proj,512,512,512,isap,512,4608,2048,2048,0,0,0,8192,0,0,0,0,0,0,0,0,64,0,4096,0,0
409,512,40,16,32,409,500,proj,512,512,512,wsap,32,288,2080,2080,0,0,0,416,0,0,0,0,6240,0,4320,0,8,0,384,5760,0
409,256,64,8,2048,8,500,proj,512,512,512,isap,1024,4096,4096,0,4096,0,0,4096,0,0,0,0,0,0,0,0,8,0,0,0,0
409,256,80,16,256,51,500,proj,512,512,512,wspp,256,1024,4480,0,0,896,0,0,896,0,2688,0,0,2688,3072,0,4,3584,1536,4608,0
409,512,32,2,512,512,500,proj,512,512,512,wsap,512,4608,2048,2048,0,0,0,8192,0,0,0,0,0,0,0,0,64,0,4096,0,0
409,640,32,4,819,1024,500,proj,512,512,512,isap,512,5632,2048,4096,0,0,0,8192,0,0,0,0,0,0,0,0,48,0,6144,0,0
409,512,32,2,2048,512,500,proj,512,512,512,isap,512,4608,2048,2048,0,0,0,8192,0,0,0,0,0,0,0,0,64,0,4096,0,0
409,384,40,4,2730,204,500,proj,512,512,512,wspp,1024,6144,4160,0,0,209,0,6447,6656,0,0,0,0,0,0,3113,28,3543,9216,0,0
409,512,40,16,32,409,500,proj,512,512,512,wsap,32,288,2080,2080,0,0,0,416,0,0,0,0,6240,0,4320,0,8,0,384,5760,0
409,512,32,32,64,256,500,proj,512,512,512,wsap,64,576,2048,2048,0,0,0,1024,0,0,0,0,7168,0,4032,0,8,0,960,6720,0
409,256,64,8,2048,8,500,proj,512,512,512,isap,1024,4096,4096,0,4096,0,0,4096,0,0,0,0,0,0,0,0,8,0,0,0,0
409,128,72,4,8192,7,500,proj,512,512,512,wspp,2048,2048,9216,0,0,7,14,4089,12274,0,0,0,0,0,0,20436,0,2070,12288,0,0
409,256,80,16,256,51,500,proj,512,512,512,wspp,256,1024,4480,0,0,896,0,0,896,0,2688,0,0,2688,3072,0,4,3584,1536,4608,0
409,128,88,16,256,93,500,proj,512,512,512,ispp,2048,2048,67584,0,0,744,2272,2328,6944,0,0,0,0,0,0,7744,0,5344,9728,0,0
409,512,32,2,512,512,500,proj,512,512,512,wsap,512,4608,2048,2048,0,0,0,8192,0,0,0,0,0,0,0,0,64,0,4096,0,0
409,512,32,2,2048,512,500,proj,512,512,512,isap,512,4608,2048,2048,0,0,0,8192,0,0,0,0,0,0,0,0,64,0,4096,0,0
409,512,40,16,32,409,500,proj,512,512,512,wsap,32,288,2080,2080,0,0,0,416,0,0,0,0,6240,0,4320,0,8,0,384,5760,0
409,256,64,8,2048,8,500,proj,512,512,512,isap,1024,4096,4096,0,4096,0,0,4096,0,0,0,0,0,0,0,0,8,0,0,0,0
409,256,80,16,256,51,500,proj,512,512,512,wspp,256,1024,4480,0,0,896,0,0,896,0,2688,0,0,2688,3072,0,4,3584,1536,4608,0
409,512,32,2,512,512,500,proj,512,512,512,wsap,512,4608,2048,2048,0,0,0,8192,0,0,0,0,0,0,0,0,64,0,4096,0,0
409,640,24,2,409,341,500,proj,512,512,512,ispp,512,5632,4224,8448,0,0,0,11264,0,0,0,0,0,0,0,0,264,0,5632,0,0
409,512,32,2,2048,512,500,proj,512,512,512,isap,512,4608,2048,2048,0,0,0,8192,0,0,0,0,0,0,0,0,64,0,4096,0,0
409,384,24,4,2730,341,500,proj,512,512,512,wsap,1024,6144,4224,0,11264,0,0,11264,0,0,0,0,0,0,0,0,44,0,0,0,0
409,512,40,16,32,409,500,proj,512,512,512,wsap,32,288,2080,2080,0,0,0,416,0,0,0,0,6240,0,4320,0,8,0,384,5760,0
409,512,48,8,64,341,500,proj,512,512,512,ispp,512,4608,16896,16896,0,0,0,5632,0,0,0,0,0,0,0,0,128,0,4608,0,0
409,256,64,8,2048,8,500,proj,512,512,512,isap,1024,4096,4096,0,4096,0,0,4096,0,0,0,0,0,0,0,0,8,0,0,0,0
409,128,56,16,2048,18,500,proj,512,512,512,wsap,2048,2048,8960,0,15360,0,0,5120,0,0,0,0,0,0,0,0,0,0,0,0,0
409,256,80,16,256,51,500,proj,512,512,512,wspp,256,1024,4480,0,0,896,0,0,896,0,2688,0,0,2688,3072,0,4,3584,1536,4608,0
409,128,72,8,512,28,500,proj,512,512,512,wspp,512,512,9216,0,0,28,56,996,3016,0,0,0,3072,9216,1536,16272,0,4152,3584,10752,0
409,512,32,2,512,512,500,proj,512,512,512,wsap,512,4608,2048,2048,0,0,0,8192,0,0,0,0,0,0,0,0,64,0,4096,0,0
409,512,32,2,2048,512,500,proj,512,512,512,isap,512,4608,2048,2048,0,0,0,8192,0,0,0,0,0,0,0,0,64,0,4096,0,0
409,512,40,16,32,409,500,proj,512,512,512,wsap,32,288,2080,2080,0,0,0,416,0,0,0,0,6240,0,4320,0,8,0,384,5760,0
409,256,64,8,2048,8,500,proj,512,512,512,isap,1024,4096,4096,0,4096,0,0,4096,0,0,0,0,0,0,0,0,8,0,0,0,0
409,256,80,16,256,51,500,proj,512,512,512,wspp,256,1024,4480,0,0,896,0,0,896,0,2688,0,0,2688,3072,0,4,3584,1536,4608,0
409,512,32,2,512,512,500,proj,512,512,512,wsap,512,4608,2048,2048,0,0,0,8192,0,0,0,0,0,0,0,0,64,0,4096,0,0
409,640,24,4,819,682,500,proj,512,512,512,isap,512,5632,2112,4224,0,0,0,11264,0,0,0,0,0,0,0,0,72,0,8192,0,0
409,512,32,2,2048,512,500,proj,512,512,512,isap,512,4608,2048,2048,0,0,0,8192,0,0,0,0,0,0,0,0,64,0,4096,0,0
409,512,24,2,2048,682,500,proj,512,512,512,isap,512,4608,2112,2112,0,0,0,11264,0,0,0,0,0,0,0,0,88,0,5632,0,0
409,512,40,16,32,409,500,proj,512,512,512,wsap,32,288,2080,2080,0,0,0,416,0,0,0,0,6240,0,4320,0,8,0,384,5760,0
409,384,48,8,85,341,500,proj,512,512,512,ispp,1024,6144,54912,0,0,4576,0,1056,5632,0,0,0,0,0,0,0,156,5632,9216,0,0
409,256,64,8,2048,8,500,proj,512,512,512,isap,1024,4096,4096,0,4096,0,0,4096,0,0,0,0,0,0,0,0,8,0,0,0,0
409,256,64,16,2048,8,500,proj,512,512,512,wspp,1024,4096,4096,0,0,4096,0,0,4096,0,0,0,0,0,0,0,4,4096,7168,0,0
409,256,80,16,256,51,500,proj,512,512,512,wspp,256,1024,4480,0,0,896,0,0,896,0,2688,0,0,2688,3072,0,4,3584,1536,4608,0
409,256,72,8,256,28,500,proj,512,512,512,ispp,1024,4096,18432,0,0,112,0,3984,4096,0,0,0,0,0,0,0,32,4096,7168,0,0
409,512,32,2,512,512,500,proj,512,512,512,wsap,512,4608,2048,2048,0,0,0,8192,0,0,0,0,0,0,0,0,64,0,4096,0,0
409,512,32,2,2048,512,500,proj,512,512,512,isap,512,4608,2048,2048,0,0,0,8192,0,0,0,0,0,0,0,0,64,0,4096,0,0
409,512,40,16,32,409,500,proj,512,512,512,wsap,32,288,2080,2080,0,0,0,416,0,0,0,0,6240,0,4320,0,8,0,384,5760,0
409,256,64,16,2048,8,500,proj,512,512,512,wspp,1024,4096,4096,0,0,4096,0,0,4096,0,0,0,0,0,0,0,4,4096,7168,0,0
409,256,80,16,256,51,500,proj,512,512,512,wspp,256,1024,4480,0,0,896,0,0,896,0,2688,0,0,2688,3072,0,4,3584,1536,4608,0
409,512,32,2,512,512,500,proj,512,512,512,wsap,512,4608,2048,2048,0,0,0,8192,0,0,0,0,0,0,0,0,64,0,4096,0,0
409,512,40,2,1024,409,500,proj,512,512,512,isap,512,4608,2080,2080,0,0,0,6656,0,0,0,0,0,0,0,0,56,0,3072,0,0
409,512,32,2,2048,512,500,proj,512,512,512,isap,512,4608,2048,2048,0,0,0,8192,0,0,0,0,0,0,0,0,64,0,4096,0,0
409,640,32,4,819,256,500,proj,512,512,512,wsap,512,5632,2048,4096,0,0,0,8192,0,0,0,0,0,0,0,0,48,0,6144,0,0
409,512,40,16,32,409,500,proj,512,512,512,wsap,32,288,2080,2080,0,0,0,416,0,0,0,0,6240,0,4320,0,8,0,384,5760,0
409,384,32,32,85,1024,500,proj,512,512,512,ispp,1024,6144,53248,0,0,8192,0,0,8192,0,0,0,0,0,0,0,52,8192,15360,0,0
409,256,64,16,2048,8,500,proj,512,512,512,wspp,1024,4096,4096,0,0,4096,0,0,4096,0,0,0,0,0,0,0,4,4096,7168,0,0
409,256,56,8,4096,9,500,proj,512,512,512,wspp,1024,4096,4480,0,0,9,0,5111,5120,0,0,0,0,0,0,6108,12,2066,8192,0,0
409,256,80,16,256,51,500,proj,512,512,512,wspp,256,1024,4480,0,0,896,0,0,896,0,2688,0,0,2688,3072,0,4,3584,1536,4608,0
409,128,80,8,1024,25,500,proj,512,512,512,isap,2048,2048,17920,0,10752,0,0,3584,0,0,0,0,0,0,0,0,0,0,0,0,0
409,512,40,2,1024,409,500,proj,512,512,512,isap,512,4608,2080,2080,0,0,0,6656,0,0,0,0,0,0,0,0,56,0,3072,0,0
409,512,32,2,2048,512,500,proj,512,512,512,isap,512,4608,2048,2048,0,0,0,8192,0,0,0,0,0,0,0,0,64,0,4096,0,0
409,512,40,16,32,409,500,proj,512,512,512,wsap,32,288,2080,2080,0,0,0,416,0,0,0,0,6240,0,4320,0,8,0,384,5760,0
409,256,64,16,2048,8,500,proj,512,512,512,wspp,1024,4096,4096,0,0,4096,0,0,4096,0,0,0,0,0,0,0,4,4096,7168,0,0
409,256,80,16,256,51,500,proj,512,512,512,wspp,256,1024,4480,0,0,896,0,0,896,0,2688,0,0,2688,3072,0,4,3584,1536,4608,0
409,512,40,2,1024,409,500,proj,512,512,512,isap,512,4608,2080,2080,0,0,0,6656,0,0,0,0,0,0,0,0,56,0,3072,0,0
409,512,32,4,1024,1024,500,proj,512,512,512,isap,512,4608,2048,2048,0,0,0,8192,0,0,0,0,0,0,0,0,32,0,6144,0,0
409,512,32,2,2048,512,500,proj,512,512,512,isap,512,4608,2048,2048,0,0,0,8192,0,0,0,0,0,0,0,0,64,0,4096,0,0
409,512,24,4,1024,1365,500,proj,512,512,512,wspp,512,4608,2112,2112,0,0,0,11264,0,0,0,0,0,0,0,0,48,0,8192,0,0
409,512,40,16,32,409,500,proj,512,512,512,wsap,32,288,2080,2080,0,0,0,416,0,0,0,0,6240,0,4320,0,8,0,384,5760,0
409,512,40,16,64,204,500,proj,512,512,512,isap,512,4608,16640,16640,0,0,0,6656,0,0,0,0,0,0,0,0,64,0,6144,0,0
409,256,64,16,2048,8,500,proj,512,512,512,wspp,1024,4096,4096,0,0,4096,0,0,4096,0,0,0,0,0,0,0,4,4096,7168,0,0
409,256,64,16,2048,8,500,proj,512,512,512,ispp,1024,4096,4096,0,0,4096,0,0,4096,0,0,0,0,0,0,0,4,4096,7168,0,0
409,256,80,16,256,51,500,proj,512,512,512,wspp,256,1024,4480,0,0,896,0,0,896,0,2688,0,0,2688,3072,0,4,3584,1536,4608,0
409,128,88,32,256,46,500,proj,512,512,512,isap,2048,2048,67584,0,9216,0,0,3072,0,0,0,0,0,0,0,0,0,0,0,0,0
409,512,32,4,1024,1024,500,proj,512,512,512,isap,512,4608,2048,2048,0,0,0,8192,0,0,0,0,0,0,0,0,32,0,6144,0,0
409,512,32,2,2048,512,500,proj,512,512,512,isap,512,4608,2048,2048,0,0,0,8192,0,0,0,0,0,0,0,0,64,0,4096,0,0
409,512,40,16,32,409,500,proj,512,512,512,wsap,32,288,2080,2080,0,0,0,416,0,0,0,0,6240,0,4320,0,8,0,384,5760,0
409,256,64,16,2048,8,500,proj,512,512,512,ispp,1024,4096,4096,0,0,4096,0,0,4096,0,0,0,0,0,0,0,4,4096,7168,0,0
409,256,80,16,256,51,500,proj,512,512,512,wspp,256,1024,4480,0,0,896,0,0,896,0,2688,0,0,2688,3072,0,4,3584,1536,4608,0
409,512,32,4,1024,1024,500,proj,512,512,512,isap,512,4608,2048,2048,0,0,0,8192,0,0,0,0,0,0,0,0,32,0,6144,0,0
409,384,24,2,2730,2730,500,proj,512,512,512,isap,1024,6144,4224,0,11264,0,0,11264,0,0,0,0,0,0,0,0,88,0,0,0,0
409,512,32,2,2048,512,500,proj,512,512,512,isap,512,4608,2048,2048,0,0,0,8192,0,0,0,0,0,0,0,0,64,0,4096,0,0
409,640,32,2,1638,512,500,proj,512,512,512,ispp,512,5632,2048,4096,0,0,0,8192,0,0,0,0,0,0,0,0,96,0,4096,0,0
409,512,40,16,32,409,500,proj,512,512,512,wsap,32,288,2080,2080,0,0,0,416,0,0,0,0,6240,0,4320,0,8,0,384,5760,0
409,384,40,32,42,819,500,proj,512,512,512,ispp,1024,6144,104000,0,0,6656,0,0,6656,0,0,0,0,0,0,0,100,6656,12288,0,0
409,256,64,16,2048,8,500,proj,512,512,512,ispp,1024,4096,4096,0,0,4096,0,0,4096,0,0,0,0,0,0,0,4,4096,7168,0,0
409,384,56,8,682,9,500,proj,512,512,512,wsap,682,4092,4480,0,3410,0,0,3410,0,1710,0,0,1710,0,20520,0,12,0,0,0,0
409,256,80,16,256,51,500,proj,512,512,512,wspp,256,1024,4480,0,0,896,0,0,896,0,2688,0,0,2688,3072,0,4,3584,1536,4608,0
409,256,72,8,256,56,500,proj,512,512,512,isap,1024,4096,18432,0,4096,0,0,4096,0,0,0,0,0,0,0,0,32,0,0,0,0
409,512,32,4,1024,1024,500,proj,512,512,512,isap,512,4608,2048,2048,0,0,0,8192,0,0,0,0,0,0,0,0,32,0,6144,0,0
409,512,32,2,2048,512,500,proj,512,512,512,isap,512,4608,2048,2048,0,0,0,8192,0,0,0,0,0,0,0,0,64,0,4096,0,0
409,512,40,16,32,409,500,proj,512,512,512,wsap,32,288,2080,2080,0,0,0,416,0,0,0,0,6240,0,4320,0,8,0,384,5760,0
409,256,64,16,2048,8,500,proj,512,512,512,ispp,1024,4096,4096,0,0,4096,0,0,4096,0,0,0,0,0,0,0,4,4096,7168,0,0
409,256,80,16,256,51,500,proj,512,512,512,wspp,256,1024,4480,0,0,896,0,0,896,0,2688,0,0,2688,3072,0,4,3584,1536,4608,0
409,512,32,4,1024,1024,500,proj,512,512,512,isap,512,4608,2048,2048,0,0,0,8192,0,0,0,0,0,0,0,0,32,0,6144,0,0
409,384,40,4,682,819,500,proj,512,512,512,wspp,682,4092,4160,0,0,837,0,3596,4433,0,0,0,2223,2223,8208,2382,28,4274,6138,3078,0
409,512,32,2,2048,512,500,proj,512,512,512,isap,512,4608,2048,2048,0,0,0,8192,0,0,0,0,0,0,0,0,64,0,4096,0,0
409,384,40,4,5461,409,500,proj,512,512,512,wsap,1024,6144,4160,0,6656,0,0,6656,0,0,0,0,0,0,0,0,28,0,0,0,0
409,512,40,16,32,409,500,proj,512,512,512,wsap,32,288,2080,2080,0,0,0,416,0,0,0,0,6240,0,4320,0,8,0,384,5760,0
409,512,32,8,16,256,500,proj,512,512,512,wspp,16,144,2048,2048,0,0,0,256,0,0,0,0,7936,0,8928,0,16,0,224,6944,0
409,256,64,16,2048,8,500,proj,512,512,512,ispp,1024,4096,4096,0,0,4096,0,0,4096,0,0,0,0,0,0,0,4,4096,7168,0,0
409,256,56,32,2048,9,500,proj,512,512,512,wspp,1024,4096,4480,0,0,4608,0,512,5120,0,0,0,0,0,0,0,4,5120,9216,0,0
409,256,80,16,256,51,500,proj,512,512,512,wspp,256,1024,4480,0,0,896,0,0,896,0,2688,0,0,2688,3072,0,4,3584,1536,4608,0
409,128,88,8,256,46,500,proj,512,512,512,ispp,2048,2048,67584,0,0,368,1648,2704,7568,0,0,0,0,0,0,8992,0,4720,9216,0,0
409,512,32,4,1024,1024,500,proj,512,512,512,isap,512,4608,2048,2048,0,0,0,8192,0,0,0,0,0,0,0,0,32,0,6144,0,0
409,512,32,2,2048,512,500,proj,512,512,512,isap,512,4608,2048,2048,0,0,0,8192,0,0,0,0,0,0,0,0,64,0,4096,0,0
409,512,40,16,32,409,500,proj,512,512,512,wsap,32,288,2080,2080,0,0,0,416,0,0,0,0,6240,0,4320,0,8,0,384,5760,0
409,256,64,16,2048,8,500,proj,512,512,512,ispp,1024,4096,4096,0,0,4096,0,0,4096,0,0,0,0,0,0,0,4,4096,7168,0,0
409,256,80,16,256,51,500,proj,512,512,512,wspp,256,1024,4480,0,0,896,0,0,896,0,2688,0,0,2688,3072,0,4,3584,1536,4608,0
409,512,32,4,1024,1024,500,proj,512,512,512,isap,512,4608,2048,2048,0,0,0,8192,0,0,0,0,0,0,0,0,32,0,6144,0,0
409,384,24,4,1365,1365,500,proj,512,512,512,wspp,1024,6144,4224,0,0,1377,0,9887,11264,0,0,0,0,0,0,4222,44,7042,16384,0,0
409,512,32,2,2048,512,500,proj,512,512,512,isap,512,4608,2048,2048,0,0,0,8192,0,0,0,0,0,0,0,0,64,0,4096,0,0
409,384,32,2,5461,1024,500,proj,512,512,512,ispp,1024,6144,4096,0,0,1024,0,7168,8192,0,0,0,0,0,0,3066,64,5126,8192,0,0
409,512,40,16,32,409,500,proj,512,512,512,wsap,32,288,2080,2080,0,0,0,416,0,0,0,0,6240,0,4320,0,8,0,384,5760,0
409,384,40,32,21,409,500,proj,512,512,512,wsap,20,120,4160,0,130,0,0,130,0,6526,0,0,6526,0,78312,0,4,0,0,0,0
409,256,64,16,2048,8,500,proj,512,512,512,ispp,1024,4096,4096,0,0,4096,0,0,4096,0,0,0,0,0,0,0,4,4096,7168,0,0
409,256,56,16,2048,18,500,proj,512,512,512,wspp,1024,4096,4480,0,0,38,0,5082,5120,0,0,0,0,0,0,6084,8,2078,8704,0,0
409,256,80,16,256,51,500,proj,512,512,512,wspp,256,1024,4480,0,0,896,0,0,896,0,2688,0,0,2688,3072,0,4,3584,1536,4608,0
409,128,80,8,512,25,500,proj,512,512,512,wsap,512,512,8960,0,2688,0,0,896,0,8064,0,0,2688,0,10752,0,0,0,0,0,0
409,512,32,4,1024,1024,500,proj,512,512,512,isap,512,4608,2048,2048,0,0,0,8192,0,0,0,0,0,0,0,0,32,0,6144,0,0
409,512,32,2,2048,512,500,proj,512,512,512,isap,512,4608,2048,2048,0,0,0,8192,0,0,0,0,0,0,0,0,64,0,4096,0,0
409,512,40,16,32,409,500,proj,512,512,512,wsap,32,288,2080,2080,0,0,0,416,0,0,0,0,6240,0,4320,0,8,0,384,5760,0
409,256,64,16,2048,8,500,proj,512,512,512,ispp,1024,4096,4096,0,0,4096,0,0,4096,0,0,0,0,0,0,0,4,4096,7168,0,0
409,256,80,16,256,51,500,proj,512,512,512,wspp,256,1024,4480,0,0,896,0,0,896,0,2688,0,0,2688,3072,0,4,3584,1536,4608,0
409,512,32,4,1024,1024,500,proj,512,512,512,isap,512,4608,2048,2048,0,0,0,8192,0,0,0,0,0,0,0,0,32,0,6144,0,0
409,384,32,4,682,2048,500,proj,512,512,512,wsap,682,4092,4096,0,5456,0,0,5456,0,2736,0,0,2736,0,32832,0,32,0,0,0,0
409,512,32,2,2048,512,500,proj,512,512,512,isap,512,4608,2048,2048,0,0,0,8192,0,0,0,0,0,0,0,0,64,0,4096,0,0
409,640,32,2,819,512,500,proj,512,512,512,ispp,512,5632,2048,4096,0,0,0,8192,0,0,0,0,0,0,0,0,96,0,4096,0,0
409,512,40,16,32,409,500,proj,512,512,512,wsap,32,288,2080,2080,0,0,0,416,0,0,0,0,6240,0,4320,0,8,0,384,5760,0
409,384,48,16,42,341,500,proj,512,512,512,isap,1024,6144,105600,0,5632,0,0,5632,0,0,0,0,0,0,0,0,200,0,0,0,0
409,256,64,16,2048,8,500,proj,512,512,512,ispp,1024,4096,4096,0,0,4096,0,0,4096,0,0,0,0,0,0,0,4,4096,7168,0,0
409,128,72,32,2048,7,500,proj,512,512,512,wsap,2048,2048,9216,0,12288,0,0,4096,0,0,0,0,0,0,0,0,0,0,0,0,0
409,256,80,16,256,51,500,proj,512,512,512,wspp,256,1024,4480,0,0,896,0,0,896,0,2688,0,0,2688,3072,0,4,3584,1536,4608,0
409,256,88,8,128,46,500,proj,512,512,512,isap,1024,4096,33792,0,3072,0,0,3072,0,0,0,0,0,0,0,0,64,0,0,0,0
409,512,32,4,1024,1024,500,proj,512,512,512,isap,512,4608,2048,2048,0,0,0,8192,0,0,0,0,0,0,0,0,32,0,6144,0,0
409,512,32,2,2048,512,500,proj,512,512,512,isap,512,4608,2048,2048,0,0,0,8192,0,0,0,0,0,0,0,0,64,0,4096,0,0
409,512,40,16,32,409,500,proj,512,512,512,wsap,32,288,2080,2080,0,0,0,416,0,0,0,0,6240,0,4320,0,8,0,384,5760,0
409,256,64,16,2048,8,500,proj,512,512,512,ispp,1024,4096,4096,0,0,4096,0,0,4096,0,0,0,0,0,0,0,4,4096,7168,0,0
409,256,80,16,256,51,500,proj,512,512,512,wspp,256,1024,4480,0,0,896,0,0,896,0,2688,0,0,2688,3072,0,4,3584,1536,4608,0
409,512,32,4,1024,1024,500,proj,512,512,512,isap,512,4608,2048,2048,0,0,0,8192,0,0,0,0,0,0,0,0,32,0,6144,0,0
409,384,24,2,1365,1365,500,proj,512,512,512,ispp,1024,6144,4224,0,0,1365,0,9899,11264,0,0,0,0,0,0,4300,88,6964,11264,0,0
409,512,32,2,2048,512,500,proj,512,512,512,isap,512,4608,2048,2048,0,0,0,8192,0,0,0,0,0,0,0,0,64,0,4096,0,0
409,384,32,2,5461,1024,500,proj,512,512,512,wspp,1024,6144,4096,0,0,1024,0,7168,8192,0,0,0,0,0,0,3066,64,5126,8192,0,0
409,512,40,16,32,409,500,proj,512,512,512,wsap,32,288,2080,2080,0,0,0,416,0,0,0,0,6240,0,4320,0,8,0,384,5760,0
409,512,32,32,64,512,500,proj,512,512,512,wsap,64,576,2048,2048,0,0,0,1024,0,0,0,0,7168,0,4032,0,8,0,960,6720,0
409,256,64,16,2048,8,500,proj,512,512,512,ispp,1024,4096,4096,0,0,4096,0,0,4096,0,0,0,0,0,0,0,4,4096,7168,0,0
409,256,64,16,1024,16,500,proj,512,512,512,wspp,1024,4096,4096,0,0,4096,0,0,4096,0,0,0,0,0,0,0,4,4096,7168,0,0
409,256,80,16,256,51,500,proj,512,512,512,wspp,256,1024,4480,0,0,896,0,0,896,0,2688,0,0,2688,3072,0,4,3584,1536,4608,0
409,256,72,8,256,28,500,proj,512,512,512,wsap,256,1024,4608,0,1024,0,0,1024,0,3072,0,0,3072,0,24576,0,8,0,0,0,0
409,512,32,4,1024,1024,500,proj,512,512,512,isap,512,4608,2048,2048,0,0,0,8192,0,0,0,0,0,0,0,0,32,0,6144,0,0
409,512,32,2,2048,512,500,proj,512,512,512,isap,512,4608,2048,2048,0,0,0,8192,0,0,0,0,0,0,0,0,64,0,4096,0,0
409,512,40,16,32,409,500,proj,512,512,512,wsap,32,288,2080,2080,0,0,0,416,0,0,0,0,6240,0,4320,0,8,0,384,5760,0
409,256,64,16,1024,16,500,proj,512,512,512,wspp,1024,4096,4096,0,0,4096,0,0,4096,0,0,0,0,0,0,0,4,4096,7168,0,0
409,256,80,16,256,51,500,proj,512,512,512,wspp,256,1024,4480,0,0,896,0,0,896,0,2688,0,0,2688,3072,0,4,3584,1536,4608,0
409,512,32,4,1024,1024,500,proj,512,512,512,isap,512,4608,2048,2048,0,0,0,8192,0,0,0,0,0,0,0,0,32,0,6144,0,0
409,512,40,4,1024,1638,500,proj,512,512,512,wspp,512,4608,2080,2080,0,0,0,6656,0,0,0,0,0,0,0,0,32,0,4608,0,0
409,512,32,2,2048,512,500,proj,512,512,512,isap,512,4608,2048,2048,0,0,0,8192,0,0,0,0,0,0,0,0,64,0,4096,0,0
409,384,40,2,2730,819,500,proj,512,512,512,wsap,1024,6144,4160,0,6656,0,0,6656,0,0,0,0,0,0,0,0,52,0,0,0,0
409,512,40,16,32,409,500,proj,512,512,512,wsap,32,288,2080,2080,0,0,0,416,0,0,0,0,6240,0,4320,0,8,0,384,5760,0
409,384,48,16,21,170,500,proj,512,512,512,wspp,20,120,4224,0,0,110,0,0,110,0,197,0,5325,5522,9036,2415,8,3217,190,9538,0
409,256,64,16,1024,16,500,proj,512,512,512,wspp,1024,4096,4096,0,0,4096,0,0,4096,0,0,0,0,0,0,0,4,4096,7168,0,0
409,256,64,8,512,8,500,proj,512,512,512,wspp,512,2048,4096,0,0,8,0,2040,2048,0,0,0,2048,2048,2048,0,8,4096,3584,3584,0
409,256,80,16,256,51,500,proj,512,512,512,wspp,256,1024,4480,0,0,896,0,0,896,0,2688,0,0,2688,3072,0,4,3584,1536,4608,0
409,128,88,8,1024,93,500,proj,512,512,512,wspp,1024,1024,8448,0,0,93,668,1443,3940,0,0,512,1536,4096,1536,9928,0,4252,4608,4608,0
409,512,32,4,1024,1024,500,proj,512,512,512,isap,512,4608,2048,2048,0,0,0,8192,0,0,0,0,0,0,0,0,32,0,6144,0,0
409,512,32,2,2048,512,500,proj,512,512,512,isap,512,4608,2048,2048,0,0,0,8192,0,0,0,0,0,0,0,0,64,0,4096,0,0
409,512,40,16,32,409,500,proj,512,512,512,wsap,32,288,2080,2080,0,0,0,416,0,0,0,0,6240,0,4320,0,8,0,384,5760,0
409,256,64,16,1024,16,500,proj,512,512,512,wspp,1024,4096,4096,0,0,4096,0,0,4096,0,0,0,0,0,0,0,4,4096,7168,0,0
409,256,80,16,256,51,500,proj,512,512,512,wspp,256,1024,4480,0,0,896,0,0,896,0,2688,0,0,2688,3072,0,4,3584,1536,4608,0
409,512,32,4,1024,1024,500,proj,512,512,512,isap,512,4608,2048,2048,0,0,0,8192,0,0,0,0,0,0,0,0,32,0,6144,0,0
409,512,24,2,512,2730,500,proj,512,512,512,wsap,512,4608,2112,2112,0,0,0,11264,0,0,0,0,0,0,0,0,88,0,5632,0,0
409,512,32,2,2048,512,500,proj,512,512,512,isap,512,4608,2048,2048,0,0,0,8192,0,0,0,0,0,0,0,0,64,0,4096,0,0
409,384,40,4,5461,204,500,proj,512,512,512,wsap,1024,6144,4160,0,6656,0,0,6656,0,0,0,0,0,0,0,0,28,0,0,0,0
409,512,40,16,32,409,500,proj,512,512,512,wsap,32,288,2080,2080,0,0,0,416,0,0,0,0,6240,0,4320,0,8,0,384,5760,0
409,640,32,16,25,256,500,proj,512,512,512,isap,512,5632,43008,86016,0,0,0,8192,0,0,0,0,0,0,0,0,252,0,7680,0,0
409,256,64,16,1024,16,500,proj,512,512,512,wspp,1024,4096,4096,0,0,4096,0,0,4096,0,0,0,0,0,0,0,4,4096,7168,0,0
409,256,72,8,512,14,500,proj,512,512,512,wspp,512,2048,4608,0,0,14,0,2034,2048,0,0,0,2048,2048,2048,0,8,4096,3584,3584,0
409,256,80,16,256,51,500,proj,512,512,512,wspp,256,1024,4480,0,0,896,0,0,896,0,2688,0,0,2688,3072,0,4,3584,1536,4608,0
409,128,88,16,1024,23,500,proj,512,512,512,wspp,1024,1024,8448,0,0,23,551,1513,4057,0,0,512,1536,4096,1280,10162,0,4135,4864,4864,0
409,512,32,4,1024,1024,500,proj,512,512,512,isap,512,4608,2048,2048,0,0,0,8192,0,0,0,0,0,0,0,0,32,0,6144,0,0
409,512,32,2,2048,512,500,proj,512,512,512,isap,512,4608,2048,2048,0,0,0,8192,0,0,0,0,0,0,0,0,64,0,4096,0,0
409,512,40,16,32,409,500,proj,512,512,512,wsap,32,288,2080,2080,0,0,0,416,0,0,0,0,6240,0,4320,0,8,0,384,5760,0
409,256,64,16,1024,16,500,proj,512,512,512,wspp,1024,4096,4096,0,0,4096,0,0,4096,0,0,0,0,0,0,0,4,4096,7168,0,0
409,256,80,16,256,51,500,proj,512,512,512,wspp,256,1024,4480,0,0,896,0,0,896,0,2688,0,0,2688,3072,0,4,3584,1536,4608,0
409,512,32,4,1024,1024,500,proj,512,512,512,isap,512,4608,2048,2048,0,0,0,8192,0,0,0,0,0,0,0,0,32,0,6144,0,0
409,384,24,8,1365,2730,500,proj,512,512,512,wspp,1024,6144,4224,0,0,2802,0,8462,11264,0,0,0,0,0,0,2702,24,8562,18944,0,0
409,512,32,2,2048,512,500,proj,512,512,512,isap,512,4608,2048,2048,0,0,0,8192,0,0,0,0,0,0,0,0,64,0,4096,0,0
409,384,32,4,5461,512,500,proj,512,512,512,wsap,1024,6144,4096,0,8192,0,0,8192,0,0,0,0,0,0,0,0,32,0,0,0,0
409,512,40,16,32,409,500,proj,512,512,512,wsap,32,288,2080,2080,0,0,0,416,0,0,0,0,6240,0,4320,0,8,0,384,5760,0
409,384,40,16,21,819,500,proj,512,512,512,wsap,20,120,4160,0,130,0,0,130,0,6526,0,0,6526,0,78312,0,8,0,0,0,0
409,256,64,16,1024,16,500,proj,512,512,512,wspp,1024,4096,4096,0,0,4096,0,0,4096,0,0,0,0,0,0,0,4,4096,7168,0,0
409,128,56,32,2048,18,500,proj,512,512,512,wspp,2048,2048,8960,0,0,22,44,5098,15316,0,0,0,0,0,0,22428,0,4146,17920,0,0
409,256,80,16,256,51,500,proj,512,512,512,wspp,256,1024,4480,0,0,896,0,0,896,0,2688,0,0,2688,3072,0,4,3584,1536,4608,0
409,256,80,16,256,51,500,proj,512,512,512,ispp,1024,4096,17920,0,0,3584,0,0,3584,0,0,0,0,0,0,0,16,3584,6144,0,0
409,512,32,4,1024,1024,500,proj,512,512,512,isap,512,4608,2048,2048,0,0,0,8192,0,0,0,0,0,0,0,0,32,0,6144,0,0
409,512,32,2,2048,512,500,proj,512,512,512,isap,512,4608,2048,2048,0,0,0,8192,0,0,0,0,0,0,0,0,64,0,4096,0,0
409,512,40,16,32,409,500,proj,512,512,512,wsap,32,288,2080,2080,0,0,0,416,0,0,0,0,6240,0,4320,0,8,0,384,5760,0
409,256,64,16,1024,16,500,proj,512,512,512,wspp,1024,4096,4096,0,0,4096,0,0,4096,0,0,0,0,0,0,0,4,4096,7168,0,0
409,256,80,16,256,51,500,proj,512,512,512,wspp,256,1024,4480,0,0,896,0,0,896,0,2688,0,0,2688,3072,0,4,3584,1536,4608,0
409,512,32,4,1024,1024,500,proj,512,512,512,isap,512,4608,2048,2048,0,0,0,8192,0,0,0,0,0,0,0,0,32,0,6144,0,0
409,512,32,4,512,1024,500,proj,512,512,512,wspp,512,4608,2048,2048,0,0,0,8192,0,0,0,0,0,0,0,0,32,0,6144,0,0
409,512,32,2,2048,512,500,proj,512,512,512,isap,512,4608,2048,2048,0,0,0,8192,0,0,0,0,0,0,0,0,64,0,4096,0,0
409,512,24,2,1024,341,500,proj,512,512,512,isap,512,4608,2112,2112,0,0,0,11264,0,0,0,0,0,0,0,0,88,0,5632,0,0
409,512,40,16,32,409,500,proj,512,512,512,wsap,32,288,2080,2080,0,0,0,416,0,0,0,0,6240,0,4320,0,8,0,384,5760,0
409,512,40,16,32,409,500,proj,512,512,512,ispp,512,4608,33280,33280,0,0,0,6656,0,0,0,0,0,0,0,0,128,0,6144,0,0
409,256,64,16,1024,16,500,proj,512,512,512,wspp,1024,4096,4096,0,0,4096,0,0,4096,0,0,0,0,0,0,0,4,4096,7168,0,0
409,384,56,8,682,18,500,proj,512,512,512,wsap,682,4092,4480,0,3410,0,0,3410,0,1710,0,0,1710,0,20520,0,12,0,0,0,0
409,256,80,16,256,51,500,proj,512,512,512,wspp,256,1024,4480,0,0,896,0,0,896,0,2688,0,0,2688,3072,0,4,3584,1536,4608,0
409,128,80,8,1024,102,500,proj,512,512,512,isap,2048,2048,17920,0,10752,0,0,3584,0,0,0,0,0,0,0,0,0,0,0,0,0
409,512,32,4,512,1024,500,proj,512,512,512,wspp,512,4608,2048,2048,0,0,0,8192,0,0,0,0,0,0,0,0,32,0,6144,0,0
409,512,32,2,2048,512,500,proj,512,512,512,isap,512,4608,2048,2048,0,0,0,8192,0,0,0,0,0,0,0,0,64,0,4096,0,0
409,512,40,16,32,409,500,proj,512,512,512,wsap,32,288,2080,2080,0,0,0,416,0,0,0,0,6240,0,4320,0,8,0,384,5760,0
409,256,64,16,1024,16,500,proj,512,512,512,wspp,1024,4096,4096,0,0,4096,0,0,4096,0,0,0,0,0,0,0,4,4096,7168,0,0
409,256,80,16,256,51,500,proj,512,512,512,wspp,256,1024,4480,0,0,896,0,0,896,0,2688,0,0,2688,3072,0,4,3584,1536,4608,0
409,512,32,4,512,1024,500,proj,512,512,512,wspp,512,4608,2048,2048,0,0,0,8192,0,0,0,0,0,0,0,0,32,0,6144,0,0
409,512,40,4,1024,1638,500,proj,512,512,512,ispp,512,4608,2080,2080,0,0,0,6656,0,0,0,0,0,0,0,0,32,0,4608,0,0
409,512,32,2,2048,512,500,proj,512,512,512,isap,512,4608,2048,2048,0,0,0,8192,0,0,0,0,0,0,0,0,64,0,4096,0,0
409,384,40,4,2730,204,500,proj,512,512,512,wsap,1024,6144,4160,0,6656,0,0,6656,0,0,0,0,0,0,0,0,28,0,0,0,0
409,512,40,16,32,409,500,proj,512,512,512,wsap,32,288,2080,2080,0,0,0,416,0,0,0,0,6240,0,4320,0,8,0,384,5760,0
409,512,40,8,64,409,500,proj,512,512,512,wspp,64,576,2080,2080,0,0,0,832,0,0,0,0,5824,0,8064,0,16,0,704,4928,0
409,256,64,16,1024,16,500,proj,512,512,512,wspp,1024,4096,4096,0,0,4096,0,0,4096,0,0,0,0,0,0,0,4,4096,7168,0,0
409,256,56,16,2048,36,500,proj,512,512,512,wsap,1024,4096,4480,0,5120,0,0,5120,0,0,0,0,0,0,0,0,8,0,0,0,0
409,256,80,16,256,51,500,proj,512,512,512,wspp,256,1024,4480,0,0,896,0,0,896,0,2688,0,0,2688,3072,0,4,3584,1536,4608,0
409,128,88,8,256,46,500,proj,512,512,512,isap,2048,2048,67584,0,9216,0,0,3072,0,0,0,0,0,0,0,0,0,0,0,0,0
409,512,32,4,512,1024,500,proj,512,512,512,wspp,512,4608,2048,2048,0,0,0,8192,0,0,0,0,0,0,0,0,32,0,6144,0,0
409,512,32,2,2048,512,500,proj,512,512,512,isap,512,4608,2048,2048,0,0,0,8192,0,0,0,0,0,0,0,0,64,0,4096,0,0
409,512,40,16,32,409,500,proj,512,512,512,wsap,32,288,2080,2080,0,0,0,416,0,0,0,0,6240,0,4320,0,8,0,384,5760,0
409,256,64,16,1024,16,500,proj,512,512,512,wspp,1024,4096,4096,0,0,4096,0,0,4096,0,0,0,0,0,0,0,4,4096,7168,0,0
409,256,80,16,256,51,500,proj,512,512,512,wspp,256,1024,4480,0,0,896,0,0,896,0,2688,0,0,2688,3072,0,4,3584,1536,4608,0
409,512,32,4,512,1024,500,proj,512,512,512,wspp,512,4608,2048,2048,0,0,0,8192,0,0,0,0,0,0,0,0,32,0,6144,0,0
409,384,32,4,341,1024,500,proj,512,512,512,wsap,340,2040,4096,0,2720,0,0,2720,0,5472,0,0,5472,0,65664,0,32,0,0,0,0
409,512,32,2,2048,512,500,proj,512,512,512,isap,512,4608,2048,2048,0,0,0,8192,0,0,0,0,0,0,0,0,64,0,4096,0,0
409,384,32,4,2730,1024,500,proj,512,512,512,isap,1024,6144,4096,0,8192,0,0,8192,0,0,0,0,0,0,0,0,32,0,0,0,0
409,512,40,16,32,409,500,proj,512,512,512,wsap,32,288,2080,2080,0,0,0,416,0,0,0,0,6240,0,4320,0,8,0,384,5760,0
409,384,40,32,42,204,500,proj,512,512,512,wsap,42,252,4160,0,273,0,0,273,0,6383,0,0,6383,0,76596,0,4,0,0,0,0
409,256,64,16,1024,16,500,proj,512,512,512,wspp,1024,4096,4096,0,0,4096,0,0,4096,0,0,0,0,0,0,0,4,4096,7168,0,0
409,256,56,8,2048,9,500,proj,512,512,512,ispp,1024,4096,4480,0,0,9,0,5111,5120,0,0,0,0,0,0,6108,12,2066,8192,0,0
409,256,80,16,256,51,500,proj,512,512,512,wspp,256,1024,4480,0,0,896,0,0,896,0,2688,0,0,2688,3072,0,4,3584,1536,4608,0
409,128,88,8,1024,93,500,proj,512,512,512,isap,2048,2048,16896,0,9216,0,0,3072,0,0,0,0,0,0,0,0,0,0,0,0,0
409,512,32,4,512,1024,500,proj,512,512,512,wspp,512,4608,2048,2048,0,0,0,8192,0,0,0,0,0,0,0,0,32,0,6144,0,0
409,512,32,2,2048,512,500,proj,512,512,512,isap,512,4608,2048,2048,0,0,0,8192,0,0,0,0,0,0,0,0,64,0,4096,0,0
409,512,40,16,32,409,500,proj,512,512,512,wsap,32,288,2080,2080,0,0,0,416,0,0,0,0,6240,0,4320,0,8,0,384,5760,0
409,256,64,16,1024,16,500,proj,512,512,512,wspp,1024,4096,4096,0,0,4096,0,0,4096,0,0,0,0,0,0,0,4,4096,7168,0,0
409,256,80,16,256,51,500,proj,512,512,512,wspp,256,1024,4480,0,0,896,0,0,896,0,2688,0,0,2688,3072,0,4,3584,1536,4608,0
409,512,32,4,512,1024,500,proj,512,512,512,wspp,512,4608,2048,2048,0,0,0,8192,0,0,0,0,0,0,0,0,32,0,6144,0,0
409,384,40,8,1365,819,500,proj,512,512,512,wspp,1024,6144,4160,0,0,910,0,5746,6656,0,0,0,0,0,0,1618,16,5038,10752,0,0
409,512,32,2,2048,512,500,proj,512,512,512,isap,512,4608,2048,2048,0,0,0,8192,0,0,0,0,0,0,0,0,64,0,4096,0,0
409,384,32,2,2730,256,500,proj,512,512,512,wsap,1024,6144,4096,0,8192,0,0,8192,0,0,0,0,0,0,0,0,64,0,0,0,0
409,512,40,16,32,409,500,proj,512,512,512,wsap,32,288,2080,2080,0,0,0,416,0,0,0,0,6240,0,4320,0,8,0,384,5760,0
409,640,32,8,51,512,500,proj,512,512,512,isap,512,5632,22528,45056,0,0,0,8192,0,0,0,0,0,0,0,0,264,0,7168,0,0
409,256,64,16,1024,16,500,proj,512,512,512,wspp,1024,4096,4096,0,0,4096,0,0,4096,0,0,0,0,0,0,0,4,4096,7168,0,0
409,256,56,16,1024,18,500,proj,512,512,512,wsap,1024,4096,4480,0,5120,0,0,5120,0,0,0,0,0,0,0,0,8,0,0,0,0
409,256,80,16,256,51,500,proj,512,512,512,wspp,256,1024,4480,0,0,896,0,0,896,0,2688,0,0,2688,3072,0,4,3584,1536,4608,0
409,128,72,8,512,28,500,proj,512,512,512,isap,2048,2048,36864,0,12288,0,0,4096,0,0,0,0,0,0,0,0,0,0,0,0,0
409,512,32,4,512,1024,500,proj,512,512,512,wspp,512,4608,2048,2048,0,0,0,8192,0,0,0,0,0,0,0,0,32,0,6144,0,0
409,512,32,2,2048,512,500,proj,512,512,512,isap,512,4608,2048,2048,0,0,0,8192,0,0,0,0,0,0,0,0,64,0,4096,0,0
409,512,40,16,32,409,500,proj,512,512,512,wsap,32,288,2080,2080,0,0,0,416,0,0,0,0,6240,0,4320,0,8,0,384,5760,0
409,256,64,16,1024,16,500,proj,512,512,512,wspp,1024,4096,4096,0,0,4096,0,0,4096,0,0,0,0,0,0,0,4,4096,7168,0,0
409,256,80,16,256,51,500,proj,512,512,512,wspp,256,1024,4480,0,0,896,0,0,896,0,2688,0,0,2688,3072,0,4,3584,1536,4608,0
409,512,32,4,512,1024,500,proj,512,512,512,wspp,512,4608,2048,2048,0,0,0,8192,0,0,0,0,0,0,0,0,32,0,6144,0,0
409,512,32,2,1024,1024,500,proj,512,512,512,isap,512,4608,2048,2048,0,0,0,8192,0,0,0,0,0,0,0,0,64,0,4096,0,0
409,512,32,2,2048,512,500,proj,512,512,512,isap,512,4608,2048,2048,0,0,0,8192,0,0,0,0,0,0,0,0,64,0,4096,0,0
409,384,40,2,2730,204,500,proj,512,512,512,ispp,1024,6144,4160,0,0,205,0,6451,6656,0,0,0,0,0,0,3105,52,3551,6144,0,0
409,512,40,16,32,409,500,proj,512,512,512,wsap,32,288,2080,2080,0,0,0,416,0,0,0,0,6240,0,4320,0,8,0,384,5760,0
409,384,48,16,42,170,500,proj,512,512,512,wspp,42,252,4224,0,0,231,0,0,231,0,76,0,5325,5401,8838,2415,8,3217,399,9329,0
409,256,64,16,1024,16,500,proj,512,512,512,wspp,1024,4096,4096,0,0,4096,0,0,4096,0,0,0,0,0,0,0,4,4096,7168,0,0
409,256,72,16,512,14,500,proj,512,512,512,wsap,512,2048,4608,0,2048,0,0,2048,0,2048,0,0,2048,0,16384,0,4,0,0,0,0
409,256,80,16,256,51,500,proj,512,512,512,wspp,256,1024,4480,0,0,896,0,0,896,0,2688,0,0,2688,3072,0,4,3584,1536,4608,0
409,128,88,16,1024,23,500,proj,512,512,512,ispp,2048,2048,16896,0,0,46,1102,3026,8114,0,0,0,0,0,0,10084,0,4174,9728,0,0
409,512,32,2,1024,1024,500,proj,512,512,512,isap,512,4608,2048,2048,0,0,0,8192,0,0,0,0,0,0,0,0,64,0,4096,0,0
409,512,32,2,2048,512,500,proj,512,512,512,isap,512,4608,2048,2048,0,0,0,8192,0,0,0,0,0,0,0,0,64,0,4096,0,0
409,512,40,16,32,409,500,proj,512,512,512,wsap,32,288,2080,2080,0,0,0,416,0,0,0,0,6240,0,4320,0,8,0,384,5760,0
409,256,64,16,1024,16,500,proj,512,512,512,wspp,1024,4096,4096,0,0,4096,0,0,4096,0,0,0,0,0,0,0,4,4096,7168,0,0
409,256,80,16,256,51,500,proj,512,512,512,wspp,256,1024,4480,0,0,896,0,0,896,0,2688,0,0,2688,3072,0,4,3584,1536,4608,0
409,512,32,2,1024,1024,500,proj,512,512,512,isap,512,4608,2048,2048,0,0,0,8192,0,0,0,0,0,0,0,0,64,0,4096,0,0
409,384,24,4,682,682,500,proj,512,512,512,isap,1024,6144,8448,0,11264,0,0,11264,0,0,0,0,0,0,0,0,88,0,0,0,0
409,512,32,2,2048,512,500,proj,512,512,512,isap,512,4608,2048,2048,0,0,0,8192,0,0,0,0,0,0,0,0,64,0,4096,0,0
409,640,24,2,3276,682,500,proj,512,512,512,wspp,512,5632,2112,4224,0,0,0,11264,0,0,0,0,0,0,0,0,132,0,5632,0,0
409,512,40,16,32,409,500,proj,512,512,512,wsap,32,288,2080,2080,0,0,0,416,0,0,0,0,6240,0,4320,0,8,0,384,5760,0
409,512,32,32,64,1024,500,proj,512,512,512,wsap,64,576,2048,2048,0,0,0,1024,0,0,0,0,7168,0,4032,0,8,0,960,6720,0
409,256,64,16,1024,16,500,proj,512,512,512,wspp,1024,4096,4096,0,0,4096,0,0,4096,0,0,0,0,0,0,0,4,4096,7168,0,0
409,256,64,32,1024,32,500,proj,512,512,512,ispp,1024,4096,4096,0,0,4096,0,0,4096,0,0,0,0,0,0,0,4,4096,7168,0,0
409,256,80,16,256,51,500,proj,512,512,512,wspp,256,1024,4480,0,0,896,0,0,896,0,2688,0,0,2688,3072,0,4,3584,1536,4608,0
409,128,80,8,512,51,500,proj,512,512,512,ispp,2048,2048,35840,0,0,204,512,3380,10240,0,0,0,0,0,0,16072,0,2716,10752,0,0
409,512,32,2,1024,1024,500,proj,512,512,512,isap,512,4608,2048,2048,0,0,0,8192,0,0,0,0,0,0,0,0,64,0,4096,0,0
409,512,32,2,2048,512,500,proj,512,512,512,isap,512,4608,2048,2048,0,0,0,8192,0,0,0,0,0,0,0,0,64,0,4096,0,0
409,512,40,16,32,409,500,proj,512,512,512,wsap,32,288,2080,2080,0,0,0,416,0,0,0,0,6240,0,4320,0,8,0,384,5760,0
409,256,64,32,1024,32,500,proj,512,512,512,ispp,1024,4096,4096,0,0,4096,0,0,4096,0,0,0,0,0,0,0,4,4096,7168,0,0
409,256,80,16,256,51,500,proj,512,512,512,wspp,256,1024,4480,0,0,896,0,0,896,0,2688,0,0,2688,3072,0,4,3584,1536,4608,0
409,512,32,2,1024,1024,500,proj,512,512,512,isap,512,4608,2048,2048,0,0,0,8192,0,0,0,0,0,0,0,0,64,0,4096,0,0
409,512,40,2,512,1638,500,proj,512,512,512,isap,512,4608,2080,2080,0,0,0,6656,0,0,0,0,0,0,0,0,56,0,3072,0,0
409,512,32,2,2048,512,500,proj,512,512,512,isap,512,4608,2048,2048,0,0,0,8192,0,0,0,0,0,0,0,0,64,0,4096,0,0
409,512,32,4,2048,256,500,proj,512,512,512,isap,512,4608,2048,2048,0,0,0,8192,0,0,0,0,0,0,0,0,32,0,6144,0,0
409,512,40,16,32,409,500,proj,512,512,512,wsap,32,288,2080,2080,0,0,0,416,0,0,0,0,6240,0,4320,0,8,0,384,5760,0
409,512,32,8,32,256,500,proj,512,512,512,isap,512,4608,32768,32768,0,0,0,8192,0,0,0,0,0,0,0,0,256,0,7168,0,0
409,256,64,32,1024,32,500,proj,512,512,512,ispp,1024,4096,4096,0,0,4096,0,0,4096,0,0,0,0,0,0,0,4,4096,7168,0,0
409,128,64,16,2048,32,500,proj,512,512,512,ispp,2048,2048,8192,0,0,32,4128,4064,8160,0,0,0,0,0,0,8128,0,8224,14336,0,0
409,256,80,16,256,51,500,proj,512,512,512,wspp,256,1024,4480,0,0,896,0,0,896,0,2688,0,0,2688,3072,0,4,3584,1536,4608,0
409,128,88,8,512,46,500,proj,512,512,512,ispp,2048,2048,33792,0,0,184,1336,2888,7880,0,0,0,0,0,0,9616,0,4408,9216,0,0
409,512,32,2,1024,1024,500,proj,512,512,512,isap,512,4608,2048,2048,0,0,0,8192,0,0,0,0,0,0,0,0,64,0,4096,0,0
409,512,32,4,2048,256,500,proj,512,512,512,isap,512,4608,2048,2048,0,0,0,8192,0,0,0,0,0,0,0,0,32,0,6144,0,0
409,512,40,16,32,409,500,proj,512,512,512,wsap,32,288,2080,2080,0,0,0,416,0,0,0,0,6240,0,4320,0,8,0,384,5760,0
409,256,64,32,1024,32,500,proj,512,512,512,ispp,1024,4096,4096,0,0,4096,0,0,4096,0,0,0,0,0,0,0,4,4096,7168,0,0
409,256,80,16,256,51,500,proj,512,512,512,wspp,256,1024,4480,0,0,896,0,0,896,0,2688,0,0,2688,3072,0,4,3584,1536,4608,0
409,512,32,2,1024,1024,500,proj,512,512,512,isap,512,4608,2048,2048,0,0,0,8192,0,0,0,0,0,0,0,0,64,0,4096,0,0
409,384,40,4,2730,409,500,proj,512,512,512,wspp,1024,6144,4160,0,0,418,0,6238,6656,0,0,0,0,0,0,2873,28,3783,9216,0,0
409,512,32,4,2048,256,500,proj,512,512,512,isap,512,4608,2048,2048,0,0,0,8192,0,0,0,0,0,0,0,0,32,0,6144,0,0
409,384,32,8,2730,512,500,proj,512,512,512,wspp,1024,6144,4096,0,0,512,0,7680,8192,0,0,0,0,0,0,3584,16,4608,14336,0,0
409,512,40,16,32,409,500,proj,512,512,512,wsap,32,288,2080,2080,0,0,0,416,0,0,0,0,6240,0,4320,0,8,0,384,5760,0
409,512,40,8,32,409,500,proj,512,512,512,wspp,32,288,2080,2080,0,0,0,416,0,0,0,0,6240,0,8640,0,16,0,352,5280,0
409,256,64,32,1024,32,500,proj,512,512,512,ispp,1024,4096,4096,0,0,4096,0,0,4096,0,0,0,0,0,0,0,4,4096,7168,0,0
409,256,56,32,512,18,500,proj,512,512,512,wspp,512,2048,4480,0,0,2560,0,0,2560,0,2560,0,0,2560,2048,0,4,5120,4608,4608,0
409,256,80,16,256,51,500,proj,512,512,512,wspp,256,1024,4480,0,0,896,0,0,896,0,2688,0,0,2688,3072,0,4,3584,1536,4608,0
409,128,80,8,512,25,500,proj,512,512,512,wsap,512,512,8960,0,2688,0,0,896,0,8064,0,0,2688,0,10752,0,0,0,0,0,0
409,512,32,2,1024,1024,500,proj,512,512,512,isap,512,4608,2048,2048,0,0,0,8192,0,0,0,0,0,0,0,0,64,0,4096,0,0
409,512,32,4,2048,256,500,proj,512,512,512,isap,512,4608,2048,2048,0,0,0,8192,0,0,0,0,0,0,0,0,32,0,6144,0,0
409,512,40,16,32,409,500,proj,512,512,512,wsap,32,288,2080,2080,0,0,0,416,0,0,0,0,6240,0,4320,0,8,0,384,5760,0
409,256,64,32,1024,32,500,proj,512,512,512,ispp,1024,4096,4096,0,0,4096,0,0,4096,0,0,0,0,0,0,0,4,4096,7168,0,0
409,256,80,16,256,51,500,proj,512,512,512,wspp,256,1024,4480,0,0,896,0,0,896,0,2688,0,0,2688,3072,0,4,3584,1536,4608,0
409,512,32,2,1024,1024,500,proj,512,512,512,isap,512,4608,2048,2048,0,0,0,8192,0,0,0,0,0,0,0,0,64,0,4096,0,0
409,384,40,4,1365,409,500,proj,512,512,512,wsap,1024,6144,4160,0,6656,0,0,6656,0,0,0,0,0,0,0,0,28,0,0,0,0
409,512,32,4,2048,256,500,proj,512,512,512,isap,512,4608,2048,2048,0,0,0,8192,0,0,0,0,0,0,0,0,32,0,6144,0,0
409,384,32,2,2730,128,500,proj,512,512,512,isap,1024,6144,4096,0,8192,0,0,8192,0,0,0,0,0,0,0,0,64,0,0,0,0
409,512,40,16,32,409,500,proj,512,512,512,wsap,32,288,2080,2080,0,0,0,416,0,0,0,0,6240,0,4320,0,8,0,384,5760,0
409,384,40,32,42,819,500,proj,512,512,512,ispp,1024,6144,104000,0,0,6656,0,0,6656,0,0,0,0,0,0,0,100,6656,12288,0,0
409,256,64,32,1024,32,500,proj,512,512,512,ispp,1024,4096,4096,0,0,4096,0,0,4096,0,0,0,0,0,0,0,4,4096,7168,0,0
409,128,64,16,2048,64,500,proj,512,512,512,ispp,2048,2048,8192,0,0,64,4160,4032,8128,0,0,0,0,0,0,8064,0,8256,14336,0,0
409,256,80,16,256,51,500,proj,512,512,512,wspp,256,1024,4480,0,0,896,0,0,896,0,2688,0,0,2688,3072,0,4,3584,1536,4608,0
409,256,80,8,256,25,500,proj,512,512,512,ispp,1024,4096,17920,0,0,116,0,3468,3584,0,0,0,0,0,0,984,32,3092,5632,0,0
409,512,32,2,1024,1024,500,proj,512,512,512,isap,512,4608,2048,2048,0,0,0,8192,0,0,0,0,0,0,0,0,64,0,4096,0,0
409,512,32,4,2048,256,500,proj,512,512,512,isap,512,4608,2048,2048,0,0,0,8192,0,0,0,0,0,0,0,0,32,0,6144,0,0
409,512,40,16,32,409,500,proj,512,512,512,wsap,32,288,2080,2080,0,0,0,416,0,0,0,0,6240,0,4320,0,8,0,384,5760,0
409,256,64,32,1024,32,500,proj,512,512,512,ispp,1024,4096,4096,0,0,4096,0,0,4096,0,0,0,0,0,0,0,4,4096,7168,0,0
409,256,80,16,256,51,500,proj,512,512,512,wspp,256,1024,4480,0,0,896,0,0,896,0,2688,0,0,2688,3072,0,4,3584,1536,4608,0
409,512,32,2,1024,1024,500,proj,512,512,512,isap,512,4608,2048,2048,0,0,0,8192,0,0,0,0,0,0,0,0,64,0,4096,0,0
409,384,40,2,1365,409,500,proj,512,512,512,isap,1024,6144,4160,0,6656,0,0,6656,0,0,0,0,0,0,0,0,52,0,0,0,0
409,512,32,4,2048,256,500,proj,512,512,512,isap,512,4608,2048,2048,0,0,0,8192,0,0,0,0,0,0,0,0,32,0,6144,0,0
409,384,40,2,5461,102,500,proj,512,512,512,isap,1024,6144,4160,0,6656,0,0,6656,0,0,0,0,0,0,0,0,52,0,0,0,0
409,512,40,16,32,409,500,proj,512,512,512,wsap,32,288,2080,2080,0,0,0,416,0,0,0,0,6240,0,4320,0,8,0,384,5760,0
409,384,32,16,85,512,500,proj,512,512,512,ispp,1024,6144,53248,0,0,6272,0,1920,8192,0,0,0,0,0,0,0,104,8192,15360,0,0
409,256,64,32,1024,32,500,proj,512,512,512,ispp,1024,4096,4096,0,0,4096,0,0,4096,0,0,0,0,0,0,0,4,4096,7168,0,0
409,256,64,32,512,16,500,proj,512,512,512,isap,1024,4096,8192,0,4096,0,0,4096,0,0,0,0,0,0,0,0,8,0,0,0,0
409,256,80,16,256,51,500,proj,512,512,512,wspp,256,1024,4480,0,0,896,0,0,896,0,2688,0,0,2688,3072,0,4,3584,1536,4608,0
409,256,72,8,512,113,500,proj,512,512,512,ispp,1024,4096,9216,0,0,226,0,3870,4096,0,0,0,0,0,0,0,16,4096,7168,0,0
409,512,32,2,1024,1024,500,proj,512,512,512,isap,512,4608,2048,2048,0,0,0,8192,0,0,0,0,0,0,0,0,64,0,4096,0,0
409,512,32,4,2048,256,500,proj,512,512,512,isap,512,4608,2048,2048,0,0,0,8192,0,0,0,0,0,0,0,0,32,0,6144,0,0
409,512,40,16,32,409,500,proj,512,512,512,wsap,32,288,2080,2080,0,0,0,416,0,0,0,0,6240,0,4320,0,8,0,384,5760,0
409,256,64,32,1024,32,500,proj,512,512,512,ispp,1024,4096,4096,0,0,4096,0,0,4096,0,0,0,0,0,0,0,4,4096,7168,0,0
409,256,80,16,256,51,500,proj,512,512,512,wspp,256,1024,4480,0,0,896,0,0,896,0,2688,0,0,2688,3072,0,4,3584,1536,4608,0
409,512,32,2,1024,1024,500,proj,512,512,512,isap,512,4608,2048,2048,0,0,0,8192,0,0,0,0,0,0,0,0,64,0,4096,0,0
409,384,40,4,682,819,500,proj,512,512,512,wsap,682,4092,4160,0,4433,0,0,4433,0,2223,0,0,2223,0,26676,0,28,0,0,0,0
409,512,32,4,2048,256,500,proj,512,512,512,isap,512,4608,2048,2048,0,0,0,8192,0,0,0,0,0,0,0,0,32,0,6144,0,0
409,640,24,4,819,170,500,proj,512,512,512,ispp,512,5632,2112,4224,0,0,0,11264,0,0,0,0,0,0,0,0,72,0,8192,0,0
409,512,40,16,32,409,500,proj,512,512,512,wsap,32,288,2080,2080,0,0,0,416,0,0,0,0,6240,0,4320,0,8,0,384,5760,0
409,512,40,8,64,204,500,proj,512,512,512,isap,512,4608,16640,16640,0,0,0,6656,0,0,0,0,0,0,0,0,128,0,5632,0,0
409,256,64,32,1024,32,500,proj,512,512,512,ispp,1024,4096,4096,0,0,4096,0,0,4096,0,0,0,0,0,0,0,4,4096,7168,0,0
409,256,56,32,512,36,500,proj,512,512,512,isap,1024,4096,8960,0,5120,0,0,5120,0,0,0,0,0,0,0,0,8,0,0,0,0
409,256,80,16,256,51,500,proj,512,512,512,wspp,256,1024,4480,0,0,896,0,0,896,0,2688,0,0,2688,3072,0,4,3584,1536,4608,0
409,128,72,16,256,113,500,proj,512,512,512,wsap,256,256,9216,0,1536,0,0,512,0,10752,0,0,3584,0,14336,0,0,0,0,0,0
409,512,32,2,1024,1024,500,proj,512,512,512,isap,512,4608,2048,2048,0,0,0,8192,0,0,0,0,0,0,0,0,64,0,4096,0,0
409,512,32,4,2048,256,500,proj,512,512,512,isap,512,4608,2048,2048,0,0,0,8192,0,0,0,0,0,0,0,0,32,0,6144,0,0
409,512,40,16,32,409,500,proj,512,512,512,wsap,32,288,2080,2080,0,0,0,416,0,0,0,0,6240,0,4320,0,8,0,384,5760,0
409,256,64,32,1024,32,500,proj,512,512,512,ispp,1024,4096,4096,0,0,4096,0,0,4096,0,0,0,0,0,0,0,4,4096,7168,0,0
409,256,80,16,256,51,500,proj,512,512,512,wspp,256,1024,4480,0,0,896,0,0,896,0,2688,0,0,2688,3072,0,4,3584,1536,4608,0
409,512,32,2,1024,1024,500,proj,512,512,512,isap,512,4608,2048,2048,0,0,0,8192,0,0,0,0,0,0,0,0,64,0,4096,0,0
409,512,32,2,2048,512,500,proj,512,512,512,ispp,512,4608,2048,2048,0,0,0,8192,0,0,0,0,0,0,0,0,64,0,4096,0,0
409,512,32,4,2048,256,500,proj,512,512,512,isap,512,4608,2048,2048,0,0,0,8192,0,0,0,0,0,0,0,0,32,0,6144,0,0
409,384,24,8,5461,170,500,proj,512,512,512,wspp,1024,6144,4224,0,0,176,0,11088,11264,0,0,0,0,0,0,5486,24,5778,18944,0,0
409,512,40,16,32,409,500,proj,512,512,512,wsap,32,288,2080,2080,0,0,0,416,0,0,0,0,6240,0,4320,0,8,0,384,5760,0
409,384,32,32,85,1024,500,proj,512,512,512,isap,1024,6144,53248,0,8192,0,0,8192,0,0,0,0,0,0,0,0,52,0,0,0,0
409,256,64,32,1024,32,500,proj,512,512,512,ispp,1024,4096,4096,0,0,4096,0,0,4096,0,0,0,0,0,0,0,4,4096,7168,0,0
409,128,64,64,2048,64,500,proj,512,512,512,isap,2048,2048,8192,0,12288,0,0,4096,0,0,0,0,0,0,0,0,0,0,0,0,0
409,256,80,16,256,51,500,proj,512,512,512,wspp,256,1024,4480,0,0,896,0,0,896,0,2688,0,0,2688,3072,0,4,3584,1536,4608,0
409,128,80,16,256,51,500,proj,512,512,512,wsap,256,256,8960,0,1344,0,0,448,0,9408,0,0,3136,0,12544,0,0,0,0,0,0
409,512,32,2,2048,512,500,proj,512,512,512,ispp,512,4608,2048,2048,0,0,0,8192,0,0,0,0,0,0,0,0,64,0,4096,0,0
409,512,32,4,2048,256,500,proj,512,512,512,isap,512,4608,2048,2048,0,0,0,8192,0,0,0,0,0,0,0,0,32,0,6144,0,0
409,512,40,16,32,409,500,proj,512,512,512,wsap,32,288,2080,2080,0,0,0,416,0,0,0,0,6240,0,4320,0,8,0,384,5760,0
409,256,64,32,1024,32,500,proj,512,512,512,ispp,1024,4096,4096,0,0,4096,0,0,4096,0,0,0,0,0,0,0,4,4096,7168,0,0
409,256,80,16,256,51,500,proj,512,512,512,wspp,256,1024,4480,0,0,896,0,0,896,0,2688,0,0,2688,3072,0,4,3584,1536,4608,0
409,512,32,2,2048,512,500,proj,512,512,512,ispp,512,4608,2048,2048,0,0,0,8192,0,0,0,0,0,0,0,0,64,0,4096,0,0
409,384,32,4,2730,1024,500,proj,512,512,512,isap,1024,6144,4096,0,8192,0,0,8192,0,0,0,0,0,0,0,0,32,0,0,0,0
409,512,32,4,2048,256,500,proj,512,512,512,isap,512,4608,2048,2048,0,0,0,8192,0,0,0,0,0,0,0,0,32,0,6144,0,0
409,640,24,8,1638,682,500,proj,512,512,512,ispp,512,5632,2112,4224,0,0,0,11264,0,0,0,0,0,0,0,0,36,0,9728,0,0
409,512,40,16,32,409,500,proj,512,512,512,wsap,32,288,2080,2080,0,0,0,416,0,0,0,0,6240,0,4320,0,8,0,384,5760,0
409,384,48,16,85,341,500,proj,512,512,512,wspp,84,504,4224,0,0,462,0,0,462,0,159,0,5011,5170,8460,2275,8,3357,798,8930,0
409,256,64,32,1024,32,500,proj,512,512,512,ispp,1024,4096,4096,0,0,4096,0,0,4096,0,0,0,0,0,0,0,4,4096,7168,0,0
409,128,64,32,2048,16,500,proj,512,512,512,isap,2048,2048,8192,0,12288,0,0,4096,0,0,0,0,0,0,0,0,0,0,0,0,0
409,256,80,16,256,51,500,proj,512,512,512,wspp,256,1024,4480,0,0,896,0,0,896,0,2688,0,0,2688,3072,0,4,3584,1536,4608,0
409,256,88,8,256,93,500,proj,512,512,512,wsap,256,1024,4224,0,768,0,0,768,0,2304,0,0,2304,0,18432,0,8,0,0,0,0
409,512,32,2,2048,512,500,proj,512,512,512,ispp,512,4608,2048,2048,0,0,0,8192,0,0,0,0,0,0,0,0,64,0,4096,0,0
409,512,32,4,2048,256,500,proj,512,512,512,isap,512,4608,2048,2048,0,0,0,8192,0,0,0,0,0,0,0,0,32,0,6144,0,0
409,512,40,16,32,409,500,proj,512,512,512,wsap,32,288,2080,2080,0,0,0,416,0,0,0,0,6240,0,4320,0,8,0,384,5760,0
409,256,64,32,1024,32,500,proj,512,512,512,ispp,1024,4096,4096,0,0,4096,0,0,4096,0,0,0,0,0,0,0,4,4096,7168,0,0
409,256,80,16,256,51,500,proj,512,512,512,wspp,256,1024,4480,0,0,896,0,0,896,0,2688,0,0,2688,3072,0,4,3584,1536,4608,0
409,512,32,2,2048,512,500,proj,512,512,512,ispp,512,4608,2048,2048,0,0,0,8192,0,0,0,0,0,0,0,0,64,0,4096,0,0
409,384,24,4,2730,1365,500,proj,512,512,512,wspp,1024,6144,4224,0,0,1377,0,9887,11264,0,0,0,0,0,0,4222,44,7042,16384,0,0
409,512,32,4,2048,256,500,proj,512,512,512,isap,512,4608,2048,2048,0,0,0,8192,0,0,0,0,0,0,0,0,32,0,6144,0,0
409,384,32,2,1365,256,500,proj,512,512,512,isap,1024,6144,4096,0,8192,0,0,8192,0,0,0,0,0,0,0,0,64,0,0,0,0
409,512,40,16,32,409,500,proj,512,512,512,wsap,32,288,2080,2080,0,0,0,416,0,0,0,0,6240,0,4320,0,8,0,384,5760,0
409,384,32,32,21,512,500,proj,512,512,512,wspp,20,120,4096,0,0,160,0,0,160,0,8032,0,0,8032,6024,0,4,8192,300,15060,0
409,256,64,32,1024,32,500,proj,512,512,512,ispp,1024,4096,4096,0,0,4096,0,0,4096,0,0,0,0,0,0,0,4,4096,7168,0,0
409,128,56,32,2048,73,500,proj,512,512,512,ispp,2048,2048,8960,0,0,90,180,5030,15180,0,0,0,0,0,0,22128,0,4296,17920,0,0
409,256,80,16,256,51,500,proj,512,512,512,wspp,256,1024,4480,0,0,896,0,0,896,0,2688,0,0,2688,3072,0,4,3584,1536,4608,0
409,128,88,16,512,46,500,proj,512,512,512,wspp,512,512,8448,0,0,46,334,722,1970,0,0,768,2304,6144,1920,10084,0,4174,2432,7296,0
409,512,32,2,2048,512,500,proj,512,512,512,ispp,512,4608,2048,2048,0,0,0,8192,0,0,0,0,0,0,0,0,64,0,4096,0,0
409,512,32,4,2048,256,500,proj,512,512,512,isap,512,4608,2048,2048,0,0,0,8192,0,0,0,0,0,0,0,0,32,0,6144,0,0
409,512,40,16,32,409,500,proj,512,512,512,wsap,32,288,2080,2080,0,0,0,416,0,0,0,0,6240,0,4320,0,8,0,384,5760,0
409,256,64,32,1024,32,500,proj,512,512,512,ispp,1024,4096,4096,0,0,4096,0,0,4096,0,0,0,0,0,0,0,4,4096,7168,0,0
409,256,80,16,256,51,500,proj,512,512,512,wspp,256,1024,4480,0,0,896,0,0,896,0,2688,0,0,2688,3072,0,4,3584,1536,4608,0
409,512,32,2,2048,512,500,proj,512,512,512,ispp,512,4608,2048,2048,0,0,0,8192,0,0,0,0,0,0,0,0,64,0,4096,0,0
409,384,32,2,5461,256,500,proj,512,512,512,isap,1024,6144,4096,0,8192,0,0,8192,0,0,0,0,0,0,0,0,64,0,0,0,0
409,512,32,4,2048,256,500,proj,512,512,512,isap,512,4608,2048,2048,0,0,0,8192,0,0,0,0,0,0,0,0,32,0,6144,0,0
409,384,40,8,2730,204,500,proj,512,512,512,wsap,1024,6144,4160,0,6656,0,0,6656,0,0,0,0,0,0,0,0,16,0,0,0,0
409,512,40,16,32,409,500,proj,512,512,512,wsap,32,288,2080,2080,0,0,0,416,0,0,0,0,6240,0,4320,0,8,0,384,5760,0
409,640,32,8,12,512,500,proj,512,512,512,isap,512,5632,88064,176128,0,0,0,8192,0,0,0,0,0,0,0,0,1032,0,7168,0,0
409,256,64,32,1024,32,500,proj,512,512,512,ispp,1024,4096,4096,0,0,4096,0,0,4096,0,0,0,0,0,0,0,4,4096,7168,0,0
409,128,64,16,1024,64,500,proj,512,512,512,wsap,1024,1024,8192,0,6144,0,0,2048,0,6144,0,0,2048,0,8192,0,0,0,0,0,0
409,256,80,16,256,51,500,proj,512,512,512,wspp,256,1024,4480,0,0,896,0,0,896,0,2688,0,0,2688,3072,0,4,3584,1536,4608,0
409,256,72,8,128,56,500,proj,512,512,512,wspp,128,512,4608,0,0,56,0,456,512,0,0,0,3584,3584,3584,0,8,4096,896,6272,0
409,512,32,2,2048,512,500,proj,512,512,512,ispp,512,4608,2048,2048,0,0,0,8192,0,0,0,0,0,0,0,0,64,0,4096,0,0
409,512,32,4,2048,256,500,proj,512,512,512,isap,512,4608,2048,2048,0,0,0,8192,0,0,0,0,0,0,0,0,32,0,6144,0,0
409,512,40,16,32,409,500,proj,512,512,512,wsap,32,288,2080,2080,0,0,0,416,0,0,0,0,6240,0,4320,0,8,0,384,5760,0
409,256,64,32,1024,32,500,proj,512,512,512,ispp,1024,4096,4096,0,0,4096,0,0,4096,0,0,0,0,0,0,0,4,4096,7168,0,0
409,256,80,16,256,51,500,proj,512,512,512,wspp,256,1024,4480,0,0,896,0,0,896,0,2688,0,0,2688,3072,0,4,3584,1536,4608,0
409,512,32,2,2048,512,500,proj,512,512,512,ispp,512,4608,2048,2048,0,0,0,8192,0,0,0,0,0,0,0,0,64,0,4096,0,0
409,384,32,4,2730,512,500,proj,512,512,512,ispp,1024,6144,4096,0,0,512,0,7680,8192,0,0,0,0,0,0,3584,32,4608,12288,0,0
409,512,32,4,2048,256,500,proj,512,512,512,isap,512,4608,2048,2048,0,0,0,8192,0,0,0,0,0,0,0,0,32,0,6144,0,0
409,384,32,2,5461,128,500,proj,512,512,512,wspp,1024,6144,4096,0,0,128,0,8064,8192,0,0,0,0,0,0,3962,64,4230,8192,0,0
409,512,40,16,32,409,500,proj,512,512,512,wsap,32,288,2080,2080,0,0,0,416,0,0,0,0,6240,0,4320,0,8,0,384,5760,0
409,384,40,32,21,204,500,proj,512,512,512,wsap,20,120,4160,0,130,0,0,130,0,6526,0,0,6526,0,78312,0,4,0,0,0,0
409,256,64,32,1024,32,500,proj,512,512,512,ispp,1024,4096,4096,0,0,4096,0,0,4096,0,0,0,0,0,0,0,4,4096,7168,0,0
409,256,72,16,512,14,500,proj,512,512,512,ispp,1024,4096,9216,0,0,4096,0,0,4096,0,0,0,0,0,0,0,8,4096,7168,0,0
409,256,80,16,256,51,500,proj,512,512,512,wspp,256,1024,4480,0,0,896,0,0,896,0,2688,0,0,2688,3072,0,4,3584,1536,4608,0
409,128,72,8,1024,56,500,proj,512,512,512,ispp,2048,2048,18432,0,0,112,224,3984,12064,0,0,0,0,0,0,15936,0,4320,14336,0,0
409,512,32,2,2048,512,500,proj,512,512,512,ispp,512,4608,2048,2048,0,0,0,8192,0,0,0,0,0,0,0,0,64,0,4096,0,0
409,512,32,4,2048,256,500,proj,512,512,512,isap,512,4608,2048,2048,0,0,0,8192,0,0,0,0,0,0,0,0,32,0,6144,0,0
409,512,40,16,32,409,500,proj,512,512,512,wsap,32,288,2080,2080,0,0,0,416,0,0,0,0,6240,0,4320,0,8,0,384,5760,0
409,256,64,32,1024,32,500,proj,512,512,512,ispp,1024,4096,4096,0,0,4096,0,0,4096,0,0,0,0,0,0,0,4,4096,7168,0,0
409,256,80,16,256,51,500,proj,512,512,512,wspp,256,1024,4480,0,0,896,0,0,896,0,2688,0,0,2688,3072,0,4,3584,1536,4608,0
409,512,32,2,2048,512,500,proj,512,512,512,ispp,512,4608,2048,2048,0,0,0,8192,0,0,0,0,0,0,0,0,64,0,4096,0,0
409,512,40,2,2048,204,500,proj,512,512,512,isap,512,4608,2080,2080,0,0,0,6656,0,0,0,0,0,0,0,0,56,0,3072,0,0
409,512,32,4,2048,256,500,proj,512,512,512,isap,512,4608,2048,2048,0,0,0,8192,0,0,0,0,0,0,0,0,32,0,6144,0,0
409,512,24,2,2048,682,500,proj,512,512,512,isap,512,4608,2112,2112,0,0,0,11264,0,0,0,0,0,0,0,0,88,0,5632,0,0
409,512,40,16,32,409,500,proj,512,512,512,wsap,32,288,2080,2080,0,0,0,416,0,0,0,0,6240,0,4320,0,8,0,384,5760,0
409,384,48,8,21,170,500,proj,512,512,512,wsap,20,120,4224,0,110,0,0,110,0,5522,0,0,5522,0,66264,0,12,0,0,0,0
409,256,64,32,1024,32,500,proj,512,512,512,ispp,1024,4096,4096,0,0,4096,0,0,4096,0,0,0,0,0,0,0,4,4096,7168,0,0
409,256,64,32,1024,64,500,proj,512,512,512,ispp,1024,4096,4096,0,0,4096,0,0,4096,0,0,0,0,0,0,0,4,4096,7168,0,0
409,256,80,16,256,51,500,proj,512,512,512,wspp,256,1024,4480,0,0,896,0,0,896,0,2688,0,0,2688,3072,0,4,3584,1536,4608,0
409,256,80,8,512,51,500,proj,512,512,512,isap,1024,4096,8960,0,3584,0,0,3584,0,0,0,0,0,0,0,0,16,0,0,0,0
409,512,32,2,2048,512,500,proj,512,512,512,ispp,512,4608,2048,2048,0,0,0,8192,0,0,0,0,0,0,0,0,64,0,4096,0,0
409,512,32,4,2048,256,500,proj,512,512,512,isap,512,4608,2048,2048,0,0,0,8192,0,0,0,0,0,0,0,0,32,0,6144,0,0
409,512,40,16,32,409,500,proj,512,512,512,wsap,32,288,2080,2080,0,0,0,416,0,0,0,0,6240,0,4320,0,8,0,384,5760,0
409,256,64,32,1024,64,500,proj,512,512,512,ispp,1024,4096,4096,0,0,4096,0,0,4096,0,0,0,0,0,0,0,4,4096,7168,0,0
409,256,80,16,256,51,500,proj,512,512,512,wspp,256,1024,4480,0,0,896,0,0,896,0,2688,0,0,2688,3072,0,4,3584,1536,4608,0
409,512,32,2,2048,512,500,proj,512,512,512,ispp,512,4608,2048,2048,0,0,0,8192,0,0,0,0,0,0,0,0,64,0,4096,0,0
409,384,32,4,2730,1024,500,proj,512,512,512,wsap,1024,6144,4096,0,8192,0,0,8192,0,0,0,0,0,0,0,0,32,0,0,0,0
409,512,32,4,2048,256,500,proj,512,512,512,isap,512,4608,2048,2048,0,0,0,8192,0,0,0,0,0,0,0,0,32,0,6144,0,0
409,384,40,4,2730,409,500,proj,512,512,512,wspp,1024,6144,4160,0,0,418,0,6238,6656,0,0,0,0,0,0,2873,28,3783,9216,0,0
409,512,40,16,32,409,500,proj,512,512,512,wsap,32,288,2080,2080,0,0,0,416,0,0,0,0,6240,0,4320,0,8,0,384,5760,0
409,512,48,8,32,341,500,proj,512,512,512,wsap,32,288,2112,2112,0,0,0,352,0,0,0,0,5280,0,8640,0,16,0,288,4320,0
409,256,64,32,1024,64,500,proj,512,512,512,ispp,1024,4096,4096,0,0,4096,0,0,4096,0,0,0,0,0,0,0,4,4096,7168,0,0
409,128,64,16,2048,64,500,proj,512,512,512,ispp,2048,2048,8192,0,0,64,4160,4032,8128,0,0,0,0,0,0,8064,0,8256,14336,0,0
409,256,80,16,256,51,500,proj,512,512,512,wspp,256,1024,4480,0,0,896,0,0,896,0,2688,0,0,2688,3072,0,4,3584,1536,4608,0
409,128,80,16,256,25,500,proj,512,512,512,isap,2048,2048,71680,0,10752,0,0,3584,0,0,0,0,0,0,0,0,0,0,0,0,0
409,512,32,2,2048,512,500,proj,512,512,512,ispp,512,4608,2048,2048,0,0,0,8192,0,0,0,0,0,0,0,0,64,0,4096,0,0
409,512,32,4,2048,256,500,proj,512,512,512,isap,512,4608,2048,2048,0,0,0,8192,0,0,0,0,0,0,0,0,32,0,6144,0,0
409,512,40,16,32,409,500,proj,512,512,512,wsap,32,288,2080,2080,0,0,0,416,0,0,0,0,6240,0,4320,0,8,0,384,5760,0
409,256,64,32,1024,64,500,proj,512,512,512,ispp,1024,4096,4096,0,0,4096,0,0,4096,0,0,0,0,0,0,0,4,4096,7168,0,0
409,256,80,16,256,51,500,proj,512,512,512,wspp,256,1024,4480,0,0,896,0,0,896,0,2688,0,0,2688,3072,0,4,3584,1536,4608,0
409,512,32,2,2048,512,500,proj,512,512,512,ispp,512,4608,2048,2048,0,0,0,8192,0,0,0,0,0,0,0,0,64,0,4096,0,0
409,640,24,2,819,1365,500,proj,512,512,512,ispp,512,5632,2112,4224,0,0,0,11264,0,0,0,0,0,0,0,0,132,0,5632,0,0
409,512,32,4,2048,256,500,proj,512,512,512,isap,512,4608,2048,2048,0,0,0,8192,0,0,0,0,0,0,0,0,32,0,6144,0,0
409,640,24,4,819,170,500,proj,512,512,512,wspp,512,5632,2112,4224,0,0,0,11264,0,0,0,0,0,0,0,0,72,0,8192,0,0
409,512,40,16,32,409,500,proj,512,512,512,wsap,32,288,2080,2080,0,0,0,416,0,0,0,0,6240,0,4320,0,8,0,384,5760,0
409,512,40,8,32,204,500,proj,512,512,512,ispp,512,4608,33280,33280,0,0,0,6656,0,0,0,0,0,0,0,0,256,0,5632,0,0
409,256,64,32,1024,64,500,proj,512,512,512,ispp,1024,4096,4096,0,0,4096,0,0,4096,0,0,0,0,0,0,0,4,4096,7168,0,0
409,128,64,32,2048,128,500,proj,512,512,512,wsap,2048,2048,8192,0,12288,0,0,4096,0,0,0,0,0,0,0,0,0,0,0,0,0
409,256,80,16,256,51,500,proj,512,512,512,wspp,256,1024,4480,0,0,896,0,0,896,0,2688,0,0,2688,3072,0,4,3584,1536,4608,0
409,128,88,8,512,46,500,proj,512,512,512,wspp,512,512,8448,0,0,46,334,722,1970,0,0,768,2304,6144,2304,10084,0,4174,2304,6912,0
409,512,32,2,2048,512,500,proj,512,512,512,ispp,512,4608,2048,2048,0,0,0,8192,0,0,0,0,0,0,0,0,64,0,4096,0,0
409,512,32,4,2048,256,500,proj,512,512,512,isap,512,4608,2048,2048,0,0,0,8192,0,0,0,0,0,0,0,0,32,0,6144,0,0
409,512,40,16,32,409,500,proj,512,512,512,wsap,32,288,2080,2080,0,0,0,416,0,0,0,0,6240,0,4320,0,8,0,384,5760,0
409,256,64,32,1024,64,500,proj,512,512,512,ispp,1024,4096,4096,0,0,4096,0,0,4096,0,0,0,0,0,0,0,4,4096,7168,0,0
409,256,80,16,256,51,500,proj,512,512,512,wspp,256,1024,4480,0,0,896,0,0,896,0,2688,0,0,2688,3072,0,4,3584,1536,4608,0
409,512,32,2,2048,512,500,proj,512,512,512,ispp,512,4608,2048,2048,0,0,0,8192,0,0,0,0,0,0,0,0,64,0,4096,0,0
409,640,24,4,1638,682,500,proj,512,512,512,isap,512,5632,2112,4224,0,0,0,11264,0,0,0,0,0,0,0,0,72,0,8192,0,0
409,512,32,4,2048,256,500,proj,512,512,512,isap,512,4608,2048,2048,0,0,0,8192,0,0,0,0,0,0,0,0,32,0,6144,0,0
409,384,32,4,5461,256,500,proj,512,512,512,wsap,1024,6144,4096,0,8192,0,0,8192,0,0,0,0,0,0,0,0,32,0,0,0,0
409,512,40,16,32,409,500,proj,512,512,512,wsap,32,288,2080,2080,0,0,0,416,0,0,0,0,6240,0,4320,0,8,0,384,5760,0
409,384,40,32,42,409,500,proj,512,512,512,ispp,1024,6144,104000,0,0,6656,0,0,6656,0,0,0,0,0,0,0,100,6656,12288,0,0
409,256,64,32,1024,64,500,proj,512,512,512,ispp,1024,4096,4096,0,0,4096,0,0,4096,0,0,0,0,0,0,0,4,4096,7168,0,0
409,128,72,16,2048,28,500,proj,512,512,512,isap,2048,2048,9216,0,12288,0,0,4096,0,0,0,0,0,0,0,0,0,0,0,0,0
409,256,80,16,256,51,500,proj,512,512,512,wspp,256,1024,4480,0,0,896,0,0,896,0,2688,0,0,2688,3072,0,4,3584,1536,4608,0
409,256,80,8,128,102,500,proj,512,512,512,wspp,128,512,4480,0,0,118,0,330,448,0,0,0,3136,3136,5376,990,8,3089,704,4928,0
409,512,32,2,2048,512,500,proj,512,512,512,ispp,512,4608,2048,2048,0,0,0,8192,0,0,0,0,0,0,0,0,64,0,4096,0,0
409,512,32,4,2048,256,500,proj,512,512,512,isap,512,4608,2048,2048,0,0,0,8192,0,0,0,0,0,0,0,0,32,0,6144,0,0
409,512,40,16,32,409,500,proj,512,512,512,wsap,32,288,2080,2080,0,0,0,416,0,0,0,0,6240,0,4320,0,8,0,384,5760,0
409,256,64,32,1024,64,500,proj,512,512,512,ispp,1024,4096,4096,0,0,4096,0,0,4096,0,0,0,0,0,0,0,4,4096,7168,0,0
409,256,80,16,256,51,500,proj,512,512,512,wspp,256,1024,4480,0,0,896,0,0,896,0,2688,0,0,2688,3072,0,4,3584,1536,4608,0
409,512,32,2,2048,512,500,proj,512,512,512,ispp,512,4608,2048,2048,0,0,0,8192,0,0,0,0,0,0,0,0,64,0,4096,0,0
409,384,32,4,1365,256,500,proj,512,512,512,isap,1024,6144,4096,0,8192,0,0,8192,0,0,0,0,0,0,0,0,32,0,0,0,0
409,512,32,4,2048,256,500,proj,512,512,512,isap,512,4608,2048,2048,0,0,0,8192,0,0,0,0,0,0,0,0,32,0,6144,0,0
409,384,24,2,2730,170,500,proj,512,512,512,ispp,1024,6144,4224,0,0,170,0,11094,11264,0,0,0,0,0,0,5462,88,5802,11264,0,0
409,512,40,16,32,409,500,proj,512,512,512,wsap,32,288,2080,2080,0,0,0,416,0,0,0,0,6240,0,4320,0,8,0,384,5760,0
409,512,32,16,64,512,500,proj,512,512,512,isap,512,4608,16384,16384,0,0,0,8192,0,0,0,0,0,0,0,0,64,0,7680,0,0
409,256,64,32,1024,64,500,proj,512,512,512,ispp,1024,4096,4096,0,0,4096,0,0,4096,0,0,0,0,0,0,0,4,4096,7168,0,0
409,128,64,64,2048,32,500,proj,512,512,512,wspp,2048,2048,8192,0,0,4096,8192,0,4096,0,0,0,0,0,0,0,0,12288,14336,0,0
409,256,80,16,256,51,500,proj,512,512,512,wspp,256,1024,4480,0,0,896,0,0,896,0,2688,0,0,2688,3072,0,4,3584,1536,4608,0
409,128,72,8,256,56,500,proj,512,512,512,wspp,256,256,9216,0,0,56,112,456,1424,0,0,0,3584,10752,1792,16160,0,4208,1792,12544,0
409,512,32,2,2048,512,500,proj,512,512,512,ispp,512,4608,2048,2048,0,0,0,8192,0,0,0,0,0,0,0,0,64,0,4096,0,0
409,512,32,4,2048,256,500,proj,512,512,512,isap,512,4608,2048,2048,0,0,0,8192,0,0,0,0,0,0,0,0,32,0,6144,0,0
409,512,40,16,32,409,500,proj,512,512,512,wsap,32,288,2080,2080,0,0,0,416,0,0,0,0,6240,0,4320,0,8,0,384,5760,0
409,256,64,32,1024,64,500,proj,512,512,512,ispp,1024,4096,4096,0,0,4096,0,0,4096,0,0,0,0,0,0,0,4,4096,7168,0,0
409,256,80,16,256,51,500,proj,512,512,512,wspp,256,1024,4480,0,0,896,0,0,896,0,2688,0,0,2688,3072,0,4,3584,1536,4608,0
409,512,32,2,2048,512,500,proj,512,512,512,ispp,512,4608,2048,2048,0,0,0,8192,0,0,0,0,0,0,0,0,64,0,4096,0,0
409,512,40,4,1024,819,500,proj,512,512,512,wsap,512,4608,2080,2080,0,0,0,6656,0,0,0,0,0,0,0,0,32,0,4608,0,0
409,512,32,4,2048,256,500,proj,512,512,512,isap,512,4608,2048,2048,0,0,0,8192,0,0,0,0,0,0,0,0,32,0,6144,0,0
409,640,32,8,819,128,500,proj,512,512,512,isap,512,5632,2048,4096,0,0,0,8192,0,0,0,0,0,0,0,0,24,0,7168,0,0
409,512,40,16,32,409,500,proj,512,512,512,wsap,32,288,2080,2080,0,0,0,416,0,0,0,0,6240,0,4320,0,8,0,384,5760,0
409,384,32,32,85,256,500,proj,512,512,512,wsap,84,504,4096,0,672,0,0,672,0,7520,0,0,7520,0,90240,0,4,0,0,0,0
409,256,64,32,1024,64,500,proj,512,512,512,ispp,1024,4096,4096,0,0,4096,0,0,4096,0,0,0,0,0,0,0,4,4096,7168,0,0
409,256,56,32,512,36,500,proj,512,512,512,wsap,512,2048,4480,0,2560,0,0,2560,0,2560,0,0,2560,0,20480,0,4,0,0,0,0
409,256,80,16,256,51,500,proj,512,512,512,wspp,256,1024,4480,0,0,896,0,0,896,0,2688,0,0,2688,3072,0,4,3584,1536,4608,0
409,128,88,8,512,93,500,proj,512,512,512,wsap,512,512,8448,0,2304,0,0,768,0,6912,0,0,2304,0,9216,0,0,0,0,0,0
409,512,32,2,2048,512,500,proj,512,512,512,ispp,512,4608,2048,2048,0,0,0,8192,0,0,0,0,0,0,0,0,64,0,4096,0,0
409,512,32,4,2048,256,500,proj,512,512,512,isap,512,4608,2048,2048,0,0,0,8192,0,0,0,0,0,0,0,0,32,0,6144,0,0
409,512,40,16,32,409,500,proj,512,512,512,wsap,32,288,2080,2080,0,0,0,416,0,0,0,0,6240,0,4320,0,8,0,384,5760,0
409,256,64,32,1024,64,500,proj,512,512,512,ispp,1024,4096,4096,0,0,4096,0,0,4096,0,0,0,0,0,0,0,4,4096,7168,0,0
409,256,80,16,256,51,500,proj,512,512,512,wspp,256,1024,4480,0,0,896,0,0,896,0,2688,0,0,2688,3072,0,4,3584,1536,4608,0
409,512,32,2,2048,512,500,proj,512,512,512,ispp,512,4608,2048,2048,0,0,0,8192,0,0,0,0,0,0,0,0,64,0,4096,0,0
409,512,24,2,1024,1365,500,proj,512,512,512,wsap,512,4608,2112,2112,0,0,0,11264,0,0,0,0,0,0,0,0,88,0,5632,0,0
409,512,32,4,2048,256,500,proj,512,512,512,isap,512,4608,2048,2048,0,0,0,8192,0,0,0,0,0,0,0,0,32,0,6144,0,0
409,384,24,8,2730,682,500,proj,512,512,512,wsap,1024,6144,4224,0,11264,0,0,11264,0,0,0,0,0,0,0,0,24,0,0,0,0
409,512,40,16,32,409,500,proj,512,512,512,wsap,32,288,2080,2080,0,0,0,416,0,0,0,0,6240,0,4320,0,8,0,384,5760,0
409,384,40,32,85,409,500,proj,512,512,512,isap,1024,6144,54080,0,6656,0,0,6656,0,0,0,0,0,0,0,0,52,0,0,0,0
409,256,64,32,1024,64,500,proj,512,512,512,ispp,1024,4096,4096,0,0,4096,0,0,4096,0,0,0,0,0,0,0,4,4096,7168,0,0
409,256,56,16,2048,36,500,proj,512,512,512,ispp,1024,4096,4480,0,0,82,0,5038,5120,0,0,0,0,0,0,6036,8,2102,8704,0,0
409,256,80,16,256,51,500,proj,512,512,512,wspp,256,1024,4480,0,0,896,0,0,896,0,2688,0,0,2688,3072,0,4,3584,1536,4608,0
409,128,80,16,256,51,500,proj,512,512,512,isap,2048,2048,71680,0,10752,0,0,3584,0,0,0,0,0,0,0,0,0,0,0,0,0
409,512,32,2,2048,512,500,proj,512,512,512,ispp,512,4608,2048,2048,0,0,0,8192,0,0,0,0,0,0,0,0,64,0,4096,0,0
409,512,32,4,2048,256,500,proj,512,512,512,isap,512,4608,2048,2048,0,0,0,8192,0,0,0,0,0,0,0,0,32,0,6144,0,0
409,512,40,16,32,409,500,proj,512,512,512,wsap,32,288,2080,2080,0,0,0,416,0,0,0,0,6240,0,4320,0,8,0,384,5760,0
409,256,64,32,1024,64,500,proj,512,512,512,ispp,1024,4096,4096,0,0,4096,0,0,4096,0,0,0,0,0,0,0,4,4096,7168,0,0
409,256,80,16,256,51,500,proj,512,512,512,wspp,256,1024,4480,0,0,896,0,0,896,0,2688,0,0,2688,3072,0,4,3584,1536,4608,0
409,512,32,2,2048,512,500,proj,512,512,512,ispp,512,4608,2048,2048,0,0,0,8192,0,0,0,0,0,0,0,0,64,0,4096,0,0
409,512,24,2,1024,341,500,proj,512,512,512,wspp,512,4608,2112,2112,0,0,0,11264,0,0,0,0,0,0,0,0,88,0,5632,0,0
409,512,32,4,2048,256,500,proj,512,512,512,isap,512,4608,2048,2048,0,0,0,8192,0,0,0,0,0,0,0,0,32,0,6144,0,0
409,512,40,4,2048,204,500,proj,512,512,512,isap,512,4608,2080,2080,0,0,0,6656,0,0,0,0,0,0,0,0,32,0,4608,0,0
409,512,40,16,32,409,500,proj,512,512,512,wsap,32,288,2080,2080,0,0,0,416,0,0,0,0,6240,0,4320,0,8,0,384,5760,0
409,512,32,16,16,1024,500,proj,512,512,512,isap,512,4608,65536,65536,0,0,0,8192,0,0,0,0,0,0,0,0,256,0,7680,0,0
409,256,64,32,1024,64,500,proj,512,512,512,ispp,1024,4096,4096,0,0,4096,0,0,4096,0,0,0,0,0,0,0,4,4096,7168,0,0
409,128,56,16,2048,73,500,proj,512,512,512,isap,2048,2048,8960,0,15360,0,0,5120,0,0,0,0,0,0,0,0,0,0,0,0,0
409,256,80,16,256,51,500,proj,512,512,512,wspp,256,1024,4480,0,0,896,0,0,896,0,2688,0,0,2688,3072,0,4,3584,1536,4608,0
409,256,72,16,128,28,500,proj,512,512,512,wspp,128,512,4608,0,0,512,0,0,512,0,3584,0,0,3584,3584,0,4,4096,896,6272,0
409,512,32,2,2048,512,500,proj,512,512,512,ispp,512,4608,2048,2048,0,0,0,8192,0,0,0,0,0,0,0,0,64,0,4096,0,0
409,512,32,4,2048,256,500,proj,512,512,512,isap,512,4608,2048,2048,0,0,0,8192,0,0,0,0,0,0,0,0,32,0,6144,0,0
409,512,40,16,32,409,500,proj,512,512,512,wsap,32,288,2080,2080,0,0,0,416,0,0,0,0,6240,0,4320,0,8,0,384,5760,0
409,256,64,32,1024,64,500,proj,512,512,512,ispp,1024,4096,4096,0,0,4096,0,0,4096,0,0,0,0,0,0,0,4,4096,7168,0,0
409,256,80,16,256,51,500,proj,512,512,512,wspp,256,1024,4480,0,0,896,0,0,896,0,2688,0,0,2688,3072,0,4,3584,1536,4608,0
409,512,32,2,2048,512,500,proj,512,512,512,ispp,512,4608,2048,2048,0,0,0,8192,0,0,0,0,0,0,0,0,64,0,4096,0,0
409,640,24,2,3276,341,500,proj,512,512,512,isap,512,5632,2112,4224,0,0,0,11264,0,0,0,0,0,0,0,0,132,0,5632,0,0
409,512,32,4,2048,256,500,proj,512,512,512,isap,512,4608,2048,2048,0,0,0,8192,0,0,0,0,0,0,0,0,32,0,6144,0,0
409,384,24,4,2730,341,500,proj,512,512,512,isap,1024,6144,4224,0,11264,0,0,11264,0,0,0,0,0,0,0,0,44,0,0,0,0
409,512,40,16,32,409,500,proj,512,512,512,wsap,32,288,2080,2080,0,0,0,416,0,0,0,0,6240,0,4320,0,8,0,384,5760,0
409,512,32,8,64,512,500,proj,512,512,512,ispp,512,4608,16384,16384,0,0,0,8192,0,0,0,0,0,0,0,0,128,0,7168,0,0
409,256,64,32,1024,64,500,proj,512,512,512,ispp,1024,4096,4096,0,0,4096,0,0,4096,0,0,0,0,0,0,0,4,4096,7168,0,0
409,128,64,32,2048,32,500,proj,512,512,512,wspp,2048,2048,8192,0,0,4096,8192,0,4096,0,0,0,0,0,0,0,0,12288,14336,0,0
409,256,80,16,256,51,500,proj,512,512,512,wspp,256,1024,4480,0,0,896,0,0,896,0,2688,0,0,2688,3072,0,4,3584,1536,4608,0
409,128,88,8,256,23,500,proj,512,512,512,ispp,2048,2048,67584,0,0,184,1336,2888,7880,0,0,0,0,0,0,9616,0,4408,9216,0,0
409,512,32,2,2048,512,500,proj,512,512,512,ispp,512,4608,2048,2048,0,0,0,8192,0,0,0,0,0,0,0,0,64,0,4096,0,0
409,512,32,4,2048,256,500,proj,512,512,512,isap,512,4608,2048,2048,0,0,0,8192,0,0,0,0,0,0,0,0,32,0,6144,0,0
409,512,40,16,32,409,500,proj,512,512,512,wsap,32,288,2080,2080,0,0,0,416,0,0,0,0,6240,0,4320,0,8,0,384,5760,0
409,256,64,32,1024,64,500,proj,512,512,512,ispp,1024,4096,4096,0,0,4096,0,0,4096,0,0,0,0,0,0,0,4,4096,7168,0,0
409,256,80,16,256,51,500,proj,512,512,512,wspp,256,1024,4480,0,0,896,0,0,896,0,2688,0,0,2688,3072,0,4,3584,1536,4608,0
409,512,32,2,2048,512,500,proj,512,512,512,ispp,512,4608,2048,2048,0,0,0,8192,0,0,0,0,0,0,0,0,64,0,4096,0,0
409,640,32,4,819,256,500,proj,512,512,512,isap,512,5632,2048,4096,0,0,0,8192,0,0,0,0,0,0,0,0,48,0,6144,0,0
409,512,32,4,2048,256,500,proj,512,512,512,isap,512,4608,2048,2048,0,0,0,8192,0,0,0,0,0,0,0,0,32,0,6144,0,0
409,640,24,2,1638,170,500,proj,512,512,512,ispp,512,5632,2112,4224,0,0,0,11264,0,0,0,0,0,0,0,0,132,0,5632,0,0
409,512,40,16,32,409,500,proj,512,512,512,wsap,32,288,2080,2080,0,0,0,416,0,0,0,0,6240,0,4320,0,8,0,384,5760,0
409,384,40,32,42,819,500,proj,512,512,512,wsap,42,252,4160,0,273,0,0,273,0,6383,0,0,6383,0,76596,0,4,0,0,0,0
409,256,64,32,1024,64,500,proj,512,512,512,ispp,1024,4096,4096,0,0,4096,0,0,4096,0,0,0,0,0,0,0,4,4096,7168,0,0
409,128,56,16,4096,36,500,proj,512,512,512,isap,2048,2048,8960,0,15360,0,0,5120,0,0,0,0,0,0,0,0,0,0,0,0,0
409,256,80,16,256,51,500,proj,512,512,512,wspp,256,1024,4480,0,0,896,0,0,896,0,2688,0,0,2688,3072,0,4,3584,1536,4608,0
409,256,72,16,128,56,500,proj,512,512,512,isap,1024,4096,36864,0,4096,0,0,4096,0,0,0,0,0,0,0,0,32,0,0,0,0
409,512,32,2,2048,512,500,proj,512,512,512,ispp,512,4608,2048,2048,0,0,0,8192,0,0,0,0,0,0,0,0,64,0,4096,0,0
409,512,32,4,2048,256,500,proj,512,512,512,isap,512,4608,2048,2048,0,0,0,8192,0,0,0,0,0,0,0,0,32,0,6144,0,0
409,512,40,16,32,409,500,proj,512,512,512,wsap,32,288,2080,2080,0,0,0,416,0,0,0,0,6240,0,4320,0,8,0,384,5760,0
409,256,64,32,1024,64,500,proj,512,512,512,ispp,1024,4096,4096,0,0,4096,0,0,4096,0,0,0,0,0,0,0,4,4096,7168,0,0
409,256,80,16,256,51,500,proj,512,512,512,wspp,256,1024,4480,0,0,896,0,0,896,0,2688,0,0,2688,3072,0,4,3584,1536,4608,0
409,512,32,2,2048,512,500,proj,512,512,512,ispp,512,4608,2048,2048,0,0,0,8192,0,0,0,0,0,0,0,0,64,0,4096,0,0
409,384,40,4,1365,819,500,proj,512,512,512,ispp,1024,6144,4160,0,0,837,0,5819,6656,0,0,0,0,0,0,2382,28,4274,9216,0,0
409,512,32,4,2048,256,500,proj,512,512,512,isap,512,4608,2048,2048,0,0,0,8192,0,0,0,0,0,0,0,0,32,0,6144,0,0
409,512,24,2,4096,341,500,proj,512,512,512,isap,512,4608,2112,2112,0,0,0,11264,0,0,0,0,0,0,0,0,88,0,5632,0,0
409,512,40,16,32,409,500,proj,512,512,512,wsap,32,288,2080,2080,0,0,0,416,0,0,0,0,6240,0,4320,0,8,0,384,5760,0
409,512,40,8,64,819,500,proj,512,512,512,ispp,512,4608,16640,16640,0,0,0,6656,0,0,0,0,0,0,0,0,128,0,5632,0,0
409,256,64,32,1024,64,500,proj,512,512,512,ispp,1024,4096,4096,0,0,4096,0,0,4096,0,0,0,0,0,0,0,4,4096,7168,0,0
409,256,64,32,512,64,500,proj,512,512,512,ispp,1024,4096,8192,0,0,4096,0,0,4096,0,0,0,0,0,0,0,8,4096,7168,0,0
409,256,80,16,256,51,500,proj,512,512,512,wspp,256,1024,4480,0,0,896,0,0,896,0,2688,0,0,2688,3072,0,4,3584,1536,4608,0
409,128,80,16,1024,51,500,proj,512,512,512,wspp,1024,1024,8960,0,0,51,1347,1741,4029,0,0,1280,1792,4096,1280,9082,0,6211,5888,5888,0
409,512,32,2,2048,512,500,proj,512,512,512,ispp,512,4608,2048,2048,0,0,0,8192,0,0,0,0,0,0,0,0,64,0,4096,0,0
409,512,32,4,2048,256,500,proj,512,512,512,isap,512,4608,2048,2048,0,0,0,8192,0,0,0,0,0,0,0,0,32,0,6144,0,0
409,512,40,16,32,409,500,proj,512,512,512,wsap,32,288,2080,2080,0,0,0,416,0,0,0,0,6240,0,4320,0,8,0,384,5760,0
409,256,64,32,1024,64,500,proj,512,512,512,ispp,1024,4096,4096,0,0,4096,0,0,4096,0,0,0,0,0,0,0,4,4096,7168,0,0
409,256,80,16,256,51,500,proj,512,512,512,wspp,256,1024,4480,0,0,896,0,0,896,0,2688,0,0,2688,3072,0,4,3584,1536,4608,0
409,512,32,2,2048,512,500,proj,512,512,512,ispp,512,4608,2048,2048,0,0,0,8192,0,0,0,0,0,0,0,0,64,0,4096,0,0
409,512,32,2,1024,256,500,proj,512,512,512,ispp,512,4608,2048,2048,0,0,0,8192,0,0,0,0,0,0,0,0,64,0,4096,0,0
409,512,32,4,2048,256,500,proj,512,512,512,isap,512,4608,2048,2048,0,0,0,8192,0,0,0,0,0,0,0,0,32,0,6144,0,0
409,640,24,8,819,682,500,proj,512,512,512,wspp,512,5632,2112,4224,0,0,0,11264,0,0,0,0,0,0,0,0,36,0,9728,0,0
409,512,40,16,32,409,500,proj,512,512,512,wsap,32,288,2080,2080,0,0,0,416,0,0,0,0,6240,0,4320,0,8,0,384,5760,0
409,512,32,8,32,512,500,proj,512,512,512,wspp,32,288,2048,2048,0,0,0,512,0,0,0,0,7680,0,8640,0,16,0,448,6720,0
409,256,64,32,1024,64,500,proj,512,512,512,ispp,1024,4096,4096,0,0,4096,0,0,4096,0,0,0,0,0,0,0,4,4096,7168,0,0
409,128,64,16,4096,32,500,proj,512,512,512,wsap,2048,2048,8192,0,12288,0,0,4096,0,0,0,0,0,0,0,0,0,0,0,0,0
409,256,80,16,256,51,500,proj,512,512,512,wspp,256,1024,4480,0,0,896,0,0,896,0,2688,0,0,2688,3072,0,4,3584,1536,4608,0
409,128,88,32,512,46,500,proj,512,512,512,ispp,2048,2048,33792,0,0,3072,6144,0,3072,0,0,0,0,0,0,0,0,9216,10240,0,0
409,512,32,2,1024,256,500,proj,512,512,512,ispp,512,4608,2048,2048,0,0,0,8192,0,0,0,0,0,0,0,0,64,0,4096,0,0
409,512,32,4,2048,256,500,proj,512,512,512,isap,512,4608,2048,2048,0,0,0,8192,0,0,0,0,0,0,0,0,32,0,6144,0,0
409,512,40,16,32,409,500,proj,512,512,512,wsap,32,288,2080,2080,0,0,0,416,0,0,0,0,6240,0,4320,0,8,0,384,5760,0
409,256,64,32,1024,64,500,proj,512,512,512,ispp,1024,4096,4096,0,0,4096,0,0,4096,0,0,0,0,0,0,0,4,4096,7168,0,0
409,256,80,16,256,51,500,proj,512,512,512,wspp,256,1024,4480,0,0,896,0,0,896,0,2688,0,0,2688,3072,0,4,3584,1536,4608,0
409,512,32,2,1024,256,500,proj,512,512,512,ispp,512,4608,2048,2048,0,0,0,8192,0,0,0,0,0,0,0,0,64,0,4096,0,0
409,640,32,4,1638,128,500,proj,512,512,512,wspp,512,5632,2048,4096,0,0,0,8192,0,0,0,0,0,0,0,0,48,0,6144,0,0
409,512,32,4,2048,256,500,proj,512,512,512,isap,512,4608,2048,2048,0,0,0,8192,0,0,0,0,0,0,0,0,32,0,6144,0,0
409,384,32,8,2730,128,500,proj,512,512,512,isap,1024,6144,4096,0,8192,0,0,8192,0,0,0,0,0,0,0,0,16,0,0,0,0
409,512,40,16,32,409,500,proj,512,512,512,wsap,32,288,2080,2080,0,0,0,416,0,0,0,0,6240,0,4320,0,8,0,384,5760,0
409,384,48,8,42,341,500,proj,512,512,512,wsap,42,252,4224,0,231,0,0,231,0,5401,0,0,5401,0,64812,0,12,0,0,0,0
409,256,64,32,1024,64,500,proj,512,512,512,ispp,1024,4096,4096,0,0,4096,0,0,4096,0,0,0,0,0,0,0,4,4096,7168,0,0
409,128,64,64,2048,32,500,proj,512,512,512,wspp,2048,2048,8192,0,0,4096,8192,0,4096,0,0,0,0,0,0,0,0,12288,14336,0,0
409,256,80,16,256,51,500,proj,512,512,512,wspp,256,1024,4480,0,0,896,0,0,896,0,2688,0,0,2688,3072,0,4,3584,1536,4608,0
409,128,72,8,1024,113,500,proj,512,512,512,wspp,1024,1024,9216,0,0,113,226,1935,5918,0,0,0,2048,6144,1024,15932,0,4322,7168,7168,0
409,512,32,2,1024,256,500,proj,512,512,512,ispp,512,4608,2048,2048,0,0,0,8192,0,0,0,0,0,0,0,0,64,0,4096,0,0
409,512,32,4,2048,256,500,proj,512,512,512,isap,512,4608,2048,2048,0,0,0,8192,0,0,0,0,0,0,0,0,32,0,6144,0,0
409,512,40,16,32,409,500,proj,512,512,512,wsap,32,288,2080,2080,0,0,0,416,0,0,0,0,6240,0,4320,0,8,0,384,5760,0
409,256,64,32,1024,64,500,proj,512,512,512,ispp,1024,4096,4096,0,0,4096,0,0,4096,0,0,0,0,0,0,0,4,4096,7168,0,0
409,256,80,16,256,51,500,proj,512,512,512,wspp,256,1024,4480,0,0,896,0,0,896,0,2688,0,0,2688,3072,0,4,3584,1536,4608,0
409,512,32,2,1024,256,500,proj,512,512,512,ispp,512,4608,2048,2048,0,0,0,8192,0,0,0,0,0,0,0,0,64,0,4096,0,0
409,512,32,2,1024,512,500,proj,512,512,512,wsap,512,4608,2048,2048,0,0,0,8192,0,0,0,0,0,0,0,0,64,0,4096,0,0
409,512,32,4,2048,256,500,proj,512,512,512,isap,512,4608,2048,2048,0,0,0,8192,0,0,0,0,0,0,0,0,32,0,6144,0,0
409,512,40,2,2048,204,500,proj,512,512,512,wsap,512,4608,2080,2080,0,0,0,6656,0,0,0,0,0,0,0,0,56,0,3072,0,0
409,512,40,16,32,409,500,proj,512,512,512,wsap,32,288,2080,2080,0,0,0,416,0,0,0,0,6240,0,4320,0,8,0,384,5760,0
409,384,48,8,42,170,500,proj,512,512,512,isap,1024,6144,105600,0,5632,0,0,5632,0,0,0,0,0,0,0,0,300,0,0,0,0
409,256,64,32,1024,64,500,proj,512,512,512,ispp,1024,4096,4096,0,0,4096,0,0,4096,0,0,0,0,0,0,0,4,4096,7168,0,0
409,128,72,32,4096,56,500,proj,512,512,512,wsap,2048,2048,9216,0,12288,0,0,4096,0,0,0,0,0,0,0,0,0,0,0,0,0
409,256,80,16,256,51,500,proj,512,512,512,wspp,256,1024,4480,0,0,896,0,0,896,0,2688,0,0,2688,3072,0,4,3584,1536,4608,0
409,128,72,8,256,56,500,proj,512,512,512,wspp,256,256,9216,0,0,56,112,456,1424,0,0,0,3584,10752,1792,16160,0,4208,1792,12544,0
409,512,32,2,1024,512,500,proj,512,512,512,wsap,512,4608,2048,2048,0,0,0,8192,0,0,0,0,0,0,0,0,64,0,4096,0,0
409,512,32,4,2048,256,500,proj,512,512,512,isap,512,4608,2048,2048,0,0,0,8192,0,0,0,0,0,0,0,0,32,0,6144,0,0
409,512,40,16,32,409,500,proj,512,512,512,wsap,32,288,2080,2080,0,0,0,416,0,0,0,0,6240,0,4320,0,8,0,384,5760,0
409,256,64,32,1024,64,500,proj,512,512,512,ispp,1024,4096,4096,0,0,4096,0,0,4096,0,0,0,0,0,0,0,4,4096,7168,0,0
409,256,80,16,256,51,500,proj,512,512,512,wspp,256,1024,4480,0,0,896,0,0,896,0,2688,0,0,2688,3072,0,4,3584,1536,4608,0
409,512,32,2,1024,512,500,proj,512,512,512,wsap,512,4608,2048,2048,0,0,0,8192,0,0,0,0,0,0,0,0,64,0,4096,0,0
409,640,24,2,409,341,500,proj,512,512,512,wspp,409,4499,2112,4224,0,0,0,8998,0,0,0,0,2266,0,12463,0,132,0,4499,1133,0
409,512,32,4,2048,256,500,proj,512,512,512,isap,512,4608,2048,2048,0,0,0,8192,0,0,0,0,0,0,0,0,32,0,6144,0,0
409,384,24,4,1365,170,500,proj,512,512,512,wsap,1024,6144,4224,0,11264,0,0,11264,0,0,0,0,0,0,0,0,44,0,0,0,0
409,512,40,16,32,409,500,proj,512,512,512,wsap,32,288,2080,2080,0,0,0,416,0,0,0,0,6240,0,4320,0,8,0,384,5760,0
409,640,32,8,25,1024,500,proj,512,512,512,wspp,25,275,2048,4096,0,0,0,400,0,0,0,0,7792,0,10714,0,24,0,350,6818,0
409,256,64,32,1024,64,500,proj,512,512,512,ispp,1024,4096,4096,0,0,4096,0,0,4096,0,0,0,0,0,0,0,4,4096,7168,0,0
409,128,64,64,4096,64,500,proj,512,512,512,isap,2048,2048,8192,0,12288,0,0,4096,0,0,0,0,0,0,0,0,0,0,0,0,0
409,256,80,16,256,51,500,proj,512,512,512,wspp,256,1024,4480,0,0,896,0,0,896,0,2688,0,0,2688,3072,0,4,3584,1536,4608,0
409,128,88,32,1024,23,500,proj,512,512,512,isap,2048,2048,16896,0,9216,0,0,3072,0,0,0,0,0,0,0,0,0,0,0,0,0
409,512,32,2,1024,512,500,proj,512,512,512,wsap,512,4608,2048,2048,0,0,0,8192,0,0,0,0,0,0,0,0,64,0,4096,0,0
409,512,32,4,2048,256,500,proj,512,512,512,isap,512,4608,2048,2048,0,0,0,8192,0,0,0,0,0,0,0,0,32,0,6144,0,0
409,512,40,16,32,409,500,proj,512,512,512,wsap,32,288,2080,2080,0,0,0,416,0,0,0,0,6240,0,4320,0,8,0,384,5760,0
409,256,64,32,1024,64,500,proj,512,512,512,ispp,1024,4096,4096,0,0,4096,0,0,4096,0,0,0,0,0,0,0,4,4096,7168,0,0
409,256,80,16,256,51,500,proj,512,512,512,wspp,256,1024,4480,0,0,896,0,0,896,0,2688,0,0,2688,3072,0,4,3584,1536,4608,0
409,512,32,2,1024,512,500,proj,512,512,512,wsap,512,4608,2048,2048,0,0,0,8192,0,0,0,0,0,0,0,0,64,0,4096,0,0
409,640,24,4,409,1365,500,proj,512,512,512,isap,512,5632,4224,8448,0,0,0,11264,0,0,0,0,0,0,0,0,144,0,8192,0,0
409,512,32,4,2048,256,500,proj,512,512,512,isap,512,4608,2048,2048,0,0,0,8192,0,0,0,0,0,0,0,0,32,0,6144,0,0
409,640,24,2,1638,170,500,proj,512,512,512,wsap,512,5632,2112,4224,0,0,0,11264,0,0,0,0,0,0,0,0,132,0,5632,0,0
409,512,40,16,32,409,500,proj,512,512,512,wsap,32,288,2080,2080,0,0,0,416,0,0,0,0,6240,0,4320,0,8,0,384,5760,0
409,640,32,8,12,1024,500,proj,512,512,512,isap,512,5632,88064,176128,0,0,0,8192,0,0,0,0,0,0,0,0,1032,0,7168,0,0
409,256,64,32,1024,64,500,proj,512,512,512,ispp,1024,4096,4096,0,0,4096,0,0,4096,0,0,0,0,0,0,0,4,4096,7168,0,0
409,256,64,16,1024,64,500,proj,512,512,512,wspp,1024,4096,4096,0,0,4096,0,0,4096,0,0,0,0,0,0,0,4,4096,7168,0,0
409,256,80,16,256,51,500,proj,512,512,512,wspp,256,1024,4480,0,0,896,0,0,896,0,2688,0,0,2688,3072,0,4,3584,1536,4608,0
409,128,88,16,256,23,500,proj,512,512,512,ispp,2048,2048,67584,0,0,184,1336,2888,7880,0,0,0,0,0,0,9616,0,4408,9728,0,0
409,512,32,2,1024,512,500,proj,512,512,512,wsap,512,4608,2048,2048,0,0,0,8192,0,0,0,0,0,0,0,0,64,0,4096,0,0
409,512,32,4,2048,256,500,proj,512,512,512,isap,512,4608,2048,2048,0,0,0,8192,0,0,0,0,0,0,0,0,32,0,6144,0,0
409,512,40,16,32,409,500,proj,512,512,512,wsap,32,288,2080,2080,0,0,0,416,0,0,0,0,6240,0,4320,0,8,0,384,5760,0
409,256,64,16,1024,64,500,proj,512,512,512,wspp,1024,4096,4096,0,0,4096,0,0,4096,0,0,0,0,0,0,0,4,4096,7168,0,0
409,256,80,16,256,51,500,proj,512,512,512,wspp,256,1024,4480,0,0,896,0,0,896,0,2688,0,0,2688,3072,0,4,3584,1536,4608,0
409,512,32,2,1024,512,500,proj,512,512,512,wsap,512,4608,2048,2048,0,0,0,8192,0,0,0,0,0,0,0,0,64,0,4096,0,0
409,384,24,4,682,341,500,proj,512,512,512,ispp,1024,6144,8448,0,0,688,0,10576,11264,0,0,0,0,0,0,4896,88,6368,16384,0,0
409,512,32,4,2048,256,500,proj,512,512,512,isap,512,4608,2048,2048,0,0,0,8192,0,0,0,0,0,0,0,0,32,0,6144,0,0
409,512,32,2,2048,128,500,proj,512,512,512,wspp,512,4608,2048,2048,0,0,0,8192,0,0,0,0,0,0,0,0,64,0,4096,0,0
409,512,40,16,32,409,500,proj,512,512,512,wsap,32,288,2080,2080,0,0,0,416,0,0,0,0,6240,0,4320,0,8,0,384,5760,0
409,384,32,8,42,512,500,proj,512,512,512,wspp,42,252,4096,0,0,336,0,0,336,0,176,0,7680,7856,11784,3584,16,4608,588,13748,0
409,256,64,16,1024,64,500,proj,512,512,512,wspp,1024,4096,4096,0,0,4096,0,0,4096,0,0,0,0,0,0,0,4,4096,7168,0,0
409,256,64,16,2048,64,500,proj,512,512,512,isap,1024,4096,4096,0,4096,0,0,4096,0,0,0,0,0,0,0,0,4,0,0,0,0
409,256,80,16,256,51,500,proj,512,512,512,wspp,256,1024,4480,0,0,896,0,0,896,0,2688,0,0,2688,3072,0,4,3584,1536,4608,0
409,256,88,8,512,23,500,proj,512,512,512,wsap,512,2048,4224,0,1536,0,0,1536,0,1536,0,0,1536,0,12288,0,8,0,0,0,0
409,512,32,2,1024,512,500,proj,512,512,512,wsap,512,4608,2048,2048,0,0,0,8192,0,0,0,0,0,0,0,0,64,0,4096,0,0
409,512,32,2,2048,128,500,proj,512,512,512,wspp,512,4608,2048,2048,0,0,0,8192,0,0,0,0,0,0,0,0,64,0,4096,0,0
409,512,40,16,32,409,500,proj,512,512,512,wsap,32,288,2080,2080,0,0,0,416,0,0,0,0,6240,0,4320,0,8,0,384,5760,0
409,256,64,16,2048,64,500,proj,512,512,512,isap,1024,4096,4096,0,4096,0,0,4096,0,0,0,0,0,0,0,0,4,0,0,0,0
409,256,80,16,256,51,500,proj,512,512,512,wspp,256,1024,4480,0,0,896,0,0,896,0,2688,0,0,2688,3072,0,4,3584,1536,4608,0
409,512,32,2,1024,512,500,proj,512,512,512,wsap,512,4608,2048,2048,0,0,0,8192,0,0,0,0,0,0,0,0,64,0,4096,0,0
409,512,32,4,2048,1024,500,proj,512,512,512,isap,512,4608,2048,2048,0,0,0,8192,0,0,0,0,0,0,0,0,32,0,6144,0,0
409,512,32,2,2048,128,500,proj,512,512,512,wspp,512,4608,2048,2048,0,0,0,8192,0,0,0,0,0,0,0,0,64,0,4096,0,0
409,512,40,2,2048,102,500,proj,512,512,512,ispp,512,4608,2080,2080,0,0,0,6656,0,0,0,0,0,0,0,0,56,0,3072,0,0
409,512,40,16,32,409,500,proj,512,512,512,wsap,32,288,2080,2080,0,0,0,416,0,0,0,0,6240,0,4320,0,8,0,384,5760,0
409,384,48,16,21,341,500,proj,512,512,512,wsap,20,120,4224,0,110,0,0,110,0,5522,0,0,5522,0,66264,0,8,0,0,0,0
409,256,64,16,2048,64,500,proj,512,512,512,isap,1024,4096,4096,0,4096,0,0,4096,0,0,0,0,0,0,0,0,4,0,0,0,0
409,128,64,32,8192,32,500,proj,512,512,512,wspp,2048,2048,8192,0,0,4096,8192,0,4096,0,0,0,0,0,0,0,0,12288,14336,0,0
409,256,80,16,256,51,500,proj,512,512,512,wspp,256,1024,4480,0,0,896,0,0,896,0,2688,0,0,2688,3072,0,4,3584,1536,4608,0
409,256,72,16,512,28,500,proj,512,512,512,ispp,1024,4096,9216,0,0,4096,0,0,4096,0,0,0,0,0,0,0,8,4096,7168,0,0
409,512,32,4,2048,1024,500,proj,512,512,512,isap,512,4608,2048,2048,0,0,0,8192,0,0,0,0,0,0,0,0,32,0,6144,0,0
409,512,40,2,2048,102,500,proj,512,512,512,ispp,512,4608,2080,2080,0,0,0,6656,0,0,0,0,0,0,0,0,56,0,3072,0,0
409,512,40,16,32,409,500,proj,512,512,512,wsap,32,288,2080,2080,0,0,0,416,0,0,0,0,6240,0,4320,0,8,0,384,5760,0
409,256,64,16,2048,64,500,proj,512,512,512,isap,1024,4096,4096,0,4096,0,0,4096,0,0,0,0,0,0,0,0,4,0,0,0,0
409,256,80,16,256,51,500,proj,512,512,512,wspp,256,1024,4480,0,0,896,0,0,896,0,2688,0,0,2688,3072,0,4,3584,1536,4608,0
409,512,32,4,2048,1024,500,proj,512,512,512,isap,512,4608,2048,2048,0,0,0,8192,0,0,0,0,0,0,0,0,32,0,6144,0,0
409,384,32,2,2730,2048,500,proj,512,512,512,ispp,1024,6144,4096,0,0,2048,0,6144,8192,0,0,0,0,0,0,2190,64,6002,8192,0,0
409,512,40,2,2048,102,500,proj,512,512,512,ispp,512,4608,2080,2080,0,0,0,6656,0,0,0,0,0,0,0,0,56,0,3072,0,0
409,384,40,2,5461,51,500,proj,512,512,512,isap,1024,6144,4160,0,6656,0,0,6656,0,0,0,0,0,0,0,0,52,0,0,0,0
409,512,40,16,32,409,500,proj,512,512,512,wsap,32,288,2080,2080,0,0,0,416,0,0,0,0,6240,0,4320,0,8,0,384,5760,0
409,512,32,16,32,256,500,proj,512,512,512,ispp,512,4608,32768,32768,0,0,0,8192,0,0,0,0,0,0,0,0,128,0,7680,0,0
409,256,64,16,2048,64,500,proj,512,512,512,isap,1024,4096,4096,0,4096,0,0,4096,0,0,0,0,0,0,0,0,4,0,0,0,0
409,128,64,8,2048,64,500,proj,512,512,512,wsap,2048,2048,8192,0,12288,0,0,4096,0,0,0,0,0,0,0,0,0,0,0,0,0
409,256,80,16,256,51,500,proj,512,512,512,wspp,256,1024,4480,0,0,896,0,0,896,0,2688,0,0,2688,3072,0,4,3584,1536,4608,0
409,128,88,32,512,23,500,proj,512,512,512,wsap,512,512,8448,0,2304,0,0,768,0,6912,0,0,2304,0,9216,0,0,0,0,0,0
409,512,32,4,2048,1024,500,proj,512,512,512,isap,512,4608,2048,2048,0,0,0,8192,0,0,0,0,0,0,0,0,32,0,6144,0,0
409,512,40,2,2048,102,500,proj,512,512,512,ispp,512,4608,2080,2080,0,0,0,6656,0,0,0,0,0,0,0,0,56,0,3072,0,0
409,512,40,16,32,409,500,proj,512,512,512,wsap,32,288,2080,2080,0,0,0,416,0,0,0,0,6240,0,4320,0,8,0,384,5760,0
409,256,64,16,2048,64,500,proj,512,512,512,isap,1024,4096,4096,0,4096,0,0,4096,0,0,0,0,0,0,0,0,4,0,0,0,0
409,256,80,16,256,51,500,proj,512,512,512,wspp,256,1024,4480,0,0,896,0,0,896,0,2688,0,0,2688,3072,0,4,3584,1536,4608,0
409,512,32,4,2048,1024,500,proj,512,512,512,isap,512,4608,2048,2048,0,0,0,8192,0,0,0,0,0,0,0,0,32,0,6144,0,0
409,384,32,4,5461,2048,500,proj,512,512,512,ispp,1024,6144,4096,0,0,2048,0,6144,8192,0,0,0,0,0,0,2048,32,6144,12288,0,0
409,512,40,2,2048,102,500,proj,512,512,512,ispp,512,4608,2080,2080,0,0,0,6656,0,0,0,0,0,0,0,0,56,0,3072,0,0
409,512,32,2,1024,64,500,proj,512,512,512,ispp,512,4608,2048,2048,0,0,0,8192,0,0,0,0,0,0,0,0,64,0,4096,0,0
409,512,40,16,32,409,500,proj,512,512,512,wsap,32,288,2080,2080,0,0,0,416,0,0,0,0,6240,0,4320,0,8,0,384,5760,0
409,512,40,16,32,819,500,proj,512,512,512,ispp,512,4608,33280,33280,0,0,0,6656,0,0,0,0,0,0,0,0,128,0,6144,0,0
409,256,64,16,2048,64,500,proj,512,512,512,isap,1024,4096,4096,0,4096,0,0,4096,0,0,0,0,0,0,0,0,4,0,0,0,0
409,128,56,32,8192,36,500,proj,512,512,512,isap,2048,2048,8960,0,15360,0,0,5120,0,0,0,0,0,0,0,0,0,0,0,0,0
409,256,80,16,256,51,500,proj,512,512,512,wspp,256,1024,4480,0,0,896,0,0,896,0,2688,0,0,2688,3072,0,4,3584,1536,4608,0
409,256,88,8,256,23,500,proj,512,512,512,wspp,256,1024,4224,0,0,33,0,735,768,0,0,0,2304,2304,4608,2024,8,2060,1152,3456,0
409,512,32,4,2048,1024,500,proj,512,512,512,isap,512,4608,2048,2048,0,0,0,8192,0,0,0,0,0,0,0,0,32,0,6144,0,0
409,512,32,2,1024,64,500,proj,512,512,512,ispp,512,4608,2048,2048,0,0,0,8192,0,0,0,0,0,0,0,0,64,0,4096,0,0
409,512,40,16,32,409,500,proj,512,512,512,wsap,32,288,2080,2080,0,0,0,416,0,0,0,0,6240,0,4320,0,8,0,384,5760,0
409,256,64,16,2048,64,500,proj,512,512,512,isap,1024,4096,4096,0,4096,0,0,4096,0,0,0,0,0,0,0,0,4,0,0,0,0
409,256,80,16,256,51,500,proj,512,512,512,wspp,256,1024,4480,0,0,896,0,0,896,0,2688,0,0,2688,3072,0,4,3584,1536,4608,0
409,512,32,4,2048,1024,500,proj,512,512,512,isap,512,4608,2048,2048,0,0,0,8192,0,0,0,0,0,0,0,0,32,0,6144,0,0
409,640,32,4,1638,512,500,proj,512,512,512,ispp,512,5632,2048,4096,0,0,0,8192,0,0,0,0,0,0,0,0,48,0,6144,0,0
409,512,32,2,1024,64,500,proj,512,512,512,ispp,512,4608,2048,2048,0,0,0,8192,0,0,0,0,0,0,0,0,64,0,4096,0,0
409,384,40,2,682,25,500,proj,512,512,512,wsap,682,4092,4160,0,4433,0,0,4433,0,2223,0,0,2223,0,26676,0,52,0,0,0,0
409,512,40,16,32,409,500,proj,512,512,512,wsap,32,288,2080,2080,0,0,0,416,0,0,0,0,6240,0,4320,0,8,0,384,5760,0
409,384,32,8,21,256,500,proj,512,512,512,wsap,20,120,4096,0,160,0,0,160,0,8032,0,0,8032,0,96384,0,16,0,0,0,0
409,256,64,16,2048,64,500,proj,512,512,512,isap,1024,4096,4096,0,4096,0,0,4096,0,0,0,0,0,0,0,0,4,0,0,0,0
409,256,72,8,1024,56,500,proj,512,512,512,ispp,1024,4096,4608,0,0,56,0,4040,4096,0,0,0,0,0,0,0,8,4096,7168,0,0
409,256,80,16,256,51,500,proj,512,512,512,wspp,256,1024,4480,0,0,896,0,0,896,0,2688,0,0,2688,3072,0,4,3584,1536,4608,0
409,128,72,8,512,28,500,proj,512,512,512,wspp,512,512,9216,0,0,28,56,996,3016,0,0,0,3072,9216,1536,16272,0,4152,3584,10752,0
409,512,32,4,2048,1024,500,proj,512,512,512,isap,512,4608,2048,2048,0,0,0,8192,0,0,0,0,0,0,0,0,32,0,6144,0,0
409,512,32,2,1024,64,500,proj,512,512,512,ispp,512,4608,2048,2048,0,0,0,8192,0,0,0,0,0,0,0,0,64,0,4096,0,0
409,512,40,16,32,409,500,proj,512,512,512,wsap,32,288,2080,2080,0,0,0,416,0,0,0,0,6240,0,4320,0,8,0,384,5760,0
409,256,64,16,2048,64,500,proj,512,512,512,isap,1024,4096,4096,0,4096,0,0,4096,0,0,0,0,0,0,0,0,4,0,0,0,0
409,256,80,16,256,51,500,proj,512,512,512,wspp,256,1024,4480,0,0,896,0,0,896,0,2688,0,0,2688,3072,0,4,3584,1536,4608,0
409,512,32,4,2048,1024,500,proj,512,512,512,isap,512,4608,2048,2048,0,0,0,8192,0,0,0,0,0,0,0,0,32,0,6144,0,0
409,384,32,8,5461,512,500,proj,512,512,512,ispp,1024,6144,4096,0,0,512,0,7680,8192,0,0,0,0,0,0,3584,16,4608,14336,0,0
409,512,32,2,1024,64,500,proj,512,512,512,ispp,512,4608,2048,2048,0,0,0,8192,0,0,0,0,0,0,0,0,64,0,4096,0,0
409,512,24,2,512,85,500,proj,512,512,512,ispp,512,4608,2112,2112,0,0,0,11264,0,0,0,0,0,0,0,0,88,0,5632,0,0
409,512,40,16,32,409,500,proj,512,512,512,wsap,32,288,2080,2080,0,0,0,416,0,0,0,0,6240,0,4320,0,8,0,384,5760,0
409,512,32,8,32,512,500,proj,512,512,512,isap,512,4608,32768,32768,0,0,0,8192,0,0,0,0,0,0,0,0,256,0,7168,0,0
409,256,64,16,2048,64,500,proj,512,512,512,isap,1024,4096,4096,0,4096,0,0,4096,0,0,0,0,0,0,0,0,4,0,0,0,0
409,128,56,32,8192,73,500,proj,512,512,512,isap,2048,2048,8960,0,15360,0,0,5120,0,0,0,0,0,0,0,0,0,0,0,0,0
409,256,80,16,256,51,500,proj,512,512,512,wspp,256,1024,4480,0,0,896,0,0,896,0,2688,0,0,2688,3072,0,4,3584,1536,4608,0
409,128,88,16,1024,93,500,proj,512,512,512,wspp,1024,1024,8448,0,0,93,668,1443,3940,0,0,512,1536,4096,1280,9928,0,4252,4864,4864,0
409,512,32,4,2048,1024,500,proj,512,512,512,isap,512,4608,2048,2048,0,0,0,8192,0,0,0,0,0,0,0,0,32,0,6144,0,0
409,512,32,2,1024,64,500,proj,512,512,512,ispp,512,4608,2048,2048,0,0,0,8192,0,0,0,0,0,0,0,0,64,0,4096,0,0
409,512,40,16,32,409,500,proj,512,512,512,wsap,32,288,2080,2080,0,0,0,416,0,0,0,0,6240,0,4320,0,8,0,384,5760,0
409,256,64,16,2048,64,500,proj,512,512,512,isap,1024,4096,4096,0,4096,0,0,4096,0,0,0,0,0,0,0,0,4,0,0,0,0
409,256,80,16,256,51,500,proj,512,512,512,wspp,256,1024,4480,0,0,896,0,0,896,0,2688,0,0,2688,3072,0,4,3584,1536,4608,0
409,512,32,4,2048,1024,500,proj,512,512,512,isap,512,4608,2048,2048,0,0,0,8192,0,0,0,0,0,0,0,0,32,0,6144,0,0
409,512,32,2,1024,1024,500,proj,512,512,512,ispp,512,4608,2048,2048,0,0,0,8192,0,0,0,0,0,0,0,0,64,0,4096,0,0
409,512,32,2,1024,64,500,proj,512,512,512,ispp,512,4608,2048,2048,0,0,0,8192,0,0,0,0,0,0,0,0,64,0,4096,0,0
409,384,40,2,1365,51,500,proj,512,512,512,isap,1024,6144,4160,0,6656,0,0,6656,0,0,0,0,0,0,0,0,52,0,0,0,0
409,512,40,16,32,409,500,proj,512,512,512,wsap,32,288,2080,2080,0,0,0,416,0,0,0,0,6240,0,4320,0,8,0,384,5760,0
409,512,40,16,16,204,500,proj,512,512,512,wsap,16,144,2080,2080,0,0,0,208,0,0,0,0,6448,0,4464,0,8,0,192,5952,0
409,256,64,16,2048,64,500,proj,512,512,512,isap,1024,4096,4096,0,4096,0,0,4096,0,0,0,0,0,0,0,0,4,0,0,0,0
409,256,64,32,1024,32,500,proj,512,512,512,ispp,1024,4096,4096,0,0,4096,0,0,4096,0,0,0,0,0,0,0,4,4096,7168,0,0
409,256,80,16,256,51,500,proj,512,512,512,wspp,256,1024,4480,0,0,896,0,0,896,0,2688,0,0,2688,3072,0,4,3584,1536,4608,0
409,128,72,32,512,56,500,proj,512,512,512,wsap,512,512,9216,0,3072,0,0,1024,0,9216,0,0,3072,0,12288,0,0,0,0,0,0
409,512,32,2,1024,1024,500,proj,512,512,512,ispp,512,4608,2048,2048,0,0,0,8192,0,0,0,0,0,0,0,0,64,0,4096,0,0
409,512,32,2,1024,64,500,proj,512,512,512,ispp,512,4608,2048,2048,0,0,0,8192,0,0,0,0,0,0,0,0,64,0,4096,0,0
409,512,40,16,32,409,500,proj,512,512,512,wsap,32,288,2080,2080,0,0,0,416,0,0,0,0,6240,0,4320,0,8,0,384,5760,0
409,256,64,32,1024,32,500,proj,512,512,512,ispp,1024,4096,4096,0,0,4096,0,0,4096,0,0,0,0,0,0,0,4,4096,7168,0,0
409,256,80,16,256,51,500,proj,512,512,512,wspp,256,1024,4480,0,0,896,0,0,896,0,2688,0,0,2688,3072,0,4,3584,1536,4608,0
409,512,32,2,1024,1024,500,proj,512,512,512,ispp,512,4608,2048,2048,0,0,0,8192,0,0,0,0,0,0,0,0,64,0,4096,0,0
409,512,24,2,1024,1365,500,proj,512,512,512,isap,512,4608,2112,2112,0,0,0,11264,0,0,0,0,0,0,0,0,88,0,5632,0,0
409,512,32,2,1024,64,500,proj,512,512,512,ispp,512,4608,2048,2048,0,0,0,8192,0,0,0,0,0,0,0,0,64,0,4096,0,0
409,512,40,2,2048,51,500,proj,512,512,512,wsap,512,4608,2080,2080,0,0,0,6656,0,0,0,0,0,0,0,0,56,0,3072,0,0
409,512,40,16,32,409,500,proj,512,512,512,wsap,32,288,2080,2080,0,0,0,416,0,0,0,0,6240,0,4320,0,8,0,384,5760,0
409,384,32,32,85,1024,500,proj,512,512,512,ispp,1024,6144,53248,0,0,8192,0,0,8192,0,0,0,0,0,0,0,52,8192,15360,0,0
409,256,64,32,1024,32,500,proj,512,512,512,ispp,1024,4096,4096,0,0,4096,0,0,4096,0,0,0,0,0,0,0,4,4096,7168,0,0
409,128,64,32,1024,64,500,proj,512,512,512,wsap,1024,1024,8192,0,6144,0,0,2048,0,6144,0,0,2048,0,8192,0,0,0,0,0,0
409,256,80,16,256,51,500,proj,512,512,512,wspp,256,1024,4480,0,0,896,0,0,896,0,2688,0,0,2688,3072,0,4,3584,1536,4608,0
409,256,72,8,128,56,500,proj,512,512,512,wsap,128,512,4608,0,512,0,0,512,0,3584,0,0,3584,0,28672,0,8,0,0,0,0
409,512,32,2,1024,1024,500,proj,512,512,512,ispp,512,4608,2048,2048,0,0,0,8192,0,0,0,0,0,0,0,0,64,0,4096,0,0
409,512,40,2,2048,51,500,proj,512,512,512,wsap,512,4608,2080,2080,0,0,0,6656,0,0,0,0,0,0,0,0,56,0,3072,0,0
409,512,40,16,32,409,500,proj,512,512,512,wsap,32,288,2080,2080,0,0,0,416,0,0,0,0,6240,0,4320,0,8,0,384,5760,0
409,256,64,32,1024,32,500,proj,512,512,512,ispp,1024,4096,4096,0,0,4096,0,0,4096,0,0,0,0,0,0,0,4,4096,7168,0,0
409,256,80,16,256,51,500,proj,512,512,512,wspp,256,1024,4480,0,0,896,0,0,896,0,2688,0,0,2688,3072,0,4,3584,1536,4608,0
409,512,32,2,1024,1024,500,proj,512,512,512,ispp,512,4608,2048,2048,0,0,0,8192,0,0,0,0,0,0,0,0,64,0,4096,0,0
409,384,32,2,1365,1024,500,proj,512,512,512,isap,1024,6144,4096,0,8192,0,0,8192,0,0,0,0,0,0,0,0,64,0,0,0,0
409,512,40,2,2048,51,500,proj,512,512,512,wsap,512,4608,2080,2080,0,0,0,6656,0,0,0,0,0,0,0,0,56,0,3072,0,0
409,512,32,4,1024,128,500,proj,512,512,512,isap,512,4608,2048,2048,0,0,0,8192,0,0,0,0,0,0,0,0,32,0,6144,0,0
409,512,40,16,32,409,500,proj,512,512,512,wsap,32,288,2080,2080,0,0,0,416,0,0,0,0,6240,0,4320,0,8,0,384,5760,0
409,384,40,32,42,819,500,proj,512,512,512,wspp,42,252,4160,0,0,273,0,0,273,0,6383,0,0,6383,5892,0,4,6656,504,11784,0
409,256,64,32,1024,32,500,proj,512,512,512,ispp,1024,4096,4096,0,0,4096,0,0,4096,0,0,0,0,0,0,0,4,4096,7168,0,0
409,128,72,64,4096,56,500,proj,512,512,512,wspp,2048,2048,9216,0,0,4096,8192,0,4096,0,0,0,0,0,0,0,0,12288,14336,0,0
409,256,80,16,256,51,500,proj,512,512,512,wspp,256,1024,4480,0,0,896,0,0,896,0,2688,0,0,2688,3072,0,4,3584,1536,4608,0
409,128,88,16,512,23,500,proj,512,512,512,wsap,512,512,8448,0,2304,0,0,768,0,6912,0,0,2304,0,9216,0,0,0,0,0,0
409,512,32,2,1024,1024,500,proj,512,512,512,ispp,512,4608,2048,2048,0,0,0,8192,0,0,0,0,0,0,0,0,64,0,4096,0,0
409,512,32,4,1024,128,500,proj,512,512,512,isap,512,4608,2048,2048,0,0,0,8192,0,0,0,0,0,0,0,0,32,0,6144,0,0
409,512,40,16,32,409,500,proj,512,512,512,wsap,32,288,2080,2080,0,0,0,416,0,0,0,0,6240,0,4320,0,8,0,384,5760,0
409,256,64,32,1024,32,500,proj,512,512,512,ispp,1024,4096,4096,0,0,4096,0,0,4096,0,0,0,0,0,0,0,4,4096,7168,0,0
409,256,80,16,256,51,500,proj,512,512,512,wspp,256,1024,4480,0,0,896,0,0,896,0,2688,0,0,2688,3072,0,4,3584,1536,4608,0
409,512,32,2,1024,1024,500,proj,512,512,512,ispp,512,4608,2048,2048,0,0,0,8192,0,0,0,0,0,0,0,0,64,0,4096,0,0
409,640,32,4,1638,512,500,proj,512,512,512,ispp,512,5632,2048,4096,0,0,0,8192,0,0,0,0,0,0,0,0,48,0,6144,0,0
409,512,32,4,1024,128,500,proj,512,512,512,isap,512,4608,2048,2048,0,0,0,8192,0,0,0,0,0,0,0,0,32,0,6144,0,0
409,384,24,4,2730,85,500,proj,512,512,512,ispp,1024,6144,4224,0,0,87,0,11177,11264,0,0,0,0,0,0,5486,44,5778,16384,0,0
409,512,40,16,32,409,500,proj,512,512,512,wsap,32,288,2080,2080,0,0,0,416,0,0,0,0,6240,0,4320,0,8,0,384,5760,0
409,384,48,8,42,682,500,proj,512,512,512,wspp,42,252,4224,0,0,231,0,0,231,0,603,0,4798,5401,11784,1990,12,3642,378,8838,0
409,256,64,32,1024,32,500,proj,512,512,512,ispp,1024,4096,4096,0,0,4096,0,0,4096,0,0,0,0,0,0,0,4,4096,7168,0,0
409,128,64,16,1024,64,500,proj,512,512,512,wspp,1024,1024,8192,0,0,64,2112,1984,4032,0,0,2048,2048,4096,1024,8064,0,8256,7168,7168,0
409,256,80,16,256,51,500,proj,512,512,512,wspp,256,1024,4480,0,0,896,0,0,896,0,2688,0,0,2688,3072,0,4,3584,1536,4608,0
409,128,80,32,512,25,500,proj,512,512,512,ispp,2048,2048,35840,0,0,3584,7168,0,3584,0,0,0,0,0,0,0,0,10752,12288,0,0
409,512,32,2,1024,1024,500,proj,512,512,512,ispp,512,4608,2048,2048,0,0,0,8192,0,0,0,0,0,0,0,0,64,0,4096,0,0
409,512,32,4,1024,128,500,proj,512,512,512,isap,512,4608,2048,2048,0,0,0,8192,0,0,0,0,0,0,0,0,32,0,6144,0,0
409,512,40,16,32,409,500,proj,512,512,512,wsap,32,288,2080,2080,0,0,0,416,0,0,0,0,6240,0,4320,0,8,0,384,5760,0
409,256,64,32,1024,32,500,proj,512,512,512,ispp,1024,4096,4096,0,0,4096,0,0,4096,0,0,0,0,0,0,0,4,4096,7168,0,0
409,256,80,16,256,51,500,proj,512,512,512,wspp,256,1024,4480,0,0,896,0,0,896,0,2688,0,0,2688,3072,0,4,3584,1536,4608,0
409,512,32,2,1024,1024,500,proj,512,512,512,ispp,512,4608,2048,2048,0,0,0,8192,0,0,0,0,0,0,0,0,64,0,4096,0,0
409,384,32,4,682,2048,500,proj,512,512,512,ispp,1024,6144,8192,0,0,4096,0,4096,8192,0,0,0,0,0,0,908,64,7284,12288,0,0
409,512,32,4,1024,128,500,proj,512,512,512,isap,512,4608,2048,2048,0,0,0,8192,0,0,0,0,0,0,0,0,32,0,6144,0,0
409,640,32,4,1638,128,500,proj,512,512,512,wspp,512,5632,2048,4096,0,0,0,8192,0,0,0,0,0,0,0,0,48,0,6144,0,0
409,512,40,16,32,409,500,proj,512,512,512,wsap,32,288,2080,2080,0,0,0,416,0,0,0,0,6240,0,4320,0,8,0,384,5760,0
409,640,32,8,51,256,500,proj,512,512,512,wspp,51,561,2048,4096,0,0,0,816,0,0,0,0,7376,0,10142,0,24,0,714,6454,0
409,256,64,32,1024,32,500,proj,512,512,512,ispp,1024,4096,4096,0,0,4096,0,0,4096,0,0,0,0,0,0,0,4,4096,7168,0,0
409,128,64,16,2048,64,500,proj,512,512,512,isap,2048,2048,8192,0,12288,0,0,4096,0,0,0,0,0,0,0,0,0,0,0,0,0
409,256,80,16,256,51,500,proj,512,512,512,wspp,256,1024,4480,0,0,896,0,0,896,0,2688,0,0,2688,3072,0,4,3584,1536,4608,0
409,128,88,32,256,46,500,proj,512,512,512,wsap,256,256,8448,0,1152,0,0,384,0,8064,0,0,2688,0,10752,0,0,0,0,0,0
409,512,32,2,1024,1024,500,proj,512,512,512,ispp,512,4608,2048,2048,0,0,0,8192,0,0,0,0,0,0,0,0,64,0,4096,0,0
409,512,32,4,1024,128,500,proj,512,512,512,isap,512,4608,2048,2048,0,0,0,8192,0,0,0,0,0,0,0,0,32,0,6144,0,0
409,512,40,16,32,409,500,proj,512,512,512,wsap,32,288,2080,2080,0,0,0,416,0,0,0,0,6240,0,4320,0,8,0,384,5760,0
409,256,64,32,1024,32,500,proj,512,512,512,ispp,1024,4096,4096,0,0,4096,0,0,4096,0,0,0,0,0,0,0,4,4096,7168,0,0
409,256,80,16,256,51,500,proj,512,512,512,wspp,256,1024,4480,0,0,896,0,0,896,0,2688,0,0,2688,3072,0,4,3584,1536,4608,0
409,512,32,2,1024,1024,500,proj,512,512,512,ispp,512,4608,2048,2048,0,0,0,8192,0,0,0,0,0,0,0,0,64,0,4096,0,0
409,512,24,4,1024,2730,500,proj,512,512,512,isap,512,4608,2112,2112,0,0,0,11264,0,0,0,0,0,0,0,0,48,0,8192,0,0
409,512,32,4,1024,128,500,proj,512,512,512,isap,512,4608,2048,2048,0,0,0,8192,0,0,0,0,0,0,0,0,32,0,6144,0,0
409,512,24,2,512,85,500,proj,512,512,512,isap,512,4608,2112,2112,0,0,0,11264,0,0,0,0,0,0,0,0,88,0,5632,0,0
409,512,40,16,32,409,500,proj,512,512,512,wsap,32,288,2080,2080,0,0,0,416,0,0,0,0,6240,0,4320,0,8,0,384,5760,0
409,640,32,16,12,256,500,proj,512,512,512,wspp,12,132,2048,4096,0,0,0,192,0,0,0,0,8000,0,5500,0,12,0,180,7500,0
409,256,64,32,1024,32,500,proj,512,512,512,ispp,1024,4096,4096,0,0,4096,0,0,4096,0,0,0,0,0,0,0,4,4096,7168,0,0
409,128,56,64,1024,73,500,proj,512,512,512,wsap,1024,1024,8960,0,7680,0,0,2560,0,7680,0,0,2560,0,10240,0,0,0,0,0,0
409,256,80,16,256,51,500,proj,512,512,512,wspp,256,1024,4480,0,0,896,0,0,896,0,2688,0,0,2688,3072,0,4,3584,1536,4608,0
409,128,80,16,512,102,500,proj,512,512,512,ispp,2048,2048,35840,0,0,408,3088,3176,7664,0,0,0,0,0,0,8160,0,6672,11776,0,0
409,512,32,2,1024,1024,500,proj,512,512,512,ispp,512,4608,2048,2048,0,0,0,8192,0,0,0,0,0,0,0,0,64,0,4096,0,0
409,512,32,4,1024,128,500,proj,512,512,512,isap,512,4608,2048,2048,0,0,0,8192,0,0,0,0,0,0,0,0,32,0,6144,0,0
409,512,40,16,32,409,500,proj,512,512,512,wsap,32,288,2080,2080,0,0,0,416,0,0,0,0,6240,0,4320,0,8,0,384,5760,0
409,256,64,32,1024,32,500,proj,512,512,512,ispp,1024,4096,4096,0,0,4096,0,0,4096,0,0,0,0,0,0,0,4,4096,7168,0,0
409,256,80,16,256,51,500,proj,512,512,512,wspp,256,1024,4480,0,0,896,0,0,896,0,2688,0,0,2688,3072,0,4,3584,1536,4608,0
409,512,32,2,1024,1024,500,proj,512,512,512,ispp,512,4608,2048,2048,0,0,0,8192,0,0,0,0,0,0,0,0,64,0,4096,0,0
409,640,32,2,819,2048,500,proj,512,512,512,wsap,512,5632,2048,4096,0,0,0,8192,0,0,0,0,0,0,0,0,96,0,4096,0,0
409,512,32,4,1024,128,500,proj,512,512,512,isap,512,4608,2048,2048,0,0,0,8192,0,0,0,0,0,0,0,0,32,0,6144,0,0
409,640,24,8,1638,85,500,proj,512,512,512,isap,512,5632,2112,4224,0,0,0,11264,0,0,0,0,0,0,0,0,36,0,9728,0,0
409,512,40,16,32,409,500,proj,512,512,512,wsap,32,288,2080,2080,0,0,0,416,0,0,0,0,6240,0,4320,0,8,0,384,5760,0
409,512,40,16,32,409,500,proj,512,512,512,ispp,512,4608,33280,33280,0,0,0,6656,0,0,0,0,0,0,0,0,128,0,6144,0,0
409,256,64,32,1024,32,500,proj,512,512,512,ispp,1024,4096,4096,0,0,4096,0,0,4096,0,0,0,0,0,0,0,4,4096,7168,0,0
409,128,56,32,4096,36,500,proj,512,512,512,ispp,2048,2048,8960,0,0,44,88,5076,15272,0,0,0,0,0,0,22332,0,4194,17920,0,0
409,256,80,16,256,51,500,proj,512,512,512,wspp,256,1024,4480,0,0,896,0,0,896,0,2688,0,0,2688,3072,0,4,3584,1536,4608,0
409,256,88,8,256,46,500,proj,512,512,512,isap,1024,4096,16896,0,3072,0,0,3072,0,0,0,0,0,0,0,0,32,0,0,0,0
409,512,32,2,1024,1024,500,proj,512,512,512,ispp,512,4608,2048,2048,0,0,0,8192,0,0,0,0,0,0,0,0,64,0,4096,0,0
409,512,32,4,1024,128,500,proj,512,512,512,isap,512,4608,2048,2048,0,0,0,8192,0,0,0,0,0,0,0,0,32,0,6144,0,0
409,512,40,16,32,409,500,proj,512,512,512,wsap,32,288,2080,2080,0,0,0,416,0,0,0,0,6240,0,4320,0,8,0,384,5760,0
409,256,64,32,1024,32,500,proj,512,512,512,ispp,1024,4096,4096,0,0,4096,0,0,4096,0,0,0,0,0,0,0,4,4096,7168,0,0
409,256,80,16,256,51,500,proj,512,512,512,wspp,256,1024,4480,0,0,896,0,0,896,0,2688,0,0,2688,3072,0,4,3584,1536,4608,0
409,512,32,2,1024,1024,500,proj,512,512,512,ispp,512,4608,2048,2048,0,0,0,8192,0,0,0,0,0,0,0,0,64,0,4096,0,0
409,384,40,4,1365,409,500,proj,512,512,512,isap,1024,6144,4160,0,6656,0,0,6656,0,0,0,0,0,0,0,0,28,0,0,0,0
409,512,32,4,1024,128,500,proj,512,512,512,isap,512,4608,2048,2048,0,0,0,8192,0,0,0,0,0,0,0,0,32,0,6144,0,0
409,512,32,4,512,64,500,proj,512,512,512,wsap,512,4608,2048,2048,0,0,0,8192,0,0,0,0,0,0,0,0,32,0,6144,0,0
409,512,40,16,32,409,500,proj,512,512,512,wsap,32,288,2080,2080,0,0,0,416,0,0,0,0,6240,0,4320,0,8,0,384,5760,0
409,384,32,32,42,256,500,proj,512,512,512,isap,1024,6144,102400,0,8192,0,0,8192,0,0,0,0,0,0,0,0,100,0,0,0,0
409,256,64,32,1024,32,500,proj,512,512,512,ispp,1024,4096,4096,0,0,4096,0,0,4096,0,0,0,0,0,0,0,4,4096,7168,0,0
409,128,64,64,2048,32,500,proj,512,512,512,wspp,2048,2048,8192,0,0,4096,8192,0,4096,0,0,0,0,0,0,0,0,12288,14336,0,0
409,256,80,16,256,51,500,proj,512,512,512,wspp,256,1024,4480,0,0,896,0,0,896,0,2688,0,0,2688,3072,0,4,3584,1536,4608,0
409,256,72,8,128,113,500,proj,512,512,512,ispp,1024,4096,36864,0,0,904,0,3192,4096,0,0,0,0,0,0,0,64,4096,7168,0,0
409,512,32,2,1024,1024,500,proj,512,512,512,ispp,512,4608,2048,2048,0,0,0,8192,0,0,0,0,0,0,0,0,64,0,4096,0,0
409,512,32,4,512,64,500,proj,512,512,512,wsap,512,4608,2048,2048,0,0,0,8192,0,0,0,0,0,0,0,0,32,0,6144,0,0
409,512,40,16,32,409,500,proj,512,512,512,wsap,32,288,2080,2080,0,0,0,416,0,0,0,0,6240,0,4320,0,8,0,384,5760,0
409,256,64,32,1024,32,500,proj,512,512,512,ispp,1024,4096,4096,0,0,4096,0,0,4096,0,0,0,0,0,0,0,4,4096,7168,0,0
409,256,80,16,256,51,500,proj,512,512,512,wspp,256,1024,4480,0,0,896,0,0,896,0,2688,0,0,2688,3072,0,4,3584,1536,4608,0
409,512,32,2,1024,1024,500,proj,512,512,512,ispp,512,4608,2048,2048,0,0,0,8192,0,0,0,0,0,0,0,0,64,0,4096,0,0
409,512,40,4,2048,819,500,proj,512,512,512,wspp,512,4608,2080,2080,0,0,0,6656,0,0,0,0,0,0,0,0,32,0,4608,0,0
409,512,32,4,512,64,500,proj,512,512,512,wsap,512,4608,2048,2048,0,0,0,8192,0,0,0,0,0,0,0,0,32,0,6144,0,0
409,512,32,8,1024,128,500,proj,512,512,512,wspp,512,4608,2048,2048,0,0,0,8192,0,0,0,0,0,0,0,0,16,0,7168,0,0
409,512,40,16,32,409,500,proj,512,512,512,wsap,32,288,2080,2080,0,0,0,416,0,0,0,0,6240,0,4320,0,8,0,384,5760,0
409,384,48,16,42,170,500,proj,512,512,512,ispp,1024,6144,105600,0,0,5632,0,0,5632,0,0,0,0,0,0,0,200,5632,9728,0,0
409,256,64,32,1024,32,500,proj,512,512,512,ispp,1024,4096,4096,0,0,4096,0,0,4096,0,0,0,0,0,0,0,4,4096,7168,0,0
409,128,72,64,2048,56,500,proj,512,512,512,wsap,2048,2048,9216,0,12288,0,0,4096,0,0,0,0,0,0,0,0,0,0,0,0,0
409,256,80,16,256,51,500,proj,512,512,512,wspp,256,1024,4480,0,0,896,0,0,896,0,2688,0,0,2688,3072,0,4,3584,1536,4608,0
409,256,72,16,128,113,500,proj,512,512,512,wsap,128,512,4608,0,512,0,0,512,0,3584,0,0,3584,0,28672,0,4,0,0,0,0
409,512,32,2,1024,1024,500,proj,512,512,512,ispp,512,4608,2048,2048,0,0,0,8192,0,0,0,0,0,0,0,0,64,0,4096,0,0
409,512,32,8,1024,128,500,proj,512,512,512,wspp,512,4608,2048,2048,0,0,0,8192,0,0,0,0,0,0,0,0,16,0,7168,0,0
409,512,40,16,32,409,500,proj,512,512,512,wsap,32,288,2080,2080,0,0,0,416,0,0,0,0,6240,0,4320,0,8,0,384,5760,0
409,256,64,32,1024,32,500,proj,512,512,512,ispp,1024,4096,4096,0,0,4096,0,0,4096,0,0,0,0,0,0,0,4,4096,7168,0,0
409,256,80,16,256,51,500,proj,512,512,512,wspp,256,1024,4480,0,0,896,0,0,896,0,2688,0,0,2688,3072,0,4,3584,1536,4608,0
409,512,32,2,1024,1024,500,proj,512,512,512,ispp,512,4608,2048,2048,0,0,0,8192,0,0,0,0,0,0,0,0,64,0,4096,0,0
409,640,24,4,819,682,500,proj,512,512,512,ispp,512,5632,2112,4224,0,0,0,11264,0,0,0,0,0,0,0,0,72,0,8192,0,0
409,512,32,8,1024,128,500,proj,512,512,512,wspp,512,4608,2048,2048,0,0,0,8192,0,0,0,0,0,0,0,0,16,0,7168,0,0
409,640,40,4,409,102,500,proj,512,512,512,ispp,512,5632,4160,8320,0,0,0,6656,0,0,0,0,0,0,0,0,96,0,4608,0,0
409,512,40,16,32,409,500,proj,512,512,512,wsap,32,288,2080,2080,0,0,0,416,0,0,0,0,6240,0,4320,0,8,0,384,5760,0
409,384,40,16,42,204,500,proj,512,512,512,isap,1024,6144,104000,0,6656,0,0,6656,0,0,0,0,0,0,0,0,200,0,0,0,0
409,256,64,32,1024,32,500,proj,512,512,512,ispp,1024,4096,4096,0,0,4096,0,0,4096,0,0,0,0,0,0,0,4,4096,7168,0,0
409,128,56,64,1024,73,500,proj,512,512,512,isap,2048,2048,17920,0,15360,0,0,5120,0,0,0,0,0,0,0,0,0,0,0,0,0
409,256,80,16,256,51,500,proj,512,512,512,wspp,256,1024,4480,0,0,896,0,0,896,0,2688,0,0,2688,3072,0,4,3584,1536,4608,0
409,128,80,16,256,51,500,proj,512,512,512,wspp,256,256,8960,0,0,51,387,397,957,0,0,2240,3136,7168,2240,9082,0,6211,1472,10304,0
409,512,32,2,1024,1024,500,proj,512,512,512,ispp,512,4608,2048,2048,0,0,0,8192,0,0,0,0,0,0,0,0,64,0,4096,0,0
409,512,32,8,1024,128,500,proj,512,512,512,wspp,512,4608,2048,2048,0,0,0,8192,0,0,0,0,0,0,0,0,16,0,7168,0,0
409,512,40,16,32,409,500,proj,512,512,512,wsap,32,288,2080,2080,0,0,0,416,0,0,0,0,6240,0,4320,0,8,0,384,5760,0
409,256,64,32,1024,32,500,proj,512,512,512,ispp,1024,4096,4096,0,0,4096,0,0,4096,0,0,0,0,0,0,0,4,4096,7168,0,0
409,256,80,16,256,51,500,proj,512,512,512,wspp,256,1024,4480,0,0,896,0,0,896,0,2688,0,0,2688,3072,0,4,3584,1536,4608,0
409,512,32,2,1024,1024,500,proj,512,512,512,ispp,512,4608,2048,2048,0,0,0,8192,0,0,0,0,0,0,0,0,64,0,4096,0,0
409,640,40,2,409,819,500,proj,512,512,512,ispp,512,5632,4160,8320,0,0,0,6656,0,0,0,0,0,0,0,0,168,0,3072,0,0
409,512,32,8,1024,128,500,proj,512,512,512,wspp,512,4608,2048,2048,0,0,0,8192,0,0,0,0,0,0,0,0,16,0,7168,0,0
409,384,40,8,1365,102,500,proj,512,512,512,isap,1024,6144,4160,0,6656,0,0,6656,0,0,0,0,0,0,0,0,16,0,0,0,0
409,512,40,16,32,409,500,proj,512,512,512,wsap,32,288,2080,2080,0,0,0,416,0,0,0,0,6240,0,4320,0,8,0,384,5760,0
409,384,32,32,85,1024,500,proj,512,512,512,wsap,84,504,4096,0,672,0,0,672,0,7520,0,0,7520,0,90240,0,4,0,0,0,0
409,256,64,32,1024,32,500,proj,512,512,512,ispp,1024,4096,4096,0,0,4096,0,0,4096,0,0,0,0,0,0,0,4,4096,7168,0,0
409,128,56,64,1024,18,500,proj,512,512,512,wspp,1024,1024,8960,0,0,2560,5120,0,2560,0,2560,5120,0,2560,1024,0,0,15360,9216,9216,0
409,256,80,16,256,51,500,proj,512,512,512,wspp,256,1024,4480,0,0,896,0,0,896,0,2688,0,0,2688,3072,0,4,3584,1536,4608,0
409,256,72,8,128,113,500,proj,512,512,512,wsap,128,512,4608,0,512,0,0,512,0,3584,0,0,3584,0,28672,0,8,0,0,0,0
409,512,32,2,1024,1024,500,proj,512,512,512,ispp,512,4608,2048,2048,0,0,0,8192,0,0,0,0,0,0,0,0,64,0,4096,0,0
409,512,32,8,1024,128,500,proj,512,512,512,wspp,512,4608,2048,2048,0,0,0,8192,0,0,0,0,0,0,0,0,16,0,7168,0,0
409,512,40,16,32,409,500,proj,512,512,512,wsap,32,288,2080,2080,0,0,0,416,0,0,0,0,6240,0,4320,0,8,0,384,5760,0
409,256,64,32,1024,32,500,proj,512,512,512,ispp,1024,4096,4096,0,0,4096,0,0,4096,0,0,0,0,0,0,0,4,4096,7168,0,0
409,256,80,16,256,51,500,proj,512,512,512,wspp,256,1024,4480,0,0,896,0,0,896,0,2688,0,0,2688,3072,0,4,3584,1536,4608,0
409,512,32,2,1024,1024,500,proj,512,512,512,ispp,512,4608,2048,2048,0,0,0,8192,0,0,0,0,0,0,0,0,64,0,4096,0,0
409,640,32,2,409,2048,500,proj,512,512,512,isap,512,5632,4096,8192,0,0,0,8192,0,0,0,0,0,0,0,0,192,0,4096,0,0
409,512,32,8,1024,128,500,proj,512,512,512,wspp,512,4608,2048,2048,0,0,0,8192,0,0,0,0,0,0,0,0,16,0,7168,0,0
409,512,40,8,512,204,500,proj,512,512,512,wsap,512,4608,2080,2080,0,0,0,6656,0,0,0,0,0,0,0,0,16,0,5632,0,0
409,512,40,16,32,409,500,proj,512,512,512,wsap,32,288,2080,2080,0,0,0,416,0,0,0,0,6240,0,4320,0,8,0,384,5760,0
409,512,32,16,16,1024,500,proj,512,512,512,wspp,16,144,2048,2048,0,0,0,256,0,0,0,0,7936,0,4464,0,8,0,240,7440,0
409,256,64,32,1024,32,500,proj,512,512,512,ispp,1024,4096,4096,0,0,4096,0,0,4096,0,0,0,0,0,0,0,4,4096,7168,0,0
409,128,72,64,2048,28,500,proj,512,512,512,ispp,2048,2048,9216,0,0,4096,8192,0,4096,0,0,0,0,0,0,0,0,12288,14336,0,0
409,256,80,16,256,51,500,proj,512,512,512,wspp,256,1024,4480,0,0,896,0,0,896,0,2688,0,0,2688,3072,0,4,3584,1536,4608,0
409,128,72,16,512,56,500,proj,512,512,512,isap,2048,2048,36864,0,12288,0,0,4096,0,0,0,0,0,0,0,0,0,0,0,0,0
409,512,32,2,1024,1024,500,proj,512,512,512,ispp,512,4608,2048,2048,0,0,0,8192,0,0,0,0,0,0,0,0,64,0,4096,0,0
409,512,32,8,1024,128,500,proj,512,512,512,wspp,512,4608,2048,2048,0,0,0,8192,0,0,0,0,0,0,0,0,16,0,7168,0,0
409,512,40,16,32,409,500,proj,512,512,512,wsap,32,288,2080,2080,0,0,0,416,0,0,0,0,6240,0,4320,0,8,0,384,5760,0
409,256,64,32,1024,32,500,proj,512,512,512,ispp,1024,4096,4096,0,0,4096,0,0,4096,0,0,0,0,0,0,0,4,4096,7168,0,0
409,256,80,16,256,51,500,proj,512,512,512,wspp,256,1024,4480,0,0,896,0,0,896,0,2688,0,0,2688,3072,0,4,3584,1536,4608,0
409,512,32,2,1024,1024,500,proj,512,512,512,ispp,512,4608,2048,2048,0,0,0,8192,0,0,0,0,0,0,0,0,64,0,4096,0,0
409,512,24,2,2048,2730,500,proj,512,512,512,isap,512,4608,2112,2112,0,0,0,11264,0,0,0,0,0,0,0,0,88,0,5632,0,0
409,512,32,8,1024,128,500,proj,512,512,512,wspp,512,4608,2048,2048,0,0,0,8192,0,0,0,0,0,0,0,0,16,0,7168,0,0
409,640,32,8,409,64,500,proj,512,512,512,ispp,512,5632,4096,8192,0,0,0,8192,0,0,0,0,0,0,0,0,48,0,7168,0,0
409,512,40,16,32,409,500,proj,512,512,512,wsap,32,288,2080,2080,0,0,0,416,0,0,0,0,6240,0,4320,0,8,0,384,5760,0
409,512,32,16,16,512,500,proj,512,512,512,wsap,16,144,2048,2048,0,0,0,256,0,0,0,0,7936,0,4464,0,8,0,240,7440,0
409,256,64,32,1024,32,500,proj,512,512,512,ispp,1024,4096,4096,0,0,4096,0,0,4096,0,0,0,0,0,0,0,4,4096,7168,0,0
409,128,64,64,4096,64,500,proj,512,512,512,wspp,2048,2048,8192,0,0,4096,8192,0,4096,0,0,0,0,0,0,0,0,12288,14336,0,0
409,256,80,16,256,51,500,proj,512,512,512,wspp,256,1024,4480,0,0,896,0,0,896,0,2688,0,0,2688,3072,0,4,3584,1536,4608,0
409,128,88,32,1024,93,500,proj,512,512,512,isap,2048,2048,16896,0,9216,0,0,3072,0,0,0,0,0,0,0,0,0,0,0,0,0
409,512,32,2,1024,1024,500,proj,512,512,512,ispp,512,4608,2048,2048,0,0,0,8192,0,0,0,0,0,0,0,0,64,0,4096,0,0
409,512,32,8,1024,128,500,proj,512,512,512,wspp,512,4608,2048,2048,0,0,0,8192,0,0,0,0,0,0,0,0,16,0,7168,0,0
409,512,40,16,32,409,500,proj,512,512,512,wsap,32,288,2080,2080,0,0,0,416,0,0,0,0,6240,0,4320,0,8,0,384,5760,0
409,256,64,32,1024,32,500,proj,512,512,512,ispp,1024,4096,4096,0,0,4096,0,0,4096,0,0,0,0,0,0,0,4,4096,7168,0,0
409,256,80,16,256,51,500,proj,512,512,512,wspp,256,1024,4480,0,0,896,0,0,896,0,2688,0,0,2688,3072,0,4,3584,1536,4608,0
409,512,32,2,1024,1024,500,proj,512,512,512,ispp,512,4608,2048,2048,0,0,0,8192,0,0,0,0,0,0,0,0,64,0,4096,0,0
409,384,24,4,1365,682,500,proj,512,512,512,ispp,1024,6144,4224,0,0,688,0,10576,11264,0,0,0,0,0,0,4898,44,6366,16384,0,0
409,512,32,8,1024,128,500,proj,512,512,512,wspp,512,4608,2048,2048,0,0,0,8192,0,0,0,0,0,0,0,0,16,0,7168,0,0
409,384,40,4,2730,51,500,proj,512,512,512,wsap,1024,6144,4160,0,6656,0,0,6656,0,0,0,0,0,0,0,0,28,0,0,0,0
409,512,40,16,32,409,500,proj,512,512,512,wsap,32,288,2080,2080,0,0,0,416,0,0,0,0,6240,0,4320,0,8,0,384,5760,0
409,512,40,8,16,204,500,proj,512,512,512,isap,512,4608,66560,66560,0,0,0,6656,0,0,0,0,0,0,0,0,512,0,5632,0,0
409,256,64,32,1024,32,500,proj,512,512,512,ispp,1024,4096,4096,0,0,4096,0,0,4096,0,0,0,0,0,0,0,4,4096,7168,0,0
409,128,72,32,1024,28,500,proj,512,512,512,isap,2048,2048,18432,0,12288,0,0,4096,0,0,0,0,0,0,0,0,0,0,0,0,0
409,256,80,16,256,51,500,proj,512,512,512,wspp,256,1024,4480,0,0,896,0,0,896,0,2688,0,0,2688,3072,0,4,3584,1536,4608,0
409,128,88,32,512,23,500,proj,512,512,512,wsap,512,512,8448,0,2304,0,0,768,0,6912,0,0,2304,0,9216,0,0,0,0,0,0
409,512,32,2,1024,1024,500,proj,512,512,512,ispp,512,4608,2048,2048,0,0,0,8192,0,0,0,0,0,0,0,0,64,0,4096,0,0
409,512,32,8,1024,128,500,proj,512,512,512,wspp,512,4608,2048,2048,0,0,0,8192,0,0,0,0,0,0,0,0,16,0,7168,0,0
409,512,40,16,32,409,500,proj,512,512,512,wsap,32,288,2080,2080,0,0,0,416,0,0,0,0,6240,0,4320,0,8,0,384,5760,0
409,256,64,32,1024,32,500,proj,512,512,512,ispp,1024,4096,4096,0,0,4096,0,0,4096,0,0,0,0,0,0,0,4,4096,7168,0,0
409,256,80,16,256,51,500,proj,512,512,512,wspp,256,1024,4480,0,0,896,0,0,896,0,2688,0,0,2688,3072,0,4,3584,1536,4608,0
409,512,32,2,1024,1024,500,proj,512,512,512,ispp,512,4608,2048,2048,0,0,0,8192,0,0,0,0,0,0,0,0,64,0,4096,0,0
409,384,40,4,1365,409,500,proj,512,512,512,ispp,1024,6144,4160,0,0,418,0,6238,6656,0,0,0,0,0,0,2873,28,3783,9216,0,0
409,512,32,8,1024,128,500,proj,512,512,512,wspp,512,4608,2048,2048,0,0,0,8192,0,0,0,0,0,0,0,0,16,0,7168,0,0
409,640,32,4,1638,128,500,proj,512,512,512,ispp,512,5632,2048,4096,0,0,0,8192,0,0,0,0,0,0,0,0,48,0,6144,0,0
409,512,40,16,32,409,500,proj,512,512,512,wsap,32,288,2080,2080,0,0,0,416,0,0,0,0,6240,0,4320,0,8,0,384,5760,0
409,512,32,32,64,512,500,proj,512,512,512,wspp,64,576,2048,2048,0,0,0,1024,0,0,0,0,7168,0,4032,0,8,0,960,6720,0
409,256,64,32,1024,32,500,proj,512,512,512,ispp,1024,4096,4096,0,0,4096,0,0,4096,0,0,0,0,0,0,0,4,4096,7168,0,0
409,128,56,32,2048,36,500,proj,512,512,512,wspp,2048,2048,8960,0,0,44,88,5076,15272,0,0,0,0,0,0,22332,0,4194,17920,0,0
409,256,80,16,256,51,500,proj,512,512,512,wspp,256,1024,4480,0,0,896,0,0,896,0,2688,0,0,2688,3072,0,4,3584,1536,4608,0
409,128,88,32,256,23,500,proj,512,512,512,wsap,256,256,8448,0,1152,0,0,384,0,8064,0,0,2688,0,10752,0,0,0,0,0,0
409,512,32,2,1024,1024,500,proj,512,512,512,ispp,512,4608,2048,2048,0,0,0,8192,0,0,0,0,0,0,0,0,64,0,4096,0,0
409,512,32,8,1024,128,500,proj,512,512,512,wspp,512,4608,2048,2048,0,0,0,8192,0,0,0,0,0,0,0,0,16,0,7168,0,0
409,512,40,16,32,409,500,proj,512,512,512,wsap,32,288,2080,2080,0,0,0,416,0,0,0,0,6240,0,4320,0,8,0,384,5760,0
409,256,64,32,1024,32,500,proj,512,512,512,ispp,1024,4096,4096,0,0,4096,0,0,4096,0,0,0,0,0,0,0,4,4096,7168,0,0
409,256,80,16,256,51,500,proj,512,512,512,wspp,256,1024,4480,0,0,896,0,0,896,0,2688,0,0,2688,3072,0,4,3584,1536,4608,0
409,512,32,2,1024,1024,500,proj,512,512,512,ispp,512,4608,2048,2048,0,0,0,8192,0,0,0,0,0,0,0,0,64,0,4096,0,0
409,512,40,2,1024,409,500,proj,512,512,512,ispp,512,4608,2080,2080,0,0,0,6656,0,0,0,0,0,0,0,0,56,0,3072,0,0
409,512,32,8,1024,128,500,proj,512,512,512,wspp,512,4608,2048,2048,0,0,0,8192,0,0,0,0,0,0,0,0,16,0,7168,0,0
409,384,32,4,682,256,500,proj,512,512,512,ispp,1024,6144,8192,0,0,512,0,7680,8192,0,0,0,0,0,0,3584,64,4608,12288,0,0
409,512,40,16,32,409,500,proj,512,512,512,wsap,32,288,2080,2080,0,0,0,416,0,0,0,0,6240,0,4320,0,8,0,384,5760,0
409,512,32,16,16,1024,500,proj,512,512,512,wspp,16,144,2048,2048,0,0,0,256,0,0,0,0,7936,0,4464,0,8,0,240,7440,0
409,256,64,32,1024,32,500,proj,512,512,512,ispp,1024,4096,4096,0,0,4096,0,0,4096,0,0,0,0,0,0,0,4,4096,7168,0,0
409,384,56,16,341,73,500,proj,512,512,512,wsap,340,2040,4480,0,1700,0,0,1700,0,3420,0,0,3420,0,41040,0,8,0,0,0,0
409,256,80,16,256,51,500,proj,512,512,512,wspp,256,1024,4480,0,0,896,0,0,896,0,2688,0,0,2688,3072,0,4,3584,1536,4608,0
409,256,72,8,256,56,500,proj,512,512,512,isap,1024,4096,18432,0,4096,0,0,4096,0,0,0,0,0,0,0,0,32,0,0,0,0
409,512,32,2,1024,1024,500,proj,512,512,512,ispp,512,4608,2048,2048,0,0,0,8192,0,0,0,0,0,0,0,0,64,0,4096,0,0
409,512,32,8,1024,128,500,proj,512,512,512,wspp,512,4608,2048,2048,0,0,0,8192,0,0,0,0,0,0,0,0,16,0,7168,0,0
409,512,40,16,32,409,500,proj,512,512,512,wsap,32,288,2080,2080,0,0,0,416,0,0,0,0,6240,0,4320,0,8,0,384,5760,0
409,256,64,32,1024,32,500,proj,512,512,512,ispp,1024,4096,4096,0,0,4096,0,0,4096,0,0,0,0,0,0,0,4,4096,7168,0,0
409,256,80,16,256,51,500,proj,512,512,512,wspp,256,1024,4480,0,0,896,0,0,896,0,2688,0,0,2688,3072,0,4,3584,1536,4608,0
409,512,32,2,1024,1024,500,proj,512,512,512,ispp,512,4608,2048,2048,0,0,0,8192,0,0,0,0,0,0,0,0,64,0,4096,0,0
409,384,24,2,2730,2730,500,proj,512,512,512,wspp,1024,6144,4224,0,0,2730,0,8534,11264,0,0,0,0,0,0,3140,88,8124,11264,0,0
409,512,32,8,1024,128,500,proj,512,512,512,wspp,512,4608,2048,2048,0,0,0,8192,0,0,0,0,0,0,0,0,16,0,7168,0,0
409,384,24,8,1365,85,500,proj,512,512,512,ispp,1024,6144,4224,0,0,88,0,11176,11264,0,0,0,0,0,0,5590,24,5674,18944,0,0
409,512,40,16,32,409,500,proj,512,512,512,wsap,32,288,2080,2080,0,0,0,416,0,0,0,0,6240,0,4320,0,8,0,384,5760,0
409,384,40,16,85,409,500,proj,512,512,512,wsap,84,504,4160,0,546,0,0,546,0,6110,0,0,6110,0,73320,0,8,0,0,0,0
409,256,64,32,1024,32,500,proj,512,512,512,ispp,1024,4096,4096,0,0,4096,0,0,4096,0,0,0,0,0,0,0,4,4096,7168,0,0
409,256,56,16,512,73,500,proj,512,512,512,ispp,1024,4096,8960,0,0,350,0,4770,5120,0,0,0,0,0,0,5688,16,2276,8704,0,0
409,256,80,16,256,51,500,proj,512,512,512,wspp,256,1024,4480,0,0,896,0,0,896,0,2688,0,0,2688,3072,0,4,3584,1536,4608,0
409,256,80,8,128,51,500,proj,512,512,512,ispp,1024,4096,35840,0,0,472,0,3112,3584,0,0,0,0,0,0,880,64,3144,5632,0,0
409,512,32,2,1024,1024,500,proj,512,512,512,ispp,512,4608,2048,2048,0,0,0,8192,0,0,0,0,0,0,0,0,64,0,4096,0,0
409,512,32,8,1024,128,500,proj,512,512,512,wspp,512,4608,2048,2048,0,0,0,8192,0,0,0,0,0,0,0,0,16,0,7168,0,0
409,512,40,16,32,409,500,proj,512,512,512,wsap,32,288,2080,2080,0,0,0,416,0,0,0,0,6240,0,4320,0,8,0,384,5760,0
409,256,64,32,1024,32,500,proj,512,512,512,ispp,1024,4096,4096,0,0,4096,0,0,4096,0,0,0,0,0,0,0,4,4096,7168,0,0
409,256,80,16,256,51,500,proj,512,512,512,wspp,256,1024,4480,0,0,896,0,0,896,0,2688,0,0,2688,3072,0,4,3584,1536,4608,0
409,512,32,2,1024,1024,500,proj,512,512,512,ispp,512,4608,2048,2048,0,0,0,8192,0,0,0,0,0,0,0,0,64,0,4096,0,0
409,384,40,2,682,1638,500,proj,512,512,512,isap,1024,6144,8320,0,6656,0,0,6656,0,0,0,0,0,0,0,0,104,0,0,0,0
409,512,32,8,1024,128,500,proj,512,512,512,wspp,512,4608,2048,2048,0,0,0,8192,0,0,0,0,0,0,0,0,16,0,7168,0,0
409,384,32,8,1365,256,500,proj,512,512,512,isap,1024,6144,4096,0,8192,0,0,8192,0,0,0,0,0,0,0,0,16,0,0,0,0
409,512,40,16,32,409,500,proj,512,512,512,wsap,32,288,2080,2080,0,0,0,416,0,0,0,0,6240,0,4320,0,8,0,384,5760,0
409,384,48,8,85,170,500,proj,512,512,512,isap,1024,6144,54912,0,5632,0,0,5632,0,0,0,0,0,0,0,0,156,0,0,0,0
409,256,64,32,1024,32,500,proj,512,512,512,ispp,1024,4096,4096,0,0,4096,0,0,4096,0,0,0,0,0,0,0,4,4096,7168,0,0
409,256,64,16,1024,16,500,proj,512,512,512,isap,1024,4096,4096,0,4096,0,0,4096,0,0,0,0,0,0,0,0,4,0,0,0,0
409,256,80,16,256,51,500,proj,512,512,512,wspp,256,1024,4480,0,0,896,0,0,896,0,2688,0,0,2688,3072,0,4,3584,1536,4608,0
409,128,88,32,256,46,500,proj,512,512,512,isap,2048,2048,67584,0,9216,0,0,3072,0,0,0,0,0,0,0,0,0,0,0,0,0
409,512,32,2,1024,1024,500,proj,512,512,512,ispp,512,4608,2048,2048,0,0,0,8192,0,0,0,0,0,0,0,0,64,0,4096,0,0
409,512,32,8,1024,128,500,proj,512,512,512,wspp,512,4608,2048,2048,0,0,0,8192,0,0,0,0,0,0,0,0,16,0,7168,0,0
409,512,40,16,32,409,500,proj,512,512,512,wsap,32,288,2080,2080,0,0,0,416,0,0,0,0,6240,0,4320,0,8,0,384,5760,0
409,256,64,16,1024,16,500,proj,512,512,512,isap,1024,4096,4096,0,4096,0,0,4096,0,0,0,0,0,0,0,0,4,0,0,0,0
409,256,80,16,256,51,500,proj,512,512,512,wspp,256,1024,4480,0,0,896,0,0,896,0,2688,0,0,2688,3072,0,4,3584,1536,4608,0
409,512,32,2,1024,1024,500,proj,512,512,512,ispp,512,4608,2048,2048,0,0,0,8192,0,0,0,0,0,0,0,0,64,0,4096,0,0
409,384,32,4,2730,2048,500,proj,512,512,512,isap,1024,6144,4096,0,8192,0,0,8192,0,0,0,0,0,0,0,0,32,0,0,0,0
409,512,32,8,1024,128,500,proj,512,512,512,wspp,512,4608,2048,2048,0,0,0,8192,0,0,0,0,0,0,0,0,16,0,7168,0,0
409,512,32,16,512,128,500,proj,512,512,512,wsap,512,4608,2048,2048,0,0,0,8192,0,0,0,0,0,0,0,0,8,0,7680,0,0
409,512,40,16,32,409,500,proj,512,512,512,wsap,32,288,2080,2080,0,0,0,416,0,0,0,0,6240,0,4320,0,8,0,384,5760,0
409,384,40,16,85,409,500,proj,512,512,512,wspp,84,504,4160,0,0,529,0,17,546,0,0,0,6110,6110,8460,1413,8,5243,966,10810,0
409,256,64,16,1024,16,500,proj,512,512,512,isap,1024,4096,4096,0,4096,0,0,4096,0,0,0,0,0,0,0,0,4,0,0,0,0
409,384,56,8,341,18,500,proj,512,512,512,ispp,1024,6144,17920,0,0,86,0,5034,5120,0,0,0,0,0,0,5940,48,2150,8192,0,0
409,256,80,16,256,51,500,proj,512,512,512,wspp,256,1024,4480,0,0,896,0,0,896,0,2688,0,0,2688,3072,0,4,3584,1536,4608,0
409,128,80,32,256,25,500,proj,512,512,512,ispp,2048,2048,71680,0,0,3584,7168,0,3584,0,0,0,0,0,0,0,0,10752,12288,0,0
409,512,32,2,1024,1024,500,proj,512,512,512,ispp,512,4608,2048,2048,0,0,0,8192,0,0,0,0,0,0,0,0,64,0,4096,0,0
409,512,32,16,512,128,500,proj,512,512,512,wsap,512,4608,2048,2048,0,0,0,8192,0,0,0,0,0,0,0,0,8,0,7680,0,0
409,512,40,16,32,409,500,proj,512,512,512,wsap,32,288,2080,2080,0,0,0,416,0,0,0,0,6240,0,4320,0,8,0,384,5760,0
409,256,64,16,1024,16,500,proj,512,512,512,isap,1024,4096,4096,0,4096,0,0,4096,0,0,0,0,0,0,0,0,4,0,0,0,0
409,256,80,16,256,51,500,proj,512,512,512,wspp,256,1024,4480,0,0,896,0,0,896,0,2688,0,0,2688,3072,0,4,3584,1536,4608,0
409,512,32,2,1024,1024,500,proj,512,512,512,ispp,512,4608,2048,2048,0,0,0,8192,0,0,0,0,0,0,0,0,64,0,4096,0,0
409,640,32,2,409,2048,500,proj,512,512,512,wspp,409,4499,2048,4096,0,0,0,6544,0,0,0,0,1648,0,9064,0,96,0,3272,824,0
409,512,32,16,512,128,500,proj,512,512,512,wsap,512,4608,2048,2048,0,0,0,8192,0,0,0,0,0,0,0,0,8,0,7680,0,0
409,512,24,8,1024,170,500,proj,512,512,512,wsap,512,4608,2112,2112,0,0,0,11264,0,0,0,0,0,0,0,0,24,0,9728,0,0
409,512,40,16,32,409,500,proj,512,512,512,wsap,32,288,2080,2080,0,0,0,416,0,0,0,0,6240,0,4320,0,8,0,384,5760,0
409,384,32,8,42,1024,500,proj,512,512,512,isap,1024,6144,102400,0,8192,0,0,8192,0,0,0,0,0,0,0,0,400,0,0,0,0
409,256,64,16,1024,16,500,proj,512,512,512,isap,1024,4096,4096,0,4096,0,0,4096,0,0,0,0,0,0,0,0,4,0,0,0,0
409,256,56,8,1024,9,500,proj,512,512,512,isap,1024,4096,4480,0,5120,0,0,5120,0,0,0,0,0,0,0,0,12,0,0,0,0
409,256,80,16,256,51,500,proj,512,512,512,wspp,256,1024,4480,0,0,896,0,0,896,0,2688,0,0,2688,3072,0,4,3584,1536,4608,0
409,256,72,16,128,56,500,proj,512,512,512,wsap,128,512,4608,0,512,0,0,512,0,3584,0,0,3584,0,28672,0,4,0,0,0,0
409,512,32,2,1024,1024,500,proj,512,512,512,ispp,512,4608,2048,2048,0,0,0,8192,0,0,0,0,0,0,0,0,64,0,4096,0,0
409,512,32,16,512,128,500,proj,512,512,512,wsap,512,4608,2048,2048,0,0,0,8192,0,0,0,0,0,0,0,0,8,0,7680,0,0
409,512,40,16,32,409,500,proj,512,512,512,wsap,32,288,2080,2080,0,0,0,416,0,0,0,0,6240,0,4320,0,8,0,384,5760,0
409,256,64,16,1024,16,500,proj,512,512,512,isap,1024,4096,4096,0,4096,0,0,4096,0,0,0,0,0,0,0,0,4,0,0,0,0
409,256,80,16,256,51,500,proj,512,512,512,wspp,256,1024,4480,0,0,896,0,0,896,0,2688,0,0,2688,3072,0,4,3584,1536,4608,0
409,512,32,2,1024,1024,500,proj,512,512,512,ispp,512,4608,2048,2048,0,0,0,8192,0,0,0,0,0,0,0,0,64,0,4096,0,0
409,384,40,2,1365,1638,500,proj,512,512,512,ispp,1024,6144,4160,0,0,1648,0,5008,6656,0,0,0,0,0,0,1787,52,4869,6144,0,0
409,512,32,16,512,128,500,proj,512,512,512,wsap,512,4608,2048,2048,0,0,0,8192,0,0,0,0,0,0,0,0,8,0,7680,0,0
409,512,24,16,512,170,500,proj,512,512,512,wspp,512,4608,2112,2112,0,0,0,11264,0,0,0,0,0,0,0,0,16,0,10240,0,0
409,512,40,16,32,409,500,proj,512,512,512,wsap,32,288,2080,2080,0,0,0,416,0,0,0,0,6240,0,4320,0,8,0,384,5760,0
409,384,48,8,85,170,500,proj,512,512,512,wsap,84,504,4224,0,462,0,0,462,0,5170,0,0,5170,0,62040,0,12,0,0,0,0
409,256,64,16,1024,16,500,proj,512,512,512,isap,1024,4096,4096,0,4096,0,0,4096,0,0,0,0,0,0,0,0,4,0,0,0,0
409,128,56,16,1024,9,500,proj,512,512,512,wspp,1024,1024,8960,0,0,9,19,2551,7661,0,0,0,2560,7680,1536,22482,0,4119,8704,8704,0
409,256,80,16,256,51,500,proj,512,512,512,wspp,256,1024,4480,0,0,896,0,0,896,0,2688,0,0,2688,3072,0,4,3584,1536,4608,0
409,256,72,8,128,28,500,proj,512,512,512,wsap,128,512,4608,0,512,0,0,512,0,3584,0,0,3584,0,28672,0,8,0,0,0,0
409,512,32,2,1024,1024,500,proj,512,512,512,ispp,512,4608,2048,2048,0,0,0,8192,0,0,0,0,0,0,0,0,64,0,4096,0,0
409,512,32,16,512,128,500,proj,512,512,512,wsap,512,4608,2048,2048,0,0,0,8192,0,0,0,0,0,0,0,0,8,0,7680,0,0
409,512,40,16,32,409,500,proj,512,512,512,wsap,32,288,2080,2080,0,0,0,416,0,0,0,0,6240,0,4320,0,8,0,384,5760,0
409,256,64,16,1024,16,500,proj,512,512,512,isap,1024,4096,4096,0,4096,0,0,4096,0,0,0,0,0,0,0,0,4,0,0,0,0
409,256,80,16,256,51,500,proj,512,512,512,wspp,256,1024,4480,0,0,896,0,0,896,0,2688,0,0,2688,3072,0,4,3584,1536,4608,0
409,512,32,2,1024,1024,500,proj,512,512,512,ispp,512,4608,2048,2048,0,0,0,8192,0,0,0,0,0,0,0,0,64,0,4096,0,0
409,384,32,4,682,1024,500,proj,512,512,512,isap,1024,6144,8192,0,8192,0,0,8192,0,0,0,0,0,0,0,0,64,0,0,0,0
409,512,32,16,512,128,500,proj,512,512,512,wsap,512,4608,2048,2048,0,0,0,8192,0,0,0,0,0,0,0,0,8,0,7680,0,0
409,384,32,16,341,256,500,proj,512,512,512,ispp,1024,6144,16384,0,0,800,0,7392,8192,0,0,0,0,0,0,0,32,8192,15360,0,0
409,512,40,16,32,409,500,proj,512,512,512,wsap,32,288,2080,2080,0,0,0,416,0,0,0,0,6240,0,4320,0,8,0,384,5760,0
409,384,40,8,21,204,500,proj,512,512,512,wspp,20,120,4160,0,0,130,0,0,130,0,98,0,6428,6526,15060,2785,16,3871,210,10542,0
409,256,64,16,1024,16,500,proj,512,512,512,isap,1024,4096,4096,0,4096,0,0,4096,0,0,0,0,0,0,0,0,4,0,0,0,0
409,256,72,16,512,14,500,proj,512,512,512,wspp,512,2048,4608,0,0,2048,0,0,2048,0,2048,0,0,2048,2048,0,4,4096,3584,3584,0
409,256,80,16,256,51,500,proj,512,512,512,wspp,256,1024,4480,0,0,896,0,0,896,0,2688,0,0,2688,3072,0,4,3584,1536,4608,0
409,128,88,8,512,46,500,proj,512,512,512,isap,2048,2048,33792,0,9216,0,0,3072,0,0,0,0,0,0,0,0,0,0,0,0,0
409,512,32,2,1024,1024,500,proj,512,512,512,ispp,512,4608,2048,2048,0,0,0,8192,0,0,0,0,0,0,0,0,64,0,4096,0,0
409,512,32,16,512,128,500,proj,512,512,512,wsap,512,4608,2048,2048,0,0,0,8192,0,0,0,0,0,0,0,0,8,0,7680,0,0
409,512,40,16,32,409,500,proj,512,512,512,wsap,32,288,2080,2080,0,0,0,416,0,0,0,0,6240,0,4320,0,8,0,384,5760,0
409,256,64,16,1024,16,500,proj,512,512,512,isap,1024,4096,4096,0,4096,0,0,4096,0,0,0,0,0,0,0,0,4,0,0,0,0
409,256,80,16,256,51,500,proj,512,512,512,wspp,256,1024,4480,0,0,896,0,0,896,0,2688,0,0,2688,3072,0,4,3584,1536,4608,0
409,512,32,2,1024,1024,500,proj,512,512,512,ispp,512,4608,2048,2048,0,0,0,8192,0,0,0,0,0,0,0,0,64,0,4096,0,0
409,512,40,4,512,409,500,proj,512,512,512,wsap,512,4608,2080,2080,0,0,0,6656,0,0,0,0,0,0,0,0,32,0,4608,0,0
409,512,32,16,512,128,500,proj,512,512,512,wsap,512,4608,2048,2048,0,0,0,8192,0,0,0,0,0,0,0,0,8,0,7680,0,0
409,512,32,32,512,128,500,proj,512,512,512,isap,512,4608,2048,2048,0,0,0,8192,0,0,0,0,0,0,0,0,8,0,7680,0,0
409,512,40,16,32,409,500,proj,512,512,512,wsap,32,288,2080,2080,0,0,0,416,0,0,0,0,6240,0,4320,0,8,0,384,5760,0
409,384,40,16,42,409,500,proj,512,512,512,ispp,1024,6144,104000,0,0,6656,0,0,6656,0,0,0,0,0,0,0,200,6656,11776,0,0
409,256,64,16,1024,16,500,proj,512,512,512,isap,1024,4096,4096,0,4096,0,0,4096,0,0,0,0,0,0,0,0,4,0,0,0,0
409,256,72,8,512,14,500,proj,512,512,512,isap,1024,4096,9216,0,4096,0,0,4096,0,0,0,0,0,0,0,0,16,0,0,0,0
409,256,80,16,256,51,500,proj,512,512,512,wspp,256,1024,4480,0,0,896,0,0,896,0,2688,0,0,2688,3072,0,4,3584,1536,4608,0
409,256,88,8,512,23,500,proj,512,512,512,wsap,512,2048,4224,0,1536,0,0,1536,0,1536,0,0,1536,0,12288,0,8,0,0,0,0
409,512,32,2,1024,1024,500,proj,512,512,512,ispp,512,4608,2048,2048,0,0,0,8192,0,0,0,0,0,0,0,0,64,0,4096,0,0
409,512,32,32,512,128,500,proj,512,512,512,isap,512,4608,2048,2048,0,0,0,8192,0,0,0,0,0,0,0,0,8,0,7680,0,0
409,512,40,16,32,409,500,proj,512,512,512,wsap,32,288,2080,2080,0,0,0,416,0,0,0,0,6240,0,4320,0,8,0,384,5760,0
409,256,64,16,1024,16,500,proj,512,512,512,isap,1024,4096,4096,0,4096,0,0,4096,0,0,0,0,0,0,0,0,4,0,0,0,0
409,256,80,16,256,51,500,proj,512,512,512,wspp,256,1024,4480,0,0,896,0,0,896,0,2688,0,0,2688,3072,0,4,3584,1536,4608,0
409,512,32,2,1024,1024,500,proj,512,512,512,ispp,512,4608,2048,2048,0,0,0,8192,0,0,0,0,0,0,0,0,64,0,4096,0,0
409,384,40,2,682,409,500,proj,512,512,512,ispp,1024,6144,8320,0,0,824,0,5832,6656,0,0,0,0,0,0,2502,104,4154,6144,0,0
409,512,32,32,512,128,500,proj,512,512,512,isap,512,4608,2048,2048,0,0,0,8192,0,0,0,0,0,0,0,0,8,0,7680,0,0
409,384,24,16,1365,85,500,proj,512,512,512,wspp,1024,6144,4224,0,0,100,0,11164,11264,0,0,0,0,0,0,5040,12,6224,20480,0,0
409,512,40,16,32,409,500,proj,512,512,512,wsap,32,288,2080,2080,0,0,0,416,0,0,0,0,6240,0,4320,0,8,0,384,5760,0
409,640,32,16,12,256,500,proj,512,512,512,wspp,12,132,2048,4096,0,0,0,192,0,0,0,0,8000,0,5500,0,12,0,180,7500,0
409,256,64,16,1024,16,500,proj,512,512,512,isap,1024,4096,4096,0,4096,0,0,4096,0,0,0,0,0,0,0,0,4,0,0,0,0
409,384,56,8,341,9,500,proj,512,512,512,wsap,340,2040,4480,0,1700,0,0,1700,0,3420,0,0,3420,0,41040,0,12,0,0,0,0
409,256,80,16,256,51,500,proj,512,512,512,wspp,256,1024,4480,0,0,896,0,0,896,0,2688,0,0,2688,3072,0,4,3584,1536,4608,0
409,128,88,8,512,46,500,proj,512,512,512,wsap,512,512,8448,0,2304,0,0,768,0,6912,0,0,2304,0,9216,0,0,0,0,0,0
409,512,32,2,1024,1024,500,proj,512,512,512,ispp,512,4608,2048,2048,0,0,0,8192,0,0,0,0,0,0,0,0,64,0,4096,0,0
409,512,32,32,512,128,500,proj,512,512,512,isap,512,4608,2048,2048,0,0,0,8192,0,0,0,0,0,0,0,0,8,0,7680,0,0
409,512,40,16,32,409,500,proj,512,512,512,wsap,32,288,2080,2080,0,0,0,416,0,0,0,0,6240,0,4320,0,8,0,384,5760,0
409,256,64,16,1024,16,500,proj,512,512,512,isap,1024,4096,4096,0,4096,0,0,4096,0,0,0,0,0,0,0,0,4,0,0,0,0
409,256,80,16,256,51,500,proj,512,512,512,wspp,256,1024,4480,0,0,896,0,0,896,0,2688,0,0,2688,3072,0,4,3584,1536,4608,0
409,512,32,2,1024,1024,500,proj,512,512,512,ispp,512,4608,2048,2048,0,0,0,8192,0,0,0,0,0,0,0,0,64,0,4096,0,0
409,640,24,4,819,682,500,proj,512,512,512,wspp,512,5632,2112,4224,0,0,0,11264,0,0,0,0,0,0,0,0,72,0,8192,0,0
409,512,32,32,512,128,500,proj,512,512,512,isap,512,4608,2048,2048,0,0,0,8192,0,0,0,0,0,0,0,0,8,0,7680,0,0
409,384,40,32,682,51,500,proj,512,512,512,isap,1024,6144,8320,0,6656,0,0,6656,0,0,0,0,0,0,0,0,8,0,0,0,0
409,512,40,16,32,409,500,proj,512,512,512,wsap,32,288,2080,2080,0,0,0,416,0,0,0,0,6240,0,4320,0,8,0,384,5760,0
409,512,32,8,16,512,500,proj,512,512,512,isap,512,4608,65536,65536,0,0,0,8192,0,0,0,0,0,0,0,0,512,0,7168,0,0
409,256,64,16,1024,16,500,proj,512,512,512,isap,1024,4096,4096,0,4096,0,0,4096,0,0,0,0,0,0,0,0,4,0,0,0,0
409,256,64,32,1024,8,500,proj,512,512,512,ispp,1024,4096,4096,0,0,4096,0,0,4096,0,0,0,0,0,0,0,4,4096,7168,0,0
409,256,80,16,256,51,500,proj,512,512,512,wspp,256,1024,4480,0,0,896,0,0,896,0,2688,0,0,2688,3072,0,4,3584,1536,4608,0
409,256,88,8,256,46,500,proj,512,512,512,isap,1024,4096,16896,0,3072,0,0,3072,0,0,0,0,0,0,0,0,32,0,0,0,0
409,512,32,2,1024,1024,500,proj,512,512,512,ispp,512,4608,2048,2048,0,0,0,8192,0,0,0,0,0,0,0,0,64,0,4096,0,0
409,512,32,32,512,128,500,proj,512,512,512,isap,512,4608,2048,2048,0,0,0,8192,0,0,0,0,0,0,0,0,8,0,7680,0,0
409,512,40,16,32,409,500,proj,512,512,512,wsap,32,288,2080,2080,0,0,0,416,0,0,0,0,6240,0,4320,0,8,0,384,5760,0
409,256,64,32,1024,8,500,proj,512,512,512,ispp,1024,4096,4096,0,0,4096,0,0,4096,0,0,0,0,0,0,0,4,4096,7168,0,0
409,256,80,16,256,51,500,proj,512,512,512,wspp,256,1024,4480,0,0,896,0,0,896,0,2688,0,0,2688,3072,0,4,3584,1536,4608,0
409,512,32,2,1024,1024,500,proj,512,512,512,ispp,512,4608,2048,2048,0,0,0,8192,0,0,0,0,0,0,0,0,64,0,4096,0,0
409,512,40,4,1024,819,500,proj,512,512,512,wspp,512,4608,2080,2080,0,0,0,6656,0,0,0,0,0,0,0,0,32,0,4608,0,0
409,512,32,32,512,128,500,proj,512,512,512,isap,512,4608,2048,2048,0,0,0,8192,0,0,0,0,0,0,0,0,8,0,7680,0,0
409,512,32,32,1024,256,500,proj,512,512,512,ispp,512,4608,2048,2048,0,0,0,8192,0,0,0,0,0,0,0,0,8,0,7680,0,0
409,512,40,16,32,409,500,proj,512,512,512,wsap,32,288,2080,2080,0,0,0,416,0,0,0,0,6240,0,4320,0,8,0,384,5760,0
409,640,32,8,12,512,500,proj,512,512,512,ispp,512,5632,88064,176128,0,0,0,8192,0,0,0,0,0,0,0,0,1032,0,7168,0,0
409,256,64,32,1024,8,500,proj,512,512,512,ispp,1024,4096,4096,0,0,4096,0,0,4096,0,0,0,0,0,0,0,4,4096,7168,0,0
409,128,72,64,4096,7,500,proj,512,512,512,isap,2048,2048,9216,0,12288,0,0,4096,0,0,0,0,0,0,0,0,0,0,0,0,0
409,256,80,16,256,51,500,proj,512,512,512,wspp,256,1024,4480,0,0,896,0,0,896,0,2688,0,0,2688,3072,0,4,3584,1536,4608,0
409,256,80,16,128,102,500,proj,512,512,512,ispp,1024,4096,35840,0,0,3584,0,0,3584,0,0,0,0,0,0,0,32,3584,6144,0,0
409,512,32,2,1024,1024,500,proj,512,512,512,ispp,512,4608,2048,2048,0,0,0,8192,0,0,0,0,0,0,0,0,64,0,4096,0,0
409,512,32,32,1024,256,500,proj,512,512,512,ispp,512,4608,2048,2048,0,0,0,8192,0,0,0,0,0,0,0,0,8,0,7680,0,0
409,512,40,16,32,409,500,proj,512,512,512,wsap,32,288,2080,2080,0,0,0,416,0,0,0,0,6240,0,4320,0,8,0,384,5760,0
409,256,64,32,1024,8,500,proj,512,512,512,ispp,1024,4096,4096,0,0,4096,0,0,4096,0,0,0,0,0,0,0,4,4096,7168,0,0
409,256,80,16,256,51,500,proj,512,512,512,wspp,256,1024,4480,0,0,896,0,0,896,0,2688,0,0,2688,3072,0,4,3584,1536,4608,0
409,512,32,2,1024,1024,500,proj,512,512,512,ispp,512,4608,2048,2048,0,0,0,8192,0,0,0,0,0,0,0,0,64,0,4096,0,0
409,384,32,2,682,512,500,proj,512,512,512,wspp,682,4092,4096,0,0,512,0,4944,5456,0,0,0,2736,2736,16416,3584,64,4608,5456,2736,0
409,512,32,32,1024,256,500,proj,512,512,512,ispp,512,4608,2048,2048,0,0,0,8192,0,0,0,0,0,0,0,0,8,0,7680,0,0
409,512,24,32,2048,170,500,proj,512,512,512,ispp,512,4608,2112,2112,0,0,0,11264,0,0,0,0,0,0,0,0,8,0,10752,0,0
409,512,40,16,32,409,500,proj,512,512,512,wsap,32,288,2080,2080,0,0,0,416,0,0,0,0,6240,0,4320,0,8,0,384,5760,0
409,384,40,32,85,819,500,proj,512,512,512,wspp,84,504,4160,0,0,546,0,0,546,0,6110,0,0,6110,5640,0,4,6656,1008,11280,0
409,256,64,32,1024,8,500,proj,512,512,512,ispp,1024,4096,4096,0,0,4096,0,0,4096,0,0,0,0,0,0,0,4,4096,7168,0,0
409,128,64,64,4096,16,500,proj,512,512,512,ispp,2048,2048,8192,0,0,4096,8192,0,4096,0,0,0,0,0,0,0,0,12288,14336,0,0
409,256,80,16,256,51,500,proj,512,512,512,wspp,256,1024,4480,0,0,896,0,0,896,0,2688,0,0,2688,3072,0,4,3584,1536,4608,0
409,256,80,16,256,102,500,proj,512,512,512,wsap,256,1024,4480,0,896,0,0,896,0,2688,0,0,2688,0,21504,0,4,0,0,0,0
409,512,32,2,1024,1024,500,proj,512,512,512,ispp,512,4608,2048,2048,0,0,0,8192,0,0,0,0,0,0,0,0,64,0,4096,0,0
409,512,32,32,1024,256,500,proj,512,512,512,ispp,512,4608,2048,2048,0,0,0,8192,0,0,0,0,0,0,0,0,8,0,7680,0,0
409,512,40,16,32,409,500,proj,512,512,512,wsap,32,288,2080,2080,0,0,0,416,0,0,0,0,6240,0,4320,0,8,0,384,5760,0
409,256,64,32,1024,8,500,proj,512,512,512,ispp,1024,4096,4096,0,0,4096,0,0,4096,0,0,0,0,0,0,0,4,4096,7168,0,0
409,256,80,16,256,51,500,proj,512,512,512,wspp,256,1024,4480,0,0,896,0,0,896,0,2688,0,0,2688,3072,0,4,3584,1536,4608,0
409,512,32,2,1024,1024,500,proj,512,512,512,ispp,512,4608,2048,2048,0,0,0,8192,0,0,0,0,0,0,0,0,64,0,4096,0,0
409,640,24,2,819,1365,500,proj,512,512,512,isap,512,5632,2112,4224,0,0,0,11264,0,0,0,0,0,0,0,0,132,0,5632,0,0
409,512,32,32,1024,256,500,proj,512,512,512,ispp,512,4608,2048,2048,0,0,0,8192,0,0,0,0,0,0,0,0,8,0,7680,0,0
409,384,32,16,2730,256,500,proj,512,512,512,ispp,1024,6144,4096,0,0,256,0,7936,8192,0,0,0,0,0,0,0,8,8192,15360,0,0
409,512,40,16,32,409,500,proj,512,512,512,wsap,32,288,2080,2080,0,0,0,416,0,0,0,0,6240,0,4320,0,8,0,384,5760,0
409,512,32,8,16,256,500,proj,512,512,512,ispp,512,4608,65536,65536,0,0,0,8192,0,0,0,0,0,0,0,0,512,0,7168,0,0
409,256,64,32,1024,8,500,proj,512,512,512,ispp,1024,4096,4096,0,0,4096,0,0,4096,0,0,0,0,0,0,0,4,4096,7168,0,0
409,128,72,16,1024,14,500,proj,512,512,512,wsap,1024,1024,9216,0,6144,0,0,2048,0,6144,0,0,2048,0,8192,0,0,0,0,0,0
409,256,80,16,256,51,500,proj,512,512,512,wspp,256,1024,4480,0,0,896,0,0,896,0,2688,0,0,2688,3072,0,4,3584,1536,4608,0
409,128,72,8,1024,113,500,proj,512,512,512,wsap,1024,1024,9216,0,6144,0,0,2048,0,6144,0,0,2048,0,8192,0,0,0,0,0,0
409,512,32,2,1024,1024,500,proj,512,512,512,ispp,512,4608,2048,2048,0,0,0,8192,0,0,0,0,0,0,0,0,64,0,4096,0,0
409,512,32,32,1024,256,500,proj,512,512,512,ispp,512,4608,2048,2048,0,0,0,8192,0,0,0,0,0,0,0,0,8,0,7680,0,0
409,512,40,16,32,409,500,proj,512,512,512,wsap,32,288,2080,2080,0,0,0,416,0,0,0,0,6240,0,4320,0,8,0,384,5760,0
409,256,64,32,1024,8,500,proj,512,512,512,ispp,1024,4096,4096,0,0,4096,0,0,4096,0,0,0,0,0,0,0,4,4096,7168,0,0
409,256,80,16,256,51,500,proj,512,512,512,wspp,256,1024,4480,0,0,896,0,0,896,0,2688,0,0,2688,3072,0,4,3584,1536,4608,0
409,512,32,2,1024,1024,500,proj,512,512,512,ispp,512,4608,2048,2048,0,0,0,8192,0,0,0,0,0,0,0,0,64,0,4096,0,0
409,384,24,4,2730,682,500,proj,512,512,512,ispp,1024,6144,4224,0,0,688,0,10576,11264,0,0,0,0,0,0,4898,44,6366,16384,0,0
409,512,32,32,1024,256,500,proj,512,512,512,ispp,512,4608,2048,2048,0,0,0,8192,0,0,0,0,0,0,0,0,8,0,7680,0,0
409,512,24,16,1024,682,500,proj,512,512,512,ispp,512,4608,2112,2112,0,0,0,11264,0,0,0,0,0,0,0,0,16,0,10240,0,0
409,512,40,16,32,409,500,proj,512,512,512,wsap,32,288,2080,2080,0,0,0,416,0,0,0,0,6240,0,4320,0,8,0,384,5760,0
409,384,40,16,85,204,500,proj,512,512,512,isap,1024,6144,54080,0,6656,0,0,6656,0,0,0,0,0,0,0,0,104,0,0,0,0
409,256,64,32,1024,8,500,proj,512,512,512,ispp,1024,4096,4096,0,0,4096,0,0,4096,0,0,0,0,0,0,0,4,4096,7168,0,0
409,256,56,16,1024,9,500,proj,512,512,512,isap,1024,4096,4480,0,5120,0,0,5120,0,0,0,0,0,0,0,0,8,0,0,0,0
409,256,80,16,256,51,500,proj,512,512,512,wspp,256,1024,4480,0,0,896,0,0,896,0,2688,0,0,2688,3072,0,4,3584,1536,4608,0
409,128,88,32,1024,93,500,proj,512,512,512,ispp,2048,2048,16896,0,0,3072,6144,0,3072,0,0,0,0,0,0,0,0,9216,10240,0,0
409,512,32,2,1024,1024,500,proj,512,512,512,ispp,512,4608,2048,2048,0,0,0,8192,0,0,0,0,0,0,0,0,64,0,4096,0,0
409,512,32,32,1024,256,500,proj,512,512,512,ispp,512,4608,2048,2048,0,0,0,8192,0,0,0,0,0,0,0,0,8,0,7680,0,0
409,512,40,16,32,409,500,proj,512,512,512,wsap,32,288,2080,2080,0,0,0,416,0,0,0,0,6240,0,4320,0,8,0,384,5760,0
409,256,64,32,1024,8,500,proj,512,512,512,ispp,1024,4096,4096,0,0,4096,0,0,4096,0,0,0,0,0,0,0,4,4096,7168,0,0
409,256,80,16,256,51,500,proj,512,512,512,wspp,256,1024,4480,0,0,896,0,0,896,0,2688,0,0,2688,3072,0,4,3584,1536,4608,0
409,512,32,2,1024,1024,500,proj,512,512,512,ispp,512,4608,2048,2048,0,0,0,8192,0,0,0,0,0,0,0,0,64,0,4096,0,0
409,512,24,4,2048,682,500,proj,512,512,512,wsap,512,4608,2112,2112,0,0,0,11264,0,0,0,0,0,0,0,0,48,0,8192,0,0
409,512,32,32,1024,256,500,proj,512,512,512,ispp,512,4608,2048,2048,0,0,0,8192,0,0,0,0,0,0,0,0,8,0,7680,0,0
409,384,32,16,682,128,500,proj,512,512,512,wspp,682,4092,4096,0,0,128,0,5328,5456,0,0,0,2736,2736,2052,0,8,8192,10230,5130,0
409,512,40,16,32,409,500,proj,512,512,512,wsap,32,288,2080,2080,0,0,0,416,0,0,0,0,6240,0,4320,0,8,0,384,5760,0
409,512,48,8,16,170,500,proj,512,512,512,ispp,512,4608,67584,67584,0,0,0,5632,0,0,0,0,0,0,0,0,512,0,4608,0,0
409,256,64,32,1024,8,500,proj,512,512,512,ispp,1024,4096,4096,0,0,4096,0,0,4096,0,0,0,0,0,0,0,4,4096,7168,0,0
409,256,72,16,1024,7,500,proj,512,512,512,wspp,1024,4096,4608,0,0,3584,0,512,4096,0,0,0,0,0,0,0,4,4096,7168,0,0
409,256,80,16,256,51,500,proj,512,512,512,wspp,256,1024,4480,0,0,896,0,0,896,0,2688,0,0,2688,3072,0,4,3584,1536,4608,0
409,256,80,8,128,102,500,proj,512,512,512,wspp,128,512,4480,0,0,118,0,330,448,0,0,0,3136,3136,5376,990,8,3089,704,4928,0
409,512,32,2,1024,1024,500,proj,512,512,512,ispp,512,4608,2048,2048,0,0,0,8192,0,0,0,0,0,0,0,0,64,0,4096,0,0
409,512,32,32,1024,256,500,proj,512,512,512,ispp,512,4608,2048,2048,0,0,0,8192,0,0,0,0,0,0,0,0,8,0,7680,0,0
409,512,40,16,32,409,500,proj,512,512,512,wsap,32,288,2080,2080,0,0,0,416,0,0,0,0,6240,0,4320,0,8,0,384,5760,0
409,256,64,32,1024,8,500,proj,512,512,512,ispp,1024,4096,4096,0,0,4096,0,0,4096,0,0,0,0,0,0,0,4,4096,7168,0,0
409,256,80,16,256,51,500,proj,512,512,512,wspp,256,1024,4480,0,0,896,0,0,896,0,2688,0,0,2688,3072,0,4,3584,1536,4608,0
409,512,32,2,1024,1024,500,proj,512,512,512,ispp,512,4608,2048,2048,0,0,0,8192,0,0,0,0,0,0,0,0,64,0,4096,0,0
409,640,32,4,1638,1024,500,proj,512,512,512,ispp,512,5632,2048,4096,0,0,0,8192,0,0,0,0,0,0,0,0,48,0,6144,0,0
409,512,32,32,1024,256,500,proj,512,512,512,ispp,512,4608,2048,2048,0,0,0,8192,0,0,0,0,0,0,0,0,8,0,7680,0,0
409,384,32,32,682,512,500,proj,512,512,512,isap,1024,6144,8192,0,8192,0,0,8192,0,0,0,0,0,0,0,0,8,0,0,0,0
409,512,40,16,32,409,500,proj,512,512,512,wsap,32,288,2080,2080,0,0,0,416,0,0,0,0,6240,0,4320,0,8,0,384,5760,0
409,384,40,16,85,204,500,proj,512,512,512,isap,1024,6144,54080,0,6656,0,0,6656,0,0,0,0,0,0,0,0,104,0,0,0,0
409,256,64,32,1024,8,500,proj,512,512,512,ispp,1024,4096,4096,0,0,4096,0,0,4096,0,0,0,0,0,0,0,4,4096,7168,0,0
409,256,56,16,2048,9,500,proj,512,512,512,ispp,1024,4096,4480,0,0,15,0,5105,5120,0,0,0,0,0,0,6108,8,2066,8704,0,0
409,256,80,16,256,51,500,proj,512,512,512,wspp,256,1024,4480,0,0,896,0,0,896,0,2688,0,0,2688,3072,0,4,3584,1536,4608,0
409,128,72,8,256,113,500,proj,512,512,512,wsap,256,256,9216,0,1536,0,0,512,0,10752,0,0,3584,0,14336,0,0,0,0,0,0
409,512,32,2,1024,1024,500,proj,512,512,512,ispp,512,4608,2048,2048,0,0,0,8192,0,0,0,0,0,0,0,0,64,0,4096,0,0
409,512,32,32,1024,256,500,proj,512,512,512,ispp,512,4608,2048,2048,0,0,0,8192,0,0,0,0,0,0,0,0,8,0,7680,0,0
409,512,40,16,32,409,500,proj,512,512,512,wsap,32,288,2080,2080,0,0,0,416,0,0,0,0,6240,0,4320,0,8,0,384,5760,0
409,256,64,32,1024,8,500,proj,512,512,512,ispp,1024,4096,4096,0,0,4096,0,0,4096,0,0,0,0,0,0,0,4,4096,7168,0,0
409,256,80,16,256,51,500,proj,512,512,512,wspp,256,1024,4480,0,0,896,0,0,896,0,2688,0,0,2688,3072,0,4,3584,1536,4608,0
409,512,32,2,1024,1024,500,proj,512,512,512,ispp,512,4608,2048,2048,0,0,0,8192,0,0,0,0,0,0,0,0,64,0,4096,0,0
409,640,32,2,1638,512,500,proj,512,512,512,wsap,512,5632,2048,4096,0,0,0,8192,0,0,0,0,0,0,0,0,96,0,4096,0,0
409,512,32,32,1024,256,500,proj,512,512,512,ispp,512,4608,2048,2048,0,0,0,8192,0,0,0,0,0,0,0,0,8,0,7680,0,0
409,512,32,16,1024,128,500,proj,512,512,512,isap,512,4608,2048,2048,0,0,0,8192,0,0,0,0,0,0,0,0,8,0,7680,0,0
409,512,40,16,32,409,500,proj,512,512,512,wsap,32,288,2080,2080,0,0,0,416,0,0,0,0,6240,0,4320,0,8,0,384,5760,0
409,384,48,8,85,341,500,proj,512,512,512,wsap,84,504,4224,0,462,0,0,462,0,5170,0,0,5170,0,62040,0,12,0,0,0,0
409,256,64,32,1024,8,500,proj,512,512,512,ispp,1024,4096,4096,0,0,4096,0,0,4096,0,0,0,0,0,0,0,4,4096,7168,0,0
409,256,72,16,512,14,500,proj,512,512,512,isap,1024,4096,9216,0,4096,0,0,4096,0,0,0,0,0,0,0,0,8,0,0,0,0
409,256,80,16,256,51,500,proj,512,512,512,wspp,256,1024,4480,0,0,896,0,0,896,0,2688,0,0,2688,3072,0,4,3584,1536,4608,0
409,128,72,8,1024,113,500,proj,512,512,512,ispp,2048,2048,18432,0,0,226,452,3870,11836,0,0,0,0,0,0,15480,0,4548,14336,0,0
409,512,32,2,1024,1024,500,proj,512,512,512,ispp,512,4608,2048,2048,0,0,0,8192,0,0,0,0,0,0,0,0,64,0,4096,0,0
409,512,32,16,1024,128,500,proj,512,512,512,isap,512,4608,2048,2048,0,0,0,8192,0,0,0,0,0,0,0,0,8,0,7680,0,0
409,512,40,16,32,409,500,proj,512,512,512,wsap,32,288,2080,2080,0,0,0,416,0,0,0,0,6240,0,4320,0,8,0,384,5760,0
409,256,64,32,1024,8,500,proj,512,512,512,ispp,1024,4096,4096,0,0,4096,0,0,4096,0,0,0,0,0,0,0,4,4096,7168,0,0
409,256,80,16,256,51,500,proj,512,512,512,wspp,256,1024,4480,0,0,896,0,0,896,0,2688,0,0,2688,3072,0,4,3584,1536,4608,0
409,512,32,2,1024,1024,500,proj,512,512,512,ispp,512,4608,2048,2048,0,0,0,8192,0,0,0,0,0,0,0,0,64,0,4096,0,0
409,384,32,2,1365,2048,500,proj,512,512,512,isap,1024,6144,4096,0,8192,0,0,8192,0,0,0,0,0,0,0,0,64,0,0,0,0
409,512,32,16,1024,128,500,proj,512,512,512,isap,512,4608,2048,2048,0,0,0,8192,0,0,0,0,0,0,0,0,8,0,7680,0,0
409,384,40,8,1365,102,500,proj,512,512,512,wspp,1024,6144,4160,0,0,113,0,6543,6656,0,0,0,0,0,0,2983,16,3673,10752,0,0
409,512,40,16,32,409,500,proj,512,512,512,wsap,32,288,2080,2080,0,0,0,416,0,0,0,0,6240,0,4320,0,8,0,384,5760,0
409,384,40,8,42,204,500,proj,512,512,512,ispp,1024,6144,104000,0,0,5576,0,1080,6656,0,0,0,0,0,0,0,400,6656,10752,0,0
409,256,64,32,1024,8,500,proj,512,512,512,ispp,1024,4096,4096,0,0,4096,0,0,4096,0,0,0,0,0,0,0,4,4096,7168,0,0
409,128,56,32,4096,18,500,proj,512,512,512,wspp,2048,2048,8960,0,0,22,44,5098,15316,0,0,0,0,0,0,22428,0,4146,17920,0,0
409,256,80,16,256,51,500,proj,512,512,512,wspp,256,1024,4480,0,0,896,0,0,896,0,2688,0,0,2688,3072,0,4,3584,1536,4608,0
409,128,72,16,512,56,500,proj,512,512,512,ispp,2048,2048,36864,0,0,224,4320,3872,7968,0,0,0,0,0,0,7744,0,8416,14336,0,0
409,512,32,2,1024,1024,500,proj,512,512,512,ispp,512,4608,2048,2048,0,0,0,8192,0,0,0,0,0,0,0,0,64,0,4096,0,0
409,512,32,16,1024,128,500,proj,512,512,512,isap,512,4608,2048,2048,0,0,0,8192,0,0,0,0,0,0,0,0,8,0,7680,0,0
409,512,40,16,32,409,500,proj,512,512,512,wsap,32,288,2080,2080,0,0,0,416,0,0,0,0,6240,0,4320,0,8,0,384,5760,0
409,256,64,32,1024,8,500,proj,512,512,512,ispp,1024,4096,4096,0,0,4096,0,0,4096,0,0,0,0,0,0,0,4,4096,7168,0,0
409,256,80,16,256,51,500,proj,512,512,512,wspp,256,1024,4480,0,0,896,0,0,896,0,2688,0,0,2688,3072,0,4,3584,1536,4608,0
409,512,32,2,1024,1024,500,proj,512,512,512,ispp,512,4608,2048,2048,0,0,0,8192,0,0,0,0,0,0,0,0,64,0,4096,0,0
409,512,32,2,512,2048,500,proj,512,512,512,wspp,512,4608,2048,2048,0,0,0,8192,0,0,0,0,0,0,0,0,64,0,4096,0,0
409,512,32,16,1024,128,500,proj,512,512,512,isap,512,4608,2048,2048,0,0,0,8192,0,0,0,0,0,0,0,0,8,0,7680,0,0
409,512,32,8,1024,64,500,proj,512,512,512,ispp,512,4608,2048,2048,0,0,0,8192,0,0,0,0,0,0,0,0,16,0,7168,0,0
409,512,40,16,32,409,500,proj,512,512,512,wsap,32,288,2080,2080,0,0,0,416,0,0,0,0,6240,0,4320,0,8,0,384,5760,0
409,640,32,8,25,1024,500,proj,512,512,512,isap,512,5632,43008,86016,0,0,0,8192,0,0,0,0,0,0,0,0,504,0,7168,0,0
409,256,64,32,1024,8,500,proj,512,512,512,ispp,1024,4096,4096,0,0,4096,0,0,4096,0,0,0,0,0,0,0,4,4096,7168,0,0
409,128,56,16,1024,18,500,proj,512,512,512,wsap,1024,1024,8960,0,7680,0,0,2560,0,7680,0,0,2560,0,10240,0,0,0,0,0,0
409,256,80,16,256,51,500,proj,512,512,512,wspp,256,1024,4480,0,0,896,0,0,896,0,2688,0,0,2688,3072,0,4,3584,1536,4608,0
409,128,88,32,1024,46,500,proj,512,512,512,ispp,2048,2048,16896,0,0,3072,6144,0,3072,0,0,0,0,0,0,0,0,9216,10240,0,0
409,512,32,2,512,2048,500,proj,512,512,512,wspp,512,4608,2048,2048,0,0,0,8192,0,0,0,0,0,0,0,0,64,0,4096,0,0
409,512,32,8,1024,64,500,proj,512,512,512,ispp,512,4608,2048,2048,0,0,0,8192,0,0,0,0,0,0,0,0,16,0,7168,0,0
409,512,40,16,32,409,500,proj,512,512,512,wsap,32,288,2080,2080,0,0,0,416,0,0,0,0,6240,0,4320,0,8,0,384,5760,0
409,256,64,32,1024,8,500,proj,512,512,512,ispp,1024,4096,4096,0,0,4096,0,0,4096,0,0,0,0,0,0,0,4,4096,7168,0,0
409,256,80,16,256,51,500,proj,512,512,512,wspp,256,1024,4480,0,0,896,0,0,896,0,2688,0,0,2688,3072,0,4,3584,1536,4608,0
409,512,32,2,512,2048,500,proj,512,512,512,wspp,512,4608,2048,2048,0,0,0,8192,0,0,0,0,0,0,0,0,64,0,4096,0,0
409,640,24,2,409,5461,500,proj,512,512,512,wspp,409,4499,2112,4224,0,0,0,8998,0,0,0,0,2266,0,12463,0,132,0,4499,1133,0
409,512,32,8,1024,64,500,proj,512,512,512,ispp,512,4608,2048,2048,0,0,0,8192,0,0,0,0,0,0,0,0,16,0,7168,0,0
409,640,24,8,1638,85,500,proj,512,512,512,ispp,512,5632,2112,4224,0,0,0,11264,0,0,0,0,0,0,0,0,36,0,9728,0,0
409,512,40,16,32,409,500,proj,512,512,512,wsap,32,288,2080,2080,0,0,0,416,0,0,0,0,6240,0,4320,0,8,0,384,5760,0
409,512,40,16,64,409,500,proj,512,512,512,wsap,64,576,2080,2080,0,0,0,832,0,0,0,0,5824,0,4032,0,8,0,768,5376,0
409,256,64,32,1024,8,500,proj,512,512,512,ispp,1024,4096,4096,0,0,4096,0,0,4096,0,0,0,0,0,0,0,4,4096,7168,0,0
409,256,56,16,1024,18,500,proj,512,512,512,isap,1024,4096,4480,0,5120,0,0,5120,0,0,0,0,0,0,0,0,8,0,0,0,0
409,256,80,16,256,51,500,proj,512,512,512,wspp,256,1024,4480,0,0,896,0,0,896,0,2688,0,0,2688,3072,0,4,3584,1536,4608,0
409,128,88,8,256,93,500,proj,512,512,512,ispp,2048,2048,67584,0,0,744,2272,2328,6944,0,0,0,0,0,0,7744,0,5344,9216,0,0
409,512,32,2,512,2048,500,proj,512,512,512,wspp,512,4608,2048,2048,0,0,0,8192,0,0,0,0,0,0,0,0,64,0,4096,0,0
409,512,32,8,1024,64,500,proj,512,512,512,ispp,512,4608,2048,2048,0,0,0,8192,0,0,0,0,0,0,0,0,16,0,7168,0,0
409,512,40,16,64,409,500,proj,512,512,512,wsap,64,576,2080,2080,0,0,0,832,0,0,0,0,5824,0,4032,0,8,0,768,5376,0
409,256,64,32,1024,8,500,proj,512,512,512,ispp,1024,4096,4096,0,0,4096,0,0,4096,0,0,0,0,0,0,0,4,4096,7168,0,0
409,256,80,16,256,51,500,proj,512,512,512,wspp,256,1024,4480,0,0,896,0,0,896,0,2688,0,0,2688,3072,0,4,3584,1536,4608,0
409,512,32,2,512,2048,500,proj,512,512,512,wspp,512,4608,2048,2048,0,0,0,8192,0,0,0,0,0,0,0,0,64,0,4096,0,0
409,640,32,2,204,1024,500,proj,512,512,512,isap,512,5632,6144,12288,0,0,0,8192,0,0,0,0,0,0,0,0,288,0,4096,0,0
409,512,32,8,1024,64,500,proj,512,512,512,ispp,512,4608,2048,2048,0,0,0,8192,0,0,0,0,0,0,0,0,16,0,7168,0,0
409,384,32,4,2730,128,500,proj,512,512,512,wsap,1024,6144,4096,0,8192,0,0,8192,0,0,0,0,0,0,0,0,32,0,0,0,0
409,512,40,16,64,409,500,proj,512,512,512,wsap,64,576,2080,2080,0,0,0,832,0,0,0,0,5824,0,4032,0,8,0,768,5376,0
409,384,40,16,42,819,500,proj,512,512,512,wspp,42,252,4160,0,0,273,0,0,273,0,789,0,5594,6383,8838,1290,8,5366,483,11293,0
409,256,64,32,1024,8,500,proj,512,512,512,ispp,1024,4096,4096,0,0,4096,0,0,4096,0,0,0,0,0,0,0,4,4096,7168,0,0
409,256,64,16,2048,8,500,proj,512,512,512,wspp,1024,4096,4096,0,0,4096,0,0,4096,0,0,0,0,0,0,0,4,4096,7168,0,0
409,256,80,16,256,51,500,proj,512,512,512,wspp,256,1024,4480,0,0,896,0,0,896,0,2688,0,0,2688,3072,0,4,3584,1536,4608,0
409,128,72,16,256,113,500,proj,512,512,512,isap,2048,2048,73728,0,12288,0,0,4096,0,0,0,0,0,0,0,0,0,0,0,0,0
409,512,32,2,512,2048,500,proj,512,512,512,wspp,512,4608,2048,2048,0,0,0,8192,0,0,0,0,0,0,0,0,64,0,4096,0,0
409,512,32,8,1024,64,500,proj,512,512,512,ispp,512,4608,2048,2048,0,0,0,8192,0,0,0,0,0,0,0,0,16,0,7168,0,0
409,512,40,16,64,409,500,proj,512,512,512,wsap,64,576,2080,2080,0,0,0,832,0,0,0,0,5824,0,4032,0,8,0,768,5376,0
409,256,64,16,2048,8,500,proj,512,512,512,wspp,1024,4096,4096,0,0,4096,0,0,4096,0,0,0,0,0,0,0,4,4096,7168,0,0
409,256,80,16,256,51,500,proj,512,512,512,wspp,256,1024,4480,0,0,896,0,0,896,0,2688,0,0,2688,3072,0,4,3584,1536,4608,0
409,512,32,2,512,2048,500,proj,512,512,512,wspp,512,4608,2048,2048,0,0,0,8192,0,0,0,0,0,0,0,0,64,0,4096,0,0
409,640,24,4,204,1365,500,proj,512,512,512,wspp,204,2244,2112,4224,0,0,0,4488,0,0,0,0,6776,0,20328,0,72,0,3264,4928,0
409,512,32,8,1024,64,500,proj,512,512,512,ispp,512,4608,2048,2048,0,0,0,8192,0,0,0,0,0,0,0,0,16,0,7168,0,0
409,384,40,8,2730,25,500,proj,512,512,512,wsap,1024,6144,4160,0,6656,0,0,6656,0,0,0,0,0,0,0,0,16,0,0,0,0
409,512,40,16,64,409,500,proj,512,512,512,wsap,64,576,2080,2080,0,0,0,832,0,0,0,0,5824,0,4032,0,8,0,768,5376,0
409,384,48,8,85,170,500,proj,512,512,512,wspp,84,504,4224,0,0,206,0,256,462,0,0,0,5170,5170,11280,2415,12,3217,756,8460,0
409,256,64,16,2048,8,500,proj,512,512,512,wspp,1024,4096,4096,0,0,4096,0,0,4096,0,0,0,0,0,0,0,4,4096,7168,0,0
409,128,72,16,4096,7,500,proj,512,512,512,wspp,2048,2048,9216,0,0,7,3591,4089,8697,0,0,0,0,0,0,9202,0,7687,14336,0,0
409,256,80,16,256,51,500,proj,512,512,512,wspp,256,1024,4480,0,0,896,0,0,896,0,2688,0,0,2688,3072,0,4,3584,1536,4608,0
409,128,80,8,256,102,500,proj,512,512,512,isap,2048,2048,71680,0,10752,0,0,3584,0,0,0,0,0,0,0,0,0,0,0,0,0
409,512,32,2,512,2048,500,proj,512,512,512,wspp,512,4608,2048,2048,0,0,0,8192,0,0,0,0,0,0,0,0,64,0,4096,0,0
409,512,32,8,1024,64,500,proj,512,512,512,ispp,512,4608,2048,2048,0,0,0,8192,0,0,0,0,0,0,0,0,16,0,7168,0,0
409,512,40,16,64,409,500,proj,512,512,512,wsap,64,576,2080,2080,0,0,0,832,0,0,0,0,5824,0,4032,0,8,0,768,5376,0
409,256,64,16,2048,8,500,proj,512,512,512,wspp,1024,4096,4096,0,0,4096,0,0,4096,0,0,0,0,0,0,0,4,4096,7168,0,0
409,256,80,16,256,51,500,proj,512,512,512,wspp,256,1024,4480,0,0,896,0,0,896,0,2688,0,0,2688,3072,0,4,3584,1536,4608,0
409,512,32,2,512,2048,500,proj,512,512,512,wspp,512,4608,2048,2048,0,0,0,8192,0,0,0,0,0,0,0,0,64,0,4096,0,0
409,512,32,4,1024,1024,500,proj,512,512,512,isap,512,4608,2048,2048,0,0,0,8192,0,0,0,0,0,0,0,0,32,0,6144,0,0
409,512,32,8,1024,64,500,proj,512,512,512,ispp,512,4608,2048,2048,0,0,0,8192,0,0,0,0,0,0,0,0,16,0,7168,0,0
409,384,24,8,682,170,500,proj,512,512,512,wsap,682,4092,4224,0,7502,0,0,7502,0,3762,0,0,3762,0,45144,0,24,0,0,0,0
409,512,40,16,64,409,500,proj,512,512,512,wsap,64,576,2080,2080,0,0,0,832,0,0,0,0,5824,0,4032,0,8,0,768,5376,0
409,512,40,8,128,204,500,proj,512,512,512,wspp,128,1152,2080,2080,0,0,0,1664,0,0,0,0,4992,0,6912,0,16,0,1408,4224,0
409,256,64,16,2048,8,500,proj,512,512,512,wspp,1024,4096,4096,0,0,4096,0,0,4096,0,0,0,0,0,0,0,4,4096,7168,0,0
409,128,72,32,2048,14,500,proj,512,512,512,isap,2048,2048,9216,0,12288,0,0,4096,0,0,0,0,0,0,0,0,0,0,0,0,0
409,256,80,16,256,51,500,proj,512,512,512,wspp,256,1024,4480,0,0,896,0,0,896,0,2688,0,0,2688,3072,0,4,3584,1536,4608,0
409,128,72,8,512,113,500,proj,512,512,512,ispp,2048,2048,36864,0,0,452,904,3644,11384,0,0,0,0,0,0,14576,0,5000,14336,0,0
409,512,32,4,1024,1024,500,proj,512,512,512,isap,512,4608,2048,2048,0,0,0,8192,0,0,0,0,0,0,0,0,32,0,6144,0,0
409,512,32,8,1024,64,500,proj,512,512,512,ispp,512,4608,2048,2048,0,0,0,8192,0,0,0,0,0,0,0,0,16,0,7168,0,0
409,512,40,16,64,409,500,proj,512,512,512,wsap,64,576,2080,2080,0,0,0,832,0,0,0,0,5824,0,4032,0,8,0,768,5376,0
409,256,64,16,2048,8,500,proj,512,512,512,wspp,1024,4096,4096,0,0,4096,0,0,4096,0,0,0,0,0,0,0,4,4096,7168,0,0
409,256,80,16,256,51,500,proj,512,512,512,wspp,256,1024,4480,0,0,896,0,0,896,0,2688,0,0,2688,3072,0,4,3584,1536,4608,0
409,512,32,4,1024,1024,500,proj,512,512,512,isap,512,4608,2048,2048,0,0,0,8192,0,0,0,0,0,0,0,0,32,0,6144,0,0
409,512,40,4,2048,409,500,proj,512,512,512,wspp,512,4608,2080,2080,0,0,0,6656,0,0,0,0,0,0,0,0,32,0,4608,0,0
409,512,32,8,1024,64,500,proj,512,512,512,ispp,512,4608,2048,2048,0,0,0,8192,0,0,0,0,0,0,0,0,16,0,7168,0,0
409,512,40,4,1024,25,500,proj,512,512,512,ispp,512,4608,2080,2080,0,0,0,6656,0,0,0,0,0,0,0,0,32,0,4608,0,0
409,512,40,16,64,409,500,proj,512,512,512,wsap,64,576,2080,2080,0,0,0,832,0,0,0,0,5824,0,4032,0,8,0,768,5376,0
409,512,40,8,128,819,500,proj,512,512,512,ispp,512,4608,8320,8320,0,0,0,6656,0,0,0,0,0,0,0,0,64,0,5632,0,0
409,256,64,16,2048,8,500,proj,512,512,512,wspp,1024,4096,4096,0,0,4096,0,0,4096,0,0,0,0,0,0,0,4,4096,7168,0,0
409,256,64,16,4096,16,500,proj,512,512,512,isap,1024,4096,4096,0,4096,0,0,4096,0,0,0,0,0,0,0,0,4,0,0,0,0
409,256,80,16,256,51,500,proj,512,512,512,wspp,256,1024,4480,0,0,896,0,0,896,0,2688,0,0,2688,3072,0,4,3584,1536,4608,0
409,128,80,32,512,102,500,proj,512,512,512,ispp,2048,2048,35840,0,0,3584,7168,0,3584,0,0,0,0,0,0,0,0,10752,12288,0,0
409,512,32,4,1024,1024,500,proj,512,512,512,isap,512,4608,2048,2048,0,0,0,8192,0,0,0,0,0,0,0,0,32,0,6144,0,0
409,512,32,8,1024,64,500,proj,512,512,512,ispp,512,4608,2048,2048,0,0,0,8192,0,0,0,0,0,0,0,0,16,0,7168,0,0
409,512,40,16,64,409,500,proj,512,512,512,wsap,64,576,2080,2080,0,0,0,832,0,0,0,0,5824,0,4032,0,8,0,768,5376,0
409,256,64,16,4096,16,500,proj,512,512,512,isap,1024,4096,4096,0,4096,0,0,4096,0,0,0,0,0,0,0,0,4,0,0,0,0
409,256,80,16,256,51,500,proj,512,512,512,wspp,256,1024,4480,0,0,896,0,0,896,0,2688,0,0,2688,3072,0,4,3584,1536,4608,0
409,512,32,4,1024,1024,500,proj,512,512,512,isap,512,4608,2048,2048,0,0,0,8192,0,0,0,0,0,0,0,0,32,0,6144,0,0
409,512,32,8,512,512,500,proj,512,512,512,wsap,512,4608,2048,2048,0,0,0,8192,0,0,0,0,0,0,0,0,16,0,7168,0,0
409,512,32,8,1024,64,500,proj,512,512,512,ispp,512,4608,2048,2048,0,0,0,8192,0,0,0,0,0,0,0,0,16,0,7168,0,0
409,384,40,8,1365,25,500,proj,512,512,512,wsap,1024,6144,4160,0,6656,0,0,6656,0,0,0,0,0,0,0,0,16,0,0,0,0
409,512,40,16,64,409,500,proj,512,512,512,wsap,64,576,2080,2080,0,0,0,832,0,0,0,0,5824,0,4032,0,8,0,768,5376,0
409,512,32,8,32,1024,500,proj,512,512,512,wsap,32,288,2048,2048,0,0,0,512,0,0,0,0,7680,0,8640,0,16,0,448,6720,0
409,256,64,16,4096,16,500,proj,512,512,512,isap,1024,4096,4096,0,4096,0,0,4096,0,0,0,0,0,0,0,0,4,0,0,0,0
409,128,64,16,4096,8,500,proj,512,512,512,wspp,2048,2048,8192,0,0,8,4104,4088,8184,0,0,0,0,0,0,8176,0,8200,14336,0,0
409,256,80,16,256,51,500,proj,512,512,512,wspp,256,1024,4480,0,0,896,0,0,896,0,2688,0,0,2688,3072,0,4,3584,1536,4608,0
409,256,80,8,256,51,500,proj,512,512,512,wsap,256,1024,4480,0,896,0,0,896,0,2688,0,0,2688,0,21504,0,8,0,0,0,0
409,512,32,8,512,512,500,proj,512,512,512,wsap,512,4608,2048,2048,0,0,0,8192,0,0,0,0,0,0,0,0,16,0,7168,0,0
409,512,32,8,1024,64,500,proj,512,512,512,ispp,512,4608,2048,2048,0,0,0,8192,0,0,0,0,0,0,0,0,16,0,7168,0,0
409,512,40,16,64,409,500,proj,512,512,512,wsap,64,576,2080,2080,0,0,0,832,0,0,0,0,5824,0,4032,0,8,0,768,5376,0
409,256,64,16,4096,16,500,proj,512,512,512,isap,1024,4096,4096,0,4096,0,0,4096,0,0,0,0,0,0,0,0,4,0,0,0,0
409,256,80,16,256,51,500,proj,512,512,512,wspp,256,1024,4480,0,0,896,0,0,896,0,2688,0,0,2688,3072,0,4,3584,1536,4608,0
409,512,32,8,512,512,500,proj,512,512,512,wsap,512,4608,2048,2048,0,0,0,8192,0,0,0,0,0,0,0,0,16,0,7168,0,0
409,640,32,4,819,512,500,proj,512,512,512,wsap,512,5632,2048,4096,0,0,0,8192,0,0,0,0,0,0,0,0,48,0,6144,0,0
409,512,32,8,1024,64,500,proj,512,512,512,ispp,512,4608,2048,2048,0,0,0,8192,0,0,0,0,0,0,0,0,16,0,7168,0,0
409,640,32,4,409,64,500,proj,512,512,512,ispp,512,5632,4096,8192,0,0,0,8192,0,0,0,0,0,0,0,0,96,0,6144,0,0
409,512,40,16,64,409,500,proj,512,512,512,wsap,64,576,2080,2080,0,0,0,832,0,0,0,0,5824,0,4032,0,8,0,768,5376,0
409,512,32,16,128,512,500,proj,512,512,512,ispp,512,4608,8192,8192,0,0,0,8192,0,0,0,0,0,0,0,0,32,0,7680,0,0
409,256,64,16,4096,16,500,proj,512,512,512,isap,1024,4096,4096,0,4096,0,0,4096,0,0,0,0,0,0,0,0,4,0,0,0,0
409,128,56,8,16384,9,500,proj,512,512,512,wspp,2048,2048,8960,0,0,9,18,5111,15342,0,0,0,0,0,0,22484,0,4118,16384,0,0
409,256,80,16,256,51,500,proj,512,512,512,wspp,256,1024,4480,0,0,896,0,0,896,0,2688,0,0,2688,3072,0,4,3584,1536,4608,0
409,128,80,8,256,102,500,proj,512,512,512,wspp,256,256,8960,0,0,102,256,346,1088,0,0,0,3136,9408,3136,16740,0,2382,1344,9408,0
409,512,32,8,512,512,500,proj,512,512,512,wsap,512,4608,2048,2048,0,0,0,8192,0,0,0,0,0,0,0,0,16,0,7168,0,0
409,512,32,8,1024,64,500,proj,512,512,512,ispp,512,4608,2048,2048,0,0,0,8192,0,0,0,0,0,0,0,0,16,0,7168,0,0
409,512,40,16,64,409,500,proj,512,512,512,wsap,64,576,2080,2080,0,0,0,832,0,0,0,0,5824,0,4032,0,8,0,768,5376,0
409,256,64,16,4096,16,500,proj,512,512,512,isap,1024,4096,4096,0,4096,0,0,4096,0,0,0,0,0,0,0,0,4,0,0,0,0
409,256,80,16,256,51,500,proj,512,512,512,wspp,256,1024,4480,0,0,896,0,0,896,0,2688,0,0,2688,3072,0,4,3584,1536,4608,0
409,512,32,8,512,512,500,proj,512,512,512,wsap,512,4608,2048,2048,0,0,0,8192,0,0,0,0,0,0,0,0,16,0,7168,0,0
409,384,32,8,1365,256,500,proj,512,512,512,wsap,1024,6144,4096,0,8192,0,0,8192,0,0,0,0,0,0,0,0,16,0,0,0,0
409,512,32,8,1024,64,500,proj,512,512,512,ispp,512,4608,2048,2048,0,0,0,8192,0,0,0,0,0,0,0,0,16,0,7168,0,0
409,512,24,8,1024,170,500,proj,512,512,512,ispp,512,4608,2112,2112,0,0,0,11264,0,0,0,0,0,0,0,0,24,0,9728,0,0
409,512,40,16,64,409,500,proj,512,512,512,wsap,64,576,2080,2080,0,0,0,832,0,0,0,0,5824,0,4032,0,8,0,768,5376,0
409,512,32,32,32,1024,500,proj,512,512,512,wspp,32,288,2048,2048,0,0,0,512,0,0,0,0,7680,0,4320,0,8,0,480,7200,0
409,256,64,16,4096,16,500,proj,512,512,512,isap,1024,4096,4096,0,4096,0,0,4096,0,0,0,0,0,0,0,0,4,0,0,0,0
409,128,72,32,4096,28,500,proj,512,512,512,wsap,2048,2048,9216,0,12288,0,0,4096,0,0,0,0,0,0,0,0,0,0,0,0,0
409,256,80,16,256,51,500,proj,512,512,512,wspp,256,1024,4480,0,0,896,0,0,896,0,2688,0,0,2688,3072,0,4,3584,1536,4608,0
409,256,72,16,256,56,500,proj,512,512,512,wspp,256,1024,4608,0,0,1024,0,0,1024,0,3072,0,0,3072,3072,0,4,4096,1792,5376,0
409,512,32,8,512,512,500,proj,512,512,512,wsap,512,4608,2048,2048,0,0,0,8192,0,0,0,0,0,0,0,0,16,0,7168,0,0
409,512,32,8,1024,64,500,proj,512,512,512,ispp,512,4608,2048,2048,0,0,0,8192,0,0,0,0,0,0,0,0,16,0,7168,0,0
409,512,40,16,64,409,500,proj,512,512,512,wsap,64,576,2080,2080,0,0,0,832,0,0,0,0,5824,0,4032,0,8,0,768,5376,0
409,256,64,16,4096,16,500,proj,512,512,512,isap,1024,4096,4096,0,4096,0,0,4096,0,0,0,0,0,0,0,0,4,0,0,0,0
409,256,80,16,256,51,500,proj,512,512,512,wspp,256,1024,4480,0,0,896,0,0,896,0,2688,0,0,2688,3072,0,4,3584,1536,4608,0
409,512,32,8,512,512,500,proj,512,512,512,wsap,512,4608,2048,2048,0,0,0,8192,0,0,0,0,0,0,0,0,16,0,7168,0,0
409,512,40,8,512,409,500,proj,512,512,512,wsap,512,4608,2080,2080,0,0,0,6656,0,0,0,0,0,0,0,0,16,0,5632,0,0
409,512,32,8,1024,64,500,proj,512,512,512,ispp,512,4608,2048,2048,0,0,0,8192,0,0,0,0,0,0,0,0,16,0,7168,0,0
409,384,24,4,1365,85,500,proj,512,512,512,ispp,1024,6144,4224,0,0,87,0,11177,11264,0,0,0,0,0,0,5486,44,5778,16384,0,0
409,512,40,16,64,409,500,proj,512,512,512,wsap,64,576,2080,2080,0,0,0,832,0,0,0,0,5824,0,4032,0,8,0,768,5376,0
409,384,48,16,170,170,500,proj,512,512,512,wspp,170,1020,4224,0,0,307,0,628,935,0,0,0,4697,4697,7686,2415,8,3217,1615,8113,0
409,256,64,16,4096,16,500,proj,512,512,512,isap,1024,4096,4096,0,4096,0,0,4096,0,0,0,0,0,0,0,0,4,0,0,0,0
409,256,64,16,2048,32,500,proj,512,512,512,wsap,1024,4096,4096,0,4096,0,0,4096,0,0,0,0,0,0,0,0,4,0,0,0,0
409,256,80,16,256,51,500,proj,512,512,512,wspp,256,1024,4480,0,0,896,0,0,896,0,2688,0,0,2688,3072,0,4,3584,1536,4608,0
409,128,72,32,256,56,500,proj,512,512,512,ispp,2048,2048,73728,0,0,4096,8192,0,4096,0,0,0,0,0,0,0,0,12288,14336,0,0
409,512,32,8,512,512,500,proj,512,512,512,wsap,512,4608,2048,2048,0,0,0,8192,0,0,0,0,0,0,0,0,16,0,7168,0,0
409,512,32,8,1024,64,500,proj,512,512,512,ispp,512,4608,2048,2048,0,0,0,8192,0,0,0,0,0,0,0,0,16,0,7168,0,0
409,512,40,16,64,409,500,proj,512,512,512,wsap,64,576,2080,2080,0,0,0,832,0,0,0,0,5824,0,4032,0,8,0,768,5376,0
409,256,64,16,2048,32,500,proj,512,512,512,wsap,1024,4096,4096,0,4096,0,0,4096,0,0,0,0,0,0,0,0,4,0,0,0,0
409,256,80,16,256,51,500,proj,512,512,512,wspp,256,1024,4480,0,0,896,0,0,896,0,2688,0,0,2688,3072,0,4,3584,1536,4608,0
409,512,32,8,512,512,500,proj,512,512,512,wsap,512,4608,2048,2048,0,0,0,8192,0,0,0,0,0,0,0,0,16,0,7168,0,0
409,512,32,4,1024,1024,500,proj,512,512,512,wspp,512,4608,2048,2048,0,0,0,8192,0,0,0,0,0,0,0,0,32,0,6144,0,0
409,512,32,8,1024,64,500,proj,512,512,512,ispp,512,4608,2048,2048,0,0,0,8192,0,0,0,0,0,0,0,0,16,0,7168,0,0
409,512,32,4,2048,128,500,proj,512,512,512,wspp,512,4608,2048,2048,0,0,0,8192,0,0,0,0,0,0,0,0,32,0,6144,0,0
409,512,40,16,64,409,500,proj,512,512,512,wsap,64,576,2080,2080,0,0,0,832,0,0,0,0,5824,0,4032,0,8,0,768,5376,0
409,384,40,32,85,204,500,proj,512,512,512,wspp,84,504,4160,0,0,546,0,0,546,0,6110,0,0,6110,5640,0,4,6656,1008,11280,0
409,256,64,16,2048,32,500,proj,512,512,512,wsap,1024,4096,4096,0,4096,0,0,4096,0,0,0,0,0,0,0,0,4,0,0,0,0
409,256,64,8,1024,16,500,proj,512,512,512,wsap,1024,4096,4096,0,4096,0,0,4096,0,0,0,0,0,0,0,0,8,0,0,0,0
409,256,80,16,256,51,500,proj,512,512,512,wspp,256,1024,4480,0,0,896,0,0,896,0,2688,0,0,2688,3072,0,4,3584,1536,4608,0
409,256,72,8,256,56,500,proj,512,512,512,wsap,256,1024,4608,0,1024,0,0,1024,0,3072,0,0,3072,0,24576,0,8,0,0,0,0
409,512,32,4,1024,1024,500,proj,512,512,512,wspp,512,4608,2048,2048,0,0,0,8192,0,0,0,0,0,0,0,0,32,0,6144,0,0
409,512,32,4,2048,128,500,proj,512,512,512,wspp,512,4608,2048,2048,0,0,0,8192,0,0,0,0,0,0,0,0,32,0,6144,0,0
409,512,40,16,64,409,500,proj,512,512,512,wsap,64,576,2080,2080,0,0,0,832,0,0,0,0,5824,0,4032,0,8,0,768,5376,0
409,256,64,8,1024,16,500,proj,512,512,512,wsap,1024,4096,4096,0,4096,0,0,4096,0,0,0,0,0,0,0,0,8,0,0,0,0
409,256,80,16,256,51,500,proj,512,512,512,wspp,256,1024,4480,0,0,896,0,0,896,0,2688,0,0,2688,3072,0,4,3584,1536,4608,0
409,512,32,4,1024,1024,500,proj,512,512,512,wspp,512,4608,2048,2048,0,0,0,8192,0,0,0,0,0,0,0,0,32,0,6144,0,0
409,384,32,2,1365,1024,500,proj,512,512,512,isap,1024,6144,4096,0,8192,0,0,8192,0,0,0,0,0,0,0,0,64,0,0,0,0
409,512,32,4,2048,128,500,proj,512,512,512,wspp,512,4608,2048,2048,0,0,0,8192,0,0,0,0,0,0,0,0,32,0,6144,0,0
409,384,32,8,2730,128,500,proj,512,512,512,isap,1024,6144,4096,0,8192,0,0,8192,0,0,0,0,0,0,0,0,16,0,0,0,0
409,512,40,16,64,409,500,proj,512,512,512,wsap,64,576,2080,2080,0,0,0,832,0,0,0,0,5824,0,4032,0,8,0,768,5376,0
409,512,32,8,32,256,500,proj,512,512,512,wsap,32,288,2048,2048,0,0,0,512,0,0,0,0,7680,0,8640,0,16,0,448,6720,0
409,256,64,8,1024,16,500,proj,512,512,512,wsap,1024,4096,4096,0,4096,0,0,4096,0,0,0,0,0,0,0,0,8,0,0,0,0
409,128,64,4,1024,32,500,proj,512,512,512,ispp,2048,2048,16384,0,0,64,128,4032,12160,0,0,0,0,0,0,20096,0,2240,12288,0,0
409,256,80,16,256,51,500,proj,512,512,512,wspp,256,1024,4480,0,0,896,0,0,896,0,2688,0,0,2688,3072,0,4,3584,1536,4608,0
409,128,72,8,256,113,500,proj,512,512,512,ispp,2048,2048,73728,0,0,904,1808,3192,10480,0,0,0,0,0,0,12768,0,5904,14336,0,0
409,512,32,4,1024,1024,500,proj,512,512,512,wspp,512,4608,2048,2048,0,0,0,8192,0,0,0,0,0,0,0,0,32,0,6144,0,0
409,512,32,4,2048,128,500,proj,512,512,512,wspp,512,4608,2048,2048,0,0,0,8192,0,0,0,0,0,0,0,0,32,0,6144,0,0
409,512,40,16,64,409,500,proj,512,512,512,wsap,64,576,2080,2080,0,0,0,832,0,0,0,0,5824,0,4032,0,8,0,768,5376,0
409,256,64,8,1024,16,500,proj,512,512,512,wsap,1024,4096,4096,0,4096,0,0,4096,0,0,0,0,0,0,0,0,8,0,0,0,0
409,256,80,16,256,51,500,proj,512,512,512,wspp,256,1024,4480,0,0,896,0,0,896,0,2688,0,0,2688,3072,0,4,3584,1536,4608,0
409,512,32,4,1024,1024,500,proj,512,512,512,wspp,512,4608,2048,2048,0,0,0,8192,0,0,0,0,0,0,0,0,32,0,6144,0,0
409,512,24,4,1024,2730,500,proj,512,512,512,wspp,512,4608,2112,2112,0,0,0,11264,0,0,0,0,0,0,0,0,48,0,8192,0,0
409,512,32,4,2048,128,500,proj,512,512,512,wspp,512,4608,2048,2048,0,0,0,8192,0,0,0,0,0,0,0,0,32,0,6144,0,0
409,512,40,4,1024,102,500,proj,512,512,512,ispp,512,4608,2080,2080,0,0,0,6656,0,0,0,0,0,0,0,0,32,0,4608,0,0
409,512,40,16,64,409,500,proj,512,512,512,wsap,64,576,2080,2080,0,0,0,832,0,0,0,0,5824,0,4032,0,8,0,768,5376,0
409,384,32,8,170,512,500,proj,512,512,512,wspp,170,1020,4096,0,0,512,0,848,1360,0,0,0,6832,6832,10248,3584,16,4608,2380,11956,0
409,256,64,8,1024,16,500,proj,512,512,512,wsap,1024,4096,4096,0,4096,0,0,4096,0,0,0,0,0,0,0,0,8,0,0,0,0
409,256,64,8,1024,16,500,proj,512,512,512,ispp,1024,4096,4096,0,0,16,0,4080,4096,0,0,0,0,0,0,0,8,4096,7168,0,0
409,256,80,16,256,51,500,proj,512,512,512,wspp,256,1024,4480,0,0,896,0,0,896,0,2688,0,0,2688,3072,0,4,3584,1536,4608,0
409,128,88,8,256,46,500,proj,512,512,512,wspp,256,256,8448,0,0,46,206,338,946,0,0,896,2688,7168,2688,10084,0,4174,1152,8064,0
409,512,32,4,1024,1024,500,proj,512,512,512,wspp,512,4608,2048,2048,0,0,0,8192,0,0,0,0,0,0,0,0,32,0,6144,0,0
409,512,32,4,2048,128,500,proj,512,512,512,wspp,512,4608,2048,2048,0,0,0,8192,0,0,0,0,0,0,0,0,32,0,6144,0,0
409,512,40,16,64,409,500,proj,512,512,512,wsap,64,576,2080,2080,0,0,0,832,0,0,0,0,5824,0,4032,0,8,0,768,5376,0
409,256,64,8,1024,16,500,proj,512,512,512,ispp,1024,4096,4096,0,0,16,0,4080,4096,0,0,0,0,0,0,0,8,4096,7168,0,0
409,256,80,16,256,51,500,proj,512,512,512,wspp,256,1024,4480,0,0,896,0,0,896,0,2688,0,0,2688,3072,0,4,3584,1536,4608,0
409,512,32,4,1024,1024,500,proj,512,512,512,wspp,512,4608,2048,2048,0,0,0,8192,0,0,0,0,0,0,0,0,32,0,6144,0,0
409,640,24,4,819,2730,500,proj,512,512,512,wsap,512,5632,2112,4224,0,0,0,11264,0,0,0,0,0,0,0,0,72,0,8192,0,0
409,512,32,4,2048,128,500,proj,512,512,512,wspp,512,4608,2048,2048,0,0,0,8192,0,0,0,0,0,0,0,0,32,0,6144,0,0
409,640,24,4,1638,170,500,proj,512,512,512,ispp,512,5632,2112,4224,0,0,0,11264,0,0,0,0,0,0,0,0,72,0,8192,0,0
409,512,40,16,64,409,500,proj,512,512,512,wsap,64,576,2080,2080,0,0,0,832,0,0,0,0,5824,0,4032,0,8,0,768,5376,0
409,384,40,16,42,819,500,proj,512,512,512,wspp,42,252,4160,0,0,273,0,0,273,0,789,0,5594,6383,8838,1290,8,5366,483,11293,0
409,256,64,8,1024,16,500,proj,512,512,512,ispp,1024,4096,4096,0,0,16,0,4080,4096,0,0,0,0,0,0,0,8,4096,7168,0,0
409,256,64,16,1024,16,500,proj,512,512,512,ispp,1024,4096,4096,0,0,4096,0,0,4096,0,0,0,0,0,0,0,4,4096,7168,0,0
409,256,80,16,256,51,500,proj,512,512,512,wspp,256,1024,4480,0,0,896,0,0,896,0,2688,0,0,2688,3072,0,4,3584,1536,4608,0
409,128,72,8,256,113,500,proj,512,512,512,wsap,256,256,9216,0,1536,0,0,512,0,10752,0,0,3584,0,14336,0,0,0,0,0,0
409,512,32,4,1024,1024,500,proj,512,512,512,wspp,512,4608,2048,2048,0,0,0,8192,0,0,0,0,0,0,0,0,32,0,6144,0,0
409,512,32,4,2048,128,500,proj,512,512,512,wspp,512,4608,2048,2048,0,0,0,8192,0,0,0,0,0,0,0,0,32,0,6144,0,0
409,512,40,16,64,409,500,proj,512,512,512,wsap,64,576,2080,2080,0,0,0,832,0,0,0,0,5824,0,4032,0,8,0,768,5376,0
409,256,64,16,1024,16,500,proj,512,512,512,ispp,1024,4096,4096,0,0,4096,0,0,4096,0,0,0,0,0,0,0,4,4096,7168,0,0
409,256,80,16,256,51,500,proj,512,512,512,wspp,256,1024,4480,0,0,896,0,0,896,0,2688,0,0,2688,3072,0,4,3584,1536,4608,0
409,512,32,4,1024,1024,500,proj,512,512,512,wspp,512,4608,2048,2048,0,0,0,8192,0,0,0,0,0,0,0,0,32,0,6144,0,0
409,512,24,2,2048,2730,500,proj,512,512,512,wsap,512,4608,2112,2112,0,0,0,11264,0,0,0,0,0,0,0,0,88,0,5632,0,0
409,512,32,4,2048,128,500,proj,512,512,512,wspp,512,4608,2048,2048,0,0,0,8192,0,0,0,0,0,0,0,0,32,0,6144,0,0
409,384,24,4,5461,170,500,proj,512,512,512,wsap,1024,6144,4224,0,11264,0,0,11264,0,0,0,0,0,0,0,0,44,0,0,0,0
409,512,40,16,64,409,500,proj,512,512,512,wsap,64,576,2080,2080,0,0,0,832,0,0,0,0,5824,0,4032,0,8,0,768,5376,0
409,640,32,8,25,512,500,proj,512,512,512,wsap,25,275,2048,4096,0,0,0,400,0,0,0,0,7792,0,10714,0,24,0,350,6818,0
409,256,64,16,1024,16,500,proj,512,512,512,ispp,1024,4096,4096,0,0,4096,0,0,4096,0,0,0,0,0,0,0,4,4096,7168,0,0
409,128,56,16,4096,9,500,proj,512,512,512,ispp,2048,2048,8960,0,0,9,19,5111,15341,0,0,0,0,0,0,22482,0,4119,17408,0,0
409,256,80,16,256,51,500,proj,512,512,512,wspp,256,1024,4480,0,0,896,0,0,896,0,2688,0,0,2688,3072,0,4,3584,1536,4608,0
409,128,88,32,512,93,500,proj,512,512,512,wsap,512,512,8448,0,2304,0,0,768,0,6912,0,0,2304,0,9216,0,0,0,0,0,0
409,512,32,4,1024,1024,500,proj,512,512,512,wspp,512,4608,2048,2048,0,0,0,8192,0,0,0,0,0,0,0,0,32,0,6144,0,0
409,512,32,4,2048,128,500,proj,512,512,512,wspp,512,4608,2048,2048,0,0,0,8192,0,0,0,0,0,0,0,0,32,0,6144,0,0
409,512,40,16,64,409,500,proj,512,512,512,wsap,64,576,2080,2080,0,0,0,832,0,0,0,0,5824,0,4032,0,8,0,768,5376,0
409,256,64,16,1024,16,500,proj,512,512,512,ispp,1024,4096,4096,0,0,4096,0,0,4096,0,0,0,0,0,0,0,4,4096,7168,0,0
409,256,80,16,256,51,500,proj,512,512,512,wspp,256,1024,4480,0,0,896,0,0,896,0,2688,0,0,2688,3072,0,4,3584,1536,4608,0
409,512,32,4,1024,1024,500,proj,512,512,512,wspp,512,4608,2048,2048,0,0,0,8192,0,0,0,0,0,0,0,0,32,0,6144,0,0
409,512,32,8,1024,512,500,proj,512,512,512,wspp,512,4608,2048,2048,0,0,0,8192,0,0,0,0,0,0,0,0,16,0,7168,0,0
409,512,32,4,2048,128,500,proj,512,512,512,wspp,512,4608,2048,2048,0,0,0,8192,0,0,0,0,0,0,0,0,32,0,6144,0,0
409,640,32,4,1638,128,500,proj,512,512,512,ispp,512,5632,2048,4096,0,0,0,8192,0,0,0,0,0,0,0,0,48,0,6144,0,0
409,512,40,16,64,409,500,proj,512,512,512,wsap,64,576,2080,2080,0,0,0,832,0,0,0,0,5824,0,4032,0,8,0,768,5376,0
409,384,40,8,42,819,500,proj,512,512,512,wspp,42,252,4160,0,0,273,0,0,273,0,637,0,5746,6383,14730,1618,16,5038,441,10311,0
409,256,64,16,1024,16,500,proj,512,512,512,ispp,1024,4096,4096,0,0,4096,0,0,4096,0,0,0,0,0,0,0,4,4096,7168,0,0
409,128,56,16,4096,9,500,proj,512,512,512,ispp,2048,2048,8960,0,0,9,19,5111,15341,0,0,0,0,0,0,22482,0,4119,17408,0,0
409,256,80,16,256,51,500,proj,512,512,512,wspp,256,1024,4480,0,0,896,0,0,896,0,2688,0,0,2688,3072,0,4,3584,1536,4608,0
409,128,88,32,1024,93,500,proj,512,512,512,wspp,1024,1024,8448,0,0,1536,3072,0,1536,0,1536,3072,0,1536,1024,0,0,9216,5120,5120,0
409,512,32,8,1024,512,500,proj,512,512,512,wspp,512,4608,2048,2048,0,0,0,8192,0,0,0,0,0,0,0,0,16,0,7168,0,0
409,512,32,4,2048,128,500,proj,512,512,512,wspp,512,4608,2048,2048,0,0,0,8192,0,0,0,0,0,0,0,0,32,0,6144,0,0
409,512,40,16,64,409,500,proj,512,512,512,wsap,64,576,2080,2080,0,0,0,832,0,0,0,0,5824,0,4032,0,8,0,768,5376,0
409,256,64,16,1024,16,500,proj,512,512,512,ispp,1024,4096,4096,0,0,4096,0,0,4096,0,0,0,0,0,0,0,4,4096,7168,0,0
409,256,80,16,256,51,500,proj,512,512,512,wspp,256,1024,4480,0,0,896,0,0,896,0,2688,0,0,2688,3072,0,4,3584,1536,4608,0
409,512,32,8,1024,512,500,proj,512,512,512,wspp,512,4608,2048,2048,0,0,0,8192,0,0,0,0,0,0,0,0,16,0,7168,0,0
409,512,24,4,512,682,500,proj,512,512,512,wsap,512,4608,2112,2112,0,0,0,11264,0,0,0,0,0,0,0,0,48,0,8192,0,0
409,512,32,4,2048,128,500,proj,512,512,512,wspp,512,4608,2048,2048,0,0,0,8192,0,0,0,0,0,0,0,0,32,0,6144,0,0
409,640,32,2,819,128,500,proj,512,512,512,wspp,512,5632,2048,4096,0,0,0,8192,0,0,0,0,0,0,0,0,96,0,4096,0,0
409,512,40,16,64,409,500,proj,512,512,512,wsap,64,576,2080,2080,0,0,0,832,0,0,0,0,5824,0,4032,0,8,0,768,5376,0
409,384,40,16,85,409,500,proj,512,512,512,ispp,1024,6144,54080,0,0,6452,0,204,6656,0,0,0,0,0,0,36,104,6620,11776,0,0
409,256,64,16,1024,16,500,proj,512,512,512,ispp,1024,4096,4096,0,0,4096,0,0,4096,0,0,0,0,0,0,0,4,4096,7168,0,0
409,384,56,8,341,36,500,proj,512,512,512,wspp,340,2040,4480,0,0,44,0,1656,1700,0,0,0,3420,3420,8208,6036,12,2102,2720,5472,0
409,256,80,16,256,51,500,proj,512,512,512,wspp,256,1024,4480,0,0,896,0,0,896,0,2688,0,0,2688,3072,0,4,3584,1536,4608,0
409,128,80,32,256,102,500,proj,512,512,512,isap,2048,2048,71680,0,10752,0,0,3584,0,0,0,0,0,0,0,0,0,0,0,0,0
409,512,32,8,1024,512,500,proj,512,512,512,wspp,512,4608,2048,2048,0,0,0,8192,0,0,0,0,0,0,0,0,16,0,7168,0,0
409,512,32,4,2048,128,500,proj,512,512,512,wspp,512,4608,2048,2048,0,0,0,8192,0,0,0,0,0,0,0,0,32,0,6144,0,0
409,512,40,16,64,409,500,proj,512,512,512,wsap,64,576,2080,2080,0,0,0,832,0,0,0,0,5824,0,4032,0,8,0,768,5376,0
409,256,64,16,1024,16,500,proj,512,512,512,ispp,1024,4096,4096,0,0,4096,0,0,4096,0,0,0,0,0,0,0,4,4096,7168,0,0
409,256,80,16,256,51,500,proj,512,512,512,wspp,256,1024,4480,0,0,896,0,0,896,0,2688,0,0,2688,3072,0,4,3584,1536,4608,0
409,512,32,8,1024,512,500,proj,512,512,512,wspp,512,4608,2048,2048,0,0,0,8192,0,0,0,0,0,0,0,0,16,0,7168,0,0
409,512,40,4,1024,409,500,proj,512,512,512,ispp,512,4608,2080,2080,0,0,0,6656,0,0,0,0,0,0,0,0,32,0,4608,0,0
409,512,32,4,2048,128,500,proj,512,512,512,wspp,512,4608,2048,2048,0,0,0,8192,0,0,0,0,0,0,0,0,32,0,6144,0,0
409,640,24,2,1638,85,500,proj,512,512,512,isap,512,5632,2112,4224,0,0,0,11264,0,0,0,0,0,0,0,0,132,0,5632,0,0
409,512,40,16,64,409,500,proj,512,512,512,wsap,64,576,2080,2080,0,0,0,832,0,0,0,0,5824,0,4032,0,8,0,768,5376,0
409,512,32,8,32,256,500,proj,512,512,512,isap,512,4608,32768,32768,0,0,0,8192,0,0,0,0,0,0,0,0,256,0,7168,0,0
409,256,64,16,1024,16,500,proj,512,512,512,ispp,1024,4096,4096,0,0,4096,0,0,4096,0,0,0,0,0,0,0,4,4096,7168,0,0
409,128,56,16,1024,18,500,proj,512,512,512,ispp,2048,2048,17920,0,0,36,84,5084,15276,0,0,0,0,0,0,22336,0,4192,17408,0,0
409,256,80,16,256,51,500,proj,512,512,512,wspp,256,1024,4480,0,0,896,0,0,896,0,2688,0,0,2688,3072,0,4,3584,1536,4608,0
409,128,88,16,1024,46,500,proj,512,512,512,isap,2048,2048,16896,0,9216,0,0,3072,0,0,0,0,0,0,0,0,0,0,0,0,0
409,512,32,8,1024,512,500,proj,512,512,512,wspp,512,4608,2048,2048,0,0,0,8192,0,0,0,0,0,0,0,0,16,0,7168,0,0
409,512,32,4,2048,128,500,proj,512,512,512,wspp,512,4608,2048,2048,0,0,0,8192,0,0,0,0,0,0,0,0,32,0,6144,0,0
409,512,40,16,64,409,500,proj,512,512,512,wsap,64,576,2080,2080,0,0,0,832,0,0,0,0,5824,0,4032,0,8,0,768,5376,0
409,256,64,16,1024,16,500,proj,512,512,512,ispp,1024,4096,4096,0,0,4096,0,0,4096,0,0,0,0,0,0,0,4,4096,7168,0,0
409,256,80,16,256,51,500,proj,512,512,512,wspp,256,1024,4480,0,0,896,0,0,896,0,2688,0,0,2688,3072,0,4,3584,1536,4608,0
409,512,32,8,1024,512,500,proj,512,512,512,wspp,512,4608,2048,2048,0,0,0,8192,0,0,0,0,0,0,0,0,16,0,7168,0,0
409,640,32,4,819,1024,500,proj,512,512,512,isap,512,5632,2048,4096,0,0,0,8192,0,0,0,0,0,0,0,0,48,0,6144,0,0
409,512,32,4,2048,128,500,proj,512,512,512,wspp,512,4608,2048,2048,0,0,0,8192,0,0,0,0,0,0,0,0,32,0,6144,0,0
409,512,40,2,1024,102,500,proj,512,512,512,isap,512,4608,2080,2080,0,0,0,6656,0,0,0,0,0,0,0,0,56,0,3072,0,0
409,512,40,16,64,409,500,proj,512,512,512,wsap,64,576,2080,2080,0,0,0,832,0,0,0,0,5824,0,4032,0,8,0,768,5376,0
409,512,32,8,64,256,500,proj,512,512,512,wsap,64,576,2048,2048,0,0,0,1024,0,0,0,0,7168,0,8064,0,16,0,896,6272,0
409,256,64,16,1024,16,500,proj,512,512,512,ispp,1024,4096,4096,0,0,4096,0,0,4096,0,0,0,0,0,0,0,4,4096,7168,0,0
409,128,56,32,4096,36,500,proj,512,512,512,wsap,2048,2048,8960,0,15360,0,0,5120,0,0,0,0,0,0,0,0,0,0,0,0,0
409,256,80,16,256,51,500,proj,512,512,512,wspp,256,1024,4480,0,0,896,0,0,896,0,2688,0,0,2688,3072,0,4,3584,1536,4608,0
409,256,80,16,128,25,500,proj,512,512,512,ispp,1024,4096,35840,0,0,3584,0,0,3584,0,0,0,0,0,0,0,32,3584,6144,0,0
409,512,32,8,1024,512,500,proj,512,512,512,wspp,512,4608,2048,2048,0,0,0,8192,0,0,0,0,0,0,0,0,16,0,7168,0,0
409,512,32,4,2048,128,500,proj,512,512,512,wspp,512,4608,2048,2048,0,0,0,8192,0,0,0,0,0,0,0,0,32,0,6144,0,0
409,512,40,16,64,409,500,proj,512,512,512,wsap,64,576,2080,2080,0,0,0,832,0,0,0,0,5824,0,4032,0,8,0,768,5376,0
409,256,64,16,1024,16,500,proj,512,512,512,ispp,1024,4096,4096,0,0,4096,0,0,4096,0,0,0,0,0,0,0,4,4096,7168,0,0
409,256,80,16,256,51,500,proj,512,512,512,wspp,256,1024,4480,0,0,896,0,0,896,0,2688,0,0,2688,3072,0,4,3584,1536,4608,0
409,512,32,8,1024,512,500,proj,512,512,512,wspp,512,4608,2048,2048,0,0,0,8192,0,0,0,0,0,0,0,0,16,0,7168,0,0
409,512,32,8,512,1024,500,proj,512,512,512,ispp,512,4608,2048,2048,0,0,0,8192,0,0,0,0,0,0,0,0,16,0,7168,0,0
409,512,32,4,2048,128,500,proj,512,512,512,wspp,512,4608,2048,2048,0,0,0,8192,0,0,0,0,0,0,0,0,32,0,6144,0,0
409,384,24,4,5461,341,500,proj,512,512,512,wsap,1024,6144,4224,0,11264,0,0,11264,0,0,0,0,0,0,0,0,44,0,0,0,0
409,512,40,16,64,409,500,proj,512,512,512,wsap,64,576,2080,2080,0,0,0,832,0,0,0,0,5824,0,4032,0,8,0,768,5376,0
409,384,32,32,170,256,500,proj,512,512,512,ispp,1024,6144,28672,0,0,8192,0,0,8192,0,0,0,0,0,0,0,28,8192,15360,0,0
409,256,64,16,1024,16,500,proj,512,512,512,ispp,1024,4096,4096,0,0,4096,0,0,4096,0,0,0,0,0,0,0,4,4096,7168,0,0
409,128,64,32,2048,8,500,proj,512,512,512,ispp,2048,2048,8192,0,0,4096,8192,0,4096,0,0,0,0,0,0,0,0,12288,14336,0,0
409,256,80,16,256,51,500,proj,512,512,512,wspp,256,1024,4480,0,0,896,0,0,896,0,2688,0,0,2688,3072,0,4,3584,1536,4608,0
409,128,72,8,1024,56,500,proj,512,512,512,wsap,1024,1024,9216,0,6144,0,0,2048,0,6144,0,0,2048,0,8192,0,0,0,0,0,0
409,512,32,8,512,1024,500,proj,512,512,512,ispp,512,4608,2048,2048,0,0,0,8192,0,0,0,0,0,0,0,0,16,0,7168,0,0
409,512,32,4,2048,128,500,proj,512,512,512,wspp,512,4608,2048,2048,0,0,0,8192,0,0,0,0,0,0,0,0,32,0,6144,0,0
409,512,40,16,64,409,500,proj,512,512,512,wsap,64,576,2080,2080,0,0,0,832,0,0,0,0,5824,0,4032,0,8,0,768,5376,0
409,256,64,16,1024,16,500,proj,512,512,512,ispp,1024,4096,4096,0,0,4096,0,0,4096,0,0,0,0,0,0,0,4,4096,7168,0,0
409,256,80,16,256,51,500,proj,512,512,512,wspp,256,1024,4480,0,0,896,0,0,896,0,2688,0,0,2688,3072,0,4,3584,1536,4608,0
409,512,32,8,512,1024,500,proj,512,512,512,ispp,512,4608,2048,2048,0,0,0,8192,0,0,0,0,0,0,0,0,16,0,7168,0,0
409,384,24,4,341,2730,500,proj,512,512,512,wspp,340,2040,4224,0,0,2754,0,986,3740,0,0,0,7524,7524,24624,3026,44,8238,5440,10944,0
409,512,32,4,2048,128,500,proj,512,512,512,wspp,512,4608,2048,2048,0,0,0,8192,0,0,0,0,0,0,0,0,32,0,6144,0,0
409,384,24,4,2730,341,500,proj,512,512,512,isap,1024,6144,4224,0,11264,0,0,11264,0,0,0,0,0,0,0,0,44,0,0,0,0
409,512,40,16,64,409,500,proj,512,512,512,wsap,64,576,2080,2080,0,0,0,832,0,0,0,0,5824,0,4032,0,8,0,768,5376,0
409,384,48,8,85,341,500,proj,512,512,512,wsap,84,504,4224,0,462,0,0,462,0,5170,0,0,5170,0,62040,0,12,0,0,0,0
409,256,64,16,1024,16,500,proj,512,512,512,ispp,1024,4096,4096,0,0,4096,0,0,4096,0,0,0,0,0,0,0,4,4096,7168,0,0
409,128,56,16,1024,36,500,proj,512,512,512,wspp,1024,1024,8960,0,0,36,84,2524,7596,0,0,0,2560,7680,1536,22340,0,4190,8704,8704,0
409,256,80,16,256,51,500,proj,512,512,512,wspp,256,1024,4480,0,0,896,0,0,896,0,2688,0,0,2688,3072,0,4,3584,1536,4608,0
409,256,88,8,256,23,500,proj,512,512,512,wspp,256,1024,4224,0,0,33,0,735,768,0,0,0,2304,2304,4608,2024,8,2060,1152,3456,0
409,512,32,8,512,1024,500,proj,512,512,512,ispp,512,4608,2048,2048,0,0,0,8192,0,0,0,0,0,0,0,0,16,0,7168,0,0
409,512,32,4,2048,128,500,proj,512,512,512,wspp,512,4608,2048,2048,0,0,0,8192,0,0,0,0,0,0,0,0,32,0,6144,0,0
409,512,40,16,64,409,500,proj,512,512,512,wsap,64,576,2080,2080,0,0,0,832,0,0,0,0,5824,0,4032,0,8,0,768,5376,0
409,256,64,16,1024,16,500,proj,512,512,512,ispp,1024,4096,4096,0,0,4096,0,0,4096,0,0,0,0,0,0,0,4,4096,7168,0,0
409,256,80,16,256,51,500,proj,512,512,512,wspp,256,1024,4480,0,0,896,0,0,896,0,2688,0,0,2688,3072,0,4,3584,1536,4608,0
409,512,32,8,512,1024,500,proj,512,512,512,ispp,512,4608,2048,2048,0,0,0,8192,0,0,0,0,0,0,0,0,16,0,7168,0,0
409,512,40,8,256,409,500,proj,512,512,512,wsap,256,2304,2080,2080,0,0,0,3328,0,0,0,0,3328,0,4608,0,16,0,2816,2816,0
409,512,32,4,2048,128,500,proj,512,512,512,wspp,512,4608,2048,2048,0,0,0,8192,0,0,0,0,0,0,0,0,32,0,6144,0,0
409,512,24,2,1024,341,500,proj,512,512,512,wspp,512,4608,2112,2112,0,0,0,11264,0,0,0,0,0,0,0,0,88,0,5632,0,0
409,512,40,16,64,409,500,proj,512,512,512,wsap,64,576,2080,2080,0,0,0,832,0,0,0,0,5824,0,4032,0,8,0,768,5376,0
409,384,32,16,170,1024,500,proj,512,512,512,wsap,170,1020,4096,0,1360,0,0,1360,0,6832,0,0,6832,0,81984,0,8,0,0,0,0
409,256,64,16,1024,16,500,proj,512,512,512,ispp,1024,4096,4096,0,0,4096,0,0,4096,0,0,0,0,0,0,0,4,4096,7168,0,0
409,256,72,8,512,14,500,proj,512,512,512,ispp,1024,4096,9216,0,0,28,0,4068,4096,0,0,0,0,0,0,0,16,4096,7168,0,0
409,256,80,16,256,51,500,proj,512,512,512,wspp,256,1024,4480,0,0,896,0,0,896,0,2688,0,0,2688,3072,0,4,3584,1536,4608,0
409,128,80,32,512,51,500,proj,512,512,512,wspp,512,512,8960,0,0,896,1792,0,896,0,2688,5376,0,2688,1536,0,0,10752,3072,9216,0
409,512,32,8,512,1024,500,proj,512,512,512,ispp,512,4608,2048,2048,0,0,0,8192,0,0,0,0,0,0,0,0,16,0,7168,0,0
409,512,32,4,2048,128,500,proj,512,512,512,wspp,512,4608,2048,2048,0,0,0,8192,0,0,0,0,0,0,0,0,32,0,6144,0,0
409,512,40,16,64,409,500,proj,512,512,512,wsap,64,576,2080,2080,0,0,0,832,0,0,0,0,5824,0,4032,0,8,0,768,5376,0
409,256,64,16,1024,16,500,proj,512,512,512,ispp,1024,4096,4096,0,0,4096,0,0,4096,0,0,0,0,0,0,0,4,4096,7168,0,0
409,256,80,16,256,51,500,proj,512,512,512,wspp,256,1024,4480,0,0,896,0,0,896,0,2688,0,0,2688,3072,0,4,3584,1536,4608,0
409,512,32,8,512,1024,500,proj,512,512,512,ispp,512,4608,2048,2048,0,0,0,8192,0,0,0,0,0,0,0,0,16,0,7168,0,0
409,512,32,4,2048,128,500,proj,512,512,512,wspp,512,4608,2048,2048,0,0,0,8192,0,0,0,0,0,0,0,0,32,0,6144,0,0
409,512,40,16,64,409,500,proj,512,512,512,wsap,64,576,2080,2080,0,0,0,832,0,0,0,0,5824,0,4032,0,8,0,768,5376,0
409,256,64,16,1024,16,500,proj,512,512,512,ispp,1024,4096,4096,0,0,4096,0,0,4096,0,0,0,0,0,0,0,4,4096,7168,0,0
409,256,80,16,256,51,500,proj,512,512,512,wspp,256,1024,4480,0,0,896,0,0,896,0,2688,0,0,2688,3072,0,4,3584,1536,4608,0
