2.0090898586888466 100 	idx: 4 4 2 2 128 256
2.203588758345269 99.0 	idx: 2 4 1 4 128 128
1.8842594017980594 98.01 	idx: 4 4 3 4 256 512
1.3158273922550074 97.0299 	idx: 2 3 3 2 64 128
1.3158273922550074 96.059601 	idx: 2 3 3 2 64 128
2.2175641035458282 95.09900499 	idx: 4 4 3 8 512 1024
1.8406325339531928 94.1480149401 	idx: 4 4 3 4 256 1024
2.6507460786407417 93.206534790699 	idx: 4 5 2 4 512 1024
2.835817683472478 92.27446944279201 	idx: 4 4 1 2 512 512
3.0875867046356062 91.35172474836409 	idx: 4 4 1 4 1024 1024
3.8287633414665514 90.43820750088045 	idx: 4 5 2 4 2048 512
3.8287633414665514 89.53382542587164 	idx: 4 5 2 4 2048 512
3.2287663677235243 88.63848717161292 	idx: 4 4 1 4 1024 512
3.165587165368625 87.75210229989679 	idx: 4 4 1 8 512 512
2.913893636118689 86.87458127689783 	idx: 3 3 2 2 2048 8
2.905216252464475 86.00583546412885 	idx: 4 4 2 4 1024 256
3.0952284372507353 85.14577710948755 	idx: 3 3 2 4 2048 8
2.8624577857150677 84.29431933839268 	idx: 3 3 1 4 1024 8
2.7775318169882155 83.45137614500875 	idx: 4 4 2 2 1024 256
2.7761511439358797 82.61686238355867 	idx: 4 5 3 4 1024 256
2.922088935147764 81.79069375972308 	idx: 3 5 1 4 256 16
3.4313830402077623 80.97278682212585 	idx: 4 4 2 2 2048 128
3.4313830402077623 80.1630589539046 	idx: 4 4 2 2 2048 128
3.4313830402077623 79.36142836436555 	idx: 4 4 2 2 2048 128
3.4313830402077623 78.56781408072189 	idx: 4 4 2 2 2048 128
3.909862199537322 77.78213593991467 	idx: 4 5 2 4 2048 64
3.745796615088007 77.00431458051553 	idx: 4 6 1 4 1024 128
3.455725886335063 76.23427143471037 	idx: 4 5 1 8 2048 64
3.499867821473649 75.47192872036327 	idx: 4 5 1 16 2048 128
3.9106461334906353 74.71720943315964 	idx: 4 6 1 16 1024 256
3.5977239564762273 73.97003733882804 	idx: 4 6 1 32 512 256
3.577361578551802 73.23033696543976 	idx: 4 6 1 16 512 256
3.449866576601611 72.49803359578536 	idx: 4 5 1 32 512 256
3.449866576601611 71.7730532598275 	idx: 4 5 1 32 512 256
3.2419404586532004 71.05532272722922 	idx: 4 4 1 32 512 512
2.853800648124475 70.34476949995693 	idx: 4 5 2 64 512 256
2.85732324486121 69.64132180495736 	idx: 4 4 1 32 256 512
3.217776782329646 68.94490858690779 	idx: 4 4 1 16 512 512
3.304330105250214 68.25545950103871 	idx: 1 7 2 16 1024 256
3.673861986568754 67.57290490602833 	idx: 1 6 1 8 2048 128
3.898303963845586 66.89717585696805 	idx: 1 5 2 4 2048 128
4.120337535715485 66.22820409839836 	idx: 1 6 2 4 2048 256
4.120337535715485 65.56592205741438 	idx: 1 6 2 4 2048 256
3.336834270192672 64.91026283684023 	idx: 2 6 2 8 1024 128
3.725707567267126 64.26116020847184 	idx: 2 7 1 16 2048 256
3.763661185019151 63.618548606387115 	idx: 2 6 1 32 2048 128
3.895312521032506 62.98236312032324 	idx: 2 7 1 16 1024 128
3.4411970699776884 62.35253948912001 	idx: 2 7 1 8 512 256
3.304330105250214 61.72901409422881 	idx: 2 7 2 16 1024 256
4.314148778272355 61.11172395328652 	idx: 2 8 1 32 1024 128
4.314148778272355 60.500606713753655 	idx: 2 8 1 32 1024 128
4.314148778272355 59.89560064661612 	idx: 2 8 1 32 1024 128
3.8911800181031073 59.29664464014996 	idx: 2 9 1 16 2048 64
4.343129933061769 58.70367819374846 	idx: 2 8 1 32 1024 32
4.343129933061769 58.116641411810974 	idx: 2 8 1 32 1024 32
4.343129933061769 57.535474997692866 	idx: 2 8 1 32 1024 32
4.343129933061769 56.960120247715935 	idx: 2 8 1 32 1024 32
3.9829811432007056 56.390519045238776 	idx: 2 7 1 64 1024 16
3.8077907800926436 55.82661385478639 	idx: 2 6 1 64 2048 8
3.249422056325177 55.26834771623852 	idx: 2 5 2 64 1024 16
2.8200385979818243 54.71566423907614 	idx: 1 3 1 64 1024 1024
3.4027228523683184 54.16850759668538 	idx: 2 6 2 32 1024 16
3.556021498864473 53.62682252071853 	idx: 2 5 1 32 2048 8
3.8057399549210573 53.09055429551134 	idx: 2 6 1 64 2048 16
3.7939659319778998 52.55964875255623 	idx: 2 6 1 32 2048 8
3.8403547049307436 52.03405226503067 	idx: 4 6 1 8 1024 256
3.9877549125172496 51.51371174238036 	idx: 2 6 1 16 1024 4
4.012509145356184 50.998574624956554 	idx: 2 6 1 32 1024 8
3.7545847373428467 50.488588878706985 	idx: 3 4 2 8 2048 64
3.7545847373428467 49.98370298991991 	idx: 3 4 2 8 2048 64
3.3599697320890405 49.483865960020715 	idx: 4 8 1 2 512 128
3.909862199537322 48.98902730042051 	idx: 3 5 2 4 2048 64
3.909862199537322 48.4991370274163 	idx: 3 5 2 4 2048 64
3.291044091095162 48.01414565714214 	idx: 3 6 2 4 1024 32
3.05910780511007 47.53400420057071 	idx: 1 3 2 4 2048 256
3.3564302885637978 47.05866415856501 	idx: 2 6 2 8 1024 8
3.91479859936297 46.58807751697936 	idx: 2 6 1 8 1024 16
3.91479859936297 46.12219674180957 	idx: 2 6 1 8 1024 16
3.6116553399073084 45.66097477439147 	idx: 3 5 2 2 2048 512
4.086450311960708 45.20436502664755 	idx: 2 8 1 16 2048 16
4.088464241173138 44.752321376381076 	idx: 2 8 1 16 2048 8
3.9291113936860493 44.30479816261727 	idx: 2 7 1 16 1024 4
3.9291113936860493 43.861750180991095 	idx: 2 7 1 16 1024 4
3.5090669412378306 43.42313267918119 	idx: 2 7 1 8 512 4
3.296015349201276 42.98890135238938 	idx: 2 6 2 4 1024 2
3.6841961239231997 42.559012338865486 	idx: 2 7 1 4 1024 2
3.128557846510155 42.133422215476834 	idx: 3 5 2 4 1024 32
3.296015349201276 41.712087993322065 	idx: 2 6 2 4 1024 2
3.9185938262650146 41.29496711338884 	idx: 2 6 1 8 1024 4
3.9185938262650146 40.882017442254956 	idx: 2 6 1 8 1024 4
3.5572893665874568 40.473197267832404 	idx: 2 7 1 4 2048 2
3.706354509028172 40.06846529515408 	idx: 2 6 1 8 2048 2
3.5320692029620737 39.66778064220254 	idx: 3 5 1 4 1024 128
3.251701439687963 39.27110283578051 	idx: 2 8 2 8 512 4
3.251701439687963 38.8783918074227 	idx: 2 8 2 8 512 4
3.2087935209101417 38.48960788934848 	idx: 2 8 1 16 256 8
3.4939018130854174 38.104711810454994 	idx: 3 5 1 4 1024 256
3.1442159994140972 37.72366469235045 	idx: 3 6 2 2 1024 128
3.2937488543720437 37.34642804542694 	idx: 3 6 1 2 2048 128
3.0415235125571294 36.97296376497267 	idx: 3 7 2 2 1024 256
3.0030033631511768 36.60323412732294 	idx: 2 7 1 16 256 16
3.0030033631511768 36.23720178604971 	idx: 2 7 1 16 256 16
3.2729772840302855 35.874829768189215 	idx: 3 5 1 2 1024 128
3.113086271368624 35.516081470507324 	idx: 1 3 3 4 2048 32
3.4498530535742504 35.16092065580225 	idx: 2 5 1 8 512 32
3.4498530535742504 34.80931144924423 	idx: 2 5 1 8 512 32
3.31170751174357 34.461218334751784 	idx: 2 4 1 8 512 32
3.31170751174357 34.11660615140427 	idx: 2 4 1 8 512 32
3.31170751174357 33.775440089890225 	idx: 2 4 1 8 512 32
3.31170751174357 33.43768568899132 	idx: 2 4 1 8 512 32
3.4313830402077623 33.10330883210141 	idx: 3 4 2 2 2048 128
3.4313830402077623 32.7722757437804 	idx: 3 4 2 2 2048 128
3.4313830402077623 32.44455298634259 	idx: 3 4 2 2 2048 128
3.4313830402077623 32.12010745647917 	idx: 3 4 2 2 2048 128
3.5654287378827823 31.798906381914374 	idx: 2 5 1 4 1024 16
3.4313830402077623 31.48091731809523 	idx: 3 4 2 2 2048 128
3.4313830402077623 31.16610814491428 	idx: 3 4 2 2 2048 128
3.6183182368601465 30.854447063465138 	idx: 3 4 2 4 2048 256
3.6183182368601465 30.545902592830487 	idx: 3 4 2 4 2048 256
4.009196641242223 30.240443566902183 	idx: 3 5 2 8 2048 128
3.9234910560780216 29.93803913123316 	idx: 1 6 2 2 2048 128
3.9234910560780216 29.638658739920828 	idx: 1 6 2 2 2048 128
3.9234910560780216 29.34227215252162 	idx: 1 6 2 2 2048 128
3.9234910560780216 29.048849430996402 	idx: 1 6 2 2 2048 128
3.3596278908324178 28.758360936686437 	idx: 3 4 1 8 1024 512
3.3596278908324178 28.47077732731957 	idx: 3 4 1 8 1024 512
3.1874921101281632 28.186069554046373 	idx: 2 3 3 8 2048 4
3.7376095567112766 27.90420885850591 	idx: 2 4 3 16 2048 2
3.7376095567112766 27.625166769920853 	idx: 2 4 3 16 2048 2
3.7376095567112766 27.348915102221643 	idx: 2 4 3 16 2048 2
3.7376095567112766 27.075425951199424 	idx: 2 4 3 16 2048 2
3.7376095567112766 26.804671691687428 	idx: 2 4 3 16 2048 2
3.6371422230320856 26.536624974770554 	idx: 3 5 1 8 1024 256
3.440298640801067 26.271258725022847 	idx: 1 5 1 8 2048 128
3.8996767294975614 26.00854613777262 	idx: 1 6 1 8 1024 64
3.661660997116477 25.748460676394892 	idx: 4 4 2 4 2048 4
3.8976519623512043 25.490976069630943 	idx: 1 6 2 2 2048 256
3.898303963845586 25.23606630893463 	idx: 1 5 2 4 2048 128
3.661660997116477 24.983705645845284 	idx: 4 4 2 4 2048 4
3.661660997116477 24.73386858938683 	idx: 4 4 2 4 2048 4
3.661660997116477 24.48652990349296 	idx: 4 4 2 4 2048 4
3.9494526815528586 24.24166460445803 	idx: 1 6 1 16 1024 128
3.9494526815528586 23.99924795841345 	idx: 1 6 1 16 1024 128
3.661660997116477 23.759255478829314 	idx: 4 4 2 4 2048 4
3.661660997116477 23.52166292404102 	idx: 4 4 2 4 2048 4
3.3797380384712166 23.28644629480061 	idx: 0 4 1 32 512 64
3.43312667829889 23.053581831852604 	idx: 3 7 1 4 1024 1024
3.5960914953055756 22.82304601353408 	idx: 3 7 1 8 2048 512
3.5297569447261288 22.59481555339874 	idx: 1 4 1 16 1024 128
3.3351830849523294 22.36886739786475 	idx: 0 4 1 16 512 128
3.3351830849523294 22.145178723886104 	idx: 0 4 1 16 512 128
3.4195666518269534 21.923726936647242 	idx: 0 5 1 8 512 128
3.4195666518269534 21.704489667280768 	idx: 0 5 1 8 512 128
3.4195666518269534 21.48744477060796 	idx: 0 5 1 8 512 128
3.6161090900965864 21.27257032290188 	idx: 2 4 1 128 1024 2
3.6161090900965864 21.059844619672862 	idx: 2 4 1 128 1024 2
3.8403547049307436 20.849246173476132 	idx: 0 6 1 8 1024 256
3.5757903445729364 20.64075371174137 	idx: 2 5 1 128 2048 4
3.8077907800926436 20.434346174623958 	idx: 2 6 1 64 2048 8
3.8077907800926436 20.230002712877717 	idx: 2 6 1 64 2048 8
3.827399263687071 20.027702685748938 	idx: 2 5 1 128 1024 8
4.010019390443552 19.82742565889145 	idx: 3 6 1 32 1024 16
4.010019390443552 19.629151402302536 	idx: 3 6 1 32 1024 16
3.9870066363808636 19.43285988827951 	idx: 2 7 1 64 1024 2
3.9870066363808636 19.238531289396715 	idx: 2 7 1 64 1024 2
3.901531926556317 19.046145976502746 	idx: 2 8 1 64 512 4
4.347978480736951 18.855684516737718 	idx: 3 8 1 32 1024 16
4.347978480736951 18.66712767157034 	idx: 3 8 1 32 1024 16
4.347978480736951 18.480456394854638 	idx: 3 8 1 32 1024 16
4.222023687495745 18.295651830906092 	idx: 0 8 1 8 1024 64
4.222023687495745 18.11269531259703 	idx: 0 8 1 8 1024 64
4.222023687495745 17.931568359471058 	idx: 0 8 1 8 1024 64
4.222023687495745 17.752252675876345 	idx: 0 8 1 8 1024 64
4.222023687495745 17.57473014911758 	idx: 0 8 1 8 1024 64
4.222023687495745 17.398982847626407 	idx: 0 8 1 8 1024 64
4.222023687495745 17.22499301915014 	idx: 0 8 1 8 1024 64
4.222023687495745 17.05274308895864 	idx: 0 8 1 8 1024 64
4.222023687495745 16.882215658069054 	idx: 0 8 1 8 1024 64
4.074420839130748 16.713393501488362 	idx: 0 8 1 16 2048 64
4.074420839130748 16.546259566473477 	idx: 0 8 1 16 2048 64
4.074420839130748 16.380796970808742 	idx: 0 8 1 16 2048 64
4.314148778272355 16.216989001100654 	idx: 0 8 1 32 1024 128
4.298346408534084 16.054819111089646 	idx: 0 8 1 16 1024 64
4.3139275629452065 15.89427091997875 	idx: 2 11 1 16 1024 2
4.3139275629452065 15.735328210778961 	idx: 2 11 1 16 1024 2
4.3139275629452065 15.577974928671171 	idx: 2 11 1 16 1024 2
4.031938716693304 15.42219517938446 	idx: 2 10 1 8 1024 2
4.031938716693304 15.267973227590614 	idx: 2 10 1 8 1024 2
4.031938716693304 15.115293495314708 	idx: 2 10 1 8 1024 2
4.333440820672255 14.96414056036156 	idx: 3 8 1 32 1024 64
4.333440820672255 14.814499154757945 	idx: 3 8 1 32 1024 64
4.333440820672255 14.666354163210364 	idx: 3 8 1 32 1024 64
4.333440820672255 14.519690621578262 	idx: 3 8 1 32 1024 64
4.333440820672255 14.374493715362478 	idx: 3 8 1 32 1024 64
4.333440820672255 14.230748778208852 	idx: 3 8 1 32 1024 64
4.058397880338482 14.088441290426763 	idx: 3 8 1 16 2048 128
4.352234558553559 13.947556877522496 	idx: 2 8 1 32 1024 2
4.352234558553559 13.808081308747271 	idx: 2 8 1 32 1024 2
4.352234558553559 13.670000495659798 	idx: 2 8 1 32 1024 2
4.058397880338482 13.5333004907032 	idx: 3 8 1 16 2048 128
4.058397880338482 13.397967485796167 	idx: 3 8 1 16 2048 128
4.058397880338482 13.263987810938206 	idx: 3 8 1 16 2048 128
4.058397880338482 13.131347932828824 	idx: 3 8 1 16 2048 128
3.9900578532347626 13.000034453500536 	idx: 3 8 1 8 2048 128
3.9877549125172496 12.87003410896553 	idx: 2 6 1 16 1024 4
3.9877549125172496 12.741333767875876 	idx: 2 6 1 16 1024 4
4.298346408534084 12.613920430197117 	idx: 3 8 1 16 1024 64
4.298346408534084 12.487781225895146 	idx: 3 8 1 16 1024 64
4.298346408534084 12.362903413636195 	idx: 3 8 1 16 1024 64
4.298346408534084 12.239274379499832 	idx: 3 8 1 16 1024 64
3.9587908206339977 12.116881635704834 	idx: 3 7 1 32 1024 32
4.322228969829484 11.995712819347785 	idx: 3 6 2 16 2048 32
4.322228969829484 11.875755691154307 	idx: 3 6 2 16 2048 32
4.312212421880428 11.756998134242764 	idx: 0 11 1 16 1024 8
4.312212421880428 11.639428152900336 	idx: 0 11 1 16 1024 8
4.265354984460771 11.523033871371332 	idx: 3 6 2 8 2048 32
4.265354984460771 11.407803532657619 	idx: 3 6 2 8 2048 32
4.265354984460771 11.293725497331042 	idx: 3 6 2 8 2048 32
4.265354984460771 11.180788242357732 	idx: 3 6 2 8 2048 32
4.265354984460771 11.068980359934155 	idx: 3 6 2 8 2048 32
4.265354984460771 10.958290556334813 	idx: 3 6 2 8 2048 32
4.265354984460771 10.848707650771464 	idx: 3 6 2 8 2048 32
4.265354984460771 10.74022057426375 	idx: 3 6 2 8 2048 32
4.265354984460771 10.632818368521113 	idx: 3 6 2 8 2048 32
4.0806162773858325 10.526490184835902 	idx: 3 7 2 4 2048 64
4.030874378576253 10.421225282987542 	idx: 2 5 2 8 2048 8
4.030874378576253 10.317013030157668 	idx: 2 5 2 8 2048 8
4.030874378576253 10.213842899856092 	idx: 2 5 2 8 2048 8
4.030874378576253 10.11170447085753 	idx: 2 5 2 8 2048 8
4.030874378576253 10.010587426148955 	idx: 2 5 2 8 2048 8
4.030874378576253 9.910481551887466 	idx: 2 5 2 8 2048 8
4.27952205415385 9.811376736368592 	idx: 4 8 1 16 1024 128
4.27952205415385 9.713262969004907 	idx: 4 8 1 16 1024 128
4.27952205415385 9.616130339314857 	idx: 4 8 1 16 1024 128
4.231041438717192 9.519969035921708 	idx: 3 8 1 8 1024 32
4.231041438717192 9.42476934556249 	idx: 3 8 1 8 1024 32
4.231041438717192 9.330521652106865 	idx: 3 8 1 8 1024 32
4.270577484106151 9.237216435585797 	idx: 2 6 2 8 2048 4
4.270577484106151 9.144844271229939 	idx: 2 6 2 8 2048 4
4.351626465211443 9.053395828517639 	idx: 1 8 1 32 1024 4
4.351626465211443 8.962861870232462 	idx: 1 8 1 32 1024 4
4.351626465211443 8.873233251530138 	idx: 1 8 1 32 1024 4
4.351626465211443 8.784500919014837 	idx: 1 8 1 32 1024 4
4.351626465211443 8.696655909824688 	idx: 1 8 1 32 1024 4
4.351626465211443 8.609689350726441 	idx: 1 8 1 32 1024 4
4.351626465211443 8.523592457219177 	idx: 1 8 1 32 1024 4
4.351626465211443 8.438356532646985 	idx: 1 8 1 32 1024 4
4.351626465211443 8.353972967320516 	idx: 1 8 1 32 1024 4
4.351626465211443 8.27043323764731 	idx: 1 8 1 32 1024 4
4.351626465211443 8.187728905270838 	idx: 1 8 1 32 1024 4
4.351626465211443 8.105851616218128 	idx: 1 8 1 32 1024 4
4.351626465211443 8.024793100055946 	idx: 1 8 1 32 1024 4
4.351626465211443 7.944545169055387 	idx: 1 8 1 32 1024 4
4.351626465211443 7.865099717364833 	idx: 1 8 1 32 1024 4
4.351626465211443 7.786448720191185 	idx: 1 8 1 32 1024 4
4.351626465211443 7.708584232989273 	idx: 1 8 1 32 1024 4
4.351626465211443 7.63149839065938 	idx: 1 8 1 32 1024 4
4.316587292350364 7.5551834067527865 	idx: 1 8 1 16 1024 2
4.316587292350364 7.479631572685259 	idx: 1 8 1 16 1024 2
4.32782691563702 7.404835256958406 	idx: 2 6 2 16 2048 2
4.231041438717192 7.330786904388821 	idx: 0 8 1 8 1024 32
4.231041438717192 7.257479035344933 	idx: 0 8 1 8 1024 32
4.231041438717192 7.1849042449914835 	idx: 0 8 1 8 1024 32
4.231041438717192 7.1130552025415685 	idx: 0 8 1 8 1024 32
4.231041438717192 7.041924650516153 	idx: 0 8 1 8 1024 32
4.231041438717192 6.971505404010991 	idx: 0 8 1 8 1024 32
4.231041438717192 6.901790349970882 	idx: 0 8 1 8 1024 32
4.347978480736951 6.832772446471173 	idx: 4 8 1 32 1024 16
4.347978480736951 6.764444722006462 	idx: 4 8 1 32 1024 16
4.347978480736951 6.696800274786397 	idx: 4 8 1 32 1024 16
4.370539369024598 6.6298322720385325 	idx: 4 8 1 64 1024 16
4.370539369024598 6.563533949318147 	idx: 4 8 1 64 1024 16
4.370539369024598 6.497898609824966 	idx: 4 8 1 64 1024 16
4.370539369024598 6.432919623726716 	idx: 4 8 1 64 1024 16
4.370539369024598 6.3685904274894485 	idx: 4 8 1 64 1024 16
4.316587292350364 6.304904523214554 	idx: 1 8 1 16 1024 2
4.316587292350364 6.2418554779824085 	idx: 1 8 1 16 1024 2
4.316587292350364 6.1794369232025845 	idx: 1 8 1 16 1024 2
4.316587292350364 6.117642553970558 	idx: 1 8 1 16 1024 2
4.322228969829484 6.056466128430853 	idx: 3 6 2 16 2048 32
4.322228969829484 5.9959014671465445 	idx: 3 6 2 16 2048 32
4.322228969829484 5.935942452475079 	idx: 3 6 2 16 2048 32
4.322228969829484 5.8765830279503275 	idx: 3 6 2 16 2048 32
4.322228969829484 5.817817197670824 	idx: 3 6 2 16 2048 32
4.326707382969078 5.759639025694116 	idx: 4 6 2 16 2048 8
4.326707382969078 5.7020426354371745 	idx: 4 6 2 16 2048 8
4.326707382969078 5.645022209082803 	idx: 4 6 2 16 2048 8
4.326707382969078 5.588571986991974 	idx: 4 6 2 16 2048 8
4.326707382969078 5.532686267122054 	idx: 4 6 2 16 2048 8
4.326707382969078 5.477359404450834 	idx: 4 6 2 16 2048 8
4.326707382969078 5.422585810406325 	idx: 4 6 2 16 2048 8
4.326707382969078 5.368359952302262 	idx: 4 6 2 16 2048 8
4.326707382969078 5.314676352779239 	idx: 4 6 2 16 2048 8
4.326707382969078 5.261529589251447 	idx: 4 6 2 16 2048 8
4.326707382969078 5.208914293358933 	idx: 4 6 2 16 2048 8
4.326707382969078 5.156825150425344 	idx: 4 6 2 16 2048 8
4.326707382969078 5.10525689892109 	idx: 4 6 2 16 2048 8
4.326707382969078 5.0542043299318795 	idx: 4 6 2 16 2048 8
4.326707382969078 5.003662286632561 	idx: 4 6 2 16 2048 8
4.326707382969078 4.953625663766235 	idx: 4 6 2 16 2048 8
4.326707382969078 4.9040894071285726 	idx: 4 6 2 16 2048 8
4.326707382969078 4.8550485130572865 	idx: 4 6 2 16 2048 8
4.326707382969078 4.806498027926714 	idx: 4 6 2 16 2048 8
4.326707382969078 4.758433047647447 	idx: 4 6 2 16 2048 8
4.326707382969078 4.710848717170973 	idx: 4 6 2 16 2048 8
4.326707382969078 4.663740229999263 	idx: 4 6 2 16 2048 8
4.326707382969078 4.61710282769927 	idx: 4 6 2 16 2048 8
4.326707382969078 4.570931799422278 	idx: 4 6 2 16 2048 8
4.326707382969078 4.525222481428055 	idx: 4 6 2 16 2048 8
4.326707382969078 4.4799702566137745 	idx: 4 6 2 16 2048 8
4.326707382969078 4.4351705540476365 	idx: 4 6 2 16 2048 8
4.326707382969078 4.39081884850716 	idx: 4 6 2 16 2048 8
4.326707382969078 4.346910660022088 	idx: 4 6 2 16 2048 8
4.326707382969078 4.303441553421867 	idx: 4 6 2 16 2048 8
4.3554740918950845 4.260407137887648 	idx: 3 8 1 64 1024 64
4.3554740918950845 4.217803066508771 	idx: 3 8 1 64 1024 64
4.3554740918950845 4.175625035843683 	idx: 3 8 1 64 1024 64
4.3554740918950845 4.133868785485246 	idx: 3 8 1 64 1024 64
4.3554740918950845 4.0925300976303935 	idx: 3 8 1 64 1024 64
4.343129933061769 4.05160479665409 	idx: 3 8 1 32 1024 32
4.343129933061769 4.011088748687548 	idx: 3 8 1 32 1024 32
4.343129933061769 3.970977861200673 	idx: 3 8 1 32 1024 32
4.343129933061769 3.9312680825886663 	idx: 3 8 1 32 1024 32
4.343129933061769 3.8919554017627798 	idx: 3 8 1 32 1024 32
4.343129933061769 3.853035847745152 	idx: 3 8 1 32 1024 32
4.351626465211443 3.8145054892677006 	idx: 1 8 1 32 1024 4
4.351626465211443 3.7763604343750234 	idx: 1 8 1 32 1024 4
4.351626465211443 3.7385968300312733 	idx: 1 8 1 32 1024 4
4.351626465211443 3.7012108617309605 	idx: 1 8 1 32 1024 4
4.343129933061769 3.664198753113651 	idx: 3 8 1 32 1024 32
4.370539369024598 3.6275567655825145 	idx: 3 8 1 64 1024 16
4.370539369024598 3.591281197926689 	idx: 3 8 1 64 1024 16
4.370539369024598 3.555368385947422 	idx: 3 8 1 64 1024 16
4.370539369024598 3.519814702087948 	idx: 3 8 1 64 1024 16
4.370539369024598 3.4846165550670687 	idx: 3 8 1 64 1024 16
4.370539369024598 3.449770389516398 	idx: 3 8 1 64 1024 16
4.370539369024598 3.415272685621234 	idx: 3 8 1 64 1024 16
4.370539369024598 3.3811199587650216 	idx: 3 8 1 64 1024 16
4.370539369024598 3.347308759177371 	idx: 3 8 1 64 1024 16
4.370539369024598 3.3138356715855974 	idx: 3 8 1 64 1024 16
4.370539369024598 3.2806973148697414 	idx: 3 8 1 64 1024 16
4.370539369024598 3.247890341721044 	idx: 3 8 1 64 1024 16
4.347978480736951 3.2154114383038332 	idx: 3 8 1 32 1024 16
4.347978480736951 3.183257323920795 	idx: 3 8 1 32 1024 16
4.347978480736951 3.1514247506815867 	idx: 3 8 1 32 1024 16
4.32782691563702 3.1199105031747707 	idx: 4 6 2 16 2048 2
4.32782691563702 3.088711398143023 	idx: 4 6 2 16 2048 2
4.32782691563702 3.0578242841615926 	idx: 4 6 2 16 2048 2
4.32782691563702 3.0272460413199767 	idx: 4 6 2 16 2048 2
4.32782691563702 2.996973580906777 	idx: 4 6 2 16 2048 2
4.32782691563702 2.967003845097709 	idx: 4 6 2 16 2048 2
4.32782691563702 2.9373338066467323 	idx: 4 6 2 16 2048 2
4.32782691563702 2.907960468580265 	idx: 4 6 2 16 2048 2
4.32782691563702 2.8788808638944623 	idx: 4 6 2 16 2048 2
4.32782691563702 2.8500920552555176 	idx: 4 6 2 16 2048 2
4.32782691563702 2.8215911347029623 	idx: 4 6 2 16 2048 2
4.32782691563702 2.7933752233559326 	idx: 4 6 2 16 2048 2
4.32782691563702 2.765441471122373 	idx: 4 6 2 16 2048 2
4.32782691563702 2.7377870564111495 	idx: 4 6 2 16 2048 2
4.32782691563702 2.710409185847038 	idx: 4 6 2 16 2048 2
4.32782691563702 2.6833050939885674 	idx: 4 6 2 16 2048 2
4.32782691563702 2.656472043048682 	idx: 4 6 2 16 2048 2
4.351626465211443 2.629907322618195 	idx: 3 8 1 32 1024 4
4.351626465211443 2.603608249392013 	idx: 3 8 1 32 1024 4
4.351626465211443 2.577572166898093 	idx: 3 8 1 32 1024 4
4.352234558553559 2.551796445229112 	idx: 3 8 1 32 1024 2
4.352234558553559 2.526278480776821 	idx: 3 8 1 32 1024 2
4.352234558553559 2.501015695969053 	idx: 3 8 1 32 1024 2
4.352234558553559 2.4760055390093623 	idx: 3 8 1 32 1024 2
4.3743191647399655 2.4512454836192688 	idx: 3 8 1 64 1024 4
4.3743191647399655 2.426733028783076 	idx: 3 8 1 64 1024 4
4.3743191647399655 2.402465698495245 	idx: 3 8 1 64 1024 4
4.3743191647399655 2.3784410415102926 	idx: 3 8 1 64 1024 4
4.3743191647399655 2.3546566310951897 	idx: 3 8 1 64 1024 4
4.3743191647399655 2.3311100647842378 	idx: 3 8 1 64 1024 4
4.3743191647399655 2.307798964136395 	idx: 3 8 1 64 1024 4
4.3743191647399655 2.2847209744950314 	idx: 3 8 1 64 1024 4
4.3743191647399655 2.261873764750081 	idx: 3 8 1 64 1024 4
4.3743191647399655 2.23925502710258 	idx: 3 8 1 64 1024 4
4.373057114917637 2.2168624768315546 	idx: 3 8 1 64 1024 8
4.373057114917637 2.194693852063239 	idx: 3 8 1 64 1024 8
4.35041636602688 2.1727469135426065 	idx: 3 8 1 32 1024 8
4.35041636602688 2.1510194444071806 	idx: 3 8 1 32 1024 8
4.35041636602688 2.129509249963109 	idx: 3 8 1 32 1024 8
4.35041636602688 2.108214157463478 	idx: 3 8 1 32 1024 8
4.35041636602688 2.087132015888843 	idx: 3 8 1 32 1024 8
4.35041636602688 2.0662606957299547 	idx: 3 8 1 32 1024 8
4.370539369024598 2.045598088772655 	idx: 3 8 1 64 1024 16
4.370539369024598 2.0251421078849283 	idx: 3 8 1 64 1024 16
4.370539369024598 2.004890686806079 	idx: 3 8 1 64 1024 16
4.370539369024598 1.9848417799380185 	idx: 3 8 1 64 1024 16
4.370539369024598 1.9649933621386382 	idx: 3 8 1 64 1024 16
4.370539369024598 1.9453434285172517 	idx: 3 8 1 64 1024 16
4.370539369024598 1.9258899942320793 	idx: 3 8 1 64 1024 16
4.370539369024598 1.9066310942897584 	idx: 3 8 1 64 1024 16
4.370539369024598 1.8875647833468607 	idx: 3 8 1 64 1024 16
4.370539369024598 1.868689135513392 	idx: 3 8 1 64 1024 16
4.370539369024598 1.8500022441582582 	idx: 3 8 1 64 1024 16
4.370539369024598 1.8315022217166756 	idx: 3 8 1 64 1024 16
4.370539369024598 1.8131871994995088 	idx: 3 8 1 64 1024 16
4.370539369024598 1.7950553275045138 	idx: 3 8 1 64 1024 16
4.370539369024598 1.7771047742294686 	idx: 3 8 1 64 1024 16
4.370539369024598 1.7593337264871738 	idx: 3 8 1 64 1024 16
4.370539369024598 1.741740389222302 	idx: 3 8 1 64 1024 16
4.370539369024598 1.724322985330079 	idx: 3 8 1 64 1024 16
4.370539369024598 1.7070797554767783 	idx: 3 8 1 64 1024 16
4.370539369024598 1.6900089579220106 	idx: 3 8 1 64 1024 16
4.370539369024598 1.6731088683427904 	idx: 3 8 1 64 1024 16
4.370539369024598 1.6563777796593624 	idx: 3 8 1 64 1024 16
4.370539369024598 1.6398140018627687 	idx: 3 8 1 64 1024 16
4.370539369024598 1.623415861844141 	idx: 3 8 1 64 1024 16
4.370539369024598 1.6071817032256996 	idx: 3 8 1 64 1024 16
4.370539369024598 1.5911098861934427 	idx: 3 8 1 64 1024 16
4.370539369024598 1.5751987873315083 	idx: 3 8 1 64 1024 16
4.370539369024598 1.5594467994581933 	idx: 3 8 1 64 1024 16
4.370539369024598 1.5438523314636114 	idx: 3 8 1 64 1024 16
4.370539369024598 1.5284138081489753 	idx: 3 8 1 64 1024 16
4.370539369024598 1.5131296700674854 	idx: 3 8 1 64 1024 16
4.370539369024598 1.4979983733668105 	idx: 3 8 1 64 1024 16
4.370539369024598 1.4830183896331424 	idx: 3 8 1 64 1024 16
4.370539369024598 1.468188205736811 	idx: 3 8 1 64 1024 16
4.370539369024598 1.4535063236794428 	idx: 3 8 1 64 1024 16
4.370539369024598 1.4389712604426483 	idx: 3 8 1 64 1024 16
4.370539369024598 1.4245815478382218 	idx: 3 8 1 64 1024 16
4.370539369024598 1.4103357323598396 	idx: 3 8 1 64 1024 16
4.370539369024598 1.396232375036241 	idx: 3 8 1 64 1024 16
4.370539369024598 1.3822700512858788 	idx: 3 8 1 64 1024 16
4.370539369024598 1.36844735077302 	idx: 3 8 1 64 1024 16
4.370539369024598 1.3547628772652898 	idx: 3 8 1 64 1024 16
4.370539369024598 1.341215248492637 	idx: 3 8 1 64 1024 16
4.370539369024598 1.3278030960077105 	idx: 3 8 1 64 1024 16
4.370539369024598 1.3145250650476334 	idx: 3 8 1 64 1024 16
4.370539369024598 1.301379814397157 	idx: 3 8 1 64 1024 16
4.370539369024598 1.2883660162531856 	idx: 3 8 1 64 1024 16
4.370539369024598 1.2754823560906536 	idx: 3 8 1 64 1024 16
4.370539369024598 1.2627275325297471 	idx: 3 8 1 64 1024 16
4.370539369024598 1.2501002572044497 	idx: 3 8 1 64 1024 16
4.370539369024598 1.2375992546324053 	idx: 3 8 1 64 1024 16
4.370539369024598 1.2252232620860812 	idx: 3 8 1 64 1024 16
4.365507322169183 1.2129710294652205 	idx: 3 8 1 64 1024 32
4.365507322169183 1.2008413191705682 	idx: 3 8 1 64 1024 32
4.365507322169183 1.1888329059788625 	idx: 3 8 1 64 1024 32
4.365507322169183 1.1769445769190738 	idx: 3 8 1 64 1024 32
4.365507322169183 1.165175131149883 	idx: 3 8 1 64 1024 32
4.365507322169183 1.1535233798383842 	idx: 3 8 1 64 1024 32
4.365507322169183 1.1419881460400003 	idx: 3 8 1 64 1024 32
4.365507322169183 1.1305682645796002 	idx: 3 8 1 64 1024 32
4.365507322169183 1.1192625819338042 	idx: 3 8 1 64 1024 32
4.365507322169183 1.1080699561144662 	idx: 3 8 1 64 1024 32
4.365507322169183 1.0969892565533215 	idx: 3 8 1 64 1024 32
4.365507322169183 1.0860193639877882 	idx: 3 8 1 64 1024 32
4.365507322169183 1.0751591703479102 	idx: 3 8 1 64 1024 32
4.365507322169183 1.0644075786444311 	idx: 3 8 1 64 1024 32
4.365507322169183 1.0537635028579868 	idx: 3 8 1 64 1024 32
4.370539369024598 1.0432258678294068 	idx: 1 8 1 64 1024 16
4.370539369024598 1.0327936091511127 	idx: 1 8 1 64 1024 16
4.370539369024598 1.0224656730596016 	idx: 1 8 1 64 1024 16
4.35041636602688 1.0122410163290056 	idx: 1 8 1 32 1024 8
4.35041636602688 1.0021186061657157 	idx: 1 8 1 32 1024 8
###### ACC Parameters ######
cim type:    FPCIM
bus_width:   25.6
macros_row:  8
macros_col:  1
scr:         32
is_size:     1024
os_size:     8
best=4.35041636602688, area=3731243.2133390238 459
bert_base_sl512_FPCIM@ISSCC23_ee_running start at 1757778352.9618702
2.91188751702841 100 	idx: 4 3 2 2 128 64
3.2604581799361947 99.0 	idx: 4 4 1 2 128 32
3.7581344050174303 98.01 	idx: 4 4 1 4 128 16
4.805803674945947 97.0299 	idx: 4 5 2 8 256 16
3.776357259478689 96.059601 	idx: 4 4 1 4 256 8
4.835302494292016 95.09900499 	idx: 4 4 2 8 256 8
5.284151898999366 94.1480149401 	idx: 2 4 2 64 128 64
5.248146113521703 93.206534790699 	idx: 2 4 3 32 128 64
5.301171345762124 92.27446944279201 	idx: 0 4 3 32 256 256
5.345596986983464 91.35172474836409 	idx: 4 5 2 64 1024 32
5.301171345762124 90.43820750088045 	idx: 0 4 3 32 256 256
5.331721923912374 89.53382542587164 	idx: 2 6 2 32 32 64
5.331721923912374 88.63848717161292 	idx: 2 6 2 32 32 64
4.516524644081991 87.75210229989679 	idx: 1 8 1 8 8 256
4.83451455677773 86.87458127689783 	idx: 0 4 3 8 256 64
4.826749029270174 86.00583546412885 	idx: 0 3 3 16 256 128
4.654254691629614 85.14577710948755 	idx: 2 7 2 32 8 64
5.18129614420214 84.29431933839268 	idx: 2 6 2 16 16 128
4.418988601626571 83.45137614500875 	idx: 0 2 3 16 512 512
4.651182830744689 82.61686238355867 	idx: 4 2 2 128 1024 2
4.241845710477526 81.79069375972308 	idx: 3 4 3 2 512 128
4.045427220000364 80.97278682212585 	idx: 2 7 1 64 64 128
4.597474787578086 80.1630589539046 	idx: 2 8 1 32 64 128
4.589323286485823 79.36142836436555 	idx: 2 8 1 16 32 128
5.34544013728743 78.56781408072189 	idx: 4 4 2 64 1024 4
5.262064693883344 77.78213593991467 	idx: 4 3 3 64 1024 4
5.262064693883344 77.00431458051553 	idx: 4 3 3 64 1024 4
5.262064693883344 76.23427143471037 	idx: 4 3 3 64 1024 4
4.78869111662281 75.47192872036327 	idx: 4 2 3 32 1024 4
4.884980558198342 74.71720943315964 	idx: 3 4 3 4 2048 64
4.845601030406177 73.97003733882804 	idx: 3 4 3 4 1024 128
5.229486444342549 73.23033696543976 	idx: 4 3 3 32 1024 4
5.317869858037684 72.49803359578536 	idx: 4 4 2 16 1024 2
5.359663144421912 71.7730532598275 	idx: 4 5 2 32 512 2
5.537475971888546 71.05532272722922 	idx: 4 6 2 32 256 4
4.759484382851869 70.34476949995693 	idx: 3 5 2 4 2048 64
5.398804299298685 69.64132180495736 	idx: 4 5 2 64 512 8
5.398804299298685 68.94490858690779 	idx: 4 5 2 64 512 8
5.288882779534667 68.25545950103871 	idx: 3 6 2 8 1024 64
5.260054485725103 67.57290490602833 	idx: 4 5 2 64 128 4
5.260054485725103 66.89717585696805 	idx: 4 5 2 64 128 4
4.465812985259122 66.22820409839836 	idx: 4 5 1 32 256 8
4.574659492022981 65.56592205741438 	idx: 2 6 1 16 256 32
5.230900209673269 64.91026283684023 	idx: 2 5 2 16 512 32
4.749376496004649 64.26116020847184 	idx: 2 5 3 8 256 16
4.749376496004649 63.618548606387115 	idx: 2 5 3 8 256 16
5.316696884911683 62.98236312032324 	idx: 3 4 2 64 512 128
5.316696884911683 62.35253948912001 	idx: 3 4 2 64 512 128
5.316696884911683 61.72901409422881 	idx: 3 4 2 64 512 128
5.25257022385516 61.11172395328652 	idx: 2 5 2 16 1024 2
4.940308401103273 60.500606713753655 	idx: 4 6 2 4 512 64
5.3106366548493416 59.89560064661612 	idx: 2 6 2 8 1024 4
5.3106366548493416 59.29664464014996 	idx: 2 6 2 8 1024 4
5.311395598150116 58.70367819374846 	idx: 2 6 2 8 1024 2
5.615407186713758 58.116641411810974 	idx: 2 6 3 16 512 4
5.615407186713758 57.535474997692866 	idx: 2 6 3 16 512 4
5.357173403205336 56.960120247715935 	idx: 2 5 2 32 512 8
5.343615567320195 56.390519045238776 	idx: 2 5 2 64 256 8
4.876627663951787 55.82661385478639 	idx: 4 5 3 4 1024 8
4.931132913605586 55.26834771623852 	idx: 2 7 2 32 1024 8
4.931132913605586 54.71566423907614 	idx: 2 7 2 32 1024 8
4.931132913605586 54.16850759668538 	idx: 2 7 2 32 1024 8
5.613508313928912 53.62682252071853 	idx: 2 6 3 16 512 8
5.613508313928912 53.09055429551134 	idx: 2 6 3 16 512 8
5.613508313928912 52.55964875255623 	idx: 2 6 3 16 512 8
5.354943054910513 52.03405226503067 	idx: 2 6 3 8 1024 8
5.076519603331758 51.51371174238036 	idx: 3 8 1 64 512 32
5.076519603331758 50.998574624956554 	idx: 3 8 1 64 512 32
5.074195642573129 50.488588878706985 	idx: 4 8 2 16 64 2
5.056690864807259 49.98370298991991 	idx: 3 8 1 32 512 8
4.992078977565899 49.483865960020715 	idx: 1 8 2 16 4 16
4.992078977565899 48.98902730042051 	idx: 1 8 2 16 4 16
4.992078977565899 48.4991370274163 	idx: 1 8 2 16 4 16
5.304870655082078 48.01414565714214 	idx: 3 4 2 64 2048 8
5.3572010632213924 47.53400420057071 	idx: 3 5 2 64 1024 4
5.3572010632213924 47.05866415856501 	idx: 3 5 2 64 1024 4
5.3572010632213924 46.58807751697936 	idx: 3 5 2 64 1024 4
5.3572010632213924 46.12219674180957 	idx: 3 5 2 64 1024 4
5.571777619672676 45.66097477439147 	idx: 3 4 3 64 512 2
5.563167941617878 45.20436502664755 	idx: 3 4 3 64 512 4
5.500287074903895 44.752321376381076 	idx: 3 4 3 32 1024 8
5.500287074903895 44.30479816261727 	idx: 3 4 3 32 1024 8
5.500287074903895 43.861750180991095 	idx: 3 4 3 32 1024 8
5.563167941617878 43.42313267918119 	idx: 3 4 3 64 512 4
5.45424138971922 42.98890135238938 	idx: 3 4 3 64 256 8
5.526844099378839 42.559012338865486 	idx: 3 4 3 32 512 8
5.400373145790051 42.133422215476834 	idx: 4 8 2 16 512 16
5.400373145790051 41.712087993322065 	idx: 4 8 2 16 512 16
5.45424138971922 41.29496711338884 	idx: 3 4 3 64 256 8
5.512612565748554 40.882017442254956 	idx: 4 6 2 32 1024 4
5.512612565748554 40.473197267832404 	idx: 4 6 2 32 1024 4
5.289991960764826 40.06846529515408 	idx: 2 8 2 8 256 2
5.34536613607023 39.66778064220254 	idx: 3 5 2 64 256 4
5.34536613607023 39.27110283578051 	idx: 3 5 2 64 256 4
5.512980238244504 38.8783918074227 	idx: 3 6 2 64 512 4
5.512980238244504 38.48960788934848 	idx: 3 6 2 64 512 4
5.512980238244504 38.104711810454994 	idx: 3 6 2 64 512 4
5.512980238244504 37.72366469235045 	idx: 3 6 2 64 512 4
5.512980238244504 37.34642804542694 	idx: 3 6 2 64 512 4
5.540614364294012 36.97296376497267 	idx: 3 6 2 32 256 2
5.403042273029039 36.60323412732294 	idx: 2 8 2 16 512 4
5.403042273029039 36.23720178604971 	idx: 2 8 2 16 512 4
5.307017749112217 35.874829768189215 	idx: 3 4 2 32 128 2
5.307017749112217 35.516081470507324 	idx: 3 4 2 32 128 2
5.26425795337076 35.16092065580225 	idx: 0 4 2 32 2048 64
5.280624524348777 34.80931144924423 	idx: 0 4 2 64 1024 128
5.280624524348777 34.461218334751784 	idx: 0 4 2 64 1024 128
5.319417881922574 34.11660615140427 	idx: 2 6 3 16 128 16
5.280624524348777 33.775440089890225 	idx: 0 4 2 64 1024 128
5.039106565531639 33.43768568899132 	idx: 1 6 3 16 8 32
5.215622821118059 33.10330883210141 	idx: 1 6 2 16 4 16
4.95387425605029 32.7722757437804 	idx: 1 5 3 32 4 32
5.365602538007676 32.44455298634259 	idx: 2 6 2 64 64 4
5.365602538007676 32.12010745647917 	idx: 2 6 2 64 64 4
5.398376878940114 31.798906381914374 	idx: 2 6 2 32 64 2
5.398376878940114 31.48091731809523 	idx: 2 6 2 32 64 2
5.398376878940114 31.16610814491428 	idx: 2 6 2 32 64 2
5.355527988961232 30.854447063465138 	idx: 3 5 2 64 1024 8
5.355527988961232 30.545902592830487 	idx: 3 5 2 64 1024 8
5.304870655082078 30.240443566902183 	idx: 3 4 2 64 2048 8
5.258062467089382 29.93803913123316 	idx: 3 3 3 64 1024 16
5.405057196194055 29.638658739920828 	idx: 2 6 2 16 128 4
5.497684214154054 29.34227215252162 	idx: 3 4 3 32 1024 16
5.316273734469814 29.048849430996402 	idx: 1 6 2 32 8 16
5.316273734469814 28.758360936686437 	idx: 1 6 2 32 8 16
5.316273734469814 28.47077732731957 	idx: 1 6 2 32 8 16
5.065660337451218 28.186069554046373 	idx: 1 6 3 16 16 32
5.097007627143529 27.90420885850591 	idx: 2 5 2 16 256 4
5.136238962175467 27.625166769920853 	idx: 0 5 2 32 128 64
5.396337004692485 27.348915102221643 	idx: 0 6 2 64 128 64
5.396337004692485 27.075425951199424 	idx: 0 6 2 64 128 64
5.396337004692485 26.804671691687428 	idx: 0 6 2 64 128 64
5.396337004692485 26.536624974770554 	idx: 0 6 2 64 128 64
5.396337004692485 26.271258725022847 	idx: 0 6 2 64 128 64
5.396337004692485 26.00854613777262 	idx: 0 6 2 64 128 64
5.396337004692485 25.748460676394892 	idx: 0 6 2 64 128 64
5.254786229990204 25.490976069630943 	idx: 0 5 2 32 256 64
5.3563781410452895 25.23606630893463 	idx: 2 6 3 8 1024 4
5.377294303043164 24.983705645845284 	idx: 2 5 3 16 1024 4
5.377294303043164 24.73386858938683 	idx: 2 5 3 16 1024 4
5.277660736165192 24.48652990349296 	idx: 2 4 2 16 2048 2
5.215432976784262 24.24166460445803 	idx: 2 5 2 16 2048 2
5.215432976784262 23.99924795841345 	idx: 2 5 2 16 2048 2
5.230821144838762 23.759255478829314 	idx: 3 4 3 64 32 8
5.230821144838762 23.52166292404102 	idx: 3 4 3 64 32 8
5.216160774697273 23.28644629480061 	idx: 4 4 2 32 16 2
5.222638926563543 23.053581831852604 	idx: 3 4 2 128 16 8
5.222638926563543 22.82304601353408 	idx: 3 4 2 128 16 8
5.215432976784262 22.59481555339874 	idx: 2 5 2 16 2048 2
5.215432976784262 22.36886739786475 	idx: 2 5 2 16 2048 2
5.215432976784262 22.145178723886104 	idx: 2 5 2 16 2048 2
5.503244180362527 21.923726936647242 	idx: 2 6 2 16 1024 2
5.006264197745965 21.704489667280768 	idx: 3 3 3 64 16 16
5.123518462348055 21.48744477060796 	idx: 3 3 3 128 32 8
5.247172040436662 21.27257032290188 	idx: 0 4 2 16 128 128
5.247172040436662 21.059844619672862 	idx: 0 4 2 16 128 128
5.247172040436662 20.849246173476132 	idx: 0 4 2 16 128 128
5.230821144838762 20.64075371174137 	idx: 1 4 3 64 32 8
5.125493047509566 20.434346174623958 	idx: 1 3 3 128 32 4
5.0751390390648226 20.230002712877717 	idx: 0 5 2 16 256 64
5.222635168453319 20.027702685748938 	idx: 1 4 2 64 16 8
5.222310293489568 19.82742565889145 	idx: 4 4 3 16 32 8
5.222310293489568 19.629151402302536 	idx: 4 4 3 16 32 8
5.222310293489568 19.43285988827951 	idx: 4 4 3 16 32 8
5.451167481563816 19.238531289396715 	idx: 0 4 3 64 256 16
5.344574432452331 19.046145976502746 	idx: 0 4 2 32 256 8
5.344574432452331 18.855684516737718 	idx: 0 4 2 32 256 8
5.344574432452331 18.66712767157034 	idx: 0 4 2 32 256 8
5.410572805537861 18.480456394854638 	idx: 0 5 3 32 512 16
5.526844099378839 18.295651830906092 	idx: 0 4 3 32 512 8
5.526844099378839 18.11269531259703 	idx: 0 4 3 32 512 8
5.526844099378839 17.931568359471058 	idx: 0 4 3 32 512 8
5.357173403205336 17.752252675876345 	idx: 0 5 2 32 512 8
5.357173403205336 17.57473014911758 	idx: 0 5 2 32 512 8
5.558637902194007 17.398982847626407 	idx: 0 4 3 64 512 16
5.558637902194007 17.22499301915014 	idx: 0 4 3 64 512 16
5.558637902194007 17.05274308895864 	idx: 0 4 3 64 512 16
5.330803007233752 16.882215658069054 	idx: 0 4 2 64 1024 32
5.350358018331745 16.713393501488362 	idx: 0 4 2 32 512 32
5.350358018331745 16.546259566473477 	idx: 0 4 2 32 512 32
5.350358018331745 16.380796970808742 	idx: 0 4 2 32 512 32
5.399667675555844 16.216989001100654 	idx: 1 6 2 32 128 128
5.399667675555844 16.054819111089646 	idx: 1 6 2 32 128 128
5.399667675555844 15.89427091997875 	idx: 1 6 2 32 128 128
5.399667675555844 15.735328210778961 	idx: 1 6 2 32 128 128
5.399667675555844 15.577974928671171 	idx: 1 6 2 32 128 128
5.399667675555844 15.42219517938446 	idx: 1 6 2 32 128 128
5.399667675555844 15.267973227590614 	idx: 1 6 2 32 128 128
5.399667675555844 15.115293495314708 	idx: 1 6 2 32 128 128
5.399667675555844 14.96414056036156 	idx: 1 6 2 32 128 128
5.399667675555844 14.814499154757945 	idx: 1 6 2 32 128 128
5.399667675555844 14.666354163210364 	idx: 1 6 2 32 128 128
5.399667675555844 14.519690621578262 	idx: 1 6 2 32 128 128
5.399667675555844 14.374493715362478 	idx: 1 6 2 32 128 128
5.399667675555844 14.230748778208852 	idx: 1 6 2 32 128 128
5.399667675555844 14.088441290426763 	idx: 1 6 2 32 128 128
5.399667675555844 13.947556877522496 	idx: 1 6 2 32 128 128
5.399667675555844 13.808081308747271 	idx: 1 6 2 32 128 128
5.399667675555844 13.670000495659798 	idx: 1 6 2 32 128 128
5.344574432452331 13.5333004907032 	idx: 4 4 2 32 256 8
5.3784351733268325 13.397967485796167 	idx: 4 4 3 16 256 16
5.359752881606801 13.263987810938206 	idx: 4 4 2 32 512 8
5.359752881606801 13.131347932828824 	idx: 4 4 2 32 512 8
5.359752881606801 13.000034453500536 	idx: 4 4 2 32 512 8
5.352210803712149 12.87003410896553 	idx: 4 5 2 64 1024 16
5.350358018331745 12.741333767875876 	idx: 4 4 2 32 512 32
5.3191672917579265 12.613920430197117 	idx: 4 4 2 32 1024 16
5.496424948246364 12.487781225895146 	idx: 4 4 3 16 2048 32
5.496424948246364 12.362903413636195 	idx: 4 4 3 16 2048 32
5.496424948246364 12.239274379499832 	idx: 4 4 3 16 2048 32
5.496424948246364 12.116881635704834 	idx: 4 4 3 16 2048 32
5.496424948246364 11.995712819347785 	idx: 4 4 3 16 2048 32
5.504996764756268 11.875755691154307 	idx: 4 4 3 16 1024 32
5.504996764756268 11.756998134242764 	idx: 4 4 3 16 1024 32
5.504996764756268 11.639428152900336 	idx: 4 4 3 16 1024 32
5.504996764756268 11.523033871371332 	idx: 4 4 3 16 1024 32
5.504996764756268 11.407803532657619 	idx: 4 4 3 16 1024 32
5.5066106680926765 11.293725497331042 	idx: 4 4 3 16 512 64
5.5066106680926765 11.180788242357732 	idx: 4 4 3 16 512 64
5.5066106680926765 11.068980359934155 	idx: 4 4 3 16 512 64
5.5066106680926765 10.958290556334813 	idx: 4 4 3 16 512 64
5.5066106680926765 10.848707650771464 	idx: 4 4 3 16 512 64
5.5066106680926765 10.74022057426375 	idx: 4 4 3 16 512 64
5.5066106680926765 10.632818368521113 	idx: 4 4 3 16 512 64
5.5066106680926765 10.526490184835902 	idx: 4 4 3 16 512 64
5.5066106680926765 10.421225282987542 	idx: 4 4 3 16 512 64
5.5066106680926765 10.317013030157668 	idx: 4 4 3 16 512 64
5.5066106680926765 10.213842899856092 	idx: 4 4 3 16 512 64
5.5066106680926765 10.11170447085753 	idx: 4 4 3 16 512 64
5.375097308945385 10.010587426148955 	idx: 2 8 2 16 1024 8
5.455513494240138 9.910481551887466 	idx: 4 6 2 16 512 256
5.455513494240138 9.811376736368592 	idx: 4 6 2 16 512 256
5.455513494240138 9.713262969004907 	idx: 4 6 2 16 512 256
5.463659384184419 9.616130339314857 	idx: 4 6 2 32 512 256
5.463659384184419 9.519969035921708 	idx: 4 6 2 32 512 256
5.463659384184419 9.42476934556249 	idx: 4 6 2 32 512 256
5.463659384184419 9.330521652106865 	idx: 4 6 2 32 512 256
5.463659384184419 9.237216435585797 	idx: 4 6 2 32 512 256
5.463659384184419 9.144844271229939 	idx: 4 6 2 32 512 256
5.463659384184419 9.053395828517639 	idx: 4 6 2 32 512 256
5.463659384184419 8.962861870232462 	idx: 4 6 2 32 512 256
5.463659384184419 8.873233251530138 	idx: 4 6 2 32 512 256
5.463659384184419 8.784500919014837 	idx: 4 6 2 32 512 256
5.463659384184419 8.696655909824688 	idx: 4 6 2 32 512 256
5.463659384184419 8.609689350726441 	idx: 4 6 2 32 512 256
5.463659384184419 8.523592457219177 	idx: 4 6 2 32 512 256
5.463659384184419 8.438356532646985 	idx: 4 6 2 32 512 256
5.463659384184419 8.353972967320516 	idx: 4 6 2 32 512 256
5.463659384184419 8.27043323764731 	idx: 4 6 2 32 512 256
5.362145328851079 8.187728905270838 	idx: 3 6 2 32 32 4
5.362145328851079 8.105851616218128 	idx: 3 6 2 32 32 4
5.362145328851079 8.024793100055946 	idx: 3 6 2 32 32 4
5.362145328851079 7.944545169055387 	idx: 3 6 2 32 32 4
5.362145328851079 7.865099717364833 	idx: 3 6 2 32 32 4
5.403042273029039 7.786448720191185 	idx: 2 8 2 16 512 4
5.403042273029039 7.708584232989273 	idx: 2 8 2 16 512 4
5.375989378201164 7.63149839065938 	idx: 2 8 2 16 1024 4
5.375989378201164 7.5551834067527865 	idx: 2 8 2 16 1024 4
5.375989378201164 7.479631572685259 	idx: 2 8 2 16 1024 4
5.474833989474979 7.404835256958406 	idx: 4 6 2 16 256 64
5.474833989474979 7.330786904388821 	idx: 4 6 2 16 256 64
5.474833989474979 7.257479035344933 	idx: 4 6 2 16 256 64
5.474833989474979 7.1849042449914835 	idx: 4 6 2 16 256 64
5.474833989474979 7.1130552025415685 	idx: 4 6 2 16 256 64
5.474833989474979 7.041924650516153 	idx: 4 6 2 16 256 64
5.474833989474979 6.971505404010991 	idx: 4 6 2 16 256 64
5.474833989474979 6.901790349970882 	idx: 4 6 2 16 256 64
5.375989378201164 6.832772446471173 	idx: 2 8 2 16 1024 4
5.460813938424127 6.764444722006462 	idx: 4 6 2 32 1024 128
5.460813938424127 6.696800274786397 	idx: 4 6 2 32 1024 128
5.460813938424127 6.6298322720385325 	idx: 4 6 2 32 1024 128
5.460813938424127 6.563533949318147 	idx: 4 6 2 32 1024 128
5.460813938424127 6.497898609824966 	idx: 4 6 2 32 1024 128
5.460813938424127 6.432919623726716 	idx: 4 6 2 32 1024 128
5.460813938424127 6.3685904274894485 	idx: 4 6 2 32 1024 128
5.460813938424127 6.304904523214554 	idx: 4 6 2 32 1024 128
5.4777870619048175 6.2418554779824085 	idx: 4 6 2 16 1024 64
5.4777870619048175 6.1794369232025845 	idx: 4 6 2 16 1024 64
5.4777870619048175 6.117642553970558 	idx: 4 6 2 16 1024 64
5.535713756047185 6.056466128430853 	idx: 2 6 2 32 256 8
5.57390192198853 5.9959014671465445 	idx: 2 6 2 32 512 8
5.537475971888546 5.935942452475079 	idx: 2 6 2 32 256 4
5.537475971888546 5.8765830279503275 	idx: 2 6 2 32 256 4
5.537475971888546 5.817817197670824 	idx: 2 6 2 32 256 4
5.540614364294012 5.759639025694116 	idx: 2 6 2 32 256 2
5.547062094055785 5.7020426354371745 	idx: 2 6 2 64 512 2
5.512612565748554 5.645022209082803 	idx: 2 6 2 32 1024 4
5.512612565748554 5.588571986991974 	idx: 2 6 2 32 1024 4
5.512612565748554 5.532686267122054 	idx: 2 6 2 32 1024 4
5.512612565748554 5.477359404450834 	idx: 2 6 2 32 1024 4
5.512612565748554 5.422585810406325 	idx: 2 6 2 32 1024 4
5.45106060826795 5.368359952302262 	idx: 4 6 2 16 1024 128
5.45106060826795 5.314676352779239 	idx: 4 6 2 16 1024 128
5.45106060826795 5.261529589251447 	idx: 4 6 2 16 1024 128
5.45106060826795 5.208914293358933 	idx: 4 6 2 16 1024 128
5.45106060826795 5.156825150425344 	idx: 4 6 2 16 1024 128
5.45106060826795 5.10525689892109 	idx: 4 6 2 16 1024 128
5.45106060826795 5.0542043299318795 	idx: 4 6 2 16 1024 128
5.45106060826795 5.003662286632561 	idx: 4 6 2 16 1024 128
5.45106060826795 4.953625663766235 	idx: 4 6 2 16 1024 128
5.562667544439366 4.9040894071285726 	idx: 4 6 3 16 512 128
5.562667544439366 4.8550485130572865 	idx: 4 6 3 16 512 128
5.562667544439366 4.806498027926714 	idx: 4 6 3 16 512 128
5.562667544439366 4.758433047647447 	idx: 4 6 3 16 512 128
5.562667544439366 4.710848717170973 	idx: 4 6 3 16 512 128
5.562667544439366 4.663740229999263 	idx: 4 6 3 16 512 128
5.562667544439366 4.61710282769927 	idx: 4 6 3 16 512 128
5.562667544439366 4.570931799422278 	idx: 4 6 3 16 512 128
5.562667544439366 4.525222481428055 	idx: 4 6 3 16 512 128
5.562667544439366 4.4799702566137745 	idx: 4 6 3 16 512 128
5.562667544439366 4.4351705540476365 	idx: 4 6 3 16 512 128
5.562667544439366 4.39081884850716 	idx: 4 6 3 16 512 128
5.562667544439366 4.346910660022088 	idx: 4 6 3 16 512 128
5.562667544439366 4.303441553421867 	idx: 4 6 3 16 512 128
5.562667544439366 4.260407137887648 	idx: 4 6 3 16 512 128
5.562667544439366 4.217803066508771 	idx: 4 6 3 16 512 128
5.562667544439366 4.175625035843683 	idx: 4 6 3 16 512 128
5.562667544439366 4.133868785485246 	idx: 4 6 3 16 512 128
5.562667544439366 4.0925300976303935 	idx: 4 6 3 16 512 128
5.562667544439366 4.05160479665409 	idx: 4 6 3 16 512 128
5.562667544439366 4.011088748687548 	idx: 4 6 3 16 512 128
5.562667544439366 3.970977861200673 	idx: 4 6 3 16 512 128
5.562667544439366 3.9312680825886663 	idx: 4 6 3 16 512 128
5.561733471288641 3.8919554017627798 	idx: 2 6 2 16 512 16
5.561733471288641 3.853035847745152 	idx: 2 6 2 16 512 16
5.561733471288641 3.8145054892677006 	idx: 2 6 2 16 512 16
5.561733471288641 3.7763604343750234 	idx: 2 6 2 16 512 16
5.561733471288641 3.7385968300312733 	idx: 2 6 2 16 512 16
5.561733471288641 3.7012108617309605 	idx: 2 6 2 16 512 16
5.561733471288641 3.664198753113651 	idx: 2 6 2 16 512 16
5.561733471288641 3.6275567655825145 	idx: 2 6 2 16 512 16
5.561733471288641 3.591281197926689 	idx: 2 6 2 16 512 16
5.561733471288641 3.555368385947422 	idx: 2 6 2 16 512 16
5.561733471288641 3.519814702087948 	idx: 2 6 2 16 512 16
5.561733471288641 3.4846165550670687 	idx: 2 6 2 16 512 16
5.561733471288641 3.449770389516398 	idx: 2 6 2 16 512 16
5.561733471288641 3.415272685621234 	idx: 2 6 2 16 512 16
5.561733471288641 3.3811199587650216 	idx: 2 6 2 16 512 16
5.561733471288641 3.347308759177371 	idx: 2 6 2 16 512 16
5.561733471288641 3.3138356715855974 	idx: 2 6 2 16 512 16
5.561733471288641 3.2806973148697414 	idx: 2 6 2 16 512 16
5.561733471288641 3.247890341721044 	idx: 2 6 2 16 512 16
5.561733471288641 3.2154114383038332 	idx: 2 6 2 16 512 16
5.561733471288641 3.183257323920795 	idx: 2 6 2 16 512 16
5.561733471288641 3.1514247506815867 	idx: 2 6 2 16 512 16
5.561733471288641 3.1199105031747707 	idx: 2 6 2 16 512 16
5.561733471288641 3.088711398143023 	idx: 2 6 2 16 512 16
5.561733471288641 3.0578242841615926 	idx: 2 6 2 16 512 16
5.561733471288641 3.0272460413199767 	idx: 2 6 2 16 512 16
5.561733471288641 2.996973580906777 	idx: 2 6 2 16 512 16
5.561733471288641 2.967003845097709 	idx: 2 6 2 16 512 16
5.561733471288641 2.9373338066467323 	idx: 2 6 2 16 512 16
5.507672796975971 2.907960468580265 	idx: 2 6 2 32 1024 16
5.507672796975971 2.8788808638944623 	idx: 2 6 2 32 1024 16
5.507672796975971 2.8500920552555176 	idx: 2 6 2 32 1024 16
5.507672796975971 2.8215911347029623 	idx: 2 6 2 32 1024 16
5.507672796975971 2.7933752233559326 	idx: 2 6 2 32 1024 16
5.507672796975971 2.765441471122373 	idx: 2 6 2 32 1024 16
5.507672796975971 2.7377870564111495 	idx: 2 6 2 32 1024 16
5.507672796975971 2.710409185847038 	idx: 2 6 2 32 1024 16
5.507672796975971 2.6833050939885674 	idx: 2 6 2 32 1024 16
5.507672796975971 2.656472043048682 	idx: 2 6 2 32 1024 16
5.507672796975971 2.629907322618195 	idx: 2 6 2 32 1024 16
5.507672796975971 2.603608249392013 	idx: 2 6 2 32 1024 16
5.507672796975971 2.577572166898093 	idx: 2 6 2 32 1024 16
5.507672796975971 2.551796445229112 	idx: 2 6 2 32 1024 16
5.55488718213944 2.526278480776821 	idx: 2 6 2 16 512 32
5.55488718213944 2.501015695969053 	idx: 2 6 2 16 512 32
5.510312187977229 2.4760055390093623 	idx: 2 6 2 32 256 64
5.5526012181836375 2.4512454836192688 	idx: 3 4 3 64 512 32
5.5526012181836375 2.426733028783076 	idx: 3 4 3 64 512 32
5.5526012181836375 2.402465698495245 	idx: 3 4 3 64 512 32
5.5526012181836375 2.3784410415102926 	idx: 3 4 3 64 512 32
5.5526012181836375 2.3546566310951897 	idx: 3 4 3 64 512 32
5.5526012181836375 2.3311100647842378 	idx: 3 4 3 64 512 32
5.5526012181836375 2.307798964136395 	idx: 3 4 3 64 512 32
5.5526012181836375 2.2847209744950314 	idx: 3 4 3 64 512 32
5.5526012181836375 2.261873764750081 	idx: 3 4 3 64 512 32
5.5526012181836375 2.23925502710258 	idx: 3 4 3 64 512 32
5.5526012181836375 2.2168624768315546 	idx: 3 4 3 64 512 32
5.5526012181836375 2.194693852063239 	idx: 3 4 3 64 512 32
5.5526012181836375 2.1727469135426065 	idx: 3 4 3 64 512 32
5.5526012181836375 2.1510194444071806 	idx: 3 4 3 64 512 32
5.5526012181836375 2.129509249963109 	idx: 3 4 3 64 512 32
5.5526012181836375 2.108214157463478 	idx: 3 4 3 64 512 32
5.5526012181836375 2.087132015888843 	idx: 3 4 3 64 512 32
5.5526012181836375 2.0662606957299547 	idx: 3 4 3 64 512 32
5.5526012181836375 2.045598088772655 	idx: 3 4 3 64 512 32
5.5526012181836375 2.0251421078849283 	idx: 3 4 3 64 512 32
5.5526012181836375 2.004890686806079 	idx: 3 4 3 64 512 32
5.5526012181836375 1.9848417799380185 	idx: 3 4 3 64 512 32
5.5526012181836375 1.9649933621386382 	idx: 3 4 3 64 512 32
5.5526012181836375 1.9453434285172517 	idx: 3 4 3 64 512 32
5.5526012181836375 1.9258899942320793 	idx: 3 4 3 64 512 32
5.5526012181836375 1.9066310942897584 	idx: 3 4 3 64 512 32
5.5526012181836375 1.8875647833468607 	idx: 3 4 3 64 512 32
5.5526012181836375 1.868689135513392 	idx: 3 4 3 64 512 32
5.5526012181836375 1.8500022441582582 	idx: 3 4 3 64 512 32
5.5526012181836375 1.8315022217166756 	idx: 3 4 3 64 512 32
5.5526012181836375 1.8131871994995088 	idx: 3 4 3 64 512 32
5.5526012181836375 1.7950553275045138 	idx: 3 4 3 64 512 32
5.5526012181836375 1.7771047742294686 	idx: 3 4 3 64 512 32
5.5526012181836375 1.7593337264871738 	idx: 3 4 3 64 512 32
5.5526012181836375 1.741740389222302 	idx: 3 4 3 64 512 32
5.5526012181836375 1.724322985330079 	idx: 3 4 3 64 512 32
5.5526012181836375 1.7070797554767783 	idx: 3 4 3 64 512 32
5.5526012181836375 1.6900089579220106 	idx: 3 4 3 64 512 32
5.5526012181836375 1.6731088683427904 	idx: 3 4 3 64 512 32
5.5526012181836375 1.6563777796593624 	idx: 3 4 3 64 512 32
5.5526012181836375 1.6398140018627687 	idx: 3 4 3 64 512 32
5.5526012181836375 1.623415861844141 	idx: 3 4 3 64 512 32
5.5526012181836375 1.6071817032256996 	idx: 3 4 3 64 512 32
5.5526012181836375 1.5911098861934427 	idx: 3 4 3 64 512 32
5.5526012181836375 1.5751987873315083 	idx: 3 4 3 64 512 32
5.5526012181836375 1.5594467994581933 	idx: 3 4 3 64 512 32
5.5526012181836375 1.5438523314636114 	idx: 3 4 3 64 512 32
5.5526012181836375 1.5284138081489753 	idx: 3 4 3 64 512 32
5.5526012181836375 1.5131296700674854 	idx: 3 4 3 64 512 32
5.5526012181836375 1.4979983733668105 	idx: 3 4 3 64 512 32
5.5526012181836375 1.4830183896331424 	idx: 3 4 3 64 512 32
5.5526012181836375 1.468188205736811 	idx: 3 4 3 64 512 32
5.5526012181836375 1.4535063236794428 	idx: 3 4 3 64 512 32
5.5526012181836375 1.4389712604426483 	idx: 3 4 3 64 512 32
5.5526012181836375 1.4245815478382218 	idx: 3 4 3 64 512 32
5.5526012181836375 1.4103357323598396 	idx: 3 4 3 64 512 32
5.5526012181836375 1.396232375036241 	idx: 3 4 3 64 512 32
5.5526012181836375 1.3822700512858788 	idx: 3 4 3 64 512 32
5.5526012181836375 1.36844735077302 	idx: 3 4 3 64 512 32
5.5526012181836375 1.3547628772652898 	idx: 3 4 3 64 512 32
5.5526012181836375 1.341215248492637 	idx: 3 4 3 64 512 32
5.5526012181836375 1.3278030960077105 	idx: 3 4 3 64 512 32
5.5526012181836375 1.3145250650476334 	idx: 3 4 3 64 512 32
5.5526012181836375 1.301379814397157 	idx: 3 4 3 64 512 32
5.5526012181836375 1.2883660162531856 	idx: 3 4 3 64 512 32
5.5526012181836375 1.2754823560906536 	idx: 3 4 3 64 512 32
5.5526012181836375 1.2627275325297471 	idx: 3 4 3 64 512 32
5.5526012181836375 1.2501002572044497 	idx: 3 4 3 64 512 32
5.5526012181836375 1.2375992546324053 	idx: 3 4 3 64 512 32
5.5526012181836375 1.2252232620860812 	idx: 3 4 3 64 512 32
5.5526012181836375 1.2129710294652205 	idx: 3 4 3 64 512 32
5.5526012181836375 1.2008413191705682 	idx: 3 4 3 64 512 32
5.5526012181836375 1.1888329059788625 	idx: 3 4 3 64 512 32
5.5526012181836375 1.1769445769190738 	idx: 3 4 3 64 512 32
5.5526012181836375 1.165175131149883 	idx: 3 4 3 64 512 32
5.5526012181836375 1.1535233798383842 	idx: 3 4 3 64 512 32
5.5526012181836375 1.1419881460400003 	idx: 3 4 3 64 512 32
5.5526012181836375 1.1305682645796002 	idx: 3 4 3 64 512 32
5.5526012181836375 1.1192625819338042 	idx: 3 4 3 64 512 32
5.5526012181836375 1.1080699561144662 	idx: 3 4 3 64 512 32
5.5863865307389124 1.0969892565533215 	idx: 2 6 3 16 512 64
5.602007965074069 1.0860193639877882 	idx: 4 6 3 16 512 32
5.602007965074069 1.0751591703479102 	idx: 4 6 3 16 512 32
5.602007965074069 1.0644075786444311 	idx: 4 6 3 16 512 32
5.602007965074069 1.0537635028579868 	idx: 4 6 3 16 512 32
5.602007965074069 1.0432258678294068 	idx: 4 6 3 16 512 32
5.602007965074069 1.0327936091511127 	idx: 4 6 3 16 512 32
5.602007965074069 1.0224656730596016 	idx: 4 6 3 16 512 32
5.602007965074069 1.0122410163290056 	idx: 4 6 3 16 512 32
5.602007965074069 1.0021186061657157 	idx: 4 6 3 16 512 32
###### ACC Parameters ######
cim type:    FPCIM
bus_width:   25.6
macros_row:  6
macros_col:  3
scr:         16
is_size:     512
os_size:     32
best=5.602007965074069, area=4666199.753439052 459
bert_base_sl512_FPCIM@ISSCC23_ee_running end at 1757781376.4598188
328.7050633159397 100 	idx: 3 3 2 2 128 128
358.563403241587 99.0 	idx: 0 3 1 4 256 32
442.65561808153376 98.01 	idx: 0 3 1 4 512 64
557.5696056415378 97.0299 	idx: 0 3 2 2 1024 32
932.3802914449777 96.059601 	idx: 0 3 2 4 2048 64
674.1715139714726 95.09900499 	idx: 0 2 2 8 2048 64
844.8004511721159 94.1480149401 	idx: 0 2 3 16 2048 32
844.8004511721159 93.206534790699 	idx: 0 2 3 16 2048 32
844.8004511721159 92.27446944279201 	idx: 0 2 3 16 2048 32
324.24777084943383 91.35172474836409 	idx: 0 1 4 16 2048 64
307.66897265660907 90.43820750088045 	idx: 0 2 5 32 1024 64
581.0710498592972 89.53382542587164 	idx: 4 6 3 8 128 512
317.2201258644505 88.63848717161292 	idx: 1 2 2 32 512 1024
566.2234048312755 87.75210229989679 	idx: 1 3 2 32 1024 1024
657.1938103327384 86.87458127689783 	idx: 1 4 1 16 1024 512
787.1918246088314 86.00583546412885 	idx: 1 4 1 16 2048 256
1458.2511554733692 85.14577710948755 	idx: 1 5 2 8 2048 256
1458.2511554733692 84.29431933839268 	idx: 1 5 2 8 2048 256
771.6219819978652 83.45137614500875 	idx: 1 5 1 4 1024 128
853.385058111958 82.61686238355867 	idx: 1 6 2 4 512 256
901.7263427195887 81.79069375972308 	idx: 1 5 2 2 1024 256
1019.8411780573148 80.97278682212585 	idx: 1 5 3 4 1024 128
1226.0446920433938 80.1630589539046 	idx: 1 4 2 4 2048 64
1236.824563666857 79.36142836436555 	idx: 0 4 2 16 2048 16
1461.1822981514094 78.56781408072189 	idx: 0 5 2 16 2048 32
1661.0652680248804 77.78213593991467 	idx: 0 6 2 16 2048 16
851.7648601807255 77.00431458051553 	idx: 1 4 3 4 1024 512
1239.0712685755364 76.23427143471037 	idx: 0 4 2 64 2048 16
780.3829650907119 75.47192872036327 	idx: 0 5 1 128 1024 16
921.256440621814 74.71720943315964 	idx: 3 3 2 2 2048 128
921.256440621814 73.97003733882804 	idx: 1 3 2 2 2048 128
817.7518976811896 73.23033696543976 	idx: 1 4 1 4 4096 64
933.0230402616012 72.49803359578536 	idx: 1 3 2 4 2048 128
1159.0107051847222 71.7730532598275 	idx: 1 3 3 4 2048 128
1233.2247507919496 71.05532272722922 	idx: 1 4 2 8 2048 64
1233.2247507919496 70.34476949995693 	idx: 1 4 2 8 2048 64
852.3582480064522 69.64132180495736 	idx: 1 4 3 16 1024 64
497.55651698116753 68.94490858690779 	idx: 1 3 3 16 512 32
451.393680560865 68.25545950103871 	idx: 1 2 3 8 1024 16
562.2897839743442 67.57290490602833 	idx: 1 3 2 4 1024 32
497.0053200687717 66.89717585696805 	idx: 1 3 3 4 512 32
497.0053200687717 66.22820409839836 	idx: 1 3 3 4 512 32
364.60111468450276 65.56592205741438 	idx: 1 3 2 8 256 64
314.66274929684977 64.91026283684023 	idx: 1 2 1 4 512 128
436.97465946849803 64.26116020847184 	idx: 1 3 1 2 512 64
640.2735543750382 63.618548606387115 	idx: 1 4 1 2 1024 32
898.4930339168676 62.98236312032324 	idx: 1 5 1 2 2048 32
1047.2309627322409 62.35253948912001 	idx: 1 6 2 4 1024 64
1175.5315731299518 61.72901409422881 	idx: 1 6 3 8 1024 64
1129.3646914557428 61.11172395328652 	idx: 1 7 2 8 1024 64
1010.4321850156589 60.500606713753655 	idx: 1 7 3 8 512 32
918.2709595142975 59.89560064661612 	idx: 1 7 2 4 512 64
918.2709595142975 59.29664464014996 	idx: 1 7 2 4 512 64
1047.6595707036474 58.70367819374846 	idx: 1 6 2 4 1024 128
1106.5405717800172 58.116641411810974 	idx: 1 7 2 2 1024 128
932.7148423836727 57.535474997692866 	idx: 1 6 3 2 512 128
734.3109795629184 56.960120247715935 	idx: 1 5 2 4 512 64
498.0982779159827 56.390519045238776 	idx: 1 6 1 8 256 128
692.2732395397765 55.82661385478639 	idx: 1 7 2 8 256 128
532.4683219227899 55.26834771623852 	idx: 1 8 1 16 256 256
760.9672419091291 54.71566423907614 	idx: 1 8 1 8 512 128
909.97743210535 54.16850759668538 	idx: 1 7 1 8 1024 128
696.2167261525395 53.62682252071853 	idx: 1 7 1 16 512 256
1053.633991928963 53.09055429551134 	idx: 1 6 2 32 1024 256
917.1728385050554 52.55964875255623 	idx: 1 7 1 32 1024 256
893.5775308028265 52.03405226503067 	idx: 1 6 1 32 1024 128
737.605403555719 51.51371174238036 	idx: 1 5 2 16 512 128
656.6049203641475 50.998574624956554 	idx: 1 4 1 16 1024 128
571.5754490660959 50.488588878706985 	idx: 1 4 1 16 512 128
458.1956100280377 49.98370298991991 	idx: 1 5 1 32 256 64
444.3924321113567 49.483865960020715 	idx: 1 5 2 16 128 32
494.74338116244917 48.98902730042051 	idx: 1 4 2 16 256 32
330.2758965137692 48.4991370274163 	idx: 1 3 2 8 128 16
474.70998178750324 48.01414565714214 	idx: 1 4 3 16 128 8
599.7605207128372 47.53400420057071 	idx: 1 5 2 8 256 16
404.079666037044 47.05866415856501 	idx: 1 4 2 8 128 16
330.3442608748159 46.58807751697936 	idx: 1 3 2 8 128 32
364.60111468450276 46.12219674180957 	idx: 1 3 2 8 256 64
221.98548221464617 45.66097477439147 	idx: 1 2 1 8 128 32
162.87321861227534 45.20436502664755 	idx: 1 3 1 8 64 64
404.3069611940682 44.752321376381076 	idx: 1 4 2 8 128 128
425.40620503899254 44.30479816261727 	idx: 1 4 1 8 256 64
425.40620503899254 43.861750180991095 	idx: 1 4 1 8 256 64
443.5919770473125 43.42313267918119 	idx: 1 5 2 4 128 128
399.7358319512534 42.98890135238938 	idx: 1 6 3 4 64 256
221.78081564021306 42.559012338865486 	idx: 1 6 3 2 32 512
221.78081564021306 42.133422215476834 	idx: 1 6 3 2 32 512
399.7358319512534 41.712087993322065 	idx: 1 6 3 4 64 512
399.7358319512534 41.29496711338884 	idx: 1 6 3 4 64 512
399.7358319512534 40.882017442254956 	idx: 1 6 3 4 64 512
159.31807890782218 40.473197267832404 	idx: 1 5 2 8 32 512
117.23858026934408 40.06846529515408 	idx: 1 4 3 8 16 512
84.47444450598418 39.66778064220254 	idx: 0 4 2 8 16 256
113.87251322808332 39.27110283578051 	idx: 1 2 3 4 16 256
82.10592100031198 38.8783918074227 	idx: 1 3 2 2 16 128
83.47226624011464 38.48960788934848 	idx: 1 3 1 4 32 256
236.86615582652016 38.104711810454994 	idx: 1 3 2 2 64 128
134.8492449942072 37.72366469235045 	idx: 1 2 2 2 32 128
113.98841004793165 37.34642804542694 	idx: 3 2 3 16 16 8
58.549463312220695 36.97296376497267 	idx: 3 1 4 8 16 16
76.94180039446478 36.60323412732294 	idx: 0 7 2 4 16 128
208.55243328757456 36.23720178604971 	idx: 0 7 3 4 32 256
156.51203834901375 35.874829768189215 	idx: 3 3 2 2 32 8
372.36411845792446 35.516081470507324 	idx: 0 5 3 4 64 128
290.74373848072884 35.16092065580225 	idx: 2 4 2 32 64 512
290.74373848072884 34.80931144924423 	idx: 2 4 2 32 64 512
290.74373848072884 34.461218334751784 	idx: 2 4 2 32 64 512
234.09796630271742 34.11660615140427 	idx: 0 2 3 4 128 64
270.3780320341547 33.775440089890225 	idx: 0 2 3 4 256 64
330.3442608748159 33.43768568899132 	idx: 0 3 2 8 128 32
330.3442608748159 33.10330883210141 	idx: 0 3 2 8 128 32
330.4306306321092 32.7722757437804 	idx: 0 3 2 8 128 64
330.4306306321092 32.44455298634259 	idx: 0 3 2 8 128 64
254.29602083714107 32.12010745647917 	idx: 0 2 2 8 256 128
178.01480555092328 31.798906381914374 	idx: 0 1 3 8 512 64
315.4386050399115 31.48091731809523 	idx: 0 2 2 4 512 32
315.4386050399115 31.16610814491428 	idx: 0 2 2 4 512 32
127.81712768980869 30.854447063465138 	idx: 0 1 2 2 256 64
135.58382543042853 30.545902592830487 	idx: 0 1 3 2 256 128
123.62248946860772 30.240443566902183 	idx: 1 3 4 64 32 16
135.63334680392728 29.93803913123316 	idx: 0 1 3 2 256 256
113.9497515708471 29.638658739920828 	idx: 3 2 3 8 16 32
123.47964198209615 29.34227215252162 	idx: 3 3 4 4 32 64
253.28415011085852 29.048849430996402 	idx: 0 2 2 2 256 512
228.64823878080827 28.758360936686437 	idx: 0 2 3 2 128 256
105.15604325682966 28.47077732731957 	idx: 0 1 4 2 256 256
79.02023145277464 28.186069554046373 	idx: 0 1 5 4 128 128
186.89313426938986 27.90420885850591 	idx: 0 2 4 8 128 64
173.15553677920948 27.625166769920853 	idx: 0 2 5 4 256 64
92.3765385223523 27.348915102221643 	idx: 0 1 4 4 128 32
169.8540325681828 27.075425951199424 	idx: 0 2 5 2 256 16
661.659767756218 26.804671691687428 	idx: 0 3 6 4 512 8
661.659767756218 26.536624974770554 	idx: 0 3 6 4 512 8
294.6863519837983 26.271258725022847 	idx: 0 3 5 2 512 4
564.6212166891542 26.00854613777262 	idx: 2 8 2 16 128 8
528.1283457810532 25.748460676394892 	idx: 2 9 2 8 128 8
820.4540835631939 25.490976069630943 	idx: 0 3 6 4 1024 16
820.4540835631939 25.23606630893463 	idx: 0 3 6 4 1024 16
1099.105665624483 24.983705645845284 	idx: 2 9 2 16 512 4
719.8155970909419 24.73386858938683 	idx: 2 9 1 8 512 8
1132.1925474116817 24.48652990349296 	idx: 2 8 2 8 512 4
1366.2826039820554 24.24166460445803 	idx: 2 8 2 4 1024 2
1733.5058171974129 23.99924795841345 	idx: 2 7 2 4 2048 2
1173.9895766061138 23.759255478829314 	idx: 2 6 3 4 1024 4
1173.9895766061138 23.52166292404102 	idx: 2 6 3 4 1024 4
798.8147202940584 23.28644629480061 	idx: 2 5 4 4 1024 8
684.589195324598 23.053581831852604 	idx: 2 4 4 4 1024 4
798.8085398137391 22.82304601353408 	idx: 2 5 4 4 1024 2
798.8085398137391 22.59481555339874 	idx: 2 5 4 4 1024 2
683.6815992708359 22.36886739786475 	idx: 2 4 4 2 1024 2
1498.5566629697723 22.145178723886104 	idx: 2 4 3 2 2048 4
1754.032998124661 21.923726936647242 	idx: 2 5 3 2 2048 8
1753.973401148165 21.704489667280768 	idx: 2 5 3 2 2048 4
1753.973401148165 21.48744477060796 	idx: 2 5 3 2 2048 4
1753.973401148165 21.27257032290188 	idx: 2 5 3 2 2048 4
1753.973401148165 21.059844619672862 	idx: 2 5 3 2 2048 4
1016.7103386996058 20.849246173476132 	idx: 2 5 3 2 1024 4
1625.5167741992784 20.64075371174137 	idx: 1 6 2 2 2048 32
1625.5167741992784 20.434346174623958 	idx: 1 6 2 2 2048 32
1625.5167741992784 20.230002712877717 	idx: 1 6 2 2 2048 32
1625.5167741992784 20.027702685748938 	idx: 1 6 2 2 2048 32
1074.8263954881406 19.82742565889145 	idx: 1 7 1 4 2048 32
1019.1852454833733 19.629151402302536 	idx: 1 8 1 2 1024 32
1090.8817581845963 19.43285988827951 	idx: 1 9 2 4 512 64
962.5652777372711 19.238531289396715 	idx: 1 8 3 2 256 64
962.5652777372711 19.046145976502746 	idx: 1 8 3 2 256 64
793.2260117762547 18.855684516737718 	idx: 1 8 2 4 256 32
917.8719853962285 18.66712767157034 	idx: 1 7 2 4 512 16
852.3461592440566 18.480456394854638 	idx: 1 6 2 4 512 8
882.9707052964666 18.295651830906092 	idx: 1 6 1 4 1024 4
882.9707052964666 18.11269531259703 	idx: 1 6 1 4 1024 4
883.0113684210527 17.931568359471058 	idx: 1 6 1 4 1024 8
889.1038747310794 17.752252675876345 	idx: 1 6 1 8 1024 4
1130.9319996876725 17.57473014911758 	idx: 2 2 6 4 2048 4
1130.9319996876725 17.398982847626407 	idx: 2 2 6 4 2048 4
1208.3102036210907 17.22499301915014 	idx: 1 4 2 2 2048 2
1498.5566629697723 17.05274308895864 	idx: 1 4 3 2 2048 4
1498.5566629697723 16.882215658069054 	idx: 1 4 3 2 2048 4
1498.5566629697723 16.713393501488362 	idx: 1 4 3 2 2048 4
1428.3739333839903 16.546259566473477 	idx: 1 5 2 2 2048 2
1428.3739333839903 16.380796970808742 	idx: 1 5 2 2 2048 2
1079.7961691339226 16.216989001100654 	idx: 2 2 6 2 2048 4
935.3716693691141 16.054819111089646 	idx: 1 6 3 8 512 2
909.6795418495594 15.89427091997875 	idx: 1 5 2 8 1024 4
1225.2537638256463 15.735328210778961 	idx: 1 4 2 4 2048 4
1225.2537638256463 15.577974928671171 	idx: 1 4 2 4 2048 4
1019.6438707011139 15.42219517938446 	idx: 1 5 3 4 1024 8
1019.6438707011139 15.267973227590614 	idx: 1 5 3 4 1024 8
1225.2537638256463 15.115293495314708 	idx: 1 4 2 4 2048 4
758.888926792723 14.96414056036156 	idx: 1 5 1 2 1024 4
1169.4570497676789 14.814499154757945 	idx: 3 2 6 16 2048 8
1169.4570497676789 14.666354163210364 	idx: 3 2 6 16 2048 8
1169.4570497676789 14.519690621578262 	idx: 3 2 6 16 2048 8
1169.4570497676789 14.374493715362478 	idx: 3 2 6 16 2048 8
1447.7209640131018 14.230748778208852 	idx: 1 5 2 4 2048 2
1447.7209640131018 14.088441290426763 	idx: 1 5 2 4 2048 2
1762.6921763615064 13.947556877522496 	idx: 1 5 3 4 2048 2
1762.6921763615064 13.808081308747271 	idx: 1 5 3 4 2048 2
1655.368605924664 13.670000495659798 	idx: 1 6 2 8 2048 4
1655.368605924664 13.5333004907032 	idx: 1 6 2 8 2048 4
1169.4570497676789 13.397967485796167 	idx: 3 2 6 16 2048 8
1169.4570497676789 13.263987810938206 	idx: 3 2 6 16 2048 8
912.3585000142749 13.131347932828824 	idx: 1 5 2 64 1024 16
912.3585000142749 13.000034453500536 	idx: 1 5 2 64 1024 16
912.3585000142749 12.87003410896553 	idx: 1 5 2 64 1024 16
1169.4570497676789 12.741333767875876 	idx: 3 2 6 16 2048 4
1169.4570497676789 12.613920430197117 	idx: 3 2 6 16 2048 4
1169.4570497676789 12.487781225895146 	idx: 3 2 6 16 2048 4
1661.00496915625 12.362903413636195 	idx: 1 6 2 16 2048 4
1661.00496915625 12.239274379499832 	idx: 1 6 2 16 2048 4
1661.00496915625 12.116881635704834 	idx: 1 6 2 16 2048 4
1661.00496915625 11.995712819347785 	idx: 1 6 2 16 2048 4
1128.970773164326 11.875755691154307 	idx: 1 7 2 8 1024 8
882.9707052964666 11.756998134242764 	idx: 1 6 1 4 1024 4
1046.8546873708178 11.639428152900336 	idx: 1 6 2 4 1024 8
1046.9077633843362 11.523033871371332 	idx: 1 6 2 4 1024 16
1046.9077633843362 11.407803532657619 	idx: 1 6 2 4 1024 16
932.3280462851542 11.293725497331042 	idx: 1 6 3 2 512 16
932.3280462851542 11.180788242357732 	idx: 1 6 3 2 512 16
932.383098168871 11.068980359934155 	idx: 1 6 3 2 512 32
934.4274173897505 10.958290556334813 	idx: 1 6 3 4 512 32
1253.3904433664372 10.848707650771464 	idx: 1 7 3 2 1024 16
1253.5613563074824 10.74022057426375 	idx: 1 7 3 2 1024 32
1253.5613563074824 10.632818368521113 	idx: 1 7 3 2 1024 32
1253.5613563074824 10.526490184835902 	idx: 1 7 3 2 1024 32
1110.6552662544968 10.421225282987542 	idx: 1 8 2 2 512 16
1110.6552662544968 10.317013030157668 	idx: 1 8 2 2 512 16
1110.6552662544968 10.213842899856092 	idx: 1 8 2 2 512 16
1110.6552662544968 10.11170447085753 	idx: 1 8 2 2 512 16
1110.6552662544968 10.010587426148955 	idx: 1 8 2 2 512 16
1110.6552662544968 9.910481551887466 	idx: 1 8 2 2 512 16
1110.6552662544968 9.811376736368592 	idx: 1 8 2 2 512 16
1043.405707343922 9.713262969004907 	idx: 1 8 1 4 1024 16
1043.405707343922 9.616130339314857 	idx: 1 8 1 4 1024 16
1043.405707343922 9.519969035921708 	idx: 1 8 1 4 1024 16
1168.0966195234935 9.42476934556249 	idx: 1 9 1 4 2048 8
1366.3827504237568 9.330521652106865 	idx: 1 8 2 4 1024 8
1366.3827504237568 9.237216435585797 	idx: 1 8 2 4 1024 8
1366.3827504237568 9.144844271229939 	idx: 1 8 2 4 1024 8
1366.3827504237568 9.053395828517639 	idx: 1 8 2 4 1024 8
1691.7475973718774 8.962861870232462 	idx: 1 7 2 2 2048 16
1691.7475973718774 8.873233251530138 	idx: 1 7 2 2 2048 16
1691.2217778416207 8.784500919014837 	idx: 1 7 2 2 2048 8
1691.2217778416207 8.696655909824688 	idx: 1 7 2 2 2048 8
1691.2217778416207 8.609689350726441 	idx: 1 7 2 2 2048 8
1691.2217778416207 8.523592457219177 	idx: 1 7 2 2 2048 8
1645.9432367658258 8.438356532646985 	idx: 1 6 2 4 2048 8
1734.3928876024088 8.353972967320516 	idx: 2 7 2 4 2048 32
1734.3928876024088 8.27043323764731 	idx: 2 7 2 4 2048 32
1734.3928876024088 8.187728905270838 	idx: 2 7 2 4 2048 32
1734.3928876024088 8.105851616218128 	idx: 2 7 2 4 2048 32
1734.3928876024088 8.024793100055946 	idx: 2 7 2 4 2048 32
1734.3928876024088 7.944545169055387 	idx: 2 7 2 4 2048 32
1734.3928876024088 7.865099717364833 	idx: 2 7 2 4 2048 32
1734.3928876024088 7.786448720191185 	idx: 2 7 2 4 2048 32
1734.3928876024088 7.708584232989273 	idx: 2 7 2 4 2048 32
1734.3928876024088 7.63149839065938 	idx: 2 7 2 4 2048 32
1734.3928876024088 7.5551834067527865 	idx: 2 7 2 4 2048 32
1734.3928876024088 7.479631572685259 	idx: 2 7 2 4 2048 32
1734.3928876024088 7.404835256958406 	idx: 2 7 2 4 2048 32
1734.3928876024088 7.330786904388821 	idx: 2 7 2 4 2048 32
1734.3928876024088 7.257479035344933 	idx: 2 7 2 4 2048 32
1734.3928876024088 7.1849042449914835 	idx: 2 7 2 4 2048 32
1734.3928876024088 7.1130552025415685 	idx: 2 7 2 4 2048 32
1734.3928876024088 7.041924650516153 	idx: 2 7 2 4 2048 32
1734.3928876024088 6.971505404010991 	idx: 2 7 2 4 2048 32
1734.3928876024088 6.901790349970882 	idx: 2 7 2 4 2048 32
1734.3928876024088 6.832772446471173 	idx: 2 7 2 4 2048 32
1734.3928876024088 6.764444722006462 	idx: 2 7 2 4 2048 32
1734.3928876024088 6.696800274786397 	idx: 2 7 2 4 2048 32
1734.3928876024088 6.6298322720385325 	idx: 2 7 2 4 2048 32
1734.3928876024088 6.563533949318147 	idx: 2 7 2 4 2048 32
1734.3928876024088 6.497898609824966 	idx: 2 7 2 4 2048 32
1734.3928876024088 6.432919623726716 	idx: 2 7 2 4 2048 32
1734.3928876024088 6.3685904274894485 	idx: 2 7 2 4 2048 32
1734.3928876024088 6.304904523214554 	idx: 2 7 2 4 2048 32
1734.3928876024088 6.2418554779824085 	idx: 2 7 2 4 2048 32
1734.3928876024088 6.1794369232025845 	idx: 2 7 2 4 2048 32
1734.3928876024088 6.117642553970558 	idx: 2 7 2 4 2048 32
1734.3928876024088 6.056466128430853 	idx: 2 7 2 4 2048 32
1734.3928876024088 5.9959014671465445 	idx: 2 7 2 4 2048 32
1734.3928876024088 5.935942452475079 	idx: 2 7 2 4 2048 32
1734.3928876024088 5.8765830279503275 	idx: 2 7 2 4 2048 32
1734.3928876024088 5.817817197670824 	idx: 2 7 2 4 2048 32
1734.3928876024088 5.759639025694116 	idx: 2 7 2 4 2048 32
1734.3928876024088 5.7020426354371745 	idx: 2 7 2 4 2048 32
1734.3928876024088 5.645022209082803 	idx: 2 7 2 4 2048 32
1734.3928876024088 5.588571986991974 	idx: 2 7 2 4 2048 32
1734.3928876024088 5.532686267122054 	idx: 2 7 2 4 2048 32
1734.3928876024088 5.477359404450834 	idx: 2 7 2 4 2048 32
1734.3928876024088 5.422585810406325 	idx: 2 7 2 4 2048 32
1734.3928876024088 5.368359952302262 	idx: 2 7 2 4 2048 32
1734.3928876024088 5.314676352779239 	idx: 2 7 2 4 2048 32
1734.3928876024088 5.261529589251447 	idx: 2 7 2 4 2048 32
1762.7222713261879 5.208914293358933 	idx: 0 5 3 4 2048 8
1734.3928876024088 5.156825150425344 	idx: 2 7 2 4 2048 32
1734.3928876024088 5.10525689892109 	idx: 2 7 2 4 2048 32
1734.3928876024088 5.0542043299318795 	idx: 2 7 2 4 2048 32
1734.3928876024088 5.003662286632561 	idx: 2 7 2 4 2048 32
1734.3928876024088 4.953625663766235 	idx: 2 7 2 4 2048 32
1734.3928876024088 4.9040894071285726 	idx: 2 7 2 4 2048 32
1734.3928876024088 4.8550485130572865 	idx: 2 7 2 4 2048 32
1734.3928876024088 4.806498027926714 	idx: 2 7 2 4 2048 32
1734.3928876024088 4.758433047647447 	idx: 2 7 2 4 2048 32
1734.3928876024088 4.710848717170973 	idx: 2 7 2 4 2048 32
1734.3928876024088 4.663740229999263 	idx: 2 7 2 4 2048 32
1734.3928876024088 4.61710282769927 	idx: 2 7 2 4 2048 32
1734.3928876024088 4.570931799422278 	idx: 2 7 2 4 2048 32
1734.3928876024088 4.525222481428055 	idx: 2 7 2 4 2048 32
1733.9208651062004 4.4799702566137745 	idx: 2 7 2 4 2048 16
1733.9208651062004 4.4351705540476365 	idx: 2 7 2 4 2048 16
1733.9208651062004 4.39081884850716 	idx: 2 7 2 4 2048 16
1661.1447595866252 4.346910660022088 	idx: 0 6 2 16 2048 32
1661.1447595866252 4.303441553421867 	idx: 0 6 2 16 2048 32
1762.7022079022192 4.260407137887648 	idx: 2 5 3 4 2048 4
1762.7022079022192 4.217803066508771 	idx: 2 5 3 4 2048 4
1762.7022079022192 4.175625035843683 	idx: 2 5 3 4 2048 4
1762.7022079022192 4.133868785485246 	idx: 2 5 3 4 2048 4
1762.7022079022192 4.0925300976303935 	idx: 2 5 3 4 2048 4
1762.7022079022192 4.05160479665409 	idx: 2 5 3 4 2048 4
1762.7022079022192 4.011088748687548 	idx: 2 5 3 4 2048 4
1762.7022079022192 3.970977861200673 	idx: 2 5 3 4 2048 4
1762.7022079022192 3.9312680825886663 	idx: 2 5 3 4 2048 4
1753.973401148165 3.8919554017627798 	idx: 2 5 3 2 2048 4
1753.973401148165 3.853035847745152 	idx: 2 5 3 2 2048 4
1753.973401148165 3.8145054892677006 	idx: 2 5 3 2 2048 4
1753.973401148165 3.7763604343750234 	idx: 2 5 3 2 2048 4
1753.973401148165 3.7385968300312733 	idx: 2 5 3 2 2048 4
1753.973401148165 3.7012108617309605 	idx: 2 5 3 2 2048 4
1753.973401148165 3.664198753113651 	idx: 2 5 3 2 2048 4
1753.973401148165 3.6275567655825145 	idx: 2 5 3 2 2048 4
1753.973401148165 3.591281197926689 	idx: 2 5 3 2 2048 4
1753.973401148165 3.555368385947422 	idx: 2 5 3 2 2048 4
1753.973401148165 3.519814702087948 	idx: 2 5 3 2 2048 4
1753.973401148165 3.4846165550670687 	idx: 2 5 3 2 2048 4
1762.7022079022192 3.449770389516398 	idx: 4 5 3 4 2048 4
1762.7022079022192 3.415272685621234 	idx: 4 5 3 4 2048 4
1762.7222713261879 3.3811199587650216 	idx: 2 5 3 4 2048 8
1762.7222713261879 3.347308759177371 	idx: 2 5 3 4 2048 8
1762.7222713261879 3.3138356715855974 	idx: 2 5 3 4 2048 8
1762.7222713261879 3.2806973148697414 	idx: 2 5 3 4 2048 8
1762.7222713261879 3.247890341721044 	idx: 2 5 3 4 2048 8
1762.7222713261879 3.2154114383038332 	idx: 2 5 3 4 2048 8
1762.7222713261879 3.183257323920795 	idx: 2 5 3 4 2048 8
1762.7222713261879 3.1514247506815867 	idx: 2 5 3 4 2048 8
1762.7222713261879 3.1199105031747707 	idx: 2 5 3 4 2048 8
1762.7222713261879 3.088711398143023 	idx: 2 5 3 4 2048 8
1762.7222713261879 3.0578242841615926 	idx: 2 5 3 4 2048 8
1762.7222713261879 3.0272460413199767 	idx: 2 5 3 4 2048 8
1762.7222713261879 2.996973580906777 	idx: 2 5 3 4 2048 8
1762.7222713261879 2.967003845097709 	idx: 2 5 3 4 2048 8
1762.7222713261879 2.9373338066467323 	idx: 2 5 3 4 2048 8
1762.7222713261879 2.907960468580265 	idx: 2 5 3 4 2048 8
1762.7022079022192 2.8788808638944623 	idx: 4 5 3 4 2048 4
1762.7022079022192 2.8500920552555176 	idx: 4 5 3 4 2048 4
1762.7022079022192 2.8215911347029623 	idx: 4 5 3 4 2048 4
1762.7022079022192 2.7933752233559326 	idx: 4 5 3 4 2048 4
1762.7022079022192 2.765441471122373 	idx: 4 5 3 4 2048 4
1762.6921763615064 2.7377870564111495 	idx: 0 5 3 4 2048 2
1762.6921763615064 2.710409185847038 	idx: 0 5 3 4 2048 2
1762.6921763615064 2.6833050939885674 	idx: 0 5 3 4 2048 2
1762.6921763615064 2.656472043048682 	idx: 0 5 3 4 2048 2
1762.6921763615064 2.629907322618195 	idx: 0 5 3 4 2048 2
1762.6921763615064 2.603608249392013 	idx: 0 5 3 4 2048 2
1762.6921763615064 2.577572166898093 	idx: 0 5 3 4 2048 2
1762.6921763615064 2.551796445229112 	idx: 0 5 3 4 2048 2
1762.6921763615064 2.526278480776821 	idx: 0 5 3 4 2048 2
1762.6921763615064 2.501015695969053 	idx: 0 5 3 4 2048 2
1762.6921763615064 2.4760055390093623 	idx: 0 5 3 4 2048 2
1762.6921763615064 2.4512454836192688 	idx: 0 5 3 4 2048 2
1762.6921763615064 2.426733028783076 	idx: 0 5 3 4 2048 2
1762.6921763615064 2.402465698495245 	idx: 0 5 3 4 2048 2
1762.6921763615064 2.3784410415102926 	idx: 0 5 3 4 2048 2
1762.6921763615064 2.3546566310951897 	idx: 0 5 3 4 2048 2
1762.7022079022192 2.3311100647842378 	idx: 4 5 3 4 2048 4
1762.7022079022192 2.307798964136395 	idx: 4 5 3 4 2048 4
1762.7022079022192 2.2847209744950314 	idx: 4 5 3 4 2048 4
1762.7022079022192 2.261873764750081 	idx: 4 5 3 4 2048 4
1762.7022079022192 2.23925502710258 	idx: 4 5 3 4 2048 4
1762.7022079022192 2.2168624768315546 	idx: 4 5 3 4 2048 4
1762.7022079022192 2.194693852063239 	idx: 4 5 3 4 2048 4
1762.7022079022192 2.1727469135426065 	idx: 4 5 3 4 2048 4
1762.7022079022192 2.1510194444071806 	idx: 4 5 3 4 2048 4
1762.7022079022192 2.129509249963109 	idx: 4 5 3 4 2048 4
1762.7022079022192 2.108214157463478 	idx: 4 5 3 4 2048 4
1762.7022079022192 2.087132015888843 	idx: 4 5 3 4 2048 4
1762.7022079022192 2.0662606957299547 	idx: 4 5 3 4 2048 4
1762.7022079022192 2.045598088772655 	idx: 4 5 3 4 2048 4
1762.7022079022192 2.0251421078849283 	idx: 4 5 3 4 2048 4
1762.7022079022192 2.004890686806079 	idx: 4 5 3 4 2048 4
1762.7022079022192 1.9848417799380185 	idx: 4 5 3 4 2048 4
1762.7022079022192 1.9649933621386382 	idx: 4 5 3 4 2048 4
1762.7022079022192 1.9453434285172517 	idx: 4 5 3 4 2048 4
1762.7022079022192 1.9258899942320793 	idx: 4 5 3 4 2048 4
1762.7022079022192 1.9066310942897584 	idx: 4 5 3 4 2048 4
1762.7022079022192 1.8875647833468607 	idx: 4 5 3 4 2048 4
1762.7022079022192 1.868689135513392 	idx: 4 5 3 4 2048 4
1762.7022079022192 1.8500022441582582 	idx: 4 5 3 4 2048 4
1762.7022079022192 1.8315022217166756 	idx: 4 5 3 4 2048 4
1762.7022079022192 1.8131871994995088 	idx: 4 5 3 4 2048 4
1762.7022079022192 1.7950553275045138 	idx: 4 5 3 4 2048 4
1762.7022079022192 1.7771047742294686 	idx: 4 5 3 4 2048 4
1762.7022079022192 1.7593337264871738 	idx: 4 5 3 4 2048 4
1762.7022079022192 1.741740389222302 	idx: 4 5 3 4 2048 4
1762.7022079022192 1.724322985330079 	idx: 4 5 3 4 2048 4
1762.7022079022192 1.7070797554767783 	idx: 4 5 3 4 2048 4
1762.7022079022192 1.6900089579220106 	idx: 4 5 3 4 2048 4
1762.7022079022192 1.6731088683427904 	idx: 4 5 3 4 2048 4
1762.7022079022192 1.6563777796593624 	idx: 4 5 3 4 2048 4
1762.7022079022192 1.6398140018627687 	idx: 4 5 3 4 2048 4
1762.7022079022192 1.623415861844141 	idx: 4 5 3 4 2048 4
1762.7022079022192 1.6071817032256996 	idx: 4 5 3 4 2048 4
1762.7022079022192 1.5911098861934427 	idx: 4 5 3 4 2048 4
1762.7022079022192 1.5751987873315083 	idx: 4 5 3 4 2048 4
1762.7022079022192 1.5594467994581933 	idx: 4 5 3 4 2048 4
1762.7022079022192 1.5438523314636114 	idx: 4 5 3 4 2048 4
1762.7022079022192 1.5284138081489753 	idx: 4 5 3 4 2048 4
1762.7022079022192 1.5131296700674854 	idx: 4 5 3 4 2048 4
1762.7022079022192 1.4979983733668105 	idx: 4 5 3 4 2048 4
1762.7022079022192 1.4830183896331424 	idx: 4 5 3 4 2048 4
1762.7022079022192 1.468188205736811 	idx: 4 5 3 4 2048 4
1762.7022079022192 1.4535063236794428 	idx: 4 5 3 4 2048 4
1762.7022079022192 1.4389712604426483 	idx: 4 5 3 4 2048 4
1762.7022079022192 1.4245815478382218 	idx: 4 5 3 4 2048 4
1762.7022079022192 1.4103357323598396 	idx: 4 5 3 4 2048 4
1762.7022079022192 1.396232375036241 	idx: 4 5 3 4 2048 4
1762.7022079022192 1.3822700512858788 	idx: 4 5 3 4 2048 4
1762.7022079022192 1.36844735077302 	idx: 4 5 3 4 2048 4
1762.7022079022192 1.3547628772652898 	idx: 4 5 3 4 2048 4
1762.7022079022192 1.341215248492637 	idx: 4 5 3 4 2048 4
1762.7022079022192 1.3278030960077105 	idx: 4 5 3 4 2048 4
1762.7022079022192 1.3145250650476334 	idx: 4 5 3 4 2048 4
1762.7022079022192 1.301379814397157 	idx: 4 5 3 4 2048 4
1762.7022079022192 1.2883660162531856 	idx: 4 5 3 4 2048 4
1762.7022079022192 1.2754823560906536 	idx: 4 5 3 4 2048 4
1762.7022079022192 1.2627275325297471 	idx: 4 5 3 4 2048 4
1762.7022079022192 1.2501002572044497 	idx: 4 5 3 4 2048 4
1762.7022079022192 1.2375992546324053 	idx: 4 5 3 4 2048 4
1762.7022079022192 1.2252232620860812 	idx: 4 5 3 4 2048 4
1762.7022079022192 1.2129710294652205 	idx: 4 5 3 4 2048 4
1762.7022079022192 1.2008413191705682 	idx: 4 5 3 4 2048 4
1762.7022079022192 1.1888329059788625 	idx: 4 5 3 4 2048 4
1762.7022079022192 1.1769445769190738 	idx: 4 5 3 4 2048 4
1762.7022079022192 1.165175131149883 	idx: 4 5 3 4 2048 4
1762.7022079022192 1.1535233798383842 	idx: 4 5 3 4 2048 4
1762.7022079022192 1.1419881460400003 	idx: 4 5 3 4 2048 4
1762.7022079022192 1.1305682645796002 	idx: 4 5 3 4 2048 4
1762.7022079022192 1.1192625819338042 	idx: 4 5 3 4 2048 4
1762.7022079022192 1.1080699561144662 	idx: 4 5 3 4 2048 4
1762.7022079022192 1.0969892565533215 	idx: 4 5 3 4 2048 4
1762.7022079022192 1.0860193639877882 	idx: 4 5 3 4 2048 4
1762.7022079022192 1.0751591703479102 	idx: 4 5 3 4 2048 4
1762.7022079022192 1.0644075786444311 	idx: 4 5 3 4 2048 4
1762.7022079022192 1.0537635028579868 	idx: 4 5 3 4 2048 4
1762.7022079022192 1.0432258678294068 	idx: 4 5 3 4 2048 4
1762.7022079022192 1.0327936091511127 	idx: 4 5 3 4 2048 4
1762.7022079022192 1.0224656730596016 	idx: 4 5 3 4 2048 4
1762.7022079022192 1.0122410163290056 	idx: 4 5 3 4 2048 4
1762.7022079022192 1.0021186061657157 	idx: 4 5 3 4 2048 4
###### ACC Parameters ######
cim type:    FPCIM
bus_width:   25.6
macros_row:  5
macros_col:  3
scr:         4
is_size:     2048
os_size:     4
best=1762.7022079022192, area=4881863.409758637 459
bert_base_sl512_FPCIM@ISSCC23_tt_running start at 1757783136.2555158
626.3982563973324 100 	idx: 4 4 2 2 32 256
749.6182757594188 99.0 	idx: 4 5 1 2 64 128
727.2277103263532 98.01 	idx: 4 4 1 4 128 128
968.9497764803469 97.0299 	idx: 4 5 1 8 256 128
1489.0414369237938 96.059601 	idx: 4 5 2 4 256 256
1758.9122568983194 95.09900499 	idx: 4 5 2 8 512 512
1254.386139150557 94.1480149401 	idx: 4 6 1 16 256 1024
1208.1274817199592 93.206534790699 	idx: 4 6 1 32 128 512
1237.1164063104882 92.27446944279201 	idx: 1 4 4 8 64 32
1305.938784664349 91.35172474836409 	idx: 4 4 2 16 64 128
1554.0838677605313 90.43820750088045 	idx: 4 5 2 32 64 256
1967.1557883217386 89.53382542587164 	idx: 4 6 2 16 128 512
1967.1557883217386 88.63848717161292 	idx: 4 6 2 16 128 512
1634.3652936862002 87.75210229989679 	idx: 2 5 3 16 2 8
2231.107953963018 86.87458127689783 	idx: 4 6 2 32 512 512
2231.107953963018 86.00583546412885 	idx: 4 6 2 32 512 512
2231.107953963018 85.14577710948755 	idx: 4 6 2 32 512 512
2078.002986025134 84.29431933839268 	idx: 4 6 2 32 256 256
1671.2760453849653 83.45137614500875 	idx: 2 6 3 8 4 16
1821.2316159509046 82.61686238355867 	idx: 4 5 3 16 128 64
1542.7224573633046 81.79069375972308 	idx: 4 5 2 32 64 64
2082.6493842358163 80.97278682212585 	idx: 2 6 3 16 16 8
2082.6493842358163 80.1630589539046 	idx: 2 6 3 16 16 8
1829.9090347209599 79.36142836436555 	idx: 2 6 2 32 32 4
1830.1801848483278 78.56781408072189 	idx: 2 6 2 32 32 8
1830.1801848483278 77.78213593991467 	idx: 2 6 2 32 32 8
2062.0498964502194 77.00431458051553 	idx: 2 7 3 16 32 16
2109.505793302025 76.23427143471037 	idx: 2 6 3 16 32 8
1539.2070728423557 75.47192872036327 	idx: 2 5 2 32 64 4
1513.1762884350878 74.71720943315964 	idx: 4 5 2 32 32 64
1923.314427538454 73.97003733882804 	idx: 2 7 2 32 128 2
1910.904498717215 73.23033696543976 	idx: 4 6 2 64 32 128
1910.904498717215 72.49803359578536 	idx: 4 6 2 64 32 128
1910.904498717215 71.7730532598275 	idx: 4 6 2 64 32 128
1378.0497524561024 71.05532272722922 	idx: 1 2 6 64 128 16
1546.8449798141496 70.34476949995693 	idx: 2 4 2 64 512 4
1378.0497524561024 69.64132180495736 	idx: 1 2 6 64 128 16
1969.5883292114079 68.94490858690779 	idx: 4 6 2 32 128 64
1858.5311235150677 68.25545950103871 	idx: 4 5 3 32 64 64
1658.0652366198715 67.57290490602833 	idx: 4 5 4 16 32 128
1299.5167443175437 66.89717585696805 	idx: 4 5 4 8 16 128
1503.3218576752067 66.22820409839836 	idx: 3 5 3 8 64 512
1843.5656975413215 65.56592205741438 	idx: 2 4 3 64 128 256
1945.685454273975 64.91026283684023 	idx: 4 5 3 32 128 64
1628.8677830178376 64.26116020847184 	idx: 4 4 3 32 64 32
1385.2940970045681 63.618548606387115 	idx: 0 3 4 64 2 64
1303.6534514085756 62.98236312032324 	idx: 3 5 2 8 64 256
1727.4372438788328 62.35253948912001 	idx: 3 5 3 16 64 128
1946.3927317199325 61.72901409422881 	idx: 3 6 2 16 128 256
1946.3927317199325 61.11172395328652 	idx: 3 6 2 16 128 256
1945.2088963436256 60.500606713753655 	idx: 3 7 2 32 128 128
2055.72486128498 59.89560064661612 	idx: 4 5 4 8 512 128
2078.002986025134 59.29664464014996 	idx: 3 6 2 32 256 256
2159.0075667884903 58.70367819374846 	idx: 4 4 3 16 1024 256
2078.002986025134 58.116641411810974 	idx: 3 6 2 32 256 256
2231.107953963018 57.535474997692866 	idx: 3 6 2 32 512 512
1415.9023726067167 56.960120247715935 	idx: 3 7 1 16 1024 512
1689.9412837660316 56.390519045238776 	idx: 3 8 1 16 1024 256
1704.2814054697415 55.82661385478639 	idx: 3 9 1 32 1024 128
1696.6119603350303 55.26834771623852 	idx: 3 10 1 32 512 256
1843.4627249427942 54.71566423907614 	idx: 3 10 1 16 1024 256
1845.5125227106475 54.16850759668538 	idx: 3 11 1 8 512 256
1703.2721009070228 53.62682252071853 	idx: 3 10 1 8 512 512
1875.2197433719318 53.09055429551134 	idx: 3 11 1 16 512 256
1840.2930917227914 52.55964875255623 	idx: 4 4 4 4 512 512
1829.489991385358 52.03405226503067 	idx: 3 11 1 8 512 128
2007.0060680736783 51.51371174238036 	idx: 3 11 1 8 1024 64
2135.4431652570147 50.998574624956554 	idx: 1 4 3 2 1024 2
2016.6740992276948 50.488588878706985 	idx: 1 4 4 4 1024 2
2012.5957256233673 49.98370298991991 	idx: 3 12 1 16 1024 128
2042.981079805775 49.483865960020715 	idx: 1 3 6 16 512 2
2042.981079805775 48.98902730042051 	idx: 1 3 6 16 512 2
1827.6863076897937 48.4991370274163 	idx: 3 10 1 8 1024 128
1787.797800402268 48.01414565714214 	idx: 3 11 1 4 512 128
2007.0060680736783 47.53400420057071 	idx: 3 11 1 8 1024 64
1787.797800402268 47.05866415856501 	idx: 3 11 1 4 512 128
1664.8082374382705 46.58807751697936 	idx: 3 11 1 4 256 128
1979.2135508574968 46.12219674180957 	idx: 3 10 2 4 128 64
1298.6885300890835 45.66097477439147 	idx: 3 10 1 2 64 64
1600.1770215363485 45.20436502664755 	idx: 1 2 6 8 1024 4
1952.2266261921627 44.752321376381076 	idx: 3 11 2 4 64 64
1600.1770215363485 44.30479816261727 	idx: 1 2 6 8 1024 4
2041.5619688887987 43.861750180991095 	idx: 1 3 6 8 1024 4
2041.5619688887987 43.42313267918119 	idx: 1 3 6 8 1024 4
1633.203865144221 42.98890135238938 	idx: 1 3 5 4 2048 8
1696.2545949958253 42.559012338865486 	idx: 3 12 1 8 256 128
1708.0161124477822 42.133422215476834 	idx: 3 12 1 8 256 256
1877.9169348384532 41.712087993322065 	idx: 3 11 1 8 512 512
1688.0142669929899 41.29496711338884 	idx: 3 10 1 16 512 256
1704.2814054697415 40.882017442254956 	idx: 3 9 1 32 1024 128
2707.1633133023433 40.473197267832404 	idx: 3 8 2 16 512 64
2289.4542311781797 40.06846529515408 	idx: 3 7 2 8 1024 64
2289.4542311781797 39.66778064220254 	idx: 3 7 2 8 1024 64
2208.371088968159 39.27110283578051 	idx: 3 7 2 4 1024 64
1732.7247823084024 38.8783918074227 	idx: 3 6 2 2 512 128
1439.9931335776635 38.48960788934848 	idx: 4 2 6 8 512 512
2285.2481573150917 38.104711810454994 	idx: 3 6 2 2 2048 64
2714.7543795421125 37.72366469235045 	idx: 3 6 3 4 1024 128
2714.7543795421125 37.34642804542694 	idx: 3 6 3 4 1024 128
2714.7543795421125 36.97296376497267 	idx: 3 6 3 4 1024 128
2714.7543795421125 36.60323412732294 	idx: 3 6 3 4 1024 128
2702.281495440754 36.23720178604971 	idx: 3 6 3 2 1024 128
1914.4059944467688 35.874829768189215 	idx: 3 5 4 4 512 256
2331.291362507874 35.516081470507324 	idx: 3 6 3 8 256 256
1987.31947690947 35.16092065580225 	idx: 3 7 3 8 128 256
2071.183458645843 34.80931144924423 	idx: 1 5 3 16 256 4
2130.653192303357 34.461218334751784 	idx: 1 5 4 16 512 4
2159.1094447757096 34.11660615140427 	idx: 1 4 3 32 1024 2
1842.066135438483 33.775440089890225 	idx: 3 8 2 4 128 256
1785.7078158968204 33.43768568899132 	idx: 1 5 2 16 512 2
1785.7078158968204 33.10330883210141 	idx: 1 5 2 16 512 2
2659.0194229382446 32.7722757437804 	idx: 1 6 3 8 512 2
1629.4887334887335 32.44455298634259 	idx: 1 5 2 4 512 2
1635.9151077891534 32.12010745647917 	idx: 4 3 3 4 2048 256
1724.907892831654 31.798906381914374 	idx: 1 6 2 2 512 4
1724.907892831654 31.48091731809523 	idx: 1 6 2 2 512 4
2136.358631637701 31.16610814491428 	idx: 1 7 2 2 1024 8
2245.041789283878 30.854447063465138 	idx: 3 8 2 16 128 256
2245.041789283878 30.545902592830487 	idx: 3 8 2 16 128 256
2583.77342799501 30.240443566902183 	idx: 1 7 3 4 512 4
2583.77342799501 29.93803913123316 	idx: 1 7 3 4 512 4
2583.77342799501 29.638658739920828 	idx: 1 7 3 4 512 4
2280.5123168779796 29.34227215252162 	idx: 1 7 2 8 1024 2
2280.5123168779796 29.048849430996402 	idx: 1 7 2 8 1024 2
2103.5920594403074 28.758360936686437 	idx: 1 6 2 8 512 2
2323.236823459631 28.47077732731957 	idx: 1 7 2 16 1024 2
2323.236823459631 28.186069554046373 	idx: 1 7 2 16 1024 2
2323.236823459631 27.90420885850591 	idx: 1 7 2 16 1024 2
2323.236823459631 27.625166769920853 	idx: 1 7 2 16 1024 2
2062.729133250787 27.348915102221643 	idx: 0 5 3 2 512 2
2394.735275750709 27.075425951199424 	idx: 0 5 3 2 1024 4
2394.735275750709 26.804671691687428 	idx: 0 5 3 2 1024 4
2063.3474902841776 26.536624974770554 	idx: 0 5 3 2 512 8
2712.722402402726 26.271258725022847 	idx: 0 6 3 4 1024 16
1907.900222322043 26.00854613777262 	idx: 0 5 4 4 512 32
2015.2953223896463 25.748460676394892 	idx: 0 6 3 4 256 16
2015.2953223896463 25.490976069630943 	idx: 0 6 3 4 256 16
1982.7552817248186 25.23606630893463 	idx: 4 4 3 32 256 64
1881.5639684634334 24.983705645845284 	idx: 3 11 1 32 512 256
1881.5639684634334 24.73386858938683 	idx: 3 11 1 32 512 256
1917.5951789280982 24.48652990349296 	idx: 0 5 2 2 2048 64
1917.5951789280982 24.24166460445803 	idx: 0 5 2 2 2048 64
1917.5951789280982 23.99924795841345 	idx: 0 5 2 2 2048 64
2327.606904899815 23.759255478829314 	idx: 1 7 2 16 1024 32
2327.606904899815 23.52166292404102 	idx: 1 7 2 16 1024 32
2339.4345660707104 23.28644629480061 	idx: 1 6 2 8 2048 32
2412.258260863314 23.053581831852604 	idx: 1 5 3 4 1024 64
2324.7793829813522 22.82304601353408 	idx: 3 8 2 32 128 128
2324.7793829813522 22.59481555339874 	idx: 3 8 2 32 128 128
2324.7793829813522 22.36886739786475 	idx: 3 8 2 32 128 128
2446.5097728983665 22.145178723886104 	idx: 3 8 2 32 256 64
2137.0650285727024 21.923726936647242 	idx: 0 4 3 2 1024 32
2137.0650285727024 21.704489667280768 	idx: 0 4 3 2 1024 32
2518.1153026905126 21.48744477060796 	idx: 0 5 3 2 2048 16
2536.0593356981617 21.27257032290188 	idx: 0 5 3 4 2048 32
2536.0593356981617 21.059844619672862 	idx: 0 5 3 4 2048 32
2536.0593356981617 20.849246173476132 	idx: 0 5 3 4 2048 32
2702.3558531229364 20.64075371174137 	idx: 4 8 2 16 512 32
2702.3558531229364 20.434346174623958 	idx: 4 8 2 16 512 32
2702.3558531229364 20.230002712877717 	idx: 4 8 2 16 512 32
2763.417785110536 20.027702685748938 	idx: 0 6 3 8 1024 32
2763.417785110536 19.82742565889145 	idx: 0 6 3 8 1024 32
2763.417785110536 19.629151402302536 	idx: 0 6 3 8 1024 32
2763.364683016817 19.43285988827951 	idx: 4 7 3 8 512 32
2761.4695167449413 19.238531289396715 	idx: 4 7 3 8 512 16
2760.5001974463603 19.046145976502746 	idx: 4 7 3 8 512 8
2760.5001974463603 18.855684516737718 	idx: 4 7 3 8 512 8
2760.5001974463603 18.66712767157034 	idx: 4 7 3 8 512 8
2348.3523112992966 18.480456394854638 	idx: 0 6 2 16 2048 32
2690.4708971729065 18.295651830906092 	idx: 4 8 2 16 512 2
2690.4708971729065 18.11269531259703 	idx: 4 8 2 16 512 2
2649.4384932437056 17.931568359471058 	idx: 4 8 2 8 512 4
2649.4384932437056 17.752252675876345 	idx: 4 8 2 8 512 4
2649.4384932437056 17.57473014911758 	idx: 4 8 2 8 512 4
2759.811485769588 17.398982847626407 	idx: 4 7 3 8 512 2
2536.0593356981617 17.22499301915014 	idx: 3 5 3 4 2048 32
2536.0593356981617 17.05274308895864 	idx: 3 5 3 4 2048 32
2561.3776941485403 16.882215658069054 	idx: 0 7 2 4 2048 64
2561.3776941485403 16.713393501488362 	idx: 0 7 2 4 2048 64
2721.8838951462767 16.546259566473477 	idx: 0 8 2 8 1024 64
2721.8838951462767 16.380796970808742 	idx: 0 8 2 8 1024 64
2721.8838951462767 16.216989001100654 	idx: 0 8 2 8 1024 64
2721.8838951462767 16.054819111089646 	idx: 0 8 2 8 1024 64
2586.7545850047154 15.89427091997875 	idx: 0 7 3 4 512 32
2586.7545850047154 15.735328210778961 	idx: 0 7 3 4 512 32
2586.7545850047154 15.577974928671171 	idx: 0 7 3 4 512 32
2586.7545850047154 15.42219517938446 	idx: 0 7 3 4 512 32
2586.7545850047154 15.267973227590614 	idx: 0 7 3 4 512 32
2586.7545850047154 15.115293495314708 	idx: 0 7 3 4 512 32
2713.6529665286207 14.96414056036156 	idx: 0 6 3 4 1024 64
2787.677021110437 14.814499154757945 	idx: 4 6 3 16 512 2
2787.677021110437 14.666354163210364 	idx: 4 6 3 16 512 2
2697.1715190585664 14.519690621578262 	idx: 3 6 3 2 1024 32
2721.8838951462767 14.374493715362478 	idx: 0 8 2 8 1024 64
2721.8838951462767 14.230748778208852 	idx: 0 8 2 8 1024 64
2716.3495357315364 14.088441290426763 	idx: 0 8 2 8 1024 32
2716.3495357315364 13.947556877522496 	idx: 0 8 2 8 1024 32
2716.3495357315364 13.808081308747271 	idx: 0 8 2 8 1024 32
2631.795842494817 13.670000495659798 	idx: 0 8 2 4 1024 32
2631.795842494817 13.5333004907032 	idx: 0 8 2 4 1024 32
2631.795842494817 13.397967485796167 	idx: 0 8 2 4 1024 32
2631.795842494817 13.263987810938206 	idx: 0 8 2 4 1024 32
2631.795842494817 13.131347932828824 	idx: 0 8 2 4 1024 32
2559.2612809362126 13.000034453500536 	idx: 0 7 2 4 2048 32
2559.2612809362126 12.87003410896553 	idx: 0 7 2 4 2048 32
2483.030451030451 12.741333767875876 	idx: 0 7 2 2 2048 64
2483.030451030451 12.613920430197117 	idx: 0 7 2 2 2048 64
2483.030451030451 12.487781225895146 	idx: 0 7 2 2 2048 64
2483.030451030451 12.362903413636195 	idx: 0 7 2 2 2048 64
2483.030451030451 12.239274379499832 	idx: 0 7 2 2 2048 64
2483.030451030451 12.116881635704834 	idx: 0 7 2 2 2048 64
2474.6798828830824 11.995712819347785 	idx: 4 7 2 2 2048 4
2474.6798828830824 11.875755691154307 	idx: 4 7 2 2 2048 4
2474.6798828830824 11.756998134242764 	idx: 4 7 2 2 2048 4
2626.6488361686 11.639428152900336 	idx: 4 8 2 4 1024 4
2626.6488361686 11.523033871371332 	idx: 4 8 2 4 1024 4
2626.6488361686 11.407803532657619 	idx: 4 8 2 4 1024 4
2626.6488361686 11.293725497331042 	idx: 4 8 2 4 1024 4
2579.935952226871 11.180788242357732 	idx: 4 9 2 8 512 8
2579.935952226871 11.068980359934155 	idx: 4 9 2 8 512 8
2649.128219028834 10.958290556334813 	idx: 4 9 2 16 512 16
2649.128219028834 10.848707650771464 	idx: 4 9 2 16 512 16
2649.128219028834 10.74022057426375 	idx: 4 9 2 16 512 16
2649.128219028834 10.632818368521113 	idx: 4 9 2 16 512 16
2649.128219028834 10.526490184835902 	idx: 4 9 2 16 512 16
2649.128219028834 10.421225282987542 	idx: 4 9 2 16 512 16
2649.128219028834 10.317013030157668 	idx: 4 9 2 16 512 16
2649.128219028834 10.213842899856092 	idx: 4 9 2 16 512 16
2841.605203134527 10.11170447085753 	idx: 2 7 3 2 1024 8
2841.605203134527 10.010587426148955 	idx: 2 7 3 2 1024 8
2841.605203134527 9.910481551887466 	idx: 2 7 3 2 1024 8
2841.605203134527 9.811376736368592 	idx: 2 7 3 2 1024 8
2841.605203134527 9.713262969004907 	idx: 2 7 3 2 1024 8
2841.605203134527 9.616130339314857 	idx: 2 7 3 2 1024 8
2841.605203134527 9.519969035921708 	idx: 2 7 3 2 1024 8
2760.5001974463603 9.42476934556249 	idx: 4 7 3 8 512 8
2713.6529665286207 9.330521652106865 	idx: 0 6 3 4 1024 64
2713.6529665286207 9.237216435585797 	idx: 0 6 3 4 1024 64
2713.6529665286207 9.144844271229939 	idx: 0 6 3 4 1024 64
2713.6529665286207 9.053395828517639 	idx: 0 6 3 4 1024 64
2789.5310382668117 8.962861870232462 	idx: 4 6 3 16 512 32
2789.5310382668117 8.873233251530138 	idx: 4 6 3 16 512 32
2789.5310382668117 8.784500919014837 	idx: 4 6 3 16 512 32
2789.5310382668117 8.696655909824688 	idx: 4 6 3 16 512 32
2789.5310382668117 8.609689350726441 	idx: 4 6 3 16 512 32
2789.5310382668117 8.523592457219177 	idx: 4 6 3 16 512 32
2789.5310382668117 8.438356532646985 	idx: 4 6 3 16 512 32
2789.5310382668117 8.353972967320516 	idx: 4 6 3 16 512 32
2789.5310382668117 8.27043323764731 	idx: 4 6 3 16 512 32
2789.5310382668117 8.187728905270838 	idx: 4 6 3 16 512 32
2762.2841195816372 8.105851616218128 	idx: 2 6 3 8 1024 16
2712.5762028140775 8.024793100055946 	idx: 2 6 3 4 1024 8
2760.0384956006988 7.944545169055387 	idx: 2 7 3 8 512 4
2760.0384956006988 7.865099717364833 	idx: 2 7 3 8 512 4
2760.0384956006988 7.786448720191185 	idx: 2 7 3 8 512 4
2698.7551173059446 7.708584232989273 	idx: 2 8 2 16 512 8
2716.5841139276376 7.63149839065938 	idx: 3 6 3 4 1024 256
2716.5841139276376 7.5551834067527865 	idx: 3 6 3 4 1024 256
2716.5841139276376 7.479631572685259 	idx: 3 6 3 4 1024 256
2716.5841139276376 7.404835256958406 	idx: 3 6 3 4 1024 256
2716.5841139276376 7.330786904388821 	idx: 3 6 3 4 1024 256
2716.5841139276376 7.257479035344933 	idx: 3 6 3 4 1024 256
2716.5841139276376 7.1849042449914835 	idx: 3 6 3 4 1024 256
2716.5841139276376 7.1130552025415685 	idx: 3 6 3 4 1024 256
2770.2317440660477 7.041924650516153 	idx: 3 6 3 8 1024 128
2770.2317440660477 6.971505404010991 	idx: 3 6 3 8 1024 128
2771.1697664431304 6.901790349970882 	idx: 2 8 2 16 1024 8
2770.2317440660477 6.832772446471173 	idx: 3 6 3 8 1024 128
2770.2317440660477 6.764444722006462 	idx: 3 6 3 8 1024 128
2770.2317440660477 6.696800274786397 	idx: 3 6 3 8 1024 128
2770.2317440660477 6.6298322720385325 	idx: 3 6 3 8 1024 128
2770.2317440660477 6.563533949318147 	idx: 3 6 3 8 1024 128
2761.4354275681867 6.497898609824966 	idx: 0 6 3 8 1024 4
2760.0384956006988 6.432919623726716 	idx: 2 7 3 8 512 4
2760.0384956006988 6.3685904274894485 	idx: 2 7 3 8 512 4
2760.0384956006988 6.304904523214554 	idx: 2 7 3 8 512 4
2760.0384956006988 6.2418554779824085 	idx: 2 7 3 8 512 4
2760.0384956006988 6.1794369232025845 	idx: 2 7 3 8 512 4
2760.0384956006988 6.117642553970558 	idx: 2 7 3 8 512 4
2760.0384956006988 6.056466128430853 	idx: 2 7 3 8 512 4
2760.0384956006988 5.9959014671465445 	idx: 2 7 3 8 512 4
2760.0384956006988 5.935942452475079 	idx: 2 7 3 8 512 4
2712.9453871197256 5.8765830279503275 	idx: 4 8 3 2 512 8
2712.9453871197256 5.817817197670824 	idx: 4 8 3 2 512 8
2712.9453871197256 5.759639025694116 	idx: 4 8 3 2 512 8
2712.9453871197256 5.7020426354371745 	idx: 4 8 3 2 512 8
2698.151105988622 5.645022209082803 	idx: 2 8 2 16 512 4
2698.151105988622 5.588571986991974 	idx: 2 8 2 16 512 4
2698.151105988622 5.532686267122054 	idx: 2 8 2 16 512 4
2698.151105988622 5.477359404450834 	idx: 2 8 2 16 512 4
2698.151105988622 5.422585810406325 	idx: 2 8 2 16 512 4
2698.151105988622 5.368359952302262 	idx: 2 8 2 16 512 4
2698.151105988622 5.314676352779239 	idx: 2 8 2 16 512 4
2762.4357266249635 5.261529589251447 	idx: 2 8 2 16 1024 2
2762.4357266249635 5.208914293358933 	idx: 2 8 2 16 1024 2
2762.4357266249635 5.156825150425344 	idx: 2 8 2 16 1024 2
2762.4357266249635 5.10525689892109 	idx: 2 8 2 16 1024 2
2760.0384956006988 5.0542043299318795 	idx: 2 7 3 8 512 4
2759.811485769588 5.003662286632561 	idx: 2 7 3 8 512 2
2759.811485769588 4.953625663766235 	idx: 2 7 3 8 512 2
2759.811485769588 4.9040894071285726 	idx: 2 7 3 8 512 2
2787.8044058939113 4.8550485130572865 	idx: 2 6 3 16 512 4
2787.8044058939113 4.806498027926714 	idx: 2 6 3 16 512 4
2787.8044058939113 4.758433047647447 	idx: 2 6 3 16 512 4
2787.8044058939113 4.710848717170973 	idx: 2 6 3 16 512 4
2787.8044058939113 4.663740229999263 	idx: 2 6 3 16 512 4
2787.8044058939113 4.61710282769927 	idx: 2 6 3 16 512 4
2787.8044058939113 4.570931799422278 	idx: 2 6 3 16 512 4
2787.8044058939113 4.525222481428055 	idx: 2 6 3 16 512 4
2787.8044058939113 4.4799702566137745 	idx: 2 6 3 16 512 4
2787.8044058939113 4.4351705540476365 	idx: 2 6 3 16 512 4
2760.5001974463603 4.39081884850716 	idx: 2 7 3 8 512 8
2840.9716448365493 4.346910660022088 	idx: 0 7 3 2 1024 2
2840.9716448365493 4.303441553421867 	idx: 0 7 3 2 1024 2
2840.9716448365493 4.260407137887648 	idx: 0 7 3 2 1024 2
2840.9716448365493 4.217803066508771 	idx: 0 7 3 2 1024 2
2840.9716448365493 4.175625035843683 	idx: 0 7 3 2 1024 2
2840.9716448365493 4.133868785485246 	idx: 0 7 3 2 1024 2
2840.9716448365493 4.0925300976303935 	idx: 0 7 3 2 1024 2
2712.5762028140775 4.05160479665409 	idx: 2 6 3 4 1024 8
2712.5762028140775 4.011088748687548 	idx: 2 6 3 4 1024 8
2713.567013421824 3.970977861200673 	idx: 4 8 2 8 1024 16
2713.567013421824 3.9312680825886663 	idx: 4 8 2 8 1024 16
2713.567013421824 3.8919554017627798 	idx: 4 8 2 8 1024 16
2713.567013421824 3.853035847745152 	idx: 4 8 2 8 1024 16
2713.567013421824 3.8145054892677006 	idx: 4 8 2 8 1024 16
2841.605203134527 3.7763604343750234 	idx: 2 7 3 2 1024 8
2841.605203134527 3.7385968300312733 	idx: 2 7 3 2 1024 8
2841.605203134527 3.7012108617309605 	idx: 2 7 3 2 1024 8
2841.1721074111915 3.664198753113651 	idx: 2 7 3 2 1024 4
2841.1721074111915 3.6275567655825145 	idx: 2 7 3 2 1024 4
2841.1721074111915 3.591281197926689 	idx: 2 7 3 2 1024 4
2841.1721074111915 3.555368385947422 	idx: 2 7 3 2 1024 4
2841.1721074111915 3.519814702087948 	idx: 2 7 3 2 1024 4
2841.1721074111915 3.4846165550670687 	idx: 2 7 3 2 1024 4
2841.1721074111915 3.449770389516398 	idx: 2 7 3 2 1024 4
2841.1721074111915 3.415272685621234 	idx: 2 7 3 2 1024 4
2841.1721074111915 3.3811199587650216 	idx: 2 7 3 2 1024 4
2841.1721074111915 3.347308759177371 	idx: 2 7 3 2 1024 4
2841.1721074111915 3.3138356715855974 	idx: 2 7 3 2 1024 4
2841.1721074111915 3.2806973148697414 	idx: 2 7 3 2 1024 4
2841.1721074111915 3.247890341721044 	idx: 2 7 3 2 1024 4
2841.1721074111915 3.2154114383038332 	idx: 2 7 3 2 1024 4
2841.1721074111915 3.183257323920795 	idx: 2 7 3 2 1024 4
2841.1721074111915 3.1514247506815867 	idx: 2 7 3 2 1024 4
2841.1721074111915 3.1199105031747707 	idx: 2 7 3 2 1024 4
2841.1721074111915 3.088711398143023 	idx: 2 7 3 2 1024 4
2841.1721074111915 3.0578242841615926 	idx: 2 7 3 2 1024 4
2841.1721074111915 3.0272460413199767 	idx: 2 7 3 2 1024 4
2841.1721074111915 2.996973580906777 	idx: 2 7 3 2 1024 4
2841.1721074111915 2.967003845097709 	idx: 2 7 3 2 1024 4
2841.1721074111915 2.9373338066467323 	idx: 2 7 3 2 1024 4
2841.1721074111915 2.907960468580265 	idx: 2 7 3 2 1024 4
2841.1721074111915 2.8788808638944623 	idx: 2 7 3 2 1024 4
2841.1721074111915 2.8500920552555176 	idx: 2 7 3 2 1024 4
2841.1721074111915 2.8215911347029623 	idx: 2 7 3 2 1024 4
2841.1721074111915 2.7933752233559326 	idx: 2 7 3 2 1024 4
2841.1721074111915 2.765441471122373 	idx: 2 7 3 2 1024 4
2840.9716448365493 2.7377870564111495 	idx: 2 7 3 2 1024 2
2840.9716448365493 2.710409185847038 	idx: 2 7 3 2 1024 2
2840.9716448365493 2.6833050939885674 	idx: 2 7 3 2 1024 2
2840.9716448365493 2.656472043048682 	idx: 2 7 3 2 1024 2
2840.9716448365493 2.629907322618195 	idx: 2 7 3 2 1024 2
2840.9716448365493 2.603608249392013 	idx: 2 7 3 2 1024 2
2840.9716448365493 2.577572166898093 	idx: 2 7 3 2 1024 2
2840.9716448365493 2.551796445229112 	idx: 2 7 3 2 1024 2
2840.9716448365493 2.526278480776821 	idx: 2 7 3 2 1024 2
2840.9716448365493 2.501015695969053 	idx: 2 7 3 2 1024 2
2840.9716448365493 2.4760055390093623 	idx: 2 7 3 2 1024 2
2840.9716448365493 2.4512454836192688 	idx: 2 7 3 2 1024 2
2840.9716448365493 2.426733028783076 	idx: 2 7 3 2 1024 2
2840.9716448365493 2.402465698495245 	idx: 2 7 3 2 1024 2
2840.9716448365493 2.3784410415102926 	idx: 2 7 3 2 1024 2
2840.9716448365493 2.3546566310951897 	idx: 2 7 3 2 1024 2
2840.9716448365493 2.3311100647842378 	idx: 2 7 3 2 1024 2
2840.9716448365493 2.307798964136395 	idx: 2 7 3 2 1024 2
2840.9716448365493 2.2847209744950314 	idx: 2 7 3 2 1024 2
2841.1721074111915 2.261873764750081 	idx: 2 7 3 2 1024 4
2841.1721074111915 2.23925502710258 	idx: 2 7 3 2 1024 4
2841.1721074111915 2.2168624768315546 	idx: 2 7 3 2 1024 4
2841.1721074111915 2.194693852063239 	idx: 2 7 3 2 1024 4
2841.1721074111915 2.1727469135426065 	idx: 2 7 3 2 1024 4
2841.1721074111915 2.1510194444071806 	idx: 2 7 3 2 1024 4
2841.1721074111915 2.129509249963109 	idx: 2 7 3 2 1024 4
2841.1721074111915 2.108214157463478 	idx: 2 7 3 2 1024 4
2841.1721074111915 2.087132015888843 	idx: 2 7 3 2 1024 4
2841.1721074111915 2.0662606957299547 	idx: 2 7 3 2 1024 4
2841.1721074111915 2.045598088772655 	idx: 2 7 3 2 1024 4
2841.1721074111915 2.0251421078849283 	idx: 2 7 3 2 1024 4
2841.1721074111915 2.004890686806079 	idx: 2 7 3 2 1024 4
2841.1721074111915 1.9848417799380185 	idx: 2 7 3 2 1024 4
2841.1721074111915 1.9649933621386382 	idx: 2 7 3 2 1024 4
2841.1721074111915 1.9453434285172517 	idx: 2 7 3 2 1024 4
2842.511923419035 1.9258899942320793 	idx: 3 7 3 2 1024 16
2842.511923419035 1.9066310942897584 	idx: 3 7 3 2 1024 16
2842.511923419035 1.8875647833468607 	idx: 3 7 3 2 1024 16
2842.511923419035 1.868689135513392 	idx: 3 7 3 2 1024 16
2842.511923419035 1.8500022441582582 	idx: 3 7 3 2 1024 16
2842.511923419035 1.8315022217166756 	idx: 3 7 3 2 1024 16
2842.511923419035 1.8131871994995088 	idx: 3 7 3 2 1024 16
2842.511923419035 1.7950553275045138 	idx: 3 7 3 2 1024 16
2842.511923419035 1.7771047742294686 	idx: 3 7 3 2 1024 16
2842.511923419035 1.7593337264871738 	idx: 3 7 3 2 1024 16
2842.511923419035 1.741740389222302 	idx: 3 7 3 2 1024 16
2842.511923419035 1.724322985330079 	idx: 3 7 3 2 1024 16
2842.511923419035 1.7070797554767783 	idx: 3 7 3 2 1024 16
2842.511923419035 1.6900089579220106 	idx: 3 7 3 2 1024 16
2842.511923419035 1.6731088683427904 	idx: 3 7 3 2 1024 16
2842.511923419035 1.6563777796593624 	idx: 3 7 3 2 1024 16
2842.511923419035 1.6398140018627687 	idx: 3 7 3 2 1024 16
2842.511923419035 1.623415861844141 	idx: 3 7 3 2 1024 16
2842.511923419035 1.6071817032256996 	idx: 3 7 3 2 1024 16
2842.511923419035 1.5911098861934427 	idx: 3 7 3 2 1024 16
2842.511923419035 1.5751987873315083 	idx: 3 7 3 2 1024 16
2842.511923419035 1.5594467994581933 	idx: 3 7 3 2 1024 16
2842.511923419035 1.5438523314636114 	idx: 3 7 3 2 1024 16
2842.511923419035 1.5284138081489753 	idx: 3 7 3 2 1024 16
2842.511923419035 1.5131296700674854 	idx: 3 7 3 2 1024 16
2842.511923419035 1.4979983733668105 	idx: 3 7 3 2 1024 16
2842.511923419035 1.4830183896331424 	idx: 3 7 3 2 1024 16
2842.511923419035 1.468188205736811 	idx: 3 7 3 2 1024 16
2842.511923419035 1.4535063236794428 	idx: 3 7 3 2 1024 16
2842.511923419035 1.4389712604426483 	idx: 3 7 3 2 1024 16
2842.511923419035 1.4245815478382218 	idx: 3 7 3 2 1024 16
2842.511923419035 1.4103357323598396 	idx: 3 7 3 2 1024 16
2842.511923419035 1.396232375036241 	idx: 3 7 3 2 1024 16
2842.511923419035 1.3822700512858788 	idx: 3 7 3 2 1024 16
2842.511923419035 1.36844735077302 	idx: 3 7 3 2 1024 16
2842.511923419035 1.3547628772652898 	idx: 3 7 3 2 1024 16
2842.511923419035 1.341215248492637 	idx: 3 7 3 2 1024 16
2842.511923419035 1.3278030960077105 	idx: 3 7 3 2 1024 16
2842.511923419035 1.3145250650476334 	idx: 3 7 3 2 1024 16
2842.511923419035 1.301379814397157 	idx: 3 7 3 2 1024 16
2842.511923419035 1.2883660162531856 	idx: 3 7 3 2 1024 16
2842.511923419035 1.2754823560906536 	idx: 3 7 3 2 1024 16
2842.511923419035 1.2627275325297471 	idx: 3 7 3 2 1024 16
2842.511923419035 1.2501002572044497 	idx: 3 7 3 2 1024 16
2842.511923419035 1.2375992546324053 	idx: 3 7 3 2 1024 16
2842.511923419035 1.2252232620860812 	idx: 3 7 3 2 1024 16
2841.605203134527 1.2129710294652205 	idx: 2 7 3 2 1024 8
2841.605203134527 1.2008413191705682 	idx: 2 7 3 2 1024 8
2841.605203134527 1.1888329059788625 	idx: 2 7 3 2 1024 8
2841.605203134527 1.1769445769190738 	idx: 2 7 3 2 1024 8
2841.605203134527 1.165175131149883 	idx: 2 7 3 2 1024 8
2841.605203134527 1.1535233798383842 	idx: 2 7 3 2 1024 8
2841.605203134527 1.1419881460400003 	idx: 2 7 3 2 1024 8
2841.605203134527 1.1305682645796002 	idx: 2 7 3 2 1024 8
2841.605203134527 1.1192625819338042 	idx: 2 7 3 2 1024 8
2841.605203134527 1.1080699561144662 	idx: 2 7 3 2 1024 8
2841.605203134527 1.0969892565533215 	idx: 2 7 3 2 1024 8
2841.605203134527 1.0860193639877882 	idx: 2 7 3 2 1024 8
2841.605203134527 1.0751591703479102 	idx: 2 7 3 2 1024 8
2841.605203134527 1.0644075786444311 	idx: 2 7 3 2 1024 8
2841.605203134527 1.0537635028579868 	idx: 2 7 3 2 1024 8
2841.605203134527 1.0432258678294068 	idx: 2 7 3 2 1024 8
2841.605203134527 1.0327936091511127 	idx: 3 7 3 2 1024 8
2841.605203134527 1.0224656730596016 	idx: 3 7 3 2 1024 8
2841.605203134527 1.0122410163290056 	idx: 3 7 3 2 1024 8
2841.605203134527 1.0021186061657157 	idx: 3 7 3 2 1024 8
###### ACC Parameters ######
cim type:    FPCIM
bus_width:   25.6
macros_row:  7
macros_col:  3
scr:         2
is_size:     1024
os_size:     8
best=2841.605203134527, area=4936032.190193516 459
bert_base_sl512_FPCIM@ISSCC23_tt_running end at 1757785373.2003741
0.9193886795350154 100 	idx: 2 3 2 2 128 256
0.9263022419448413 99.0 	idx: 1 3 2 2 128 128
0.9536792459004686 98.01 	idx: 1 4 2 2 128 256
1.2848926921112473 97.0299 	idx: 2 2 3 4 256 1024
1.068401569402217 96.059601 	idx: 2 2 3 8 128 1024
1.0977671551648633 95.09900499 	idx: 0 3 2 2 256 16
0.9769599583474421 94.1480149401 	idx: 0 2 2 2 512 32
1.1597605832284987 93.206534790699 	idx: 0 2 2 4 1024 64
1.4740162136695487 92.27446944279201 	idx: 4 5 2 8 256 128
1.4017244239044118 91.35172474836409 	idx: 1 4 2 4 256 256
1.2558423000132966 90.43820750088045 	idx: 0 4 2 2 256 32
1.6125406954492179 89.53382542587164 	idx: 0 4 2 4 512 16
1.1956903197404143 88.63848717161292 	idx: 0 5 1 8 512 16
1.4834239817249915 87.75210229989679 	idx: 0 5 2 8 256 32
1.5194266363897222 86.87458127689783 	idx: 4 4 2 32 256 256
1.5194266363897222 86.00583546412885 	idx: 4 4 2 32 256 256
1.0481529528261022 85.14577710948755 	idx: 1 2 3 4 128 1024
1.1924809435524069 84.29431933839268 	idx: 0 5 1 8 512 64
1.3736880352971672 83.45137614500875 	idx: 1 2 4 4 256 512
1.3858253263591633 82.61686238355867 	idx: 4 5 1 16 1024 256
1.5396316244264896 81.79069375972308 	idx: 1 3 3 2 512 256
1.4571017629252236 80.97278682212585 	idx: 1 2 3 4 512 512
1.4571017629252236 80.1630589539046 	idx: 1 2 3 4 512 512
0.7029641104318928 79.36142836436555 	idx: 1 1 2 8 512 512
0.704728298989834 78.56781408072189 	idx: 1 1 2 8 1024 1024
0.8703040227702579 77.78213593991467 	idx: 4 3 1 128 256 512
1.0880740479354247 77.00431458051553 	idx: 4 2 2 128 256 1024
0.8609964433547549 76.23427143471037 	idx: 1 1 3 4 512 1024
1.2894274938045471 75.47192872036327 	idx: 2 2 2 256 512 512
1.0389024404695903 74.71720943315964 	idx: 4 3 1 128 512 512
1.0534690700403624 73.97003733882804 	idx: 1 2 5 4 128 256
0.8254084838745285 73.23033696543976 	idx: 2 3 1 128 256 1024
0.8879940256686202 72.49803359578536 	idx: 4 1 3 128 256 256
0.8732154134310152 71.7730532598275 	idx: 4 1 3 64 256 512
0.9458156477326278 71.05532272722922 	idx: 4 2 2 32 128 512
0.9540561916728463 70.34476949995693 	idx: 4 3 2 16 128 1024
1.0464394714721676 69.64132180495736 	idx: 4 4 2 32 128 512
0.9321683974682888 68.94490858690779 	idx: 2 1 3 64 1024 512
1.5409889831780947 68.25545950103871 	idx: 2 2 3 64 512 256
1.0272919583473292 67.57290490602833 	idx: 2 1 4 128 512 512
0.8879940256686202 66.89717585696805 	idx: 2 1 3 128 256 256
0.8100953242882122 66.22820409839836 	idx: 1 1 4 4 128 512
0.8946837510202742 65.56592205741438 	idx: 2 2 1 128 1024 128
1.15720495566456 64.91026283684023 	idx: 2 3 1 256 1024 128
1.5858854222017567 64.26116020847184 	idx: 2 3 2 128 512 256
1.2253567258579192 63.618548606387115 	idx: 2 4 1 64 512 128
1.0770808545132404 62.98236312032324 	idx: 2 3 1 64 512 128
1.7013574832200098 62.35253948912001 	idx: 2 3 2 32 1024 64
1.0770808545132404 61.72901409422881 	idx: 2 3 1 64 512 128
1.3736628566741016 61.11172395328652 	idx: 2 4 1 128 1024 128
1.0824171609565771 60.500606713753655 	idx: 2 3 1 128 512 128
1.15720495566456 59.89560064661612 	idx: 2 3 1 256 1024 128
1.1420809158705243 59.29664464014996 	idx: 2 3 1 128 1024 256
0.8487207622892666 58.70367819374846 	idx: 2 2 1 128 512 256
0.7668362500146906 58.116641411810974 	idx: 1 2 3 8 64 1024
1.332328149147184 57.535474997692866 	idx: 2 2 2 128 512 64
1.5616652419323427 56.960120247715935 	idx: 2 2 3 128 512 64
1.0569538744526055 56.390519045238776 	idx: 2 1 4 64 1024 32
1.560830761896437 55.82661385478639 	idx: 2 2 3 32 512 64
0.9557191979124687 55.26834771623852 	idx: 2 1 3 64 1024 32
1.1085810957547555 54.71566423907614 	idx: 1 2 2 16 256 512
0.9964205947759432 54.16850759668538 	idx: 2 1 5 128 512 8
1.0572151462529205 53.62682252071853 	idx: 2 1 4 256 512 4
1.0786084489043777 53.09055429551134 	idx: 3 4 2 8 128 4
1.3372425425712196 52.55964875255623 	idx: 2 2 2 128 512 16
1.3372425425712196 52.03405226503067 	idx: 2 2 2 128 512 16
1.3372425425712196 51.51371174238036 	idx: 2 2 2 128 512 16
1.1863231077038805 50.998574624956554 	idx: 2 2 2 256 256 8
1.1870946379056926 50.488588878706985 	idx: 2 2 2 512 256 4
1.1870946379056926 49.98370298991991 	idx: 2 2 2 512 256 4
1.1870946379056926 49.483865960020715 	idx: 2 2 2 512 256 4
0.7830169771866025 48.98902730042051 	idx: 1 5 1 2 256 512
1.0308880875278135 48.4991370274163 	idx: 1 4 1 4 512 512
0.7705523102389359 48.01414565714214 	idx: 1 3 1 4 256 512
1.0497652671949085 47.53400420057071 	idx: 1 4 1 4 512 256
1.4039378458501401 47.05866415856501 	idx: 1 5 2 4 256 128
0.7156544050169784 46.58807751697936 	idx: 0 3 2 16 64 128
0.408282110428868 46.12219674180957 	idx: 1 5 1 4 64 128
0.6938967121351898 45.66097477439147 	idx: 1 4 2 4 64 64
0.6909554036391563 45.20436502664755 	idx: 1 3 2 4 64 128
0.6909554036391563 44.752321376381076 	idx: 1 3 2 4 64 128
0.2540077472591823 44.30479816261727 	idx: 1 2 1 2 32 128
0.39335152241317606 43.861750180991095 	idx: 0 3 2 32 32 512
0.42868340983887077 43.42313267918119 	idx: 0 4 1 32 64 512
0.6922486818402149 42.98890135238938 	idx: 1 1 3 8 64 64
0.9001997816462535 42.559012338865486 	idx: 1 2 2 4 128 64
0.46500246325549033 42.133422215476834 	idx: 1 1 2 2 64 64
0.50004339327954 41.712087993322065 	idx: 3 3 4 2 32 2
0.6208154858672857 41.29496711338884 	idx: 1 1 2 8 128 64
0.5528617312415798 40.882017442254956 	idx: 1 2 1 4 128 64
1.108941210429595 40.473197267832404 	idx: 1 2 2 8 256 64
0.8099222819971891 40.06846529515408 	idx: 1 1 3 16 128 128
0.8500880938116482 39.66778064220254 	idx: 1 2 3 8 64 128
0.6799385886005459 39.27110283578051 	idx: 1 3 2 4 64 256
0.5456359084279693 38.8783918074227 	idx: 0 1 2 128 64 256
0.5456359084279693 38.48960788934848 	idx: 0 1 2 128 64 256
0.5012668662138977 38.104711810454994 	idx: 0 2 3 64 32 512
0.6701211142793723 37.72366469235045 	idx: 0 1 3 128 64 512
0.7751037326207277 37.34642804542694 	idx: 1 2 3 2 64 256
0.8126762446476149 36.97296376497267 	idx: 1 2 4 4 64 512
0.6528744864732643 36.60323412732294 	idx: 1 1 3 2 128 1024
0.9826230659879313 36.23720178604971 	idx: 1 2 2 4 256 1024
1.2344645500937679 35.874829768189215 	idx: 1 3 2 2 512 512
1.2520823117991793 35.516081470507324 	idx: 1 3 2 4 256 256
1.054692717146004 35.16092065580225 	idx: 0 3 2 32 128 256
1.4928616660097147 34.80931144924423 	idx: 1 2 3 8 512 512
1.4928616660097147 34.461218334751784 	idx: 1 2 3 8 512 512
1.408760212931051 34.11660615140427 	idx: 0 2 3 128 256 256
1.408760212931051 33.775440089890225 	idx: 0 2 3 128 256 256
1.408760212931051 33.43768568899132 	idx: 0 2 3 128 256 256
1.408760212931051 33.10330883210141 	idx: 0 2 3 128 256 256
1.408760212931051 32.7722757437804 	idx: 0 2 3 128 256 256
1.1353156184507047 32.44455298634259 	idx: 0 2 3 64 128 512
1.563004365948772 32.12010745647917 	idx: 3 2 3 16 512 2
1.3187899921193875 31.798906381914374 	idx: 3 2 2 32 512 4
1.4305589637298348 31.48091731809523 	idx: 3 2 3 16 256 4
1.4305589637298348 31.16610814491428 	idx: 3 2 3 16 256 4
1.4305589637298348 30.854447063465138 	idx: 3 2 3 16 256 4
1.230530229330635 30.545902592830487 	idx: 1 2 2 64 512 1024
0.9496148591285285 30.240443566902183 	idx: 3 1 3 32 512 2
1.4344085537137965 29.93803913123316 	idx: 3 2 3 64 256 2
1.2903964743372838 29.638658739920828 	idx: 3 3 3 64 128 4
1.4179210724372182 29.34227215252162 	idx: 3 3 2 128 256 4
1.1919561698530423 29.048849430996402 	idx: 0 2 3 64 128 32
1.5124577610060574 28.758360936686437 	idx: 1 3 2 16 512 512
1.5124577610060574 28.47077732731957 	idx: 1 3 2 16 512 512
1.8164211092289673 28.186069554046373 	idx: 0 4 2 32 512 32
1.534317537853207 27.90420885850591 	idx: 3 4 2 16 256 16
1.534317537853207 27.625166769920853 	idx: 3 4 2 16 256 16
1.3629618155950483 27.348915102221643 	idx: 0 2 2 64 1024 16
1.3629618155950483 27.075425951199424 	idx: 0 2 2 64 1024 16
1.3478989735627955 26.804671691687428 	idx: 0 2 2 32 1024 32
1.4314868576197102 26.536624974770554 	idx: 3 2 3 64 256 32
1.3478989735627955 26.271258725022847 	idx: 0 2 2 32 1024 32
1.3478989735627955 26.00854613777262 	idx: 0 2 2 32 1024 32
1.3478989735627955 25.748460676394892 	idx: 0 2 2 32 1024 32
1.3478989735627955 25.490976069630943 	idx: 0 2 2 32 1024 32
1.6242175911058838 25.23606630893463 	idx: 3 2 3 64 1024 8
1.5673914508053886 24.983705645845284 	idx: 3 2 3 64 512 4
1.671464864718579 24.73386858938683 	idx: 3 2 4 64 512 4
1.671464864718579 24.48652990349296 	idx: 3 2 4 64 512 4
1.5966972799448473 24.24166460445803 	idx: 1 2 3 16 1024 256
1.5966972799448473 23.99924795841345 	idx: 1 2 3 16 1024 256
1.5966972799448473 23.759255478829314 	idx: 1 2 3 16 1024 256
1.6501695119925177 23.52166292404102 	idx: 1 3 2 16 1024 256
1.2522427762709931 23.28644629480061 	idx: 1 4 1 8 1024 256
1.0308880875278135 23.053581831852604 	idx: 1 4 1 4 512 512
0.9587589516411 22.82304601353408 	idx: 1 4 1 8 256 256
0.9926704769066299 22.59481555339874 	idx: 1 3 1 8 512 256
1.66226128409528 22.36886739786475 	idx: 1 3 2 16 1024 128
1.0451416538137845 22.145178723886104 	idx: 1 3 1 16 512 128
1.2969478158438394 21.923726936647242 	idx: 0 2 2 32 512 256
1.3165881950275056 21.704489667280768 	idx: 3 2 2 32 512 32
1.470425687270354 21.48744477060796 	idx: 0 4 2 8 256 256
1.6677253599865545 21.27257032290188 	idx: 1 3 3 16 256 64
1.6320210040040386 21.059844619672862 	idx: 1 2 4 16 512 64
1.6320210040040386 20.849246173476132 	idx: 1 2 4 16 512 64
1.6320210040040386 20.64075371174137 	idx: 1 2 4 16 512 64
1.6752481767980707 20.434346174623958 	idx: 1 3 3 32 256 32
1.4919382244858055 20.230002712877717 	idx: 1 2 4 16 256 16
1.671908926162102 20.027702685748938 	idx: 1 3 3 16 256 32
1.671908926162102 19.82742565889145 	idx: 1 3 3 16 256 32
1.671908926162102 19.629151402302536 	idx: 1 3 3 16 256 32
1.671908926162102 19.43285988827951 	idx: 1 3 3 16 256 32
1.671908926162102 19.238531289396715 	idx: 1 3 3 16 256 32
1.8185311927267447 19.046145976502746 	idx: 3 4 2 32 512 16
1.8820787872402878 18.855684516737718 	idx: 1 3 3 16 512 16
1.8820787872402878 18.66712767157034 	idx: 1 3 3 16 512 16
1.8820787872402878 18.480456394854638 	idx: 1 3 3 16 512 16
1.5656108426852995 18.295651830906092 	idx: 3 4 2 64 256 16
1.5656108426852995 18.11269531259703 	idx: 3 4 2 64 256 16
1.38882116711888 17.931568359471058 	idx: 1 2 5 16 256 8
1.38882116711888 17.752252675876345 	idx: 1 2 5 16 256 8
1.1961891962021882 17.57473014911758 	idx: 3 5 1 8 512 8
1.7321920050836217 17.398982847626407 	idx: 3 4 2 8 512 16
1.7321920050836217 17.22499301915014 	idx: 3 4 2 8 512 16
1.7321920050836217 17.05274308895864 	idx: 3 4 2 8 512 16
1.7321920050836217 16.882215658069054 	idx: 3 4 2 8 512 16
1.5745545871211262 16.713393501488362 	idx: 0 4 2 128 256 4
1.589724085035675 16.546259566473477 	idx: 3 3 2 32 512 64
1.6801098644175596 16.380796970808742 	idx: 0 3 3 64 256 2
1.6801098644175596 16.216989001100654 	idx: 0 3 3 64 256 2
1.589724085035675 16.054819111089646 	idx: 3 3 2 32 512 64
1.6173228500561758 15.89427091997875 	idx: 3 2 3 16 1024 32
1.6173228500561758 15.735328210778961 	idx: 3 2 3 16 1024 32
1.6173228500561758 15.577974928671171 	idx: 3 2 3 16 1024 32
1.5958150422980344 15.42219517938446 	idx: 0 3 2 32 512 8
1.634324571312325 15.267973227590614 	idx: 3 2 4 16 512 16
1.634324571312325 15.115293495314708 	idx: 3 2 4 16 512 16
1.5958150422980344 14.96414056036156 	idx: 0 3 2 32 512 8
1.6233890045180313 14.814499154757945 	idx: 3 2 3 32 1024 8
1.6233890045180313 14.666354163210364 	idx: 3 2 3 32 1024 8
1.7222555369988448 14.519690621578262 	idx: 3 3 2 64 1024 16
1.5958150422980344 14.374493715362478 	idx: 0 3 2 32 512 8
1.7907293873746701 14.230748778208852 	idx: 0 4 2 16 512 4
1.7907293873746701 14.088441290426763 	idx: 0 4 2 16 512 4
1.7907293873746701 13.947556877522496 	idx: 0 4 2 16 512 4
1.805625989667577 13.808081308747271 	idx: 0 5 2 8 512 2
1.805625989667577 13.670000495659798 	idx: 0 5 2 8 512 2
1.6191032289026837 13.5333004907032 	idx: 3 2 3 64 1024 64
1.6221082617704863 13.397967485796167 	idx: 3 2 3 64 1024 32
1.8868024805233174 13.263987810938206 	idx: 3 3 3 32 512 16
1.7222555369988448 13.131347932828824 	idx: 3 3 2 64 1024 16
1.5654953110438918 13.000034453500536 	idx: 3 2 3 32 512 16
1.670191044824434 12.87003410896553 	idx: 3 3 2 16 1024 32
1.848864124168662 12.741333767875876 	idx: 3 3 3 8 512 32
1.6490211731750983 12.613920430197117 	idx: 3 3 3 8 256 16
1.6490211731750983 12.487781225895146 	idx: 3 3 3 8 256 16
1.6490211731750983 12.362903413636195 	idx: 3 3 3 8 256 16
1.6490211731750983 12.239274379499832 	idx: 3 3 3 8 256 16
1.6490211731750983 12.116881635704834 	idx: 3 3 3 8 256 16
1.8496243881387977 11.995712819347785 	idx: 3 3 3 8 512 16
1.4914589303279158 11.875755691154307 	idx: 3 2 4 16 256 32
1.4914589303279158 11.756998134242764 	idx: 3 2 4 16 256 32
1.4081302194851777 11.639428152900336 	idx: 1 2 3 32 256 256
1.4081302194851777 11.523033871371332 	idx: 1 2 3 32 256 256
1.422602853430831 11.407803532657619 	idx: 0 3 2 256 256 16
1.6284666705228004 11.293725497331042 	idx: 1 2 4 16 512 128
1.6284666705228004 11.180788242357732 	idx: 1 2 4 16 512 128
1.615685021759176 11.068980359934155 	idx: 0 3 2 128 512 16
1.8496243881387977 10.958290556334813 	idx: 3 3 3 8 512 16
1.7204271223219731 10.848707650771464 	idx: 0 3 2 64 1024 32
1.8164211092289673 10.74022057426375 	idx: 0 4 2 32 512 32
1.833567810869207 10.632818368521113 	idx: 0 4 2 64 512 16
1.848864124168662 10.526490184835902 	idx: 3 3 3 8 512 32
1.8868024805233174 10.421225282987542 	idx: 0 3 3 32 512 16
1.8868024805233174 10.317013030157668 	idx: 0 3 3 32 512 16
1.8868024805233174 10.213842899856092 	idx: 0 3 3 32 512 16
1.8868024805233174 10.11170447085753 	idx: 0 3 3 32 512 16
1.848864124168662 10.010587426148955 	idx: 3 3 3 8 512 32
1.848864124168662 9.910481551887466 	idx: 3 3 3 8 512 32
1.8766475152799968 9.811376736368592 	idx: 4 3 3 16 512 64
1.848864124168662 9.713262969004907 	idx: 3 3 3 8 512 32
1.8766475152799968 9.616130339314857 	idx: 3 3 3 16 512 64
1.8766475152799968 9.519969035921708 	idx: 3 3 3 16 512 64
1.8766475152799968 9.42476934556249 	idx: 3 3 3 16 512 64
1.8807896881529262 9.330521652106865 	idx: 4 3 3 32 512 64
1.8807896881529262 9.237216435585797 	idx: 4 3 3 32 512 64
1.8807896881529262 9.144844271229939 	idx: 4 3 3 32 512 64
1.8807896881529262 9.053395828517639 	idx: 4 3 3 32 512 64
1.8807896881529262 8.962861870232462 	idx: 4 3 3 32 512 64
1.7863796849605793 8.873233251530138 	idx: 1 3 3 4 512 32
1.6677253599865545 8.784500919014837 	idx: 4 3 3 16 256 64
1.6677253599865545 8.696655909824688 	idx: 4 3 3 16 256 64
1.6677253599865545 8.609689350726441 	idx: 4 3 3 16 256 64
1.6677253599865545 8.523592457219177 	idx: 4 3 3 16 256 64
1.6677253599865545 8.438356532646985 	idx: 4 3 3 16 256 64
1.6677253599865545 8.353972967320516 	idx: 4 3 3 16 256 64
1.6677253599865545 8.27043323764731 	idx: 4 3 3 16 256 64
1.6677253599865545 8.187728905270838 	idx: 4 3 3 16 256 64
1.6677253599865545 8.105851616218128 	idx: 4 3 3 16 256 64
1.8685226521666394 8.024793100055946 	idx: 3 3 3 16 512 128
1.8685226521666394 7.944545169055387 	idx: 3 3 3 16 512 128
1.8685226521666394 7.865099717364833 	idx: 3 3 3 16 512 128
1.8685226521666394 7.786448720191185 	idx: 3 3 3 16 512 128
1.8685226521666394 7.708584232989273 	idx: 3 3 3 16 512 128
1.8685226521666394 7.63149839065938 	idx: 3 3 3 16 512 128
1.8685226521666394 7.5551834067527865 	idx: 3 3 3 16 512 128
1.6348560913074914 7.479631572685259 	idx: 1 2 4 16 512 4
1.6348560913074914 7.404835256958406 	idx: 1 2 4 16 512 4
1.6348560913074914 7.330786904388821 	idx: 1 2 4 16 512 4
1.6348560913074914 7.257479035344933 	idx: 1 2 4 16 512 4
1.6602339332652645 7.1849042449914835 	idx: 1 2 4 32 512 2
1.5411138311772508 7.1130552025415685 	idx: 0 5 2 32 256 8
1.610074293892142 7.041924650516153 	idx: 1 3 2 64 512 4
1.7847472254588548 6.971505404010991 	idx: 4 3 3 4 512 8
1.6097717359622437 6.901790349970882 	idx: 4 3 2 8 1024 16
1.6097717359622437 6.832772446471173 	idx: 4 3 2 8 1024 16
1.6097717359622437 6.764444722006462 	idx: 4 3 2 8 1024 16
1.8496243881387977 6.696800274786397 	idx: 4 3 3 8 512 16
1.8496243881387977 6.6298322720385325 	idx: 4 3 3 8 512 16
1.8496243881387977 6.563533949318147 	idx: 4 3 3 8 512 16
1.8496243881387977 6.497898609824966 	idx: 4 3 3 8 512 16
1.5964601682898931 6.432919623726716 	idx: 2 3 2 8 1024 256
1.5964601682898931 6.3685904274894485 	idx: 2 3 2 8 1024 256
1.5964601682898931 6.304904523214554 	idx: 2 3 2 8 1024 256
1.66226128409528 6.2418554779824085 	idx: 2 3 2 16 1024 128
1.7239265444856908 6.1794369232025845 	idx: 2 4 2 8 512 128
1.7239265444856908 6.117642553970558 	idx: 2 4 2 8 512 128
1.7239265444856908 6.056466128430853 	idx: 2 4 2 8 512 128
1.7239265444856908 5.9959014671465445 	idx: 2 4 2 8 512 128
1.7239265444856908 5.935942452475079 	idx: 2 4 2 8 512 128
1.7239265444856908 5.8765830279503275 	idx: 2 4 2 8 512 128
1.7239265444856908 5.817817197670824 	idx: 2 4 2 8 512 128
1.7239265444856908 5.759639025694116 	idx: 2 4 2 8 512 128
1.7239265444856908 5.7020426354371745 	idx: 2 4 2 8 512 128
1.7239265444856908 5.645022209082803 	idx: 2 4 2 8 512 128
1.7239265444856908 5.588571986991974 	idx: 2 4 2 8 512 128
1.7608447768520403 5.532686267122054 	idx: 2 4 2 16 512 256
1.784226588631175 5.477359404450834 	idx: 4 4 2 16 512 64
1.784226588631175 5.422585810406325 	idx: 4 4 2 16 512 64
1.7608447768520403 5.368359952302262 	idx: 2 4 2 16 512 256
1.7608447768520403 5.314676352779239 	idx: 2 4 2 16 512 256
1.7112689195991748 5.261529589251447 	idx: 2 4 2 8 512 256
1.7112689195991748 5.208914293358933 	idx: 2 4 2 8 512 256
1.7112689195991748 5.156825150425344 	idx: 2 4 2 8 512 256
1.8499839558506077 5.10525689892109 	idx: 1 3 3 8 512 8
1.8499839558506077 5.0542043299318795 	idx: 1 3 3 8 512 8
1.8499839558506077 5.003662286632561 	idx: 1 3 3 8 512 8
1.888481527237041 4.953625663766235 	idx: 0 3 3 32 512 2
1.888481527237041 4.9040894071285726 	idx: 0 3 3 32 512 2
1.888481527237041 4.8550485130572865 	idx: 0 3 3 32 512 2
1.888481527237041 4.806498027926714 	idx: 0 3 3 32 512 2
1.888481527237041 4.758433047647447 	idx: 0 3 3 32 512 2
1.888481527237041 4.710848717170973 	idx: 0 3 3 32 512 2
1.888481527237041 4.663740229999263 	idx: 0 3 3 32 512 2
1.888481527237041 4.61710282769927 	idx: 0 3 3 32 512 2
1.888481527237041 4.570931799422278 	idx: 0 3 3 32 512 2
1.888481527237041 4.525222481428055 	idx: 0 3 3 32 512 2
1.888481527237041 4.4799702566137745 	idx: 0 3 3 32 512 2
1.888481527237041 4.4351705540476365 	idx: 0 3 3 32 512 2
1.888481527237041 4.39081884850716 	idx: 0 3 3 32 512 2
1.888481527237041 4.346910660022088 	idx: 0 3 3 32 512 2
1.888481527237041 4.303441553421867 	idx: 0 3 3 32 512 2
1.888271471131696 4.260407137887648 	idx: 0 3 3 32 512 4
1.888271471131696 4.217803066508771 	idx: 0 3 3 32 512 4
1.888271471131696 4.175625035843683 	idx: 0 3 3 32 512 4
1.8835961439543016 4.133868785485246 	idx: 0 3 3 16 512 2
1.8835961439543016 4.0925300976303935 	idx: 0 3 3 16 512 2
1.8835961439543016 4.05160479665409 	idx: 0 3 3 16 512 2
1.8835961439543016 4.011088748687548 	idx: 0 3 3 16 512 2
1.8835961439543016 3.970977861200673 	idx: 0 3 3 16 512 2
1.8878037035245627 3.9312680825886663 	idx: 1 3 3 32 512 8
1.8878037035245627 3.8919554017627798 	idx: 1 3 3 32 512 8
1.8835961439543016 3.853035847745152 	idx: 0 3 3 16 512 2
1.8835961439543016 3.8145054892677006 	idx: 0 3 3 16 512 2
1.8835961439543016 3.7763604343750234 	idx: 0 3 3 16 512 2
1.8835961439543016 3.7385968300312733 	idx: 0 3 3 16 512 2
1.8847903678071507 3.7012108617309605 	idx: 1 3 3 32 512 32
1.8847903678071507 3.664198753113651 	idx: 1 3 3 32 512 32
1.8847903678071507 3.6275567655825145 	idx: 1 3 3 32 512 32
1.8847903678071507 3.591281197926689 	idx: 1 3 3 32 512 32
1.8847903678071507 3.555368385947422 	idx: 1 3 3 32 512 32
1.8847903678071507 3.519814702087948 	idx: 1 3 3 32 512 32
1.8847903678071507 3.4846165550670687 	idx: 1 3 3 32 512 32
1.8847903678071507 3.449770389516398 	idx: 1 3 3 32 512 32
1.8847903678071507 3.415272685621234 	idx: 1 3 3 32 512 32
1.8847903678071507 3.3811199587650216 	idx: 1 3 3 32 512 32
1.8847903678071507 3.347308759177371 	idx: 1 3 3 32 512 32
1.8847903678071507 3.3138356715855974 	idx: 1 3 3 32 512 32
1.8847903678071507 3.2806973148697414 	idx: 1 3 3 32 512 32
1.8847903678071507 3.247890341721044 	idx: 1 3 3 32 512 32
1.8847903678071507 3.2154114383038332 	idx: 1 3 3 32 512 32
1.8847903678071507 3.183257323920795 	idx: 1 3 3 32 512 32
1.8847903678071507 3.1514247506815867 	idx: 1 3 3 32 512 32
1.8847903678071507 3.1199105031747707 	idx: 1 3 3 32 512 32
1.8847903678071507 3.088711398143023 	idx: 1 3 3 32 512 32
1.8847903678071507 3.0578242841615926 	idx: 1 3 3 32 512 32
1.8847903678071507 3.0272460413199767 	idx: 1 3 3 32 512 32
1.8847903678071507 2.996973580906777 	idx: 1 3 3 32 512 32
1.8847903678071507 2.967003845097709 	idx: 1 3 3 32 512 32
1.8847903678071507 2.9373338066467323 	idx: 1 3 3 32 512 32
1.8835961439543016 2.907960468580265 	idx: 0 3 3 16 512 2
1.8835961439543016 2.8788808638944623 	idx: 0 3 3 16 512 2
1.8847903678071507 2.8500920552555176 	idx: 1 3 3 32 512 32
1.8847903678071507 2.8215911347029623 	idx: 1 3 3 32 512 32
1.8835961439543016 2.7933752233559326 	idx: 0 3 3 16 512 2
1.8835961439543016 2.765441471122373 	idx: 0 3 3 16 512 2
1.8835961439543016 2.7377870564111495 	idx: 0 3 3 16 512 2
1.8835961439543016 2.710409185847038 	idx: 0 3 3 16 512 2
1.8835961439543016 2.6833050939885674 	idx: 0 3 3 16 512 2
1.8835961439543016 2.656472043048682 	idx: 0 3 3 16 512 2
1.8835961439543016 2.629907322618195 	idx: 0 3 3 16 512 2
1.8835961439543016 2.603608249392013 	idx: 0 3 3 16 512 2
1.8835961439543016 2.577572166898093 	idx: 0 3 3 16 512 2
1.8835961439543016 2.551796445229112 	idx: 0 3 3 16 512 2
1.8835961439543016 2.526278480776821 	idx: 0 3 3 16 512 2
1.8835961439543016 2.501015695969053 	idx: 0 3 3 16 512 2
1.8835961439543016 2.4760055390093623 	idx: 0 3 3 16 512 2
1.8835961439543016 2.4512454836192688 	idx: 0 3 3 16 512 2
1.8835961439543016 2.426733028783076 	idx: 0 3 3 16 512 2
1.8835961439543016 2.402465698495245 	idx: 0 3 3 16 512 2
1.8835961439543016 2.3784410415102926 	idx: 0 3 3 16 512 2
1.8835961439543016 2.3546566310951897 	idx: 0 3 3 16 512 2
1.8835961439543016 2.3311100647842378 	idx: 0 3 3 16 512 2
1.8835961439543016 2.307798964136395 	idx: 0 3 3 16 512 2
1.8833787214947344 2.2847209744950314 	idx: 0 3 3 16 512 4
1.8833787214947344 2.261873764750081 	idx: 0 3 3 16 512 4
1.8833787214947344 2.23925502710258 	idx: 0 3 3 16 512 4
1.8833787214947344 2.2168624768315546 	idx: 0 3 3 16 512 4
1.8833787214947344 2.194693852063239 	idx: 0 3 3 16 512 4
1.8833787214947344 2.1727469135426065 	idx: 0 3 3 16 512 4
1.8807896881529262 2.1510194444071806 	idx: 4 3 3 32 512 64
1.8807896881529262 2.129509249963109 	idx: 4 3 3 32 512 64
1.8807896881529262 2.108214157463478 	idx: 4 3 3 32 512 64
1.8807896881529262 2.087132015888843 	idx: 4 3 3 32 512 64
1.8807896881529262 2.0662606957299547 	idx: 4 3 3 32 512 64
1.8807896881529262 2.045598088772655 	idx: 4 3 3 32 512 64
1.8807896881529262 2.0251421078849283 	idx: 4 3 3 32 512 64
1.8807896881529262 2.004890686806079 	idx: 4 3 3 32 512 64
1.8807896881529262 1.9848417799380185 	idx: 4 3 3 32 512 64
1.8807896881529262 1.9649933621386382 	idx: 4 3 3 32 512 64
1.8807896881529262 1.9453434285172517 	idx: 4 3 3 32 512 64
1.8807896881529262 1.9258899942320793 	idx: 4 3 3 32 512 64
1.8807896881529262 1.9066310942897584 	idx: 4 3 3 32 512 64
1.8807896881529262 1.8875647833468607 	idx: 4 3 3 32 512 64
1.8807896881529262 1.868689135513392 	idx: 1 3 3 32 512 64
1.8807896881529262 1.8500022441582582 	idx: 1 3 3 32 512 64
1.8807896881529262 1.8315022217166756 	idx: 1 3 3 32 512 64
1.8807896881529262 1.8131871994995088 	idx: 1 3 3 32 512 64
1.8807896881529262 1.7950553275045138 	idx: 1 3 3 32 512 64
1.8807896881529262 1.7771047742294686 	idx: 1 3 3 32 512 64
1.8807896881529262 1.7593337264871738 	idx: 1 3 3 32 512 64
1.8807896881529262 1.741740389222302 	idx: 1 3 3 32 512 64
1.8807896881529262 1.724322985330079 	idx: 1 3 3 32 512 64
1.8807896881529262 1.7070797554767783 	idx: 1 3 3 32 512 64
1.8807896881529262 1.6900089579220106 	idx: 1 3 3 32 512 64
1.882958360065937 1.6731088683427904 	idx: 0 3 3 16 512 8
1.882958360065937 1.6563777796593624 	idx: 0 3 3 16 512 8
1.8833787214947344 1.6398140018627687 	idx: 3 3 3 16 512 4
1.8833787214947344 1.623415861844141 	idx: 3 3 3 16 512 4
1.8833787214947344 1.6071817032256996 	idx: 3 3 3 16 512 4
1.8833787214947344 1.5911098861934427 	idx: 3 3 3 16 512 4
1.882958360065937 1.5751987873315083 	idx: 0 3 3 16 512 8
1.882958360065937 1.5594467994581933 	idx: 0 3 3 16 512 8
1.882958360065937 1.5438523314636114 	idx: 0 3 3 16 512 8
1.882958360065937 1.5284138081489753 	idx: 0 3 3 16 512 8
1.882958360065937 1.5131296700674854 	idx: 0 3 3 16 512 8
1.8868024805233174 1.4979983733668105 	idx: 0 3 3 32 512 16
1.8868024805233174 1.4830183896331424 	idx: 0 3 3 32 512 16
1.8868024805233174 1.468188205736811 	idx: 0 3 3 32 512 16
1.8820787872402878 1.4535063236794428 	idx: 0 3 3 16 512 16
1.8820787872402878 1.4389712604426483 	idx: 0 3 3 16 512 16
1.8820787872402878 1.4245815478382218 	idx: 0 3 3 16 512 16
1.8820787872402878 1.4103357323598396 	idx: 0 3 3 16 512 16
1.8820787872402878 1.396232375036241 	idx: 0 3 3 16 512 16
1.8820787872402878 1.3822700512858788 	idx: 0 3 3 16 512 16
1.8820787872402878 1.36844735077302 	idx: 0 3 3 16 512 16
1.8820787872402878 1.3547628772652898 	idx: 0 3 3 16 512 16
1.8820787872402878 1.341215248492637 	idx: 0 3 3 16 512 16
1.8820787872402878 1.3278030960077105 	idx: 0 3 3 16 512 16
1.8820787872402878 1.3145250650476334 	idx: 0 3 3 16 512 16
1.8820787872402878 1.301379814397157 	idx: 0 3 3 16 512 16
1.8820787872402878 1.2883660162531856 	idx: 0 3 3 16 512 16
1.882958360065937 1.2754823560906536 	idx: 0 3 3 16 512 8
1.882958360065937 1.2627275325297471 	idx: 0 3 3 16 512 8
1.882958360065937 1.2501002572044497 	idx: 0 3 3 16 512 8
1.882958360065937 1.2375992546324053 	idx: 0 3 3 16 512 8
1.882958360065937 1.2252232620860812 	idx: 0 3 3 16 512 8
1.882958360065937 1.2129710294652205 	idx: 0 3 3 16 512 8
1.882958360065937 1.2008413191705682 	idx: 0 3 3 16 512 8
1.882958360065937 1.1888329059788625 	idx: 0 3 3 16 512 8
1.882958360065937 1.1769445769190738 	idx: 0 3 3 16 512 8
1.882958360065937 1.165175131149883 	idx: 0 3 3 16 512 8
1.882958360065937 1.1535233798383842 	idx: 0 3 3 16 512 8
1.882958360065937 1.1419881460400003 	idx: 0 3 3 16 512 8
1.882958360065937 1.1305682645796002 	idx: 0 3 3 16 512 8
1.882958360065937 1.1192625819338042 	idx: 0 3 3 16 512 8
1.882958360065937 1.1080699561144662 	idx: 0 3 3 16 512 8
1.882958360065937 1.0969892565533215 	idx: 0 3 3 16 512 8
1.882958360065937 1.0860193639877882 	idx: 0 3 3 16 512 8
1.882958360065937 1.0751591703479102 	idx: 0 3 3 16 512 8
1.882958360065937 1.0644075786444311 	idx: 0 3 3 16 512 8
1.882958360065937 1.0537635028579868 	idx: 0 3 3 16 512 8
1.882958360065937 1.0432258678294068 	idx: 0 3 3 16 512 8
1.882958360065937 1.0327936091511127 	idx: 0 3 3 16 512 8
1.882958360065937 1.0224656730596016 	idx: 0 3 3 16 512 8
1.882958360065937 1.0122410163290056 	idx: 0 3 3 16 512 8
1.882958360065937 1.0021186061657157 	idx: 0 3 3 16 512 8
###### ACC Parameters ######
cim type:    LccCIM
bus_width:   25.6
macros_row:  3
macros_col:  3
scr:         16
is_size:     512
os_size:     8
best=1.882958360065937, area=4587444.878995694 459
bert_base_sl512_LCC-CIM@ISSCC20_ee_running start at 1757786736.670632
1.5524715592254532 100 	idx: 0 4 2 2 128 256
1.7182010631990514 99.0 	idx: 4 5 2 2 64 256
1.9006621619014954 98.01 	idx: 1 3 3 4 32 128
2.493837023886321 97.0299 	idx: 1 4 3 8 16 128
2.110633737122513 96.059601 	idx: 2 3 3 8 256 64
2.134937174086517 95.09900499 	idx: 4 6 2 4 32 64
2.110633737122513 94.1480149401 	idx: 2 3 3 8 256 64
2.110633737122513 93.206534790699 	idx: 2 3 3 8 256 64
1.811648115373914 92.27446944279201 	idx: 3 3 2 64 256 32
2.185577680967557 91.35172474836409 	idx: 1 3 4 8 8 64
2.491342015191901 90.43820750088045 	idx: 1 4 3 8 8 128
2.491342015191901 89.53382542587164 	idx: 1 4 3 8 8 128
2.4981197382770537 88.63848717161292 	idx: 1 4 3 8 8 64
2.0539535889047755 87.75210229989679 	idx: 4 5 2 4 256 8
2.053561357134477 86.87458127689783 	idx: 4 5 2 4 256 16
2.1711105087593614 86.00583546412885 	idx: 4 6 2 4 128 16
2.553449968918685 85.14577710948755 	idx: 0 4 3 16 16 32
1.8305532826562028 84.29431933839268 	idx: 3 2 4 64 128 16
1.5275380078107088 83.45137614500875 	idx: 0 3 2 16 8 64
1.943315684676293 82.61686238355867 	idx: 1 5 2 4 2 256
2.1610286545446833 81.79069375972308 	idx: 3 3 3 32 256 64
2.3857710852787304 80.97278682212585 	idx: 1 4 3 4 2 128
2.2340997100965017 80.1630589539046 	idx: 4 3 3 16 512 128
2.226248896700973 79.36142836436555 	idx: 3 5 2 8 256 64
1.8887405501500003 78.56781408072189 	idx: 1 3 3 4 2 64
2.226248896700973 77.78213593991467 	idx: 3 5 2 8 256 64
2.226248896700973 77.00431458051553 	idx: 3 5 2 8 256 64
1.8010838539098162 76.23427143471037 	idx: 3 6 1 16 512 32
1.9614933200296367 75.47192872036327 	idx: 0 4 2 32 32 512
2.3464469156151484 74.71720943315964 	idx: 3 5 2 32 256 64
2.3464469156151484 73.97003733882804 	idx: 3 5 2 32 256 64
2.255965128154835 73.23033696543976 	idx: 3 4 2 16 512 32
1.6126230704627063 72.49803359578536 	idx: 3 5 1 8 512 32
1.5633556093188652 71.7730532598275 	idx: 0 3 2 128 16 512
1.5633556093188652 71.05532272722922 	idx: 0 3 2 128 16 512
2.252157831084663 70.34476949995693 	idx: 3 4 2 16 512 64
2.252157831084663 69.64132180495736 	idx: 3 4 2 16 512 64
2.1610286545446833 68.94490858690779 	idx: 3 3 3 32 256 64
2.0071519037664665 68.25545950103871 	idx: 0 3 3 32 16 256
2.164809038711954 67.57290490602833 	idx: 3 3 3 64 256 32
2.0071519037664665 66.89717585696805 	idx: 0 3 3 32 16 256
2.5572880676658434 66.22820409839836 	idx: 1 4 3 16 32 32
2.2172059214891306 65.56592205741438 	idx: 1 5 2 16 32 32
1.5495558261331455 64.91026283684023 	idx: 2 2 3 16 4 16
2.151224606830716 64.26116020847184 	idx: 1 6 2 4 64 64
2.151224606830716 63.618548606387115 	idx: 1 6 2 4 64 64
1.574179150664175 62.98236312032324 	idx: 0 3 2 32 32 32
1.6144793660268626 62.35253948912001 	idx: 1 8 1 4 32 128
2.048543699011777 61.72901409422881 	idx: 0 3 3 64 64 16
2.048543699011777 61.11172395328652 	idx: 0 3 3 64 64 16
1.970582951629794 60.500606713753655 	idx: 3 4 2 16 32 32
2.0265086953500386 59.89560064661612 	idx: 2 3 3 8 128 8
2.5005955137845697 59.29664464014996 	idx: 3 4 3 8 16 64
2.128433734270467 58.70367819374846 	idx: 3 5 2 8 16 64
2.1234917708238084 58.116641411810974 	idx: 3 6 2 4 16 128
2.2684961147754676 57.535474997692866 	idx: 0 3 4 16 64 16
1.772036304055268 56.960120247715935 	idx: 0 2 4 16 64 32
1.772036304055268 56.390519045238776 	idx: 0 2 4 16 64 32
1.8501036281853938 55.82661385478639 	idx: 1 8 1 16 64 256
1.7773777748110864 55.26834771623852 	idx: 1 9 1 32 32 128
1.8413788066565866 54.71566423907614 	idx: 1 8 1 16 16 128
1.9288480269231365 54.16850759668538 	idx: 3 5 2 4 2 512
2.5592676401489283 53.62682252071853 	idx: 4 4 3 16 32 16
2.2090201413352593 53.09055429551134 	idx: 4 5 2 16 16 32
2.2090201413352593 52.55964875255623 	idx: 4 5 2 16 16 32
2.2090201413352593 52.03405226503067 	idx: 4 5 2 16 16 32
2.201541713754881 51.51371174238036 	idx: 4 5 2 16 8 64
1.7514122867092203 50.998574624956554 	idx: 0 2 4 32 8 512
2.128433734270467 50.488588878706985 	idx: 4 5 2 8 16 64
2.128433734270467 49.98370298991991 	idx: 4 5 2 8 16 64
2.1133859988659656 49.483865960020715 	idx: 1 5 2 8 16 256
2.119309887515723 48.98902730042051 	idx: 1 6 2 4 8 128
2.119309887515723 48.4991370274163 	idx: 1 6 2 4 8 128
1.7259745571129894 48.01414565714214 	idx: 2 2 4 8 128 128
2.039441514070095 47.53400420057071 	idx: 2 3 3 16 64 64
2.0425677976800705 47.05866415856501 	idx: 2 3 3 16 64 32
2.0425677976800705 46.58807751697936 	idx: 2 3 3 16 64 32
2.068411484126192 46.12219674180957 	idx: 2 3 3 16 128 64
2.068411484126192 45.66097477439147 	idx: 2 3 3 16 128 64
2.1209554402870108 45.20436502664755 	idx: 1 6 2 4 4 64
2.1209554402870108 44.752321376381076 	idx: 1 6 2 4 4 64
2.0876003713481164 44.30479816261727 	idx: 0 2 6 8 2 128
1.9453997618816494 43.861750180991095 	idx: 2 3 3 4 128 32
1.702931739803366 43.42313267918119 	idx: 4 9 1 8 128 32
1.8205529616877045 42.98890135238938 	idx: 1 6 2 2 8 32
1.9378156426957402 42.559012338865486 	idx: 2 4 2 8 128 128
1.9378156426957402 42.133422215476834 	idx: 2 4 2 8 128 128
1.9598458798988534 41.712087993322065 	idx: 1 5 2 4 16 64
2.151224606830716 41.29496711338884 	idx: 3 6 2 4 64 64
2.151224606830716 40.882017442254956 	idx: 3 6 2 4 64 64
2.151224606830716 40.473197267832404 	idx: 3 6 2 4 64 64
2.151224606830716 40.06846529515408 	idx: 3 6 2 4 64 64
2.151224606830716 39.66778064220254 	idx: 3 6 2 4 64 64
1.8349621635507378 39.27110283578051 	idx: 3 6 2 2 32 64
2.0165871941147 38.8783918074227 	idx: 0 3 3 32 8 128
2.0165871941147 38.48960788934848 	idx: 0 3 3 32 8 128
2.53851699301102 38.104711810454994 	idx: 0 4 3 16 4 128
1.968488949753863 37.72366469235045 	idx: 0 3 3 8 8 128
1.7145502954978091 37.34642804542694 	idx: 3 5 2 2 64 64
2.012006413187767 36.97296376497267 	idx: 3 4 3 2 64 64
2.0165871941147 36.60323412732294 	idx: 0 3 3 32 8 128
2.546455149217967 36.23720178604971 	idx: 0 4 3 16 4 64
2.546455149217967 35.874829768189215 	idx: 0 4 3 16 4 64
2.546455149217967 35.516081470507324 	idx: 0 4 3 16 4 64
2.5504428739379423 35.16092065580225 	idx: 0 4 3 16 4 32
2.5504428739379423 34.80931144924423 	idx: 0 4 3 16 4 32
2.122854916850065 34.461218334751784 	idx: 0 5 2 8 2 32
2.122854916850065 34.11660615140427 	idx: 0 5 2 8 2 32
2.4127171643813248 33.775440089890225 	idx: 2 4 3 4 64 64
2.4127171643813248 33.43768568899132 	idx: 2 4 3 4 64 64
2.4127171643813248 33.10330883210141 	idx: 2 4 3 4 64 64
2.2684961147754676 32.7722757437804 	idx: 3 3 4 16 64 16
2.149709724760902 32.44455298634259 	idx: 1 3 3 128 4 4
1.882524968794728 32.12010745647917 	idx: 0 4 2 8 2 32
1.735678102047341 31.798906381914374 	idx: 0 4 2 4 2 64
1.9734103586717613 31.48091731809523 	idx: 0 3 3 8 4 32
2.2608423771141335 31.16610814491428 	idx: 4 3 4 16 2 4
2.2749529720636215 30.854447063465138 	idx: 1 5 2 64 32 2
2.2749529720636215 30.545902592830487 	idx: 1 5 2 64 32 2
2.2749529720636215 30.240443566902183 	idx: 1 5 2 64 32 2
2.2749529720636215 29.93803913123316 	idx: 1 5 2 64 32 2
2.2749529720636215 29.638658739920828 	idx: 1 5 2 64 32 2
2.2749529720636215 29.34227215252162 	idx: 1 5 2 64 32 2
2.02759089179867 29.048849430996402 	idx: 4 3 3 64 4 4
2.506911985337656 28.758360936686437 	idx: 3 4 3 8 16 4
2.506911985337656 28.47077732731957 	idx: 3 4 3 8 16 4
2.394249711890575 28.186069554046373 	idx: 3 4 3 4 16 8
2.504031608915715 27.90420885850591 	idx: 3 4 3 8 8 8
2.504031608915715 27.625166769920853 	idx: 3 4 3 8 8 8
2.504031608915715 27.348915102221643 	idx: 3 4 3 8 8 8
2.504031608915715 27.075425951199424 	idx: 3 4 3 8 8 8
2.504031608915715 26.804671691687428 	idx: 3 4 3 8 8 8
2.2402272054387082 26.536624974770554 	idx: 4 5 2 32 8 4
2.2578693423116922 26.271258725022847 	idx: 1 4 2 16 512 16
2.2578693423116922 26.00854613777262 	idx: 1 4 2 16 512 16
2.2791319903628287 25.748460676394892 	idx: 0 6 2 8 4 128
2.2578693423116922 25.490976069630943 	idx: 1 4 2 16 512 16
2.2590796520083227 25.23606630893463 	idx: 4 5 2 64 4 8
2.2590796520083227 24.983705645845284 	idx: 4 5 2 64 4 8
2.193394982060167 24.73386858938683 	idx: 0 5 2 16 4 128
2.193394982060167 24.48652990349296 	idx: 0 5 2 16 4 128
2.5005955137845697 24.24166460445803 	idx: 3 4 3 8 16 64
2.5005955137845697 23.99924795841345 	idx: 3 4 3 8 16 64
2.3949059467752076 23.759255478829314 	idx: 3 4 3 4 16 32
2.3949059467752076 23.52166292404102 	idx: 3 4 3 4 16 32
1.8894142156940723 23.28644629480061 	idx: 0 3 3 4 8 128
1.8894142156940723 23.053581831852604 	idx: 0 3 3 4 8 128
1.8894142156940723 22.82304601353408 	idx: 0 3 3 4 8 128
1.8894142156940723 22.59481555339874 	idx: 0 3 3 4 8 128
1.968488949753863 22.36886739786475 	idx: 0 3 3 8 8 128
2.395751939517314 22.145178723886104 	idx: 0 4 3 4 16 64
2.395751939517314 21.923726936647242 	idx: 0 4 3 4 16 64
2.395751939517314 21.704489667280768 	idx: 0 4 3 4 16 64
2.395751939517314 21.48744477060796 	idx: 0 4 3 4 16 64
2.1261969740621933 21.27257032290188 	idx: 0 5 2 8 8 32
2.1261969740621933 21.059844619672862 	idx: 0 5 2 8 8 32
2.1261969740621933 20.849246173476132 	idx: 0 5 2 8 8 32
2.3833447103187817 20.64075371174137 	idx: 0 6 2 16 16 32
2.2909313180134228 20.434346174623958 	idx: 0 6 2 8 16 64
2.2909313180134228 20.230002712877717 	idx: 0 6 2 8 16 64
2.3833447103187817 20.027702685748938 	idx: 0 6 2 16 16 32
2.3833447103187817 19.82742565889145 	idx: 0 6 2 16 16 32
2.3833447103187817 19.629151402302536 	idx: 0 6 2 16 16 32
2.3833447103187817 19.43285988827951 	idx: 0 6 2 16 16 32
2.3833447103187817 19.238531289396715 	idx: 0 6 2 16 16 32
2.3833447103187817 19.046145976502746 	idx: 0 6 2 16 16 32
2.3833447103187817 18.855684516737718 	idx: 0 6 2 16 16 32
2.214094591618541 18.66712767157034 	idx: 0 5 2 16 32 64
2.214094591618541 18.480456394854638 	idx: 0 5 2 16 32 64
2.546455149217967 18.295651830906092 	idx: 4 4 3 16 4 64
2.546455149217967 18.11269531259703 	idx: 4 4 3 16 4 64
2.4997749991397034 17.931568359471058 	idx: 4 4 3 8 2 32
2.4997749991397034 17.752252675876345 	idx: 4 4 3 8 2 32
2.505094743855414 17.57473014911758 	idx: 0 4 3 8 32 64
2.505094743855414 17.398982847626407 	idx: 0 4 3 8 32 64
2.505094743855414 17.22499301915014 	idx: 0 4 3 8 32 64
2.505094743855414 17.05274308895864 	idx: 0 4 3 8 32 64
2.505094743855414 16.882215658069054 	idx: 0 4 3 8 32 64
2.505094743855414 16.713393501488362 	idx: 0 4 3 8 32 64
2.4970932824014236 16.546259566473477 	idx: 4 4 3 8 4 64
2.5613471390323257 16.380796970808742 	idx: 0 4 3 16 64 64
2.5613471390323257 16.216989001100654 	idx: 0 4 3 16 64 64
2.5613471390323257 16.054819111089646 	idx: 0 4 3 16 64 64
2.5613471390323257 15.89427091997875 	idx: 0 4 3 16 64 64
2.5613471390323257 15.735328210778961 	idx: 0 4 3 16 64 64
2.5613471390323257 15.577974928671171 	idx: 0 4 3 16 64 64
2.5613471390323257 15.42219517938446 	idx: 0 4 3 16 64 64
2.5613471390323257 15.267973227590614 	idx: 0 4 3 16 64 64
2.5030142651687766 15.115293495314708 	idx: 3 4 3 8 4 8
2.134937174086517 14.96414056036156 	idx: 0 6 2 4 32 64
2.134937174086517 14.814499154757945 	idx: 0 6 2 4 32 64
2.050060601555091 14.666354163210364 	idx: 2 4 2 32 128 64
2.204311402553143 14.519690621578262 	idx: 3 5 2 16 4 16
2.204311402553143 14.374493715362478 	idx: 3 5 2 16 4 16
2.5023159969681377 14.230748778208852 	idx: 3 4 3 8 2 8
2.5023159969681377 14.088441290426763 	idx: 3 4 3 8 2 8
2.5023159969681377 13.947556877522496 	idx: 3 4 3 8 2 8
2.5023159969681377 13.808081308747271 	idx: 3 4 3 8 2 8
2.5023159969681377 13.670000495659798 	idx: 3 4 3 8 2 8
2.5023159969681377 13.5333004907032 	idx: 3 4 3 8 2 8
2.5023159969681377 13.397967485796167 	idx: 3 4 3 8 2 8
2.5023159969681377 13.263987810938206 	idx: 3 4 3 8 2 8
2.5023159969681377 13.131347932828824 	idx: 3 4 3 8 2 8
2.261213178050996 13.000034453500536 	idx: 3 3 4 16 4 4
2.261213178050996 12.87003410896553 	idx: 3 3 4 16 4 4
2.261213178050996 12.741333767875876 	idx: 3 3 4 16 4 4
2.3046072105316338 12.613920430197117 	idx: 2 4 2 32 512 16
2.3046072105316338 12.487781225895146 	idx: 2 4 2 32 512 16
2.189290076917414 12.362903413636195 	idx: 3 3 4 8 8 8
2.189290076917414 12.239274379499832 	idx: 3 3 4 8 8 8
2.189290076917414 12.116881635704834 	idx: 3 3 4 8 8 8
2.1824200903010245 11.995712819347785 	idx: 2 5 2 8 128 16
2.314686499120438 11.875755691154307 	idx: 2 5 2 16 256 8
2.2956314386830354 11.756998134242764 	idx: 2 5 2 32 128 16
2.2956314386830354 11.639428152900336 	idx: 2 5 2 32 128 16
2.2956314386830354 11.523033871371332 	idx: 2 5 2 32 128 16
2.2956314386830354 11.407803532657619 	idx: 2 5 2 32 128 16
2.3506704356500125 11.293725497331042 	idx: 2 5 2 32 256 32
2.3506704356500125 11.180788242357732 	idx: 2 5 2 32 256 32
2.3506704356500125 11.068980359934155 	idx: 2 5 2 32 256 32
2.313712964974366 10.958290556334813 	idx: 2 5 2 16 256 16
2.313712964974366 10.848707650771464 	idx: 2 5 2 16 256 16
2.313712964974366 10.74022057426375 	idx: 2 5 2 16 256 16
2.5176761319510987 10.632818368521113 	idx: 0 4 3 8 64 32
2.5176761319510987 10.526490184835902 	idx: 0 4 3 8 64 32
2.5176761319510987 10.421225282987542 	idx: 0 4 3 8 64 32
2.5176761319510987 10.317013030157668 	idx: 0 4 3 8 64 32
2.5176761319510987 10.213842899856092 	idx: 0 4 3 8 64 32
2.5193306277981913 10.11170447085753 	idx: 0 4 3 8 64 16
2.5193306277981913 10.010587426148955 	idx: 0 4 3 8 64 16
2.5193306277981913 9.910481551887466 	idx: 0 4 3 8 64 16
2.5193306277981913 9.811376736368592 	idx: 0 4 3 8 64 16
2.5193306277981913 9.713262969004907 	idx: 0 4 3 8 64 16
2.5193306277981913 9.616130339314857 	idx: 0 4 3 8 64 16
2.5193306277981913 9.519969035921708 	idx: 0 4 3 8 64 16
2.5193306277981913 9.42476934556249 	idx: 0 4 3 8 64 16
2.5193306277981913 9.330521652106865 	idx: 0 4 3 8 64 16
2.5193306277981913 9.237216435585797 	idx: 0 4 3 8 64 16
2.5193306277981913 9.144844271229939 	idx: 0 4 3 8 64 16
2.5193306277981913 9.053395828517639 	idx: 0 4 3 8 64 16
2.5193306277981913 8.962861870232462 	idx: 0 4 3 8 64 16
2.5193306277981913 8.873233251530138 	idx: 0 4 3 8 64 16
2.5193306277981913 8.784500919014837 	idx: 0 4 3 8 64 16
2.5193306277981913 8.696655909824688 	idx: 0 4 3 8 64 16
2.5193306277981913 8.609689350726441 	idx: 0 4 3 8 64 16
2.5518213551615565 8.523592457219177 	idx: 1 4 3 16 2 16
2.5811783665783996 8.438356532646985 	idx: 0 4 3 16 128 8
2.5811783665783996 8.353972967320516 	idx: 0 4 3 16 128 8
2.5811783665783996 8.27043323764731 	idx: 0 4 3 16 128 8
2.5811783665783996 8.187728905270838 	idx: 0 4 3 16 128 8
2.5811783665783996 8.105851616218128 	idx: 0 4 3 16 128 8
2.5811783665783996 8.024793100055946 	idx: 0 4 3 16 128 8
2.5518213551615565 7.944545169055387 	idx: 1 4 3 16 2 16
2.553441873335923 7.865099717364833 	idx: 1 4 3 16 4 8
2.553441873335923 7.786448720191185 	idx: 1 4 3 16 4 8
2.520572146833208 7.708584232989273 	idx: 0 4 3 8 64 4
2.520572146833208 7.63149839065938 	idx: 0 4 3 8 64 4
2.520572146833208 7.5551834067527865 	idx: 0 4 3 8 64 4
2.520572146833208 7.479631572685259 	idx: 0 4 3 8 64 4
2.520572146833208 7.404835256958406 	idx: 0 4 3 8 64 4
2.520572146833208 7.330786904388821 	idx: 0 4 3 8 64 4
2.520572146833208 7.257479035344933 	idx: 0 4 3 8 64 4
2.520572146833208 7.1849042449914835 	idx: 0 4 3 8 64 4
2.520572146833208 7.1130552025415685 	idx: 0 4 3 8 64 4
2.520572146833208 7.041924650516153 	idx: 0 4 3 8 64 4
2.520572146833208 6.971505404010991 	idx: 0 4 3 8 64 4
2.520572146833208 6.901790349970882 	idx: 0 4 3 8 64 4
2.520572146833208 6.832772446471173 	idx: 0 4 3 8 64 4
2.520572146833208 6.764444722006462 	idx: 0 4 3 8 64 4
2.520572146833208 6.696800274786397 	idx: 0 4 3 8 64 4
2.520572146833208 6.6298322720385325 	idx: 0 4 3 8 64 4
2.520572146833208 6.563533949318147 	idx: 0 4 3 8 64 4
2.5316774173479097 6.497898609824966 	idx: 1 4 3 8 128 32
2.5316774173479097 6.432919623726716 	idx: 1 4 3 8 128 32
2.5316774173479097 6.3685904274894485 	idx: 1 4 3 8 128 32
2.5316774173479097 6.304904523214554 	idx: 1 4 3 8 128 32
2.5316774173479097 6.2418554779824085 	idx: 1 4 3 8 128 32
2.5316774173479097 6.1794369232025845 	idx: 1 4 3 8 128 32
2.5316774173479097 6.117642553970558 	idx: 1 4 3 8 128 32
2.5316774173479097 6.056466128430853 	idx: 1 4 3 8 128 32
2.5316774173479097 5.9959014671465445 	idx: 1 4 3 8 128 32
2.5347506170953698 5.935942452475079 	idx: 2 4 3 8 128 2
2.5347506170953698 5.8765830279503275 	idx: 2 4 3 8 128 2
2.5347506170953698 5.817817197670824 	idx: 2 4 3 8 128 2
2.5347506170953698 5.759639025694116 	idx: 2 4 3 8 128 2
2.5347506170953698 5.7020426354371745 	idx: 2 4 3 8 128 2
2.5347506170953698 5.645022209082803 	idx: 2 4 3 8 128 2
2.5347506170953698 5.588571986991974 	idx: 2 4 3 8 128 2
2.5347506170953698 5.532686267122054 	idx: 2 4 3 8 128 2
2.5347506170953698 5.477359404450834 	idx: 2 4 3 8 128 2
2.5347506170953698 5.422585810406325 	idx: 2 4 3 8 128 2
2.5347506170953698 5.368359952302262 	idx: 2 4 3 8 128 2
2.5347506170953698 5.314676352779239 	idx: 2 4 3 8 128 2
2.5347506170953698 5.261529589251447 	idx: 2 4 3 8 128 2
2.5347506170953698 5.208914293358933 	idx: 2 4 3 8 128 2
2.5347506170953698 5.156825150425344 	idx: 2 4 3 8 128 2
2.5347506170953698 5.10525689892109 	idx: 2 4 3 8 128 2
2.5347506170953698 5.0542043299318795 	idx: 2 4 3 8 128 2
2.5819078929788803 5.003662286632561 	idx: 0 4 3 16 128 2
2.5819078929788803 4.953625663766235 	idx: 0 4 3 16 128 2
2.5819078929788803 4.9040894071285726 	idx: 0 4 3 16 128 2
2.520572146833208 4.8550485130572865 	idx: 0 4 3 8 64 4
2.520572146833208 4.806498027926714 	idx: 0 4 3 8 64 4
2.520572146833208 4.758433047647447 	idx: 0 4 3 8 64 4
2.520572146833208 4.710848717170973 	idx: 0 4 3 8 64 4
2.520572146833208 4.663740229999263 	idx: 0 4 3 8 64 4
2.520572146833208 4.61710282769927 	idx: 0 4 3 8 64 4
2.5610022818173883 4.570931799422278 	idx: 0 4 3 16 32 2
2.5610022818173883 4.525222481428055 	idx: 0 4 3 16 32 2
2.5610022818173883 4.4799702566137745 	idx: 0 4 3 16 32 2
2.5610022818173883 4.4351705540476365 	idx: 0 4 3 16 32 2
2.5610022818173883 4.39081884850716 	idx: 0 4 3 16 32 2
2.5610022818173883 4.346910660022088 	idx: 0 4 3 16 32 2
2.5610022818173883 4.303441553421867 	idx: 0 4 3 16 32 2
2.5610022818173883 4.260407137887648 	idx: 0 4 3 16 32 2
2.5610022818173883 4.217803066508771 	idx: 0 4 3 16 32 2
2.5610022818173883 4.175625035843683 	idx: 0 4 3 16 32 2
2.534545636550167 4.133868785485246 	idx: 2 4 3 8 128 4
2.534545636550167 4.0925300976303935 	idx: 2 4 3 8 128 4
2.534545636550167 4.05160479665409 	idx: 2 4 3 8 128 4
2.534545636550167 4.011088748687548 	idx: 2 4 3 8 128 4
2.520158245534023 3.970977861200673 	idx: 2 4 3 8 64 8
2.520158245534023 3.9312680825886663 	idx: 2 4 3 8 64 8
2.520158245534023 3.8919554017627798 	idx: 2 4 3 8 64 8
2.520158245534023 3.853035847745152 	idx: 2 4 3 8 64 8
2.5686811425750733 3.8145054892677006 	idx: 2 4 3 16 64 4
2.568926332753038 3.7763604343750234 	idx: 2 4 3 16 64 2
2.568926332753038 3.7385968300312733 	idx: 2 4 3 16 64 2
2.568926332753038 3.7012108617309605 	idx: 2 4 3 16 64 2
2.568926332753038 3.664198753113651 	idx: 2 4 3 16 64 2
2.568926332753038 3.6275567655825145 	idx: 2 4 3 16 64 2
2.568926332753038 3.591281197926689 	idx: 2 4 3 16 64 2
2.568926332753038 3.555368385947422 	idx: 2 4 3 16 64 2
2.568926332753038 3.519814702087948 	idx: 2 4 3 16 64 2
2.568926332753038 3.4846165550670687 	idx: 2 4 3 16 64 2
2.568926332753038 3.449770389516398 	idx: 2 4 3 16 64 2
2.534545636550167 3.415272685621234 	idx: 2 4 3 8 128 4
2.534545636550167 3.3811199587650216 	idx: 2 4 3 8 128 4
2.534545636550167 3.347308759177371 	idx: 2 4 3 8 128 4
2.534545636550167 3.3138356715855974 	idx: 2 4 3 8 128 4
2.568190902604834 3.2806973148697414 	idx: 2 4 3 16 64 8
2.568190902604834 3.247890341721044 	idx: 2 4 3 16 64 8
2.568190902604834 3.2154114383038332 	idx: 2 4 3 16 64 8
2.568190902604834 3.183257323920795 	idx: 2 4 3 16 64 8
2.568190902604834 3.1514247506815867 	idx: 2 4 3 16 64 8
2.568190902604834 3.1199105031747707 	idx: 2 4 3 16 64 8
2.568190902604834 3.088711398143023 	idx: 2 4 3 16 64 8
2.568190902604834 3.0578242841615926 	idx: 2 4 3 16 64 8
2.568190902604834 3.0272460413199767 	idx: 2 4 3 16 64 8
2.568190902604834 2.996973580906777 	idx: 2 4 3 16 64 8
2.568190902604834 2.967003845097709 	idx: 2 4 3 16 64 8
2.568190902604834 2.9373338066467323 	idx: 2 4 3 16 64 8
2.568190902604834 2.907960468580265 	idx: 2 4 3 16 64 8
2.568190902604834 2.8788808638944623 	idx: 2 4 3 16 64 8
2.568190902604834 2.8500920552555176 	idx: 2 4 3 16 64 8
2.568190902604834 2.8215911347029623 	idx: 2 4 3 16 64 8
2.568190902604834 2.7933752233559326 	idx: 2 4 3 16 64 8
2.568190902604834 2.765441471122373 	idx: 2 4 3 16 64 8
2.568190902604834 2.7377870564111495 	idx: 2 4 3 16 64 8
2.568190902604834 2.710409185847038 	idx: 2 4 3 16 64 8
2.568190902604834 2.6833050939885674 	idx: 2 4 3 16 64 8
2.568190902604834 2.656472043048682 	idx: 2 4 3 16 64 8
2.568190902604834 2.629907322618195 	idx: 2 4 3 16 64 8
2.568190902604834 2.603608249392013 	idx: 2 4 3 16 64 8
2.568190902604834 2.577572166898093 	idx: 2 4 3 16 64 8
2.568190902604834 2.551796445229112 	idx: 2 4 3 16 64 8
2.568190902604834 2.526278480776821 	idx: 2 4 3 16 64 8
2.568190902604834 2.501015695969053 	idx: 2 4 3 16 64 8
2.568190902604834 2.4760055390093623 	idx: 2 4 3 16 64 8
2.568190902604834 2.4512454836192688 	idx: 2 4 3 16 64 8
2.568190902604834 2.426733028783076 	idx: 2 4 3 16 64 8
2.568190902604834 2.402465698495245 	idx: 2 4 3 16 64 8
2.568190902604834 2.3784410415102926 	idx: 2 4 3 16 64 8
2.568190902604834 2.3546566310951897 	idx: 2 4 3 16 64 8
2.568190902604834 2.3311100647842378 	idx: 2 4 3 16 64 8
2.568190902604834 2.307798964136395 	idx: 2 4 3 16 64 8
2.568190902604834 2.2847209744950314 	idx: 2 4 3 16 64 8
2.568190902604834 2.261873764750081 	idx: 2 4 3 16 64 8
2.568190902604834 2.23925502710258 	idx: 2 4 3 16 64 8
2.568190902604834 2.2168624768315546 	idx: 2 4 3 16 64 8
2.568190902604834 2.194693852063239 	idx: 2 4 3 16 64 8
2.568190902604834 2.1727469135426065 	idx: 2 4 3 16 64 8
2.568190902604834 2.1510194444071806 	idx: 2 4 3 16 64 8
2.568190902604834 2.129509249963109 	idx: 2 4 3 16 64 8
2.568190902604834 2.108214157463478 	idx: 2 4 3 16 64 8
2.568190902604834 2.087132015888843 	idx: 2 4 3 16 64 8
2.568190902604834 2.0662606957299547 	idx: 2 4 3 16 64 8
2.568190902604834 2.045598088772655 	idx: 2 4 3 16 64 8
2.568190902604834 2.0251421078849283 	idx: 2 4 3 16 64 8
2.568190902604834 2.004890686806079 	idx: 2 4 3 16 64 8
2.568190902604834 1.9848417799380185 	idx: 2 4 3 16 64 8
2.568190902604834 1.9649933621386382 	idx: 2 4 3 16 64 8
2.568190902604834 1.9453434285172517 	idx: 2 4 3 16 64 8
2.568190902604834 1.9258899942320793 	idx: 2 4 3 16 64 8
2.568190902604834 1.9066310942897584 	idx: 2 4 3 16 64 8
2.568190902604834 1.8875647833468607 	idx: 2 4 3 16 64 8
2.568190902604834 1.868689135513392 	idx: 2 4 3 16 64 8
2.568190902604834 1.8500022441582582 	idx: 2 4 3 16 64 8
2.568190902604834 1.8315022217166756 	idx: 2 4 3 16 64 8
2.568190902604834 1.8131871994995088 	idx: 2 4 3 16 64 8
2.568190902604834 1.7950553275045138 	idx: 2 4 3 16 64 8
2.568190902604834 1.7771047742294686 	idx: 2 4 3 16 64 8
2.568190902604834 1.7593337264871738 	idx: 2 4 3 16 64 8
2.568190902604834 1.741740389222302 	idx: 2 4 3 16 64 8
2.568190902604834 1.724322985330079 	idx: 2 4 3 16 64 8
2.568190902604834 1.7070797554767783 	idx: 2 4 3 16 64 8
2.581664671696749 1.6900089579220106 	idx: 1 4 3 16 128 4
2.581664671696749 1.6731088683427904 	idx: 1 4 3 16 128 4
2.581664671696749 1.6563777796593624 	idx: 1 4 3 16 128 4
2.581664671696749 1.6398140018627687 	idx: 1 4 3 16 128 4
2.581664671696749 1.623415861844141 	idx: 1 4 3 16 128 4
2.581664671696749 1.6071817032256996 	idx: 1 4 3 16 128 4
2.581664671696749 1.5911098861934427 	idx: 1 4 3 16 128 4
2.581664671696749 1.5751987873315083 	idx: 1 4 3 16 128 4
2.581664671696749 1.5594467994581933 	idx: 1 4 3 16 128 4
2.581664671696749 1.5438523314636114 	idx: 1 4 3 16 128 4
2.581664671696749 1.5284138081489753 	idx: 1 4 3 16 128 4
2.581664671696749 1.5131296700674854 	idx: 1 4 3 16 128 4
2.581664671696749 1.4979983733668105 	idx: 1 4 3 16 128 4
2.581664671696749 1.4830183896331424 	idx: 1 4 3 16 128 4
2.581664671696749 1.468188205736811 	idx: 1 4 3 16 128 4
2.581664671696749 1.4535063236794428 	idx: 1 4 3 16 128 4
2.581664671696749 1.4389712604426483 	idx: 1 4 3 16 128 4
2.581664671696749 1.4245815478382218 	idx: 1 4 3 16 128 4
2.5811783665783996 1.4103357323598396 	idx: 1 4 3 16 128 8
2.5811783665783996 1.396232375036241 	idx: 1 4 3 16 128 8
2.5811783665783996 1.3822700512858788 	idx: 1 4 3 16 128 8
2.5811783665783996 1.36844735077302 	idx: 1 4 3 16 128 8
2.5811783665783996 1.3547628772652898 	idx: 1 4 3 16 128 8
2.5811783665783996 1.341215248492637 	idx: 1 4 3 16 128 8
2.5811783665783996 1.3278030960077105 	idx: 1 4 3 16 128 8
2.5811783665783996 1.3145250650476334 	idx: 1 4 3 16 128 8
2.5811783665783996 1.301379814397157 	idx: 1 4 3 16 128 8
2.5811783665783996 1.2883660162531856 	idx: 1 4 3 16 128 8
2.5811783665783996 1.2754823560906536 	idx: 1 4 3 16 128 8
2.5811783665783996 1.2627275325297471 	idx: 1 4 3 16 128 8
2.5811783665783996 1.2501002572044497 	idx: 1 4 3 16 128 8
2.5811783665783996 1.2375992546324053 	idx: 1 4 3 16 128 8
2.5811783665783996 1.2252232620860812 	idx: 1 4 3 16 128 8
2.5811783665783996 1.2129710294652205 	idx: 1 4 3 16 128 8
2.5811783665783996 1.2008413191705682 	idx: 1 4 3 16 128 8
2.5811783665783996 1.1888329059788625 	idx: 1 4 3 16 128 8
2.5811783665783996 1.1769445769190738 	idx: 1 4 3 16 128 8
2.5811783665783996 1.165175131149883 	idx: 2 4 3 16 128 8
2.5811783665783996 1.1535233798383842 	idx: 2 4 3 16 128 8
2.5811783665783996 1.1419881460400003 	idx: 2 4 3 16 128 8
2.5811783665783996 1.1305682645796002 	idx: 2 4 3 16 128 8
2.5811783665783996 1.1192625819338042 	idx: 2 4 3 16 128 8
2.5811783665783996 1.1080699561144662 	idx: 2 4 3 16 128 8
2.5811783665783996 1.0969892565533215 	idx: 2 4 3 16 128 8
2.5811783665783996 1.0860193639877882 	idx: 2 4 3 16 128 8
2.5811783665783996 1.0751591703479102 	idx: 2 4 3 16 128 8
2.5811783665783996 1.0644075786444311 	idx: 2 4 3 16 128 8
2.5811783665783996 1.0537635028579868 	idx: 2 4 3 16 128 8
2.5811783665783996 1.0432258678294068 	idx: 2 4 3 16 128 8
2.5811783665783996 1.0327936091511127 	idx: 2 4 3 16 128 8
2.5811783665783996 1.0224656730596016 	idx: 2 4 3 16 128 8
2.5811783665783996 1.0122410163290056 	idx: 2 4 3 16 128 8
2.5811783665783996 1.0021186061657157 	idx: 2 4 3 16 128 8
###### ACC Parameters ######
cim type:    LccCIM
bus_width:   25.6
macros_row:  4
macros_col:  3
scr:         16
is_size:     128
os_size:     8
best=2.5811783665783996, area=4999477.604173072 459
bert_base_sl512_LCC-CIM@ISSCC20_ee_running end at 1757789987.4335208
116.881358884183 100 	idx: 3 3 2 2 128 128
65.86031703971952 99.0 	idx: 0 2 2 2 64 128
117.70046819657065 98.01 	idx: 0 3 2 4 128 128
173.2897041811271 97.0299 	idx: 0 2 3 4 128 128
330.88382137592015 96.059601 	idx: 1 4 2 16 512 8
302.6800742392841 95.09900499 	idx: 3 1 4 2 512 128
273.8179874520066 94.1480149401 	idx: 0 1 4 4 256 64
255.2894127851021 93.206534790699 	idx: 0 1 3 4 512 64
216.3213382000101 92.27446944279201 	idx: 0 1 3 4 256 64
295.28752556657133 91.35172474836409 	idx: 0 2 3 4 256 32
227.09795139696706 90.43820750088045 	idx: 3 2 4 4 128 128
174.60496140421782 89.53382542587164 	idx: 3 3 3 8 128 64
208.26089895689347 88.63848717161292 	idx: 3 3 2 16 256 32
218.92462941053657 87.75210229989679 	idx: 4 1 3 32 256 256
181.57315741792522 86.87458127689783 	idx: 4 1 2 16 512 128
259.76015937077443 86.00583546412885 	idx: 4 1 3 8 512 256
263.70917231078863 85.14577710948755 	idx: 4 2 2 4 512 512
106.4387841728511 84.29431933839268 	idx: 4 3 1 8 256 1024
127.39576947512029 83.45137614500875 	idx: 0 2 4 2 64 2
199.7036008360058 82.61686238355867 	idx: 0 1 4 2 128 2
114.42261551577153 81.79069375972308 	idx: 1 1 2 1024 128 8
171.89355874911658 80.97278682212585 	idx: 0 2 3 4 128 8
365.80292858064314 80.1630589539046 	idx: 0 2 4 2 256 8
301.2319883173934 79.36142836436555 	idx: 0 3 3 4 256 4
298.62560921478735 78.56781408072189 	idx: 0 3 2 4 512 8
377.2124664151 77.78213593991467 	idx: 0 3 2 4 1024 4
209.18336219658198 77.00431458051553 	idx: 4 3 2 16 256 1024
233.58293549907546 76.23427143471037 	idx: 0 4 1 8 1024 4
203.49446945674 75.47192872036327 	idx: 0 3 1 16 1024 4
134.8705915769602 74.71720943315964 	idx: 0 2 1 8 512 4
218.92462941053657 73.97003733882804 	idx: 4 1 3 64 256 512
206.90134175217048 73.23033696543976 	idx: 4 2 2 128 256 1024
79.43757575757576 72.49803359578536 	idx: 4 1 1 128 256 1024
114.34489088405948 71.7730532598275 	idx: 1 1 2 128 128 16
206.74061177074643 71.05532272722922 	idx: 4 2 2 32 256 256
165.7652948305844 70.34476949995693 	idx: 4 1 3 32 128 256
206.49908431342482 69.64132180495736 	idx: 4 2 2 16 256 256
304.4351108100261 68.94490858690779 	idx: 4 3 3 16 256 128
208.40539380880685 68.25545950103871 	idx: 4 3 2 16 256 64
332.54984718850386 67.57290490602833 	idx: 4 4 2 32 512 128
304.4351108100261 66.89717585696805 	idx: 4 3 3 32 256 128
229.1484180262376 66.22820409839836 	idx: 1 2 4 64 128 4
297.5723520408653 65.56592205741438 	idx: 0 2 3 8 256 32
231.0217195419076 64.91026283684023 	idx: 0 3 4 8 128 32
174.63426803383277 64.26116020847184 	idx: 0 3 3 16 128 64
207.83027680977756 63.618548606387115 	idx: 0 3 2 8 256 128
169.1462264180666 62.98236312032324 	idx: 0 4 1 16 512 64
206.4377851218314 62.35253948912001 	idx: 0 5 2 16 256 128
107.0077592967654 61.72901409422881 	idx: 0 6 1 32 256 64
130.47756680137738 61.11172395328652 	idx: 3 1 5 128 64 8
216.49091460437828 60.500606713753655 	idx: 3 1 4 128 128 8
130.5052029888421 59.89560064661612 	idx: 1 1 5 256 64 8
117.53102558107562 59.29664464014996 	idx: 4 2 2 16 128 16
112.2623078065111 58.70367819374846 	idx: 4 1 2 8 128 8
130.55037221881514 58.116641411810974 	idx: 3 2 4 64 64 2
130.55037221881514 57.535474997692866 	idx: 3 2 4 64 64 2
130.89461904326916 56.960120247715935 	idx: 4 2 1 4 512 8
68.59593235215151 56.390519045238776 	idx: 4 1 1 2 256 4
240.23921945095944 55.82661385478639 	idx: 4 2 2 2 512 4
458.0161103461455 55.26834771623852 	idx: 4 2 3 4 1024 8
438.75648036508085 54.71566423907614 	idx: 4 3 3 4 512 8
377.2124664151 54.16850759668538 	idx: 4 3 2 4 1024 4
322.5560625480646 53.62682252071853 	idx: 4 4 2 4 512 8
213.25455926327263 53.09055429551134 	idx: 4 4 1 2 1024 16
318.327069880402 52.55964875255623 	idx: 4 5 2 4 512 16
130.2873916841935 52.03405226503067 	idx: 1 2 4 16 64 8
318.327069880402 51.51371174238036 	idx: 4 5 2 4 512 16
304.4351108100261 50.998574624956554 	idx: 3 3 3 64 256 2
233.95528244364405 50.488588878706985 	idx: 4 6 1 8 1024 16
234.06768754986578 49.98370298991991 	idx: 4 6 1 8 1024 32
165.6356669410442 49.483865960020715 	idx: 4 6 1 4 512 32
318.327069880402 48.98902730042051 	idx: 4 5 2 4 512 16
166.66149998716884 48.4991370274163 	idx: 3 5 1 64 512 4
299.40111624835856 48.01414565714214 	idx: 4 3 2 4 512 32
227.59009011682375 47.53400420057071 	idx: 4 4 1 4 1024 16
309.2009171902525 47.05866415856501 	idx: 4 5 2 2 512 16
216.2163875851481 46.58807751697936 	idx: 4 5 1 2 1024 32
214.21425725191855 46.12219674180957 	idx: 4 4 1 2 1024 32
300.681322882814 45.66097477439147 	idx: 2 1 6 32 128 8
300.681322882814 45.20436502664755 	idx: 2 1 6 32 128 8
443.16926973127744 44.752321376381076 	idx: 0 3 3 8 512 8
298.7679741665875 44.30479816261727 	idx: 4 2 3 4 256 256
208.85259527057516 43.861750180991095 	idx: 0 3 2 32 256 32
445.4926480187821 43.42313267918119 	idx: 0 3 3 16 512 64
445.4926480187821 42.98890135238938 	idx: 0 3 3 16 512 64
443.88817612073575 42.559012338865486 	idx: 0 3 3 8 512 64
293.1017247478828 42.133422215476834 	idx: 2 1 6 2 128 4
180.02793685994237 41.712087993322065 	idx: 2 2 6 2 64 4
174.636540276467 41.29496711338884 	idx: 3 3 3 32 128 16
228.84614147370863 40.882017442254956 	idx: 3 2 4 32 128 8
173.2897041811271 40.473197267832404 	idx: 3 2 3 64 128 8
209.18232980464867 40.06846529515408 	idx: 3 3 2 64 256 16
209.18232980464867 39.66778064220254 	idx: 3 3 2 64 256 16
174.636540276467 39.27110283578051 	idx: 3 3 3 64 128 16
380.6716785914172 38.8783918074227 	idx: 0 2 3 8 512 64
380.6716785914172 38.48960788934848 	idx: 0 2 3 8 512 64
448.49272882805815 38.104711810454994 	idx: 3 1 6 64 512 4
448.49272882805815 37.72366469235045 	idx: 3 1 6 64 512 4
448.49272882805815 37.34642804542694 	idx: 3 1 6 128 512 8
481.6644584323211 36.97296376497267 	idx: 0 2 4 4 512 32
491.8925822110131 36.60323412732294 	idx: 0 2 4 8 512 32
468.9123787696694 36.23720178604971 	idx: 0 2 3 16 1024 16
445.3625630736355 35.874829768189215 	idx: 0 3 3 16 512 16
393.5095950494314 35.516081470507324 	idx: 0 3 2 16 1024 32
262.4436915592415 35.16092065580225 	idx: 0 2 2 8 512 64
271.515345064178 34.80931144924423 	idx: 3 1 8 32 128 8
401.8841786242026 34.461218334751784 	idx: 3 1 7 64 256 8
401.8841786242026 34.11660615140427 	idx: 3 1 7 64 256 8
462.47289705134943 33.775440089890225 	idx: 0 2 3 4 1024 128
468.14639676038047 33.43768568899132 	idx: 0 2 4 2 512 128
501.287830809692 33.10330883210141 	idx: 3 2 4 64 512 2
336.12595795975284 32.7722757437804 	idx: 3 1 4 128 512 2
501.287830809692 32.44455298634259 	idx: 3 2 4 64 512 2
382.45933130699086 32.12010745647917 	idx: 3 2 3 128 512 2
382.45933130699086 31.798906381914374 	idx: 3 2 3 128 512 2
331.8705134164796 31.48091731809523 	idx: 4 2 2 64 1024 256
260.3863918549789 31.16610814491428 	idx: 3 1 3 128 512 2
331.421846506764 30.854447063465138 	idx: 3 2 2 64 1024 2
182.78779669018928 30.545902592830487 	idx: 3 1 2 64 2048 4
206.90134175217048 30.240443566902183 	idx: 4 2 2 128 256 1024
172.11670843985013 29.93803913123316 	idx: 3 2 1 32 1024 16
172.08904966267352 29.638658739920828 	idx: 3 2 1 32 2048 8
172.08904966267352 29.34227215252162 	idx: 3 2 1 32 2048 8
393.3542886170919 29.048849430996402 	idx: 3 3 2 16 1024 16
395.84115358790575 28.758360936686437 	idx: 3 3 2 32 1024 32
393.3542886170919 28.47077732731957 	idx: 3 3 2 16 1024 16
388.75987786480647 28.186069554046373 	idx: 3 3 2 8 1024 32
379.5914830394229 27.90420885850591 	idx: 3 3 2 4 1024 64
379.5914830394229 27.625166769920853 	idx: 3 3 2 4 1024 64
379.5914830394229 27.348915102221643 	idx: 3 3 2 4 1024 64
466.4378619672251 27.075425951199424 	idx: 3 2 3 8 1024 64
380.6716785914172 26.804671691687428 	idx: 3 2 3 8 512 64
298.4431154057393 26.536624974770554 	idx: 3 2 3 8 256 128
298.7679741665875 26.271258725022847 	idx: 4 2 3 32 256 256
228.461151414672 26.00854613777262 	idx: 3 2 4 4 128 512
173.94849109031338 25.748460676394892 	idx: 3 3 3 2 128 512
173.2897041811271 25.490976069630943 	idx: 3 2 3 4 128 512
218.92462941053657 25.23606630893463 	idx: 3 1 3 4 256 1024
117.87531720914792 24.983705645845284 	idx: 3 2 2 4 128 1024
206.90134175217048 24.73386858938683 	idx: 4 2 2 64 256 256
298.7679741665875 24.48652990349296 	idx: 4 2 3 32 256 256
382.45933130699086 24.24166460445803 	idx: 0 2 3 4 512 512
263.70917231078863 23.99924795841345 	idx: 0 2 2 4 512 512
182.56216778674877 23.759255478829314 	idx: 4 1 2 32 512 128
258.1633927652629 23.52166292404102 	idx: 0 2 2 2 512 512
298.7679741665875 23.28644629480061 	idx: 0 2 3 4 256 256
237.16312618168325 23.053581831852604 	idx: 0 1 3 2 512 128
306.8923396802217 22.82304601353408 	idx: 0 1 4 2 512 256
283.1374631533944 22.59481555339874 	idx: 0 1 5 2 256 128
244.24183663070855 22.36886739786475 	idx: 0 2 5 2 128 128
265.97307725081197 22.145178723886104 	idx: 0 1 4 2 256 128
221.33506009777915 21.923726936647242 	idx: 2 7 1 4 1024 4
388.39913012401377 21.704489667280768 	idx: 0 2 4 4 256 256
382.45933130699086 21.48744477060796 	idx: 0 2 3 8 512 512
322.4917357390741 21.27257032290188 	idx: 0 1 4 4 1024 256
316.4554627726671 21.059844619672862 	idx: 0 1 5 2 1024 128
321.0389764466971 20.849246173476132 	idx: 0 1 4 4 512 128
234.47318720001397 20.64075371174137 	idx: 0 1 3 2 1024 64
293.2356670503376 20.434346174623958 	idx: 0 2 2 2 1024 32
314.1101010971729 20.230002712877717 	idx: 0 2 2 4 1024 64
301.97048639624904 20.027702685748938 	idx: 0 3 2 4 512 128
440.6037027269833 19.82742565889145 	idx: 0 3 3 4 512 64
281.895101406874 19.629151402302536 	idx: 0 2 3 2 256 32
481.6644584323211 19.43285988827951 	idx: 0 2 4 4 512 32
327.09252181344215 19.238531289396715 	idx: 0 1 4 8 1024 32
377.1142525863474 19.046145976502746 	idx: 0 2 3 4 512 64
147.7892926375528 18.855684516737718 	idx: 0 1 2 4 256 128
172.84305103669595 18.66712767157034 	idx: 3 2 3 2 128 1024
293.8500577441996 18.480456394854638 	idx: 3 2 3 2 256 512
118.32721175216632 18.295651830906092 	idx: 1 3 2 32 128 8
119.75720515393579 18.11269531259703 	idx: 1 4 2 64 128 8
115.90969507196981 17.931568359471058 	idx: 1 5 2 32 128 4
211.0468285439561 17.752252675876345 	idx: 3 4 2 2 256 512
169.04585004431306 17.57473014911758 	idx: 1 6 1 32 512 2
235.80658449469036 17.398982847626407 	idx: 1 5 1 32 1024 4
169.64461240946952 17.22499301915014 	idx: 1 4 1 32 512 8
332.23306379748504 17.05274308895864 	idx: 1 4 2 32 512 4
332.23306379748504 16.882215658069054 	idx: 1 4 2 32 512 4
238.73775281751603 16.713393501488362 	idx: 1 4 1 64 1024 2
238.73775281751603 16.546259566473477 	idx: 1 4 1 64 1024 2
159.11466479094756 16.380796970808742 	idx: 1 3 1 32 512 4
105.24279135706455 16.216989001100654 	idx: 1 2 1 16 256 8
136.8709950508941 16.054819111089646 	idx: 1 2 1 16 512 8
203.55603952287427 15.89427091997875 	idx: 1 3 1 16 1024 16
305.37585733413874 15.735328210778961 	idx: 1 3 2 8 512 16
108.0166510381548 15.577974928671171 	idx: 2 8 1 64 256 8
107.80960382794028 15.42219517938446 	idx: 1 4 1 32 256 4
208.77359845011523 15.267973227590614 	idx: 1 3 2 32 256 2
208.10181481023037 15.115293495314708 	idx: 1 3 2 16 256 2
382.2458429372653 14.96414056036156 	idx: 1 2 3 16 512 4
258.0089695293592 14.814499154757945 	idx: 1 1 3 8 512 8
327.65560181675926 14.666354163210364 	idx: 1 2 2 16 1024 16
170.7268368890013 14.519690621578262 	idx: 1 2 1 16 1024 8
309.7227355381818 14.374493715362478 	idx: 1 3 2 32 512 8
332.9147099349017 14.230748778208852 	idx: 1 4 2 64 512 16
300.681322882814 14.088441290426763 	idx: 4 1 6 128 128 2
300.681322882814 13.947556877522496 	idx: 4 1 6 64 128 2
309.7534715731413 13.808081308747271 	idx: 1 3 2 32 512 16
382.45933130699086 13.670000495659798 	idx: 1 2 3 64 512 8
300.681322882814 13.5333004907032 	idx: 4 1 6 128 128 4
300.681322882814 13.397967485796167 	idx: 4 1 6 128 128 4
300.681322882814 13.263987810938206 	idx: 4 1 6 128 128 4
319.5761643226769 13.131347932828824 	idx: 4 1 7 64 128 4
401.86653026700236 13.000034453500536 	idx: 4 1 7 64 256 4
448.49272882805815 12.87003410896553 	idx: 4 1 6 128 512 2
301.97614808526214 12.741333767875876 	idx: 4 1 5 64 256 2
301.9837350813977 12.613920430197117 	idx: 4 1 5 64 256 4
393.0559371818312 12.487781225895146 	idx: 4 2 4 64 256 2
393.2048643153661 12.362903413636195 	idx: 4 2 4 128 256 4
350.0450834333444 12.239274379499832 	idx: 4 1 5 64 512 4
301.9837350813977 12.116881635704834 	idx: 4 1 5 64 256 4
216.48567678860704 11.995712819347785 	idx: 4 1 4 128 128 4
393.0609251818618 11.875755691154307 	idx: 4 2 4 64 256 4
393.0609251818618 11.756998134242764 	idx: 4 2 4 64 256 4
500.0138882679899 11.639428152900336 	idx: 1 2 4 32 512 32
500.0138882679899 11.523033871371332 	idx: 1 2 4 32 512 32
350.06714732959085 11.407803532657619 	idx: 1 1 5 64 1024 16
501.2921994371479 11.293725497331042 	idx: 4 2 4 64 512 4
392.58916086132007 11.180788242357732 	idx: 3 2 4 32 256 64
336.12595795975284 11.068980359934155 	idx: 4 1 4 128 512 2
426.63090758345936 10.958290556334813 	idx: 3 2 5 16 256 32
349.1077374460064 10.848707650771464 	idx: 3 1 5 32 512 64
469.16152125279643 10.74022057426375 	idx: 0 2 3 16 1024 256
448.49272882805815 10.632818368521113 	idx: 3 1 6 64 512 32
385.6003922530032 10.526490184835902 	idx: 3 1 6 128 256 32
385.6003922530032 10.421225282987542 	idx: 3 1 6 128 256 32
319.81019159072247 10.317013030157668 	idx: 3 1 7 128 128 64
336.1350773985279 10.213842899856092 	idx: 4 1 4 128 1024 16
402.15370909330613 10.11170447085753 	idx: 3 1 7 128 256 32
382.45933130699086 10.010587426148955 	idx: 0 2 3 32 512 512
382.45933130699086 9.910481551887466 	idx: 0 2 3 32 512 512
382.45933130699086 9.811376736368592 	idx: 0 2 3 32 512 512
336.2976266837716 9.713262969004907 	idx: 0 1 4 32 512 1024
382.45933130699086 9.616130339314857 	idx: 4 2 3 64 512 32
334.59309970031035 9.519969035921708 	idx: 4 1 4 32 512 64
401.8841786242026 9.42476934556249 	idx: 3 1 7 64 256 8
401.86653026700236 9.330521652106865 	idx: 3 1 7 64 256 4
460.2105693867813 9.237216435585797 	idx: 3 1 7 32 512 4
448.49272882805815 9.144844271229939 	idx: 3 1 6 16 512 4
522.9207800438437 9.053395828517639 	idx: 3 2 5 8 512 8
340.85281860576936 8.962861870232462 	idx: 3 1 5 8 512 16
299.42694308070077 8.873233251530138 	idx: 3 1 5 16 256 32
300.0324761257556 8.784500919014837 	idx: 3 1 5 16 256 64
298.7679741665875 8.696655909824688 	idx: 1 2 3 64 256 128
335.50559706233906 8.609689350726441 	idx: 1 1 4 32 512 256
335.3008077883437 8.523592457219177 	idx: 1 1 4 16 512 512
393.31432858214555 8.438356532646985 	idx: 1 2 4 32 256 256
393.31432858214555 8.353972967320516 	idx: 1 2 4 32 256 256
393.31432858214555 8.27043323764731 	idx: 1 2 4 32 256 256
393.31432858214555 8.187728905270838 	idx: 1 2 4 32 256 256
393.31432858214555 8.105851616218128 	idx: 1 2 4 32 256 256
393.31432858214555 8.024793100055946 	idx: 1 2 4 32 256 256
332.1944161418892 7.944545169055387 	idx: 2 2 2 256 1024 4
332.1944161418892 7.865099717364833 	idx: 2 2 2 256 1024 4
319.81781211874744 7.786448720191185 	idx: 3 1 7 16 128 256
329.4567823049601 7.708584232989273 	idx: 1 2 2 16 1024 256
329.4567823049601 7.63149839065938 	idx: 1 2 2 16 1024 256
328.7445136881226 7.5551834067527865 	idx: 1 2 2 8 1024 512
328.7445136881226 7.479631572685259 	idx: 1 2 2 8 1024 512
328.7445136881226 7.404835256958406 	idx: 1 2 2 8 1024 512
328.7445136881226 7.330786904388821 	idx: 1 2 2 8 1024 512
309.66842629849754 7.257479035344933 	idx: 1 3 2 16 512 256
382.45933130699086 7.1849042449914835 	idx: 2 2 3 128 512 4
382.45933130699086 7.1130552025415685 	idx: 2 2 3 128 512 4
393.0559371818312 7.041924650516153 	idx: 2 2 4 64 256 2
382.45933130699086 6.971505404010991 	idx: 1 2 3 64 512 512
382.45933130699086 6.901790349970882 	idx: 1 2 3 64 512 512
382.45933130699086 6.832772446471173 	idx: 1 2 3 64 512 512
269.1156907610136 6.764444722006462 	idx: 3 1 10 2 128 8
269.1156907610136 6.696800274786397 	idx: 3 1 10 2 128 8
317.8737199101924 6.6298322720385325 	idx: 3 1 9 4 256 4
382.45933130699086 6.563533949318147 	idx: 1 2 3 64 512 256
469.16152125279643 6.497898609824966 	idx: 1 2 3 32 1024 256
469.16152125279643 6.432919623726716 	idx: 1 2 3 32 1024 256
321.5275925427589 6.3685904274894485 	idx: 3 1 10 2 256 2
342.06173628195893 6.304904523214554 	idx: 3 1 9 4 512 2
330.365157889339 6.2418554779824085 	idx: 3 1 10 8 256 4
261.49027431421445 6.1794369232025845 	idx: 3 1 9 8 128 8
317.8737199101924 6.117642553970558 	idx: 3 1 9 4 256 4
313.4317126710569 6.056466128430853 	idx: 3 1 9 2 256 2
317.86568988111213 5.9959014671465445 	idx: 3 1 9 4 256 2
317.86568988111213 5.935942452475079 	idx: 3 1 9 4 256 2
381.22743944813584 5.8765830279503275 	idx: 1 2 3 8 512 128
445.02809131265394 5.817817197670824 	idx: 1 3 3 8 512 256
395.0911395882803 5.759639025694116 	idx: 1 3 2 16 1024 256
395.0911395882803 5.7020426354371745 	idx: 1 3 2 16 1024 256
395.0911395882803 5.645022209082803 	idx: 1 3 2 16 1024 256
395.0911395882803 5.588571986991974 	idx: 1 3 2 16 1024 256
395.0911395882803 5.532686267122054 	idx: 1 3 2 16 1024 256
395.0911395882803 5.477359404450834 	idx: 1 3 2 16 1024 256
445.50743520747767 5.422585810406325 	idx: 1 3 3 16 512 128
494.24886672877716 5.368359952302262 	idx: 1 2 4 8 512 128
388.8758943760965 5.314676352779239 	idx: 3 1 7 2 256 8
388.8758943760965 5.261529589251447 	idx: 3 1 7 2 256 8
388.8758943760965 5.208914293358933 	idx: 3 1 7 2 256 8
321.896447135532 5.156825150425344 	idx: 3 1 8 4 256 16
338.5369869647686 5.10525689892109 	idx: 3 1 9 2 512 8
344.7573865601764 5.0542043299318795 	idx: 3 1 8 2 512 16
382.45933130699086 5.003662286632561 	idx: 1 2 3 32 512 64
321.9618238575303 4.953625663766235 	idx: 3 1 8 4 256 32
269.46841827003516 4.9040894071285726 	idx: 3 1 8 8 128 32
298.7400444267041 4.8550485130572865 	idx: 1 2 3 32 256 16
298.7400444267041 4.806498027926714 	idx: 1 2 3 32 256 16
309.7227355381818 4.758433047647447 	idx: 1 3 2 32 512 8
309.7227355381818 4.710848717170973 	idx: 1 3 2 32 512 8
469.16152125279643 4.663740229999263 	idx: 1 2 3 64 1024 8
469.16152125279643 4.61710282769927 	idx: 1 2 3 64 1024 8
469.16152125279643 4.570931799422278 	idx: 1 2 3 64 1024 8
469.16152125279643 4.525222481428055 	idx: 1 2 3 64 1024 8
469.16152125279643 4.4799702566137745 	idx: 1 2 3 64 1024 8
469.16152125279643 4.4351705540476365 	idx: 1 2 3 64 1024 8
382.45933130699086 4.39081884850716 	idx: 1 2 3 64 512 8
382.45933130699086 4.346910660022088 	idx: 1 2 3 64 512 8
335.47918112566475 4.303441553421867 	idx: 1 1 4 64 1024 8
499.8276827742358 4.260407137887648 	idx: 1 2 4 32 512 4
499.8276827742358 4.217803066508771 	idx: 1 2 4 32 512 4
496.8107433162734 4.175625035843683 	idx: 1 2 4 16 512 8
304.3536506275992 4.133868785485246 	idx: 1 3 3 16 256 8
304.3536506275992 4.0925300976303935 	idx: 1 3 3 16 256 8
445.3152782908168 4.05160479665409 	idx: 2 3 3 16 512 4
348.631360210017 4.011088748687548 	idx: 3 1 8 4 512 64
348.631360210017 3.970977861200673 	idx: 3 1 8 4 512 64
496.92815794946097 3.9312680825886663 	idx: 1 2 4 16 512 16
491.4390133461893 3.8919554017627798 	idx: 1 2 4 8 512 16
491.4390133461893 3.853035847745152 	idx: 1 2 4 8 512 16
491.4390133461893 3.8145054892677006 	idx: 1 2 4 8 512 16
491.2040032840202 3.7763604343750234 	idx: 1 2 4 8 512 8
379.76619452099754 3.7385968300312733 	idx: 2 2 3 8 512 2
334.11264730629256 3.7012108617309605 	idx: 1 1 4 32 512 4
496.7571127986888 3.664198753113651 	idx: 1 2 4 16 512 4
499.8276827742358 3.6275567655825145 	idx: 1 2 4 32 512 4
499.8276827742358 3.591281197926689 	idx: 1 2 4 32 512 4
499.8276827742358 3.555368385947422 	idx: 1 2 4 32 512 4
499.8276827742358 3.519814702087948 	idx: 1 2 4 32 512 4
522.9207800438437 3.4846165550670687 	idx: 2 2 5 8 512 8
522.9207800438437 3.449770389516398 	idx: 2 2 5 8 512 8
522.9207800438437 3.415272685621234 	idx: 2 2 5 8 512 8
499.8276827742358 3.3811199587650216 	idx: 1 2 4 32 512 4
499.8276827742358 3.347308759177371 	idx: 1 2 4 32 512 4
499.8276827742358 3.3138356715855974 	idx: 1 2 4 32 512 4
499.8276827742358 3.2806973148697414 	idx: 1 2 4 32 512 4
499.8276827742358 3.247890341721044 	idx: 1 2 4 32 512 4
499.8276827742358 3.2154114383038332 	idx: 1 2 4 32 512 4
499.8276827742358 3.183257323920795 	idx: 1 2 4 32 512 4
499.8276827742358 3.1514247506815867 	idx: 1 2 4 32 512 4
499.8276827742358 3.1199105031747707 	idx: 1 2 4 32 512 4
499.8276827742358 3.088711398143023 	idx: 1 2 4 32 512 4
499.8276827742358 3.0578242841615926 	idx: 1 2 4 32 512 4
499.8276827742358 3.0272460413199767 	idx: 1 2 4 32 512 4
499.8276827742358 2.996973580906777 	idx: 1 2 4 32 512 4
499.8276827742358 2.967003845097709 	idx: 1 2 4 32 512 4
499.8276827742358 2.9373338066467323 	idx: 1 2 4 32 512 4
499.8276827742358 2.907960468580265 	idx: 1 2 4 32 512 4
499.8276827742358 2.8788808638944623 	idx: 1 2 4 32 512 4
499.8276827742358 2.8500920552555176 	idx: 1 2 4 32 512 4
499.81000046548434 2.8215911347029623 	idx: 1 2 4 32 512 2
499.81000046548434 2.7933752233559326 	idx: 2 2 4 32 512 2
421.8116586291046 2.765441471122373 	idx: 3 2 5 4 256 128
501.2921994371479 2.7377870564111495 	idx: 2 2 4 64 512 4
501.2921994371479 2.710409185847038 	idx: 2 2 4 64 512 4
501.2921994371479 2.6833050939885674 	idx: 2 2 4 64 512 4
501.2921994371479 2.656472043048682 	idx: 2 2 4 64 512 4
501.2921994371479 2.629907322618195 	idx: 2 2 4 64 512 4
501.2921994371479 2.603608249392013 	idx: 2 2 4 64 512 4
501.2921994371479 2.577572166898093 	idx: 2 2 4 64 512 4
501.2921994371479 2.551796445229112 	idx: 2 2 4 64 512 4
501.2921994371479 2.526278480776821 	idx: 2 2 4 64 512 4
501.2921994371479 2.501015695969053 	idx: 2 2 4 64 512 4
501.2921994371479 2.4760055390093623 	idx: 2 2 4 64 512 4
501.2921994371479 2.4512454836192688 	idx: 2 2 4 64 512 4
501.2921994371479 2.426733028783076 	idx: 2 2 4 64 512 4
501.2921994371479 2.402465698495245 	idx: 2 2 4 64 512 4
501.2921994371479 2.3784410415102926 	idx: 2 2 4 64 512 4
501.2921994371479 2.3546566310951897 	idx: 2 2 4 64 512 4
501.2921994371479 2.3311100647842378 	idx: 2 2 4 64 512 4
501.2921994371479 2.307798964136395 	idx: 2 2 4 64 512 4
501.2921994371479 2.2847209744950314 	idx: 2 2 4 64 512 4
501.2921994371479 2.261873764750081 	idx: 2 2 4 64 512 4
501.2921994371479 2.23925502710258 	idx: 2 2 4 64 512 4
501.2921994371479 2.2168624768315546 	idx: 2 2 4 64 512 4
501.2921994371479 2.194693852063239 	idx: 2 2 4 64 512 4
501.2921994371479 2.1727469135426065 	idx: 2 2 4 64 512 4
501.2921994371479 2.1510194444071806 	idx: 2 2 4 64 512 4
501.2921994371479 2.129509249963109 	idx: 2 2 4 64 512 4
501.2921994371479 2.108214157463478 	idx: 2 2 4 64 512 4
501.2921994371479 2.087132015888843 	idx: 2 2 4 64 512 4
501.2921994371479 2.0662606957299547 	idx: 2 2 4 64 512 4
501.2921994371479 2.045598088772655 	idx: 2 2 4 64 512 4
501.2921994371479 2.0251421078849283 	idx: 2 2 4 64 512 4
501.2921994371479 2.004890686806079 	idx: 2 2 4 64 512 4
501.2921994371479 1.9848417799380185 	idx: 2 2 4 64 512 4
501.2921994371479 1.9649933621386382 	idx: 2 2 4 64 512 4
501.2921994371479 1.9453434285172517 	idx: 2 2 4 64 512 4
501.2921994371479 1.9258899942320793 	idx: 2 2 4 64 512 4
501.2921994371479 1.9066310942897584 	idx: 2 2 4 64 512 4
501.2921994371479 1.8875647833468607 	idx: 2 2 4 64 512 4
501.2921994371479 1.868689135513392 	idx: 2 2 4 64 512 4
501.2921994371479 1.8500022441582582 	idx: 2 2 4 64 512 4
501.2921994371479 1.8315022217166756 	idx: 2 2 4 64 512 4
501.2921994371479 1.8131871994995088 	idx: 2 2 4 64 512 4
501.2921994371479 1.7950553275045138 	idx: 2 2 4 64 512 4
501.2921994371479 1.7771047742294686 	idx: 2 2 4 64 512 4
501.2921994371479 1.7593337264871738 	idx: 2 2 4 64 512 4
501.2921994371479 1.741740389222302 	idx: 2 2 4 64 512 4
501.2921994371479 1.724322985330079 	idx: 2 2 4 64 512 4
501.2921994371479 1.7070797554767783 	idx: 2 2 4 64 512 4
501.2921994371479 1.6900089579220106 	idx: 2 2 4 64 512 4
501.2921994371479 1.6731088683427904 	idx: 2 2 4 64 512 4
501.2921994371479 1.6563777796593624 	idx: 2 2 4 64 512 4
501.2921994371479 1.6398140018627687 	idx: 2 2 4 64 512 4
501.2921994371479 1.623415861844141 	idx: 2 2 4 64 512 4
497.58277152586106 1.6071817032256996 	idx: 4 2 4 16 512 64
497.58277152586106 1.5911098861934427 	idx: 4 2 4 16 512 64
497.58277152586106 1.5751987873315083 	idx: 4 2 4 16 512 64
497.58277152586106 1.5594467994581933 	idx: 4 2 4 16 512 64
497.58277152586106 1.5438523314636114 	idx: 4 2 4 16 512 64
497.58277152586106 1.5284138081489753 	idx: 4 2 4 16 512 64
497.58277152586106 1.5131296700674854 	idx: 4 2 4 16 512 64
497.58277152586106 1.4979983733668105 	idx: 4 2 4 16 512 64
523.8340786727126 1.4830183896331424 	idx: 4 2 5 8 512 32
523.8340786727126 1.468188205736811 	idx: 4 2 5 8 512 32
523.8340786727126 1.4535063236794428 	idx: 4 2 5 8 512 32
523.8340786727126 1.4389712604426483 	idx: 4 2 5 8 512 32
523.8340786727126 1.4245815478382218 	idx: 4 2 5 8 512 32
523.8340786727126 1.4103357323598396 	idx: 4 2 5 8 512 32
523.8340786727126 1.396232375036241 	idx: 4 2 5 8 512 32
523.8340786727126 1.3822700512858788 	idx: 4 2 5 8 512 32
523.8340786727126 1.36844735077302 	idx: 4 2 5 8 512 32
523.8340786727126 1.3547628772652898 	idx: 4 2 5 8 512 32
523.8340786727126 1.341215248492637 	idx: 4 2 5 8 512 32
523.8340786727126 1.3278030960077105 	idx: 4 2 5 8 512 32
523.8340786727126 1.3145250650476334 	idx: 4 2 5 8 512 32
523.8340786727126 1.301379814397157 	idx: 4 2 5 8 512 32
523.8340786727126 1.2883660162531856 	idx: 4 2 5 8 512 32
523.8340786727126 1.2754823560906536 	idx: 4 2 5 8 512 32
523.8340786727126 1.2627275325297471 	idx: 4 2 5 8 512 32
523.8340786727126 1.2501002572044497 	idx: 4 2 5 8 512 32
523.8340786727126 1.2375992546324053 	idx: 4 2 5 8 512 32
523.8340786727126 1.2252232620860812 	idx: 4 2 5 8 512 32
523.8340786727126 1.2129710294652205 	idx: 4 2 5 8 512 32
523.8340786727126 1.2008413191705682 	idx: 4 2 5 8 512 32
523.8340786727126 1.1888329059788625 	idx: 4 2 5 8 512 32
523.8340786727126 1.1769445769190738 	idx: 4 2 5 8 512 32
523.8340786727126 1.165175131149883 	idx: 4 2 5 8 512 32
523.8340786727126 1.1535233798383842 	idx: 4 2 5 8 512 32
523.8340786727126 1.1419881460400003 	idx: 4 2 5 8 512 32
523.8340786727126 1.1305682645796002 	idx: 4 2 5 8 512 32
499.9068031606921 1.1192625819338042 	idx: 1 2 4 32 512 16
499.9068031606921 1.1080699561144662 	idx: 1 2 4 32 512 16
499.9068031606921 1.0969892565533215 	idx: 1 2 4 32 512 16
499.9068031606921 1.0860193639877882 	idx: 1 2 4 32 512 16
499.9068031606921 1.0751591703479102 	idx: 1 2 4 32 512 16
499.9068031606921 1.0644075786444311 	idx: 1 2 4 32 512 16
499.9068031606921 1.0537635028579868 	idx: 1 2 4 32 512 16
499.9068031606921 1.0432258678294068 	idx: 1 2 4 32 512 16
499.9068031606921 1.0327936091511127 	idx: 1 2 4 32 512 16
499.9068031606921 1.0224656730596016 	idx: 1 2 4 32 512 16
499.9068031606921 1.0122410163290056 	idx: 1 2 4 32 512 16
497.1579360669704 1.0021186061657157 	idx: 4 2 4 16 512 32
###### ACC Parameters ######
cim type:    LccCIM
bus_width:   25.6
macros_row:  2
macros_col:  4
scr:         16
is_size:     512
os_size:     32
best=497.1579360669704, area=4301866.066374607 459
bert_base_sl512_LCC-CIM@ISSCC20_tt_running start at 1757791475.4216583
673.2362636811429 100 	idx: 0 4 2 2 64 128
801.8791365702986 99.0 	idx: 2 5 2 2 64 256
555.420474734879 98.01 	idx: 0 3 2 8 64 64
537.1058062726099 97.0299 	idx: 3 3 2 4 512 512
790.449862828145 96.059601 	idx: 3 3 3 4 256 512
844.8451195971464 95.09900499 	idx: 0 5 2 4 32 16
764.512733075808 94.1480149401 	idx: 4 4 2 32 64 64
815.8371945066924 93.206534790699 	idx: 4 3 3 64 64 32
872.486994055261 92.27446944279201 	idx: 0 6 2 2 64 16
704.2999018728125 91.35172474836409 	idx: 3 2 5 4 64 256
847.5927713633158 90.43820750088045 	idx: 0 5 2 4 32 64
1072.1350509369959 89.53382542587164 	idx: 0 4 3 4 64 128
1072.1350509369959 88.63848717161292 	idx: 0 4 3 4 64 128
874.171880393651 87.75210229989679 	idx: 0 5 2 8 64 128
1032.2376140156584 86.87458127689783 	idx: 3 3 4 16 64 64
820.1076712507332 86.00583546412885 	idx: 3 3 3 16 32 32
741.8131010545399 85.14577710948755 	idx: 4 2 5 64 32 4
559.8688305765359 84.29431933839268 	idx: 3 3 2 8 16 64
813.6026744715867 83.45137614500875 	idx: 3 3 3 8 32 32
820.1076712507332 82.61686238355867 	idx: 0 3 3 32 32 512
990.2833813735232 81.79069375972308 	idx: 3 3 4 4 32 32
1007.1667583819425 80.97278682212585 	idx: 2 3 4 8 128 64
793.3154056436955 80.1630589539046 	idx: 2 3 3 8 256 64
793.3154056436955 79.36142836436555 	idx: 2 3 3 8 256 64
838.9744111181723 78.56781408072189 	idx: 3 5 2 4 64 32
1086.6717691572794 77.78213593991467 	idx: 3 4 3 8 64 32
709.4785228726385 77.00431458051553 	idx: 1 4 2 4 128 32
574.8004616639746 76.23427143471037 	idx: 4 3 2 64 32 4
777.0002489314281 75.47192872036327 	idx: 4 4 2 128 16 4
708.2804462316225 74.71720943315964 	idx: 1 4 2 4 128 8
878.3853979535407 73.97003733882804 	idx: 3 5 2 8 32 16
577.6838939876301 73.23033696543976 	idx: 4 3 2 128 16 8
894.2413533108211 72.49803359578536 	idx: 3 5 2 16 32 16
906.4529167112216 71.7730532598275 	idx: 3 5 2 32 16 32
772.698491652274 71.05532272722922 	idx: 3 4 2 32 16 16
765.4959838632099 70.34476949995693 	idx: 3 4 2 16 16 32
506.5323271117507 69.64132180495736 	idx: 2 7 1 64 256 64
517.6987997814277 68.94490858690779 	idx: 2 6 1 32 256 64
677.2402388360945 68.25545950103871 	idx: 1 2 4 8 256 32
744.7920166473989 67.57290490602833 	idx: 2 4 2 32 256 32
558.2624110672758 66.89717585696805 	idx: 2 3 2 32 256 32
525.108139600848 66.22820409839836 	idx: 3 7 1 32 32 2
536.9625536091493 65.56592205741438 	idx: 1 2 3 8 512 4
521.9592326683099 64.91026283684023 	idx: 3 7 1 32 64 2
601.6465905219559 64.26116020847184 	idx: 3 8 1 16 128 2
534.0242069607611 63.618548606387115 	idx: 2 3 2 4 64 32
803.0586069591214 62.98236312032324 	idx: 2 3 3 8 128 64
918.421973525296 62.35253948912001 	idx: 4 3 4 2 64 2
878.0406187340745 61.72901409422881 	idx: 3 5 2 8 32 4
971.2784253184099 61.11172395328652 	idx: 1 4 3 2 32 4
971.2784253184099 60.500606713753655 	idx: 1 4 3 2 32 4
1078.9669010461328 59.89560064661612 	idx: 1 4 3 4 16 4
664.7963426171289 59.29664464014996 	idx: 1 4 2 2 16 2
504.1713655717476 58.70367819374846 	idx: 3 6 1 4 16 16
882.5294608864896 58.116641411810974 	idx: 3 6 2 2 32 32
994.1170266346695 57.535474997692866 	idx: 1 6 2 8 8 2
495.1322533104368 56.960120247715935 	idx: 3 7 1 4 8 16
995.4527809539114 56.390519045238776 	idx: 3 6 2 8 4 8
850.3655370787276 55.82661385478639 	idx: 3 5 2 4 4 8
772.4353803876055 55.26834771623852 	idx: 1 5 2 2 64 4
778.8270278791372 54.71566423907614 	idx: 1 5 2 2 32 8
667.5307013617419 54.16850759668538 	idx: 3 4 2 2 2 8
663.5703875095172 53.62682252071853 	idx: 1 4 2 2 32 8
715.230268042702 53.09055429551134 	idx: 4 3 3 2 256 64
901.4414979951956 52.55964875255623 	idx: 0 5 2 16 8 128
955.5356890291654 52.03405226503067 	idx: 1 6 2 4 16 16
903.0203993756392 51.51371174238036 	idx: 0 5 2 16 8 256
777.4338110077501 50.998574624956554 	idx: 0 4 2 32 4 512
824.1261118911463 50.488588878706985 	idx: 0 3 3 16 2 256
775.4626865096751 49.98370298991991 	idx: 0 4 2 32 4 128
775.4626865096751 49.483865960020715 	idx: 0 4 2 32 4 128
775.4626865096751 48.98902730042051 	idx: 0 4 2 32 4 128
573.021705346927 48.4991370274163 	idx: 2 8 1 4 128 64
823.8293470388209 48.01414565714214 	idx: 3 3 3 16 4 2
823.8293470388209 47.53400420057071 	idx: 3 3 3 16 4 2
751.1002164770666 47.05866415856501 	idx: 1 4 2 16 128 64
561.0084892529374 46.58807751697936 	idx: 1 3 2 16 128 64
823.3071556511569 46.12219674180957 	idx: 3 3 3 32 8 2
738.0182885589282 45.66097477439147 	idx: 1 4 2 16 256 32
1074.607241031444 45.20436502664755 	idx: 1 4 3 8 128 16
1015.4777713887964 44.752321376381076 	idx: 1 3 4 8 64 16
789.2212497096673 44.30479816261727 	idx: 1 3 3 4 128 32
1042.1885242401065 43.861750180991095 	idx: 0 3 4 16 2 64
823.8293470388209 43.42313267918119 	idx: 0 3 3 32 4 128
823.3071556511569 42.98890135238938 	idx: 0 3 3 16 8 128
769.6514929381474 42.559012338865486 	idx: 0 4 2 16 8 256
584.5808973568847 42.133422215476834 	idx: 2 10 1 16 32 128
665.1318301841756 41.712087993322065 	idx: 4 2 4 4 64 8
793.8017985338489 41.29496711338884 	idx: 4 3 3 4 64 8
793.8017985338489 40.882017442254956 	idx: 4 3 3 4 64 8
711.5025794304667 40.473197267832404 	idx: 3 2 4 128 8 2
711.5025794304667 40.06846529515408 	idx: 3 2 4 128 8 2
782.8366088171222 39.66778064220254 	idx: 1 3 3 4 256 128
809.1221882397386 39.27110283578051 	idx: 4 3 3 32 128 4
912.0427285185227 38.8783918074227 	idx: 2 5 2 64 8 32
912.0427285185227 38.48960788934848 	idx: 2 5 2 64 8 32
912.0427285185227 38.104711810454994 	idx: 2 5 2 64 8 32
764.1848187198653 37.72366469235045 	idx: 4 4 2 32 64 4
907.1707580837028 37.34642804542694 	idx: 2 5 2 32 16 128
712.0776072683865 36.97296376497267 	idx: 0 2 4 128 2 256
712.0776072683865 36.60323412732294 	idx: 0 2 4 128 2 256
724.6994928133561 36.23720178604971 	idx: 4 4 2 8 256 4
802.5848029332533 35.874829768189215 	idx: 4 3 3 8 128 8
696.7776714502517 35.516081470507324 	idx: 4 4 2 4 256 4
725.211801055975 35.16092065580225 	idx: 1 4 2 8 512 256
725.211801055975 34.80931144924423 	idx: 1 4 2 8 512 256
740.5579089083271 34.461218334751784 	idx: 1 4 2 16 256 256
822.2244584572156 34.11660615140427 	idx: 0 3 3 32 16 256
870.1537025271319 33.775440089890225 	idx: 4 6 2 2 64 2
829.3577425334706 33.43768568899132 	idx: 4 5 2 4 128 2
829.3577425334706 33.10330883210141 	idx: 4 5 2 4 128 2
1011.6914170854271 32.7722757437804 	idx: 2 6 2 16 8 32
1027.5893605211277 32.44455298634259 	idx: 3 3 4 8 8 128
1027.5893605211277 32.12010745647917 	idx: 3 3 4 8 8 128
1027.5893605211277 31.798906381914374 	idx: 3 3 4 8 8 128
819.0925141048996 31.48091731809523 	idx: 3 3 3 8 4 256
686.7042956838508 31.16610814491428 	idx: 1 2 4 8 256 512
824.1261118911463 30.854447063465138 	idx: 3 3 3 32 2 512
824.1261118911463 30.545902592830487 	idx: 3 3 3 32 2 512
824.1261118911463 30.240443566902183 	idx: 3 3 3 32 2 512
625.0204649314525 29.93803913123316 	idx: 2 8 1 32 8 4
571.3751122803881 29.638658739920828 	idx: 2 9 1 32 4 8
594.2216171584286 29.34227215252162 	idx: 2 10 1 32 2 4
594.2146017878686 29.048849430996402 	idx: 2 10 1 32 2 2
571.7678071639036 28.758360936686437 	idx: 2 9 1 32 2 4
593.7974851736142 28.47077732731957 	idx: 2 10 1 32 4 8
702.0636900029292 28.186069554046373 	idx: 4 3 3 2 512 4
1081.0526225353324 27.90420885850591 	idx: 1 4 3 4 16 64
792.8194614816638 27.625166769920853 	idx: 4 3 3 8 256 4
737.6937820957922 27.348915102221643 	idx: 4 4 2 16 256 4
845.7572455396714 27.075425951199424 	idx: 1 5 2 4 32 32
984.9637573385519 26.804671691687428 	idx: 1 4 3 2 32 64
984.9637573385519 26.536624974770554 	idx: 1 4 3 2 32 64
992.615981570251 26.271258725022847 	idx: 1 3 4 4 16 32
992.615981570251 26.00854613777262 	idx: 1 3 4 4 16 32
992.615981570251 25.748460676394892 	idx: 1 3 4 4 16 32
931.514468839682 25.490976069630943 	idx: 1 3 4 2 16 64
829.4687939682965 25.23606630893463 	idx: 4 5 2 4 128 4
941.7113776264337 24.983705645845284 	idx: 4 4 3 2 256 2
941.7113776264337 24.73386858938683 	idx: 4 4 3 2 256 2
950.6189279445285 24.48652990349296 	idx: 1 2 6 4 16 128
950.6189279445285 24.24166460445803 	idx: 1 2 6 4 16 128
950.6189279445285 23.99924795841345 	idx: 1 2 6 4 16 128
901.2710002988172 23.759255478829314 	idx: 4 3 4 2 256 4
845.5654292158238 23.52166292404102 	idx: 2 5 2 8 256 8
875.6747121974771 23.28644629480061 	idx: 3 5 2 4 8 512
701.1126194049862 23.053581831852604 	idx: 1 2 5 4 32 128
890.4080033258737 22.82304601353408 	idx: 3 5 2 8 8 256
890.4080033258737 22.59481555339874 	idx: 3 5 2 8 8 256
890.4080033258737 22.36886739786475 	idx: 3 5 2 8 8 256
890.4080033258737 22.145178723886104 	idx: 3 5 2 8 8 256
860.3755665100417 21.923726936647242 	idx: 2 5 2 16 256 8
860.3755665100417 21.704489667280768 	idx: 2 5 2 16 256 8
724.9767672575605 21.48744477060796 	idx: 2 4 2 8 256 16
724.9767672575605 21.27257032290188 	idx: 2 4 2 8 256 16
724.9767672575605 21.059844619672862 	idx: 2 4 2 8 256 16
1056.6494622978696 20.849246173476132 	idx: 2 4 3 4 128 8
1056.6494622978696 20.64075371174137 	idx: 2 4 3 4 128 8
1021.8897743307582 20.434346174623958 	idx: 1 3 4 8 32 64
1094.0711242500652 20.230002712877717 	idx: 2 4 3 8 32 16
1094.0711242500652 20.027702685748938 	idx: 2 4 3 8 32 16
836.1745891324122 19.82742565889145 	idx: 3 5 2 2 8 512
813.5443177616545 19.629151402302536 	idx: 3 5 2 2 4 256
813.5443177616545 19.43285988827951 	idx: 3 5 2 2 4 256
1039.4322444743893 19.238531289396715 	idx: 1 3 4 16 16 32
965.2942344113346 19.046145976502746 	idx: 4 4 3 2 64 4
988.6433582916849 18.855684516737718 	idx: 4 3 4 4 32 4
1078.9669010461328 18.66712767157034 	idx: 4 4 3 4 16 4
970.8287940745313 18.480456394854638 	idx: 4 4 3 2 32 2
1058.5161280146374 18.295651830906092 	idx: 0 4 3 4 128 64
970.8287940745313 18.11269531259703 	idx: 4 4 3 2 32 2
970.8287940745313 17.931568359471058 	idx: 4 4 3 2 32 2
965.6762174283214 17.752252675876345 	idx: 3 6 2 4 4 128
997.1562364181411 17.57473014911758 	idx: 3 6 2 8 4 64
997.1562364181411 17.398982847626407 	idx: 3 6 2 8 4 64
768.4609698772935 17.22499301915014 	idx: 2 4 2 128 64 8
958.4470353002785 17.05274308895864 	idx: 3 6 2 4 16 64
995.9944938129603 16.882215658069054 	idx: 3 6 2 8 8 64
995.9944938129603 16.713393501488362 	idx: 3 6 2 8 8 64
810.8632136028201 16.546259566473477 	idx: 1 3 3 4 32 512
812.8881760177172 16.380796970808742 	idx: 1 3 3 8 64 512
809.1221882397386 16.216989001100654 	idx: 2 3 3 64 128 8
852.2013012025753 16.054819111089646 	idx: 3 5 2 4 2 32
1101.4273006286005 15.89427091997875 	idx: 3 4 3 8 2 32
996.2409218836017 15.735328210778961 	idx: 3 3 4 4 4 64
999.8738130239581 15.577974928671171 	idx: 3 3 4 4 4 128
1086.4841096378325 15.42219517938446 	idx: 4 4 3 8 64 16
999.8738130239581 15.267973227590614 	idx: 3 3 4 4 4 128
999.8738130239581 15.115293495314708 	idx: 3 3 4 4 4 128
999.8738130239581 14.96414056036156 	idx: 3 3 4 4 4 128
752.8359600896329 14.814499154757945 	idx: 4 4 2 8 8 16
805.9196728710549 14.666354163210364 	idx: 3 3 3 4 8 128
823.8293470388209 14.519690621578262 	idx: 4 3 3 32 4 16
823.8293470388209 14.374493715362478 	idx: 4 3 3 32 4 16
801.1284829613566 14.230748778208852 	idx: 3 5 2 2 2 128
801.1284829613566 14.088441290426763 	idx: 3 5 2 2 2 128
857.2852896841281 13.947556877522496 	idx: 3 5 2 4 4 128
857.2852896841281 13.808081308747271 	idx: 3 5 2 4 4 128
820.1076712507332 13.670000495659798 	idx: 1 3 3 32 32 64
820.1076712507332 13.5333004907032 	idx: 1 3 3 32 32 64
817.2654127852871 13.397967485796167 	idx: 3 3 3 8 4 32
773.6635296378134 13.263987810938206 	idx: 1 4 2 64 32 128
773.6635296378134 13.131347932828824 	idx: 1 4 2 64 32 128
773.6635296378134 13.000034453500536 	idx: 1 4 2 64 32 128
895.0861990203368 12.87003410896553 	idx: 1 5 2 32 64 64
1103.0868764793547 12.741333767875876 	idx: 1 4 3 16 32 64
1103.0868764793547 12.613920430197117 	idx: 1 4 3 16 32 64
764.3364078655887 12.487781225895146 	idx: 1 4 2 32 64 32
764.3364078655887 12.362903413636195 	idx: 1 4 2 32 64 32
809.1221882397386 12.239274379499832 	idx: 1 3 3 16 128 16
1015.4777713887964 12.116881635704834 	idx: 1 3 4 8 64 16
1015.4777713887964 11.995712819347785 	idx: 1 3 4 8 64 16
1068.9472393159217 11.875755691154307 	idx: 1 4 3 4 64 32
1068.9472393159217 11.756998134242764 	idx: 1 4 3 4 64 32
1068.9472393159217 11.639428152900336 	idx: 1 4 3 4 64 32
976.4508637999437 11.523033871371332 	idx: 1 3 4 4 128 32
1024.373834343537 11.407803532657619 	idx: 4 3 4 8 16 64
1039.4322444743893 11.293725497331042 	idx: 4 3 4 16 16 32
976.4508637999437 11.180788242357732 	idx: 1 3 4 4 128 32
976.4508637999437 11.068980359934155 	idx: 1 3 4 4 128 32
940.4598535542865 10.958290556334813 	idx: 0 3 4 2 2 128
940.4598535542865 10.848707650771464 	idx: 0 3 4 2 2 128
1012.4647570003218 10.74022057426375 	idx: 3 6 2 16 4 4
1076.2904798562997 10.632818368521113 	idx: 1 4 3 4 32 32
1076.2904798562997 10.526490184835902 	idx: 1 4 3 4 32 32
1076.2904798562997 10.421225282987542 	idx: 1 4 3 4 32 32
991.7443972364872 10.317013030157668 	idx: 3 6 2 8 16 2
991.7443972364872 10.213842899856092 	idx: 3 6 2 8 16 2
1094.261414036003 10.11170447085753 	idx: 1 4 3 8 32 32
1094.261414036003 10.010587426148955 	idx: 1 4 3 8 32 32
1106.9199032329009 9.910481551887466 	idx: 1 4 3 16 16 64
1106.9199032329009 9.811376736368592 	idx: 1 4 3 16 16 32
1106.9199032329009 9.713262969004907 	idx: 1 4 3 16 16 32
1106.9199032329009 9.616130339314857 	idx: 1 4 3 16 16 32
906.2754186693736 9.519969035921708 	idx: 3 5 2 32 16 8
906.2754186693736 9.42476934556249 	idx: 3 5 2 32 16 8
906.2754186693736 9.330521652106865 	idx: 3 5 2 32 16 8
906.2754186693736 9.237216435585797 	idx: 3 5 2 32 16 8
906.2754186693736 9.144844271229939 	idx: 3 5 2 32 16 8
906.094931624297 9.053395828517639 	idx: 3 5 2 64 32 4
906.094931624297 8.962861870232462 	idx: 3 5 2 64 32 4
993.731836433502 8.873233251530138 	idx: 0 3 4 4 2 16
906.094931624297 8.784500919014837 	idx: 3 5 2 64 32 4
868.3999676495803 8.696655909824688 	idx: 4 5 2 32 256 64
868.3999676495803 8.609689350726441 	idx: 4 5 2 32 256 64
886.4814768336581 8.523592457219177 	idx: 4 5 2 32 128 128
913.4952663782406 8.438356532646985 	idx: 3 5 2 64 2 4
913.4952663782406 8.353972967320516 	idx: 3 5 2 64 2 4
913.4952663782406 8.27043323764731 	idx: 3 5 2 64 2 4
913.4952663782406 8.187728905270838 	idx: 3 5 2 64 2 4
913.4931939453338 8.105851616218128 	idx: 3 5 2 64 2 2
913.4931939453338 8.024793100055946 	idx: 3 5 2 64 2 2
909.6875570456456 7.944545169055387 	idx: 3 5 2 32 2 2
886.4814768336581 7.865099717364833 	idx: 4 5 2 32 128 128
1108.8830676698356 7.786448720191185 	idx: 3 4 3 16 8 4
1108.8830676698356 7.708584232989273 	idx: 3 4 3 16 8 4
1083.1930443765334 7.63149839065938 	idx: 0 4 3 4 16 128
1083.1930443765334 7.5551834067527865 	idx: 0 4 3 4 16 128
1083.1930443765334 7.479631572685259 	idx: 0 4 3 4 16 128
1083.1930443765334 7.404835256958406 	idx: 0 4 3 4 16 128
1083.1930443765334 7.330786904388821 	idx: 0 4 3 4 16 128
1083.1930443765334 7.257479035344933 	idx: 0 4 3 4 16 128
1083.1930443765334 7.1849042449914835 	idx: 0 4 3 4 16 128
1083.1930443765334 7.1130552025415685 	idx: 0 4 3 4 16 128
1083.1930443765334 7.041924650516153 	idx: 0 4 3 4 16 128
1083.1930443765334 6.971505404010991 	idx: 0 4 3 4 16 128
1095.374744963193 6.901790349970882 	idx: 4 4 3 16 64 64
1037.355541042397 6.832772446471173 	idx: 4 3 4 16 32 64
851.016147303992 6.764444722006462 	idx: 0 5 2 4 16 64
1041.8527936907146 6.696800274786397 	idx: 3 3 4 16 4 64
1041.8527936907146 6.6298322720385325 	idx: 3 3 4 16 4 64
1108.8830676698356 6.563533949318147 	idx: 3 4 3 16 8 64
1086.4958364589124 6.497898609824966 	idx: 0 4 3 4 2 128
1086.4958364589124 6.432919623726716 	idx: 0 4 3 4 2 128
1086.4958364589124 6.3685904274894485 	idx: 0 4 3 4 2 128
1101.8130831914975 6.304904523214554 	idx: 0 4 3 8 2 64
1100.8972904989746 6.2418554779824085 	idx: 0 4 3 8 4 32
1100.8972904989746 6.1794369232025845 	idx: 0 4 3 8 4 32
1100.8972904989746 6.117642553970558 	idx: 0 4 3 8 4 32
1100.8972904989746 6.056466128430853 	idx: 0 4 3 8 4 32
1100.8972904989746 5.9959014671465445 	idx: 0 4 3 8 4 32
1100.8972904989746 5.935942452475079 	idx: 0 4 3 8 4 32
1100.8972904989746 5.8765830279503275 	idx: 0 4 3 8 4 32
1110.3692027686623 5.817817197670824 	idx: 0 4 3 16 2 16
1110.3692027686623 5.759639025694116 	idx: 0 4 3 16 2 16
1110.3692027686623 5.7020426354371745 	idx: 0 4 3 16 2 16
1041.453973607569 5.645022209082803 	idx: 0 3 4 16 2 16
1041.453973607569 5.588571986991974 	idx: 0 3 4 16 2 16
1101.4273006286005 5.532686267122054 	idx: 0 4 3 8 2 32
1101.4273006286005 5.477359404450834 	idx: 0 4 3 8 2 32
1101.4273006286005 5.422585810406325 	idx: 0 4 3 8 2 32
1101.282701806784 5.368359952302262 	idx: 0 4 3 8 4 64
1101.282701806784 5.314676352779239 	idx: 0 4 3 8 4 64
1109.8305540702193 5.261529589251447 	idx: 0 4 3 16 4 64
925.4097465456853 5.208914293358933 	idx: 4 2 6 2 4 64
932.349202710541 5.156825150425344 	idx: 2 3 4 2 64 128
932.349202710541 5.10525689892109 	idx: 2 3 4 2 64 128
932.349202710541 5.0542043299318795 	idx: 2 3 4 2 64 128
1076.2904798562997 5.003662286632561 	idx: 3 4 3 4 32 32
1076.2904798562997 4.953625663766235 	idx: 3 4 3 4 32 32
1076.2904798562997 4.9040894071285726 	idx: 3 4 3 4 32 32
1076.2904798562997 4.8550485130572865 	idx: 3 4 3 4 32 32
1076.2904798562997 4.806498027926714 	idx: 3 4 3 4 32 32
1076.2904798562997 4.758433047647447 	idx: 3 4 3 4 32 32
1076.2904798562997 4.710848717170973 	idx: 3 4 3 4 32 32
1007.1667583819425 4.663740229999263 	idx: 2 3 4 8 128 64
1007.1667583819425 4.61710282769927 	idx: 2 3 4 8 128 64
1007.1667583819425 4.570931799422278 	idx: 2 3 4 8 128 64
1007.1667583819425 4.525222481428055 	idx: 2 3 4 8 128 64
1007.1667583819425 4.4799702566137745 	idx: 2 3 4 8 128 64
1007.1667583819425 4.4351705540476365 	idx: 2 3 4 8 128 64
1108.8830676698356 4.39081884850716 	idx: 0 4 3 16 8 128
1108.8830676698356 4.346910660022088 	idx: 0 4 3 16 8 128
1108.8830676698356 4.303441553421867 	idx: 0 4 3 16 8 128
1108.8830676698356 4.260407137887648 	idx: 0 4 3 16 8 128
1100.3497480406195 4.217803066508771 	idx: 0 4 3 8 8 64
1100.3497480406195 4.175625035843683 	idx: 0 4 3 8 8 64
1100.3497480406195 4.133868785485246 	idx: 0 4 3 8 8 64
1106.9199032329009 4.0925300976303935 	idx: 0 4 3 16 16 64
1106.9199032329009 4.05160479665409 	idx: 0 4 3 16 16 64
1074.469598074429 4.011088748687548 	idx: 3 4 3 8 128 4
1074.469598074429 3.970977861200673 	idx: 3 4 3 8 128 4
1074.469598074429 3.9312680825886663 	idx: 3 4 3 8 128 4
1074.469598074429 3.8919554017627798 	idx: 3 4 3 8 128 4
1074.469598074429 3.853035847745152 	idx: 3 4 3 8 128 4
1074.469598074429 3.8145054892677006 	idx: 3 4 3 8 128 4
1074.469598074429 3.7763604343750234 	idx: 3 4 3 8 128 4
1058.5161280146374 3.7385968300312733 	idx: 2 4 3 4 128 64
1100.6084090026952 3.7012108617309605 	idx: 0 4 3 8 4 8
1100.6084090026952 3.664198753113651 	idx: 0 4 3 8 4 8
1100.6084090026952 3.6275567655825145 	idx: 0 4 3 8 4 8
1100.6084090026952 3.591281197926689 	idx: 0 4 3 8 4 8
1100.6084090026952 3.555368385947422 	idx: 0 4 3 8 4 8
1056.4498528092188 3.519814702087948 	idx: 3 4 3 4 128 2
1056.4498528092188 3.4846165550670687 	idx: 3 4 3 4 128 2
1056.4498528092188 3.449770389516398 	idx: 3 4 3 4 128 2
1056.4498528092188 3.415272685621234 	idx: 3 4 3 4 128 2
1015.1142394707783 3.3811199587650216 	idx: 3 3 4 8 64 4
1015.2447737937051 3.347308759177371 	idx: 3 3 4 8 64 8
1015.2447737937051 3.3138356715855974 	idx: 3 3 4 8 64 8
1015.2447737937051 3.2806973148697414 	idx: 3 3 4 8 64 8
1015.2447737937051 3.247890341721044 	idx: 3 3 4 8 64 8
1015.2447737937051 3.2154114383038332 	idx: 3 3 4 8 64 8
1086.4841096378325 3.183257323920795 	idx: 3 4 3 8 64 16
1086.4841096378325 3.1514247506815867 	idx: 3 4 3 8 64 16
1086.4841096378325 3.1199105031747707 	idx: 3 4 3 8 64 16
1094.261414036003 3.088711398143023 	idx: 3 4 3 8 32 32
1075.738394460118 3.0578242841615926 	idx: 3 4 3 4 32 16
995.7309507529437 3.0272460413199767 	idx: 2 3 4 4 32 128
995.7309507529437 2.996973580906777 	idx: 2 3 4 4 32 128
1097.74586695747 2.967003845097709 	idx: 0 4 3 8 16 8
1023.9309942338379 2.9373338066467323 	idx: 0 3 4 8 8 8
1097.74586695747 2.907960468580265 	idx: 0 4 3 8 16 8
1097.74586695747 2.8788808638944623 	idx: 0 4 3 8 16 8
1097.74586695747 2.8500920552555176 	idx: 0 4 3 8 16 8
1097.74586695747 2.8215911347029623 	idx: 0 4 3 8 16 8
1097.74586695747 2.7933752233559326 	idx: 0 4 3 8 16 8
1097.74586695747 2.765441471122373 	idx: 0 4 3 8 16 8
1097.74586695747 2.7377870564111495 	idx: 0 4 3 8 16 8
1097.74586695747 2.710409185847038 	idx: 0 4 3 8 16 8
1097.8416437639053 2.6833050939885674 	idx: 0 4 3 8 16 16
1097.8416437639053 2.656472043048682 	idx: 0 4 3 8 16 16
1097.8416437639053 2.629907322618195 	idx: 0 4 3 8 16 16
1097.8416437639053 2.603608249392013 	idx: 0 4 3 8 16 16
1097.8416437639053 2.577572166898093 	idx: 0 4 3 8 16 16
1097.8416437639053 2.551796445229112 	idx: 0 4 3 8 16 16
1097.8416437639053 2.526278480776821 	idx: 0 4 3 8 16 16
1098.0332475238886 2.501015695969053 	idx: 3 4 3 8 16 32
1098.0332475238886 2.4760055390093623 	idx: 3 4 3 8 16 32
1106.9199032329009 2.4512454836192688 	idx: 3 4 3 16 16 64
1106.9199032329009 2.426733028783076 	idx: 3 4 3 16 16 64
1106.9199032329009 2.402465698495245 	idx: 3 4 3 16 16 64
1108.8830676698356 2.3784410415102926 	idx: 3 4 3 16 8 32
1108.8830676698356 2.3546566310951897 	idx: 3 4 3 16 8 32
1108.8830676698356 2.3311100647842378 	idx: 3 4 3 16 8 32
1108.8830676698356 2.307798964136395 	idx: 3 4 3 16 8 32
1108.8830676698356 2.2847209744950314 	idx: 3 4 3 16 8 32
1108.8830676698356 2.261873764750081 	idx: 3 4 3 16 8 32
1108.8830676698356 2.23925502710258 	idx: 3 4 3 16 8 32
1026.2536469118968 2.2168624768315546 	idx: 3 3 4 8 4 64
1026.2536469118968 2.194693852063239 	idx: 3 3 4 8 4 64
1074.790819840164 2.1727469135426065 	idx: 2 4 3 8 128 32
1074.790819840164 2.1510194444071806 	idx: 2 4 3 8 128 32
1074.790819840164 2.129509249963109 	idx: 2 4 3 8 128 32
1074.790819840164 2.108214157463478 	idx: 2 4 3 8 128 32
1082.9250282394707 2.087132015888843 	idx: 3 4 3 4 8 64
1082.9250282394707 2.0662606957299547 	idx: 3 4 3 4 8 64
1082.9250282394707 2.045598088772655 	idx: 3 4 3 4 8 64
1082.9250282394707 2.0251421078849283 	idx: 3 4 3 4 8 64
1082.9250282394707 2.004890686806079 	idx: 3 4 3 4 8 64
1074.790819840164 1.9848417799380185 	idx: 2 4 3 8 128 32
1074.790819840164 1.9649933621386382 	idx: 2 4 3 8 128 32
1074.790819840164 1.9453434285172517 	idx: 2 4 3 8 128 32
1074.790819840164 1.9258899942320793 	idx: 2 4 3 8 128 32
1099.964989346009 1.9066310942897584 	idx: 3 4 3 8 8 32
1099.964989346009 1.8875647833468607 	idx: 3 4 3 8 8 32
1099.964989346009 1.868689135513392 	idx: 3 4 3 8 8 32
1074.790819840164 1.8500022441582582 	idx: 2 4 3 8 128 32
1074.790819840164 1.8315022217166756 	idx: 2 4 3 8 128 32
1074.790819840164 1.8131871994995088 	idx: 2 4 3 8 128 32
1074.790819840164 1.7950553275045138 	idx: 2 4 3 8 128 32
1074.790819840164 1.7771047742294686 	idx: 2 4 3 8 128 32
1074.790819840164 1.7593337264871738 	idx: 2 4 3 8 128 32
1082.9250282394707 1.741740389222302 	idx: 0 4 3 4 8 64
1082.9250282394707 1.724322985330079 	idx: 0 4 3 4 8 64
1074.4466610096224 1.7070797554767783 	idx: 1 4 3 8 128 2
1086.6717691572794 1.6900089579220106 	idx: 2 4 3 8 64 32
1110.3692027686623 1.6731088683427904 	idx: 3 4 3 16 2 4
1110.3692027686623 1.6563777796593624 	idx: 3 4 3 16 2 4
1110.3692027686623 1.6398140018627687 	idx: 3 4 3 16 2 4
1110.3692027686623 1.623415861844141 	idx: 3 4 3 16 2 4
1110.3692027686623 1.6071817032256996 	idx: 3 4 3 16 2 4
1110.3692027686623 1.5911098861934427 	idx: 3 4 3 16 2 4
1110.3692027686623 1.5751987873315083 	idx: 3 4 3 16 2 4
1110.3692027686623 1.5594467994581933 	idx: 3 4 3 16 2 4
1110.3692027686623 1.5438523314636114 	idx: 3 4 3 16 2 4
1110.3692027686623 1.5284138081489753 	idx: 3 4 3 16 2 4
1110.3692027686623 1.5131296700674854 	idx: 3 4 3 16 2 4
1110.3692027686623 1.4979983733668105 	idx: 3 4 3 16 2 4
1110.3692027686623 1.4830183896331424 	idx: 3 4 3 16 2 4
1110.3692027686623 1.468188205736811 	idx: 3 4 3 16 2 4
1094.6421922575032 1.4535063236794428 	idx: 2 4 3 8 32 64
1106.9199032329009 1.4389712604426483 	idx: 2 4 3 16 16 32
1106.9199032329009 1.4245815478382218 	idx: 2 4 3 16 16 32
1106.9199032329009 1.4103357323598396 	idx: 2 4 3 16 16 32
1106.9199032329009 1.396232375036241 	idx: 2 4 3 16 16 32
1108.8830676698356 1.3822700512858788 	idx: 2 4 3 16 8 16
1108.8830676698356 1.36844735077302 	idx: 2 4 3 16 8 16
1108.8830676698356 1.3547628772652898 	idx: 2 4 3 16 8 16
1108.8830676698356 1.341215248492637 	idx: 2 4 3 16 8 16
1108.8830676698356 1.3278030960077105 	idx: 2 4 3 16 8 16
1108.8830676698356 1.3145250650476334 	idx: 2 4 3 16 8 16
1108.8830676698356 1.301379814397157 	idx: 2 4 3 16 8 16
1108.8830676698356 1.2883660162531856 	idx: 2 4 3 16 8 16
1108.8830676698356 1.2754823560906536 	idx: 2 4 3 16 8 16
1108.8830676698356 1.2627275325297471 	idx: 2 4 3 16 8 16
1108.8830676698356 1.2501002572044497 	idx: 2 4 3 16 8 16
1108.8830676698356 1.2375992546324053 	idx: 2 4 3 16 8 16
1108.8830676698356 1.2252232620860812 	idx: 2 4 3 16 8 16
1108.8830676698356 1.2129710294652205 	idx: 2 4 3 16 8 16
1108.8830676698356 1.2008413191705682 	idx: 2 4 3 16 8 16
1108.8830676698356 1.1888329059788625 	idx: 2 4 3 16 8 16
1108.8830676698356 1.1769445769190738 	idx: 2 4 3 16 8 16
1108.8830676698356 1.165175131149883 	idx: 2 4 3 16 8 16
1108.8830676698356 1.1535233798383842 	idx: 2 4 3 16 8 16
1108.8830676698356 1.1419881460400003 	idx: 2 4 3 16 8 16
1108.8830676698356 1.1305682645796002 	idx: 2 4 3 16 8 16
1108.8830676698356 1.1192625819338042 	idx: 2 4 3 16 8 16
1108.8830676698356 1.1080699561144662 	idx: 2 4 3 16 8 16
1108.8830676698356 1.0969892565533215 	idx: 2 4 3 16 8 16
1108.8830676698356 1.0860193639877882 	idx: 3 4 3 16 8 8
1108.8830676698356 1.0751591703479102 	idx: 3 4 3 16 8 8
1108.8830676698356 1.0644075786444311 	idx: 3 4 3 16 8 8
1108.8830676698356 1.0537635028579868 	idx: 3 4 3 16 8 8
1108.8830676698356 1.0432258678294068 	idx: 3 4 3 16 8 8
1108.8830676698356 1.0327936091511127 	idx: 3 4 3 16 8 8
1108.8830676698356 1.0224656730596016 	idx: 3 4 3 16 8 8
1108.8830676698356 1.0122410163290056 	idx: 3 4 3 16 8 8
1108.8830676698356 1.0021186061657157 	idx: 3 4 3 16 8 8
###### ACC Parameters ######
cim type:    LccCIM
bus_width:   25.6
macros_row:  4
macros_col:  3
scr:         16
is_size:     8
os_size:     8
best=1108.8830676698356, area=4785804.644173072 459
bert_base_sl512_LCC-CIM@ISSCC20_tt_running end at 1757794964.3795779
