1.626385944241152 100 	idx: 3 3 1 2 128 256
1.534476224827614 99.0 	idx: 0 2 1 2 128 128
1.6419882663409364 98.01 	idx: 0 2 1 4 128 64
1.1137148691517087 97.0299 	idx: 4 3 3 4 64 128
1.3168438286076234 96.059601 	idx: 3 3 3 32 128 256
1.6765988298400072 95.09900499 	idx: 4 4 2 4 128 256
1.8989956885336214 94.1480149401 	idx: 4 4 2 4 256 128
2.337497994872555 93.206534790699 	idx: 1 3 1 2 1024 128
2.185554747602334 92.27446944279201 	idx: 4 3 1 16 256 512
2.820607742204894 91.35172474836409 	idx: 4 4 1 8 512 256
2.3143595301807074 90.43820750088045 	idx: 3 5 2 64 256 128
2.1537600722910533 89.53382542587164 	idx: 4 3 1 4 256 256
2.635114115462286 88.63848717161292 	idx: 4 3 1 8 512 128
2.359052928835369 87.75210229989679 	idx: 1 5 2 2 512 128
3.0359339257855584 86.87458127689783 	idx: 1 5 1 4 512 64
2.56022965558133 86.00583546412885 	idx: 1 6 2 8 1024 32
3.34888887939799 85.14577710948755 	idx: 1 7 1 8 1024 32
3.0252451590504132 84.29431933839268 	idx: 1 7 1 8 2048 64
3.0548075178721503 83.45137614500875 	idx: 1 7 1 16 2048 32
2.7885142906664955 82.61686238355867 	idx: 1 6 2 8 2048 32
2.8976472787465317 81.79069375972308 	idx: 1 7 1 4 2048 64
2.8976472787465317 80.97278682212585 	idx: 1 7 1 4 2048 64
3.045883740328965 80.1630589539046 	idx: 2 5 1 4 512 32
3.217427278401937 79.36142836436555 	idx: 2 6 1 8 1024 32
2.8288525033039407 78.56781408072189 	idx: 1 6 1 2 1024 64
2.6210391127461325 77.78213593991467 	idx: 1 6 2 2 2048 128
2.6328963967185293 77.00431458051553 	idx: 0 4 1 2 1024 64
3.000903474960339 76.23427143471037 	idx: 2 6 1 8 512 64
3.070274214026032 75.47192872036327 	idx: 2 6 1 4 1024 64
3.000903474960339 74.71720943315964 	idx: 2 6 1 8 512 64
2.194582377290231 73.97003733882804 	idx: 2 6 2 8 512 32
2.8101673800675 73.23033696543976 	idx: 2 5 2 8 1024 16
3.1515031069737187 72.49803359578536 	idx: 0 7 1 8 512 64
2.8101673800675 71.7730532598275 	idx: 2 5 2 8 1024 16
2.98420523009174 71.05532272722922 	idx: 2 5 2 4 2048 16
3.0185084889255642 70.34476949995693 	idx: 2 5 2 8 2048 16
3.223927642930487 69.64132180495736 	idx: 2 6 1 8 1024 8
3.1645050708662095 68.94490858690779 	idx: 2 7 1 8 512 16
3.103389714308474 68.25545950103871 	idx: 0 9 1 16 512 128
2.650534716879515 67.57290490602833 	idx: 1 5 2 2 1024 128
3.1713513145897974 66.89717585696805 	idx: 2 5 1 8 512 32
3.1713513145897974 66.22820409839836 	idx: 2 5 1 8 512 32
2.8172001962351385 65.56592205741438 	idx: 2 5 2 16 1024 32
2.5783822210771814 64.91026283684023 	idx: 2 4 2 32 2048 64
3.022755291932409 64.26116020847184 	idx: 2 5 2 32 2048 64
3.022755291932409 63.618548606387115 	idx: 2 5 2 32 2048 64
2.8032006115649994 62.98236312032324 	idx: 2 5 2 32 1024 128
2.9079267329894285 62.35253948912001 	idx: 2 5 1 16 2048 128
2.9079267329894285 61.72901409422881 	idx: 2 5 1 16 2048 128
2.3854516846909415 61.11172395328652 	idx: 2 4 2 8 1024 64
2.3766914853559458 60.500606713753655 	idx: 2 4 2 8 1024 128
2.3766914853559458 59.89560064661612 	idx: 2 4 2 8 1024 128
2.671847595179999 59.29664464014996 	idx: 2 3 1 16 512 64
2.671847595179999 58.70367819374846 	idx: 2 3 1 16 512 64
2.4438277885168014 58.116641411810974 	idx: 2 4 1 8 256 64
2.462072449096263 57.535474997692866 	idx: 0 6 1 16 256 2
2.462072449096263 56.960120247715935 	idx: 0 6 1 16 256 2
2.7755564730797455 56.390519045238776 	idx: 4 4 1 8 1024 1024
2.7755564730797455 55.82661385478639 	idx: 4 4 1 8 1024 1024
2.88657259655175 55.26834771623852 	idx: 4 5 1 8 512 1024
2.2451439575760452 54.71566423907614 	idx: 2 2 1 8 512 8
2.1546193117812997 54.16850759668538 	idx: 4 5 1 2 256 1024
2.139257318894433 53.62682252071853 	idx: 2 2 1 4 512 8
2.6615750754046354 53.09055429551134 	idx: 2 3 1 8 512 8
2.6615750754046354 52.55964875255623 	idx: 2 3 1 8 512 8
2.6615750754046354 52.03405226503067 	idx: 2 3 1 8 512 8
2.5744627980520765 51.51371174238036 	idx: 2 3 1 4 1024 8
2.64140415775018 50.998574624956554 	idx: 2 4 1 2 1024 4
2.3706702122044714 50.488588878706985 	idx: 2 4 2 4 1024 2
2.611155390172269 49.98370298991991 	idx: 2 5 1 2 2048 2
2.4591215248839076 49.483865960020715 	idx: 4 7 1 16 256 256
2.4591215248839076 48.98902730042051 	idx: 4 7 1 16 256 256
3.089536565520467 48.4991370274163 	idx: 3 5 1 16 1024 1024
3.0296658283005975 48.01414565714214 	idx: 4 7 1 8 512 512
3.0183825169971636 47.53400420057071 	idx: 3 6 1 32 1024 1024
3.062188922759314 47.05866415856501 	idx: 3 7 1 32 512 512
3.3205398491595055 46.58807751697936 	idx: 4 7 1 16 1024 256
2.780357168646015 46.12219674180957 	idx: 4 7 2 8 1024 128
3.140968362763162 45.66097477439147 	idx: 4 8 1 16 2048 64
3.140968362763162 45.20436502664755 	idx: 4 8 1 16 2048 64
3.105253260592398 44.752321376381076 	idx: 4 8 1 8 2048 128
3.2936039670595942 44.30479816261727 	idx: 4 7 1 8 1024 256
3.105253260592398 43.861750180991095 	idx: 4 8 1 8 2048 128
2.8613525515183476 43.42313267918119 	idx: 3 5 1 8 2048 256
2.993919504672535 42.98890135238938 	idx: 4 8 1 4 2048 64
2.994215321977865 42.559012338865486 	idx: 4 9 2 8 1024 32
2.994215321977865 42.133422215476834 	idx: 4 9 2 8 1024 32
3.1687285828176233 41.712087993322065 	idx: 4 10 1 4 1024 16
2.971666845786219 41.29496711338884 	idx: 4 9 2 4 1024 8
2.971666845786219 40.882017442254956 	idx: 4 9 2 4 1024 8
3.308819393065392 40.473197267832404 	idx: 4 10 1 8 1024 4
3.1716244798871442 40.06846529515408 	idx: 4 10 1 4 1024 4
2.9678290993208316 39.66778064220254 	idx: 4 9 1 4 2048 2
2.9678290993208316 39.27110283578051 	idx: 4 9 1 4 2048 2
3.127177069373577 38.8783918074227 	idx: 4 10 1 8 2048 4
2.997659481757978 38.48960788934848 	idx: 4 9 2 8 1024 2
2.5759867382061614 38.104711810454994 	idx: 4 8 2 4 1024 2
2.654672373576915 37.72366469235045 	idx: 4 9 2 8 512 4
3.1151563700159968 37.34642804542694 	idx: 4 9 1 8 512 2
2.9232921825064966 36.97296376497267 	idx: 4 10 1 4 512 2
2.9232921825064966 36.60323412732294 	idx: 4 10 1 4 512 2
2.9232921825064966 36.23720178604971 	idx: 4 10 1 4 512 2
2.7132649870405907 35.874829768189215 	idx: 2 10 1 2 512 2
2.8036306440718124 35.516081470507324 	idx: 2 11 1 2 1024 4
2.6552202440141683 35.16092065580225 	idx: 3 3 1 16 512 128
2.630996503997855 34.80931144924423 	idx: 3 3 1 32 512 256
2.630996503997855 34.461218334751784 	idx: 3 3 1 32 512 256
2.323787267611912 34.11660615140427 	idx: 2 13 1 8 256 4
2.2571993094403737 33.775440089890225 	idx: 2 13 1 4 256 8
2.2571993094403737 33.43768568899132 	idx: 2 13 1 4 256 8
2.0592516659833846 33.10330883210141 	idx: 2 14 1 4 256 8
2.0592516659833846 32.7722757437804 	idx: 2 14 1 4 256 8
2.996860597903889 32.44455298634259 	idx: 2 13 1 8 512 16
3.380764535880503 32.12010745647917 	idx: 2 13 1 8 1024 16
3.2598869736476 31.798906381914374 	idx: 4 8 1 8 1024 4
3.384805900073337 31.48091731809523 	idx: 4 7 1 16 1024 8
3.384805900073337 31.16610814491428 	idx: 4 7 1 16 1024 8
3.202922802185695 30.854447063465138 	idx: 4 7 1 32 512 8
3.202922802185695 30.545902592830487 	idx: 4 7 1 32 512 8
3.1551900898203358 30.240443566902183 	idx: 2 11 1 8 1024 16
3.1551900898203358 29.93803913123316 	idx: 2 11 1 8 1024 16
3.3349963776092406 29.638658739920828 	idx: 2 10 1 16 1024 8
3.1885609184472448 29.34227215252162 	idx: 4 7 1 16 512 16
3.257163000040148 29.048849430996402 	idx: 4 8 1 8 1024 16
3.1293409890918564 28.758360936686437 	idx: 4 8 1 8 2048 16
3.450853949753836 28.47077732731957 	idx: 4 9 1 16 1024 16
3.2589717288895663 28.186069554046373 	idx: 4 8 1 8 1024 8
3.2589717288895663 27.90420885850591 	idx: 4 8 1 8 1024 8
3.2589717288895663 27.625166769920853 	idx: 4 8 1 8 1024 8
3.0353253861810976 27.348915102221643 	idx: 4 7 1 8 2048 16
2.801017627309157 27.075425951199424 	idx: 4 6 2 16 2048 16
2.9710143472932815 26.804671691687428 	idx: 4 6 1 8 2048 16
3.3524387945560505 26.536624974770554 	idx: 4 7 1 8 1024 16
3.1913611799947788 26.271258725022847 	idx: 4 7 1 4 1024 32
3.1913611799947788 26.00854613777262 	idx: 4 7 1 4 1024 32
3.1913611799947788 25.748460676394892 	idx: 4 7 1 4 1024 32
3.1913611799947788 25.490976069630943 	idx: 4 7 1 4 1024 32
3.411078798911145 25.23606630893463 	idx: 2 13 1 16 1024 4
3.1839260347725395 24.983705645845284 	idx: 2 14 1 8 1024 8
3.1839260347725395 24.73386858938683 	idx: 2 14 1 8 1024 8
3.1839260347725395 24.48652990349296 	idx: 2 14 1 8 1024 8
2.882029501881515 24.24166460445803 	idx: 1 4 1 4 1024 4
2.882029501881515 23.99924795841345 	idx: 1 4 1 4 1024 4
3.0288170054965846 23.759255478829314 	idx: 2 13 1 32 512 8
3.0288170054965846 23.52166292404102 	idx: 2 13 1 32 512 8
3.0188773560867124 23.28644629480061 	idx: 2 13 1 16 512 8
3.0188773560867124 23.053581831852604 	idx: 2 13 1 16 512 8
3.0554078604852744 22.82304601353408 	idx: 1 4 1 32 1024 2
2.9450756773881754 22.59481555339874 	idx: 1 5 1 32 2048 2
3.0432972633146336 22.36886739786475 	idx: 1 4 1 16 1024 2
3.0432972633146336 22.145178723886104 	idx: 1 4 1 16 1024 2
3.0701813765203787 21.923726936647242 	idx: 2 10 1 64 512 8
3.0711746300666056 21.704489667280768 	idx: 2 10 1 64 512 4
3.180765876947256 21.48744477060796 	idx: 1 5 1 8 512 2
3.195555431169075 21.27257032290188 	idx: 2 11 1 32 1024 8
3.195555431169075 21.059844619672862 	idx: 2 11 1 32 1024 8
3.1477863791390663 20.849246173476132 	idx: 2 10 1 16 2048 4
3.0894657635541 20.64075371174137 	idx: 2 9 1 8 2048 2
3.148186976033561 20.434346174623958 	idx: 2 10 1 16 2048 2
3.3487501868932696 20.230002712877717 	idx: 2 10 1 32 1024 4
3.050824952476316 20.027702685748938 	idx: 4 5 1 4 512 16
3.050824952476316 19.82742565889145 	idx: 4 5 1 4 512 16
3.050824952476316 19.629151402302536 	idx: 4 5 1 4 512 16
3.050824952476316 19.43285988827951 	idx: 4 5 1 4 512 16
3.050824952476316 19.238531289396715 	idx: 4 5 1 4 512 16
3.204648752952315 19.046145976502746 	idx: 2 7 1 32 512 2
3.30577764682716 18.855684516737718 	idx: 2 8 1 64 1024 4
3.204648752952315 18.66712767157034 	idx: 2 7 1 64 512 2
3.204648752952315 18.480456394854638 	idx: 2 7 1 64 512 2
3.204648752952315 18.295651830906092 	idx: 2 7 1 64 512 2
3.3062825903965343 18.11269531259703 	idx: 2 8 1 64 1024 2
3.3411944694387365 17.931568359471058 	idx: 1 5 1 8 1024 2
3.3632223335429443 17.752252675876345 	idx: 3 5 1 16 1024 8
3.3632223335429443 17.57473014911758 	idx: 3 5 1 16 1024 8
3.3632223335429443 17.398982847626407 	idx: 3 5 1 16 1024 8
3.3632223335429443 17.22499301915014 	idx: 3 5 1 16 1024 8
3.3632223335429443 17.05274308895864 	idx: 3 5 1 16 1024 8
3.3632223335429443 16.882215658069054 	idx: 3 5 1 16 1024 8
3.3632223335429443 16.713393501488362 	idx: 3 5 1 16 1024 8
3.30577764682716 16.546259566473477 	idx: 2 8 1 64 1024 4
3.467191638459946 16.380796970808742 	idx: 2 9 1 64 1024 2
3.467191638459946 16.216989001100654 	idx: 2 9 1 32 1024 2
3.467191638459946 16.054819111089646 	idx: 2 9 1 32 1024 2
3.3370922794935596 15.89427091997875 	idx: 4 5 1 8 1024 16
3.2909773563755604 15.735328210778961 	idx: 2 8 1 16 1024 4
3.1656970425067743 15.577974928671171 	idx: 2 8 1 32 2048 2
3.2914577808763728 15.42219517938446 	idx: 2 8 1 16 1024 2
3.4003556465941824 15.267973227590614 	idx: 3 7 1 32 1024 4
3.4003556465941824 15.115293495314708 	idx: 3 7 1 32 1024 4
3.4003556465941824 14.96414056036156 	idx: 3 7 1 32 1024 4
3.2619798980676546 14.814499154757945 	idx: 3 6 1 32 1024 2
3.3763952059026865 14.666354163210364 	idx: 3 5 1 64 1024 4
3.3763952059026865 14.519690621578262 	idx: 3 5 1 64 1024 4
3.376989009550262 14.374493715362478 	idx: 3 5 1 128 1024 2
3.376989009550262 14.230748778208852 	idx: 3 5 1 128 1024 2
3.4538339897603105 14.088441290426763 	idx: 2 9 1 16 1024 4
3.3411944694387365 13.947556877522496 	idx: 1 5 1 8 1024 2
3.3411944694387365 13.808081308747271 	idx: 1 5 1 8 1024 2
3.072399762201626 13.670000495659798 	idx: 3 7 1 64 2048 4
3.1656970425067743 13.5333004907032 	idx: 3 8 1 32 2048 2
3.3857988755294377 13.397967485796167 	idx: 2 7 1 16 1024 4
3.3857988755294377 13.263987810938206 	idx: 2 7 1 16 1024 4
3.426343858259642 13.131347932828824 	idx: 3 9 1 8 1024 4
3.426343858259642 13.000034453500536 	idx: 3 9 1 8 1024 4
3.426343858259642 12.87003410896553 	idx: 3 9 1 8 1024 4
3.426343858259642 12.741333767875876 	idx: 3 9 1 8 1024 4
3.426343858259642 12.613920430197117 	idx: 3 9 1 8 1024 4
3.426343858259642 12.487781225895146 	idx: 3 9 1 8 1024 4
3.426343858259642 12.362903413636195 	idx: 3 9 1 8 1024 4
3.3993016318865474 12.239274379499832 	idx: 2 7 1 32 1024 8
3.3752082248674578 12.116881635704834 	idx: 4 5 1 64 1024 8
3.3763952059026865 11.995712819347785 	idx: 4 5 1 32 1024 4
3.3763952059026865 11.875755691154307 	idx: 4 5 1 32 1024 4
3.066202511828634 11.756998134242764 	idx: 2 7 1 32 2048 32
3.2545230726373253 11.639428152900336 	idx: 2 6 1 64 1024 32
3.2584802610913566 11.523033871371332 	idx: 2 6 1 64 1024 16
3.2584802610913566 11.407803532657619 	idx: 2 6 1 64 1024 16
3.2584802610913566 11.293725497331042 	idx: 2 6 1 64 1024 16
3.2584802610913566 11.180788242357732 	idx: 2 6 1 64 1024 16
3.3752082248674578 11.068980359934155 	idx: 2 5 1 128 1024 8
3.3752082248674578 10.958290556334813 	idx: 2 5 1 128 1024 8
3.3752082248674578 10.848707650771464 	idx: 2 5 1 128 1024 8
3.3752082248674578 10.74022057426375 	idx: 2 5 1 128 1024 8
3.3752082248674578 10.632818368521113 	idx: 2 5 1 128 1024 8
3.4032932317845104 10.526490184835902 	idx: 0 9 1 32 1024 256
3.4032932317845104 10.421225282987542 	idx: 0 9 1 32 1024 256
3.4032932317845104 10.317013030157668 	idx: 0 9 1 32 1024 256
3.4032932317845104 10.213842899856092 	idx: 0 9 1 32 1024 256
3.386295492078273 10.11170447085753 	idx: 4 7 1 16 1024 2
3.386295492078273 10.010587426148955 	idx: 4 7 1 16 1024 2
3.347773709511094 9.910481551887466 	idx: 3 10 1 32 1024 8
3.347773709511094 9.811376736368592 	idx: 3 10 1 32 1024 8
3.347773709511094 9.713262969004907 	idx: 3 10 1 32 1024 8
3.347773709511094 9.616130339314857 	idx: 3 10 1 32 1024 8
3.347773709511094 9.519969035921708 	idx: 3 10 1 32 1024 8
3.3062825903965343 9.42476934556249 	idx: 4 8 1 32 1024 2
3.2109011022817 9.330521652106865 	idx: 2 5 1 32 512 8
3.2109011022817 9.237216435585797 	idx: 2 5 1 32 512 8
3.2109011022817 9.144844271229939 	idx: 2 5 1 32 512 8
3.2109011022817 9.053395828517639 	idx: 2 5 1 32 512 8
3.2083970784961133 8.962861870232462 	idx: 2 5 1 32 512 16
3.234178436753313 8.873233251530138 	idx: 0 5 1 32 1024 512
3.335990621725328 8.784500919014837 	idx: 3 10 1 16 1024 4
3.335990621725328 8.696655909824688 	idx: 3 10 1 16 1024 4
3.2083970784961133 8.609689350726441 	idx: 2 5 1 32 512 16
3.2083970784961133 8.523592457219177 	idx: 2 5 1 32 512 16
3.2083970784961133 8.438356532646985 	idx: 2 5 1 32 512 16
3.2584802610913566 8.353972967320516 	idx: 2 6 1 64 1024 16
3.2584802610913566 8.27043323764731 	idx: 2 6 1 64 1024 16
3.246591187274171 8.187728905270838 	idx: 0 6 1 128 1024 64
3.195910324803258 8.105851616218128 	idx: 2 7 1 64 512 32
3.195910324803258 8.024793100055946 	idx: 2 7 1 64 512 32
3.3993016318865474 7.944545169055387 	idx: 3 7 1 32 1024 8
3.3993016318865474 7.865099717364833 	idx: 3 7 1 32 1024 8
3.3993016318865474 7.786448720191185 	idx: 3 7 1 32 1024 8
3.3993016318865474 7.708584232989273 	idx: 3 7 1 32 1024 8
3.3993016318865474 7.63149839065938 	idx: 3 7 1 32 1024 8
3.384805900073337 7.5551834067527865 	idx: 3 7 1 16 1024 8
3.384805900073337 7.479631572685259 	idx: 3 7 1 16 1024 8
3.384805900073337 7.404835256958406 	idx: 3 7 1 16 1024 8
3.384805900073337 7.330786904388821 	idx: 3 7 1 16 1024 8
3.3752082248674578 7.257479035344933 	idx: 2 5 1 64 1024 8
3.452832865518551 7.1849042449914835 	idx: 3 9 1 16 1024 8
3.452832865518551 7.1130552025415685 	idx: 3 9 1 16 1024 8
3.452832865518551 7.041924650516153 	idx: 3 9 1 16 1024 8
3.452832865518551 6.971505404010991 	idx: 3 9 1 16 1024 8
3.452832865518551 6.901790349970882 	idx: 3 9 1 16 1024 8
3.452832865518551 6.832772446471173 	idx: 3 9 1 16 1024 8
3.372882338331888 6.764444722006462 	idx: 4 5 1 128 1024 16
3.372882338331888 6.696800274786397 	idx: 4 5 1 128 1024 16
3.372882338331888 6.6298322720385325 	idx: 4 5 1 128 1024 16
3.372882338331888 6.563533949318147 	idx: 4 5 1 128 1024 16
3.372882338331888 6.497898609824966 	idx: 4 5 1 128 1024 16
3.368240168761804 6.432919623726716 	idx: 2 5 1 64 1024 32
3.368240168761804 6.3685904274894485 	idx: 2 5 1 64 1024 32
3.378753077539573 6.304904523214554 	idx: 3 7 1 16 1024 32
3.378753077539573 6.2418554779824085 	idx: 3 7 1 16 1024 32
3.378753077539573 6.1794369232025845 	idx: 3 7 1 16 1024 32
3.3971370968441623 6.117642553970558 	idx: 4 7 1 64 1024 16
3.3971370968441623 6.056466128430853 	idx: 4 7 1 64 1024 16
3.3971370968441623 5.9959014671465445 	idx: 4 7 1 64 1024 16
3.3971370968441623 5.935942452475079 	idx: 4 7 1 64 1024 16
3.3971370968441623 5.8765830279503275 	idx: 4 7 1 64 1024 16
3.3928746020341856 5.817817197670824 	idx: 4 7 1 32 1024 32
3.3928746020341856 5.759639025694116 	idx: 4 7 1 32 1024 32
3.3928746020341856 5.7020426354371745 	idx: 4 7 1 32 1024 32
3.3928746020341856 5.645022209082803 	idx: 4 7 1 32 1024 32
3.3928746020341856 5.588571986991974 	idx: 4 7 1 32 1024 32
3.3928746020341856 5.532686267122054 	idx: 4 7 1 32 1024 32
3.3971370968441623 5.477359404450834 	idx: 4 7 1 32 1024 16
3.4543235989808596 5.422585810406325 	idx: 0 9 1 16 1024 2
3.4543235989808596 5.368359952302262 	idx: 0 9 1 16 1024 2
3.4543235989808596 5.314676352779239 	idx: 0 9 1 16 1024 2
3.4543235989808596 5.261529589251447 	idx: 0 9 1 16 1024 2
3.4543235989808596 5.208914293358933 	idx: 0 9 1 16 1024 2
3.4666870752394234 5.156825150425344 	idx: 0 9 1 32 1024 4
3.4666870752394234 5.10525689892109 	idx: 0 9 1 32 1024 4
3.4666870752394234 5.0542043299318795 	idx: 0 9 1 32 1024 4
3.4666870752394234 5.003662286632561 	idx: 0 9 1 32 1024 4
3.4666870752394234 4.953625663766235 	idx: 0 9 1 32 1024 4
3.4666870752394234 4.9040894071285726 	idx: 0 9 1 32 1024 4
3.4666870752394234 4.8550485130572865 	idx: 0 9 1 32 1024 4
3.4666870752394234 4.806498027926714 	idx: 0 9 1 32 1024 4
3.3971370968441623 4.758433047647447 	idx: 4 7 1 32 1024 16
3.3971370968441623 4.710848717170973 	idx: 4 7 1 32 1024 16
3.3971370968441623 4.663740229999263 	idx: 4 7 1 32 1024 16
3.3971370968441623 4.61710282769927 	idx: 4 7 1 32 1024 16
3.3971370968441623 4.570931799422278 	idx: 4 7 1 32 1024 16
3.3971370968441623 4.525222481428055 	idx: 4 7 1 32 1024 16
3.3971370968441623 4.4799702566137745 	idx: 4 7 1 32 1024 16
3.384805900073337 4.4351705540476365 	idx: 4 7 1 16 1024 8
3.3542170018778177 4.39081884850716 	idx: 3 7 1 8 1024 8
3.467191638459946 4.346910660022088 	idx: 0 9 1 64 1024 2
3.3524387945560505 4.303441553421867 	idx: 3 7 1 8 1024 16
3.3524387945560505 4.260407137887648 	idx: 3 7 1 8 1024 16
3.382781703016974 4.217803066508771 	idx: 3 7 1 16 1024 16
3.382781703016974 4.175625035843683 	idx: 3 7 1 16 1024 16
3.382781703016974 4.133868785485246 	idx: 3 7 1 16 1024 16
3.382781703016974 4.0925300976303935 	idx: 3 7 1 16 1024 16
3.3524387945560505 4.05160479665409 	idx: 3 7 1 8 1024 16
3.3524387945560505 4.011088748687548 	idx: 3 7 1 8 1024 16
3.3524387945560505 3.970977861200673 	idx: 3 7 1 8 1024 16
3.3524387945560505 3.9312680825886663 	idx: 3 7 1 8 1024 16
3.3524387945560505 3.8919554017627798 	idx: 3 7 1 8 1024 16
3.3524387945560505 3.853035847745152 	idx: 3 7 1 8 1024 16
3.3524387945560505 3.8145054892677006 	idx: 3 7 1 8 1024 16
3.358948860048448 3.7763604343750234 	idx: 2 5 1 64 1024 64
3.358948860048448 3.7385968300312733 	idx: 2 5 1 64 1024 64
3.358948860048448 3.7012108617309605 	idx: 2 5 1 64 1024 64
3.382781703016974 3.664198753113651 	idx: 3 7 1 16 1024 16
3.382781703016974 3.6275567655825145 	idx: 3 7 1 16 1024 16
3.382781703016974 3.591281197926689 	idx: 3 7 1 16 1024 16
3.382781703016974 3.555368385947422 	idx: 3 7 1 16 1024 16
3.382781703016974 3.519814702087948 	idx: 3 7 1 16 1024 16
3.382781703016974 3.4846165550670687 	idx: 3 7 1 16 1024 16
3.382781703016974 3.449770389516398 	idx: 3 7 1 16 1024 16
3.4538339897603105 3.415272685621234 	idx: 0 9 1 16 1024 4
3.4538339897603105 3.3811199587650216 	idx: 0 9 1 16 1024 4
3.4538339897603105 3.347308759177371 	idx: 0 9 1 16 1024 4
3.4538339897603105 3.3138356715855974 	idx: 0 9 1 16 1024 4
3.4538339897603105 3.2806973148697414 	idx: 0 9 1 16 1024 4
3.4538339897603105 3.247890341721044 	idx: 0 9 1 16 1024 4
3.4538339897603105 3.2154114383038332 	idx: 0 9 1 16 1024 4
3.4538339897603105 3.183257323920795 	idx: 0 9 1 16 1024 4
3.4538339897603105 3.1514247506815867 	idx: 0 9 1 16 1024 4
3.4538339897603105 3.1199105031747707 	idx: 0 9 1 16 1024 4
3.4538339897603105 3.088711398143023 	idx: 0 9 1 16 1024 4
3.4538339897603105 3.0578242841615926 	idx: 0 9 1 16 1024 4
3.467191638459946 3.0272460413199767 	idx: 0 9 1 32 1024 2
3.467191638459946 2.996973580906777 	idx: 0 9 1 32 1024 2
3.467191638459946 2.967003845097709 	idx: 0 9 1 32 1024 2
3.467191638459946 2.9373338066467323 	idx: 0 9 1 32 1024 2
3.467191638459946 2.907960468580265 	idx: 0 9 1 32 1024 2
3.467191638459946 2.8788808638944623 	idx: 0 9 1 32 1024 2
3.467191638459946 2.8500920552555176 	idx: 0 9 1 32 1024 2
3.4538339897603105 2.8215911347029623 	idx: 0 9 1 16 1024 4
3.4543235989808596 2.7933752233559326 	idx: 0 9 1 16 1024 2
3.4543235989808596 2.765441471122373 	idx: 0 9 1 16 1024 2
3.4543235989808596 2.7377870564111495 	idx: 0 9 1 16 1024 2
3.4543235989808596 2.710409185847038 	idx: 0 9 1 16 1024 2
3.4543235989808596 2.6833050939885674 	idx: 0 9 1 16 1024 2
3.4543235989808596 2.656472043048682 	idx: 0 9 1 16 1024 2
3.4543235989808596 2.629907322618195 	idx: 0 9 1 16 1024 2
3.4543235989808596 2.603608249392013 	idx: 0 9 1 16 1024 2
3.4543235989808596 2.577572166898093 	idx: 0 9 1 16 1024 2
3.4543235989808596 2.551796445229112 	idx: 0 9 1 16 1024 2
3.4543235989808596 2.526278480776821 	idx: 0 9 1 16 1024 2
3.4543235989808596 2.501015695969053 	idx: 0 9 1 16 1024 2
3.4543235989808596 2.4760055390093623 	idx: 0 9 1 16 1024 2
3.4543235989808596 2.4512454836192688 	idx: 0 9 1 16 1024 2
3.4543235989808596 2.426733028783076 	idx: 0 9 1 16 1024 2
3.4543235989808596 2.402465698495245 	idx: 0 9 1 16 1024 2
3.4543235989808596 2.3784410415102926 	idx: 0 9 1 16 1024 2
3.4543235989808596 2.3546566310951897 	idx: 0 9 1 16 1024 2
3.4543235989808596 2.3311100647842378 	idx: 0 9 1 16 1024 2
3.4543235989808596 2.307798964136395 	idx: 0 9 1 16 1024 2
3.4543235989808596 2.2847209744950314 	idx: 0 9 1 16 1024 2
3.426343858259642 2.261873764750081 	idx: 0 9 1 8 1024 4
3.426343858259642 2.23925502710258 	idx: 0 9 1 8 1024 4
3.426343858259642 2.2168624768315546 	idx: 0 9 1 8 1024 4
3.426343858259642 2.194693852063239 	idx: 0 9 1 8 1024 4
3.426343858259642 2.1727469135426065 	idx: 0 9 1 8 1024 4
3.426343858259642 2.1510194444071806 	idx: 0 9 1 8 1024 4
3.426343858259642 2.129509249963109 	idx: 0 9 1 8 1024 4
3.426343858259642 2.108214157463478 	idx: 0 9 1 8 1024 4
3.426343858259642 2.087132015888843 	idx: 0 9 1 8 1024 4
3.426343858259642 2.0662606957299547 	idx: 0 9 1 8 1024 4
3.426343858259642 2.045598088772655 	idx: 0 9 1 8 1024 4
3.426343858259642 2.0251421078849283 	idx: 0 9 1 8 1024 4
3.426343858259642 2.004890686806079 	idx: 0 9 1 8 1024 4
3.426343858259642 1.9848417799380185 	idx: 0 9 1 8 1024 4
3.426343858259642 1.9649933621386382 	idx: 0 9 1 8 1024 4
3.426343858259642 1.9453434285172517 	idx: 0 9 1 8 1024 4
3.426343858259642 1.9258899942320793 	idx: 0 9 1 8 1024 4
3.4543235989808596 1.9066310942897584 	idx: 0 9 1 16 1024 2
3.4543235989808596 1.8875647833468607 	idx: 0 9 1 16 1024 2
3.4543235989808596 1.868689135513392 	idx: 0 9 1 16 1024 2
3.4543235989808596 1.8500022441582582 	idx: 0 9 1 16 1024 2
3.4543235989808596 1.8315022217166756 	idx: 0 9 1 16 1024 2
3.4543235989808596 1.8131871994995088 	idx: 0 9 1 16 1024 2
3.4543235989808596 1.7950553275045138 	idx: 0 9 1 16 1024 2
3.4543235989808596 1.7771047742294686 	idx: 0 9 1 16 1024 2
3.4543235989808596 1.7593337264871738 	idx: 0 9 1 16 1024 2
3.4543235989808596 1.741740389222302 	idx: 0 9 1 16 1024 2
3.4543235989808596 1.724322985330079 	idx: 0 9 1 16 1024 2
3.4543235989808596 1.7070797554767783 	idx: 0 9 1 16 1024 2
3.4543235989808596 1.6900089579220106 	idx: 0 9 1 16 1024 2
3.4543235989808596 1.6731088683427904 	idx: 0 9 1 16 1024 2
3.4543235989808596 1.6563777796593624 	idx: 0 9 1 16 1024 2
3.463662777142508 1.6398140018627687 	idx: 1 9 1 32 1024 16
3.463662777142508 1.623415861844141 	idx: 1 9 1 32 1024 16
3.463662777142508 1.6071817032256996 	idx: 1 9 1 32 1024 16
3.467191638459946 1.5911098861934427 	idx: 0 9 1 32 1024 2
3.467191638459946 1.5751987873315083 	idx: 0 9 1 32 1024 2
3.467191638459946 1.5594467994581933 	idx: 0 9 1 32 1024 2
3.467191638459946 1.5438523314636114 	idx: 0 9 1 32 1024 2
3.467191638459946 1.5284138081489753 	idx: 0 9 1 32 1024 2
3.467191638459946 1.5131296700674854 	idx: 0 9 1 32 1024 2
3.467191638459946 1.4979983733668105 	idx: 0 9 1 32 1024 2
3.467191638459946 1.4830183896331424 	idx: 0 9 1 32 1024 2
3.467191638459946 1.468188205736811 	idx: 0 9 1 32 1024 2
3.467191638459946 1.4535063236794428 	idx: 0 9 1 32 1024 2
3.467191638459946 1.4389712604426483 	idx: 0 9 1 32 1024 2
3.467191638459946 1.4245815478382218 	idx: 0 9 1 32 1024 2
3.467191638459946 1.4103357323598396 	idx: 0 9 1 32 1024 2
3.467191638459946 1.396232375036241 	idx: 0 9 1 32 1024 2
3.467191638459946 1.3822700512858788 	idx: 0 9 1 32 1024 2
3.467191638459946 1.36844735077302 	idx: 0 9 1 32 1024 2
3.467191638459946 1.3547628772652898 	idx: 0 9 1 32 1024 2
3.467191638459946 1.341215248492637 	idx: 0 9 1 32 1024 2
3.467191638459946 1.3278030960077105 	idx: 0 9 1 32 1024 2
3.467191638459946 1.3145250650476334 	idx: 0 9 1 32 1024 2
3.467191638459946 1.301379814397157 	idx: 0 9 1 32 1024 2
3.467191638459946 1.2883660162531856 	idx: 0 9 1 32 1024 2
3.467191638459946 1.2754823560906536 	idx: 0 9 1 32 1024 2
3.467191638459946 1.2627275325297471 	idx: 0 9 1 32 1024 2
3.467191638459946 1.2501002572044497 	idx: 0 9 1 32 1024 2
3.467191638459946 1.2375992546324053 	idx: 0 9 1 32 1024 2
3.467191638459946 1.2252232620860812 	idx: 0 9 1 64 1024 2
3.467191638459946 1.2129710294652205 	idx: 0 9 1 64 1024 2
3.467191638459946 1.2008413191705682 	idx: 0 9 1 64 1024 2
3.467191638459946 1.1888329059788625 	idx: 0 9 1 64 1024 2
3.467191638459946 1.1769445769190738 	idx: 0 9 1 64 1024 2
3.467191638459946 1.165175131149883 	idx: 0 9 1 64 1024 2
3.467191638459946 1.1535233798383842 	idx: 0 9 1 64 1024 2
3.467191638459946 1.1419881460400003 	idx: 0 9 1 64 1024 2
3.467191638459946 1.1305682645796002 	idx: 0 9 1 64 1024 2
3.467191638459946 1.1192625819338042 	idx: 0 9 1 64 1024 2
3.467191638459946 1.1080699561144662 	idx: 0 9 1 64 1024 2
3.467191638459946 1.0969892565533215 	idx: 0 9 1 64 1024 2
3.467191638459946 1.0860193639877882 	idx: 0 9 1 64 1024 2
3.467191638459946 1.0751591703479102 	idx: 0 9 1 64 1024 2
3.467191638459946 1.0644075786444311 	idx: 0 9 1 32 1024 2
3.467191638459946 1.0537635028579868 	idx: 0 9 1 32 1024 2
3.467191638459946 1.0432258678294068 	idx: 0 9 1 32 1024 2
3.467191638459946 1.0327936091511127 	idx: 0 9 1 32 1024 2
3.467191638459946 1.0224656730596016 	idx: 0 9 1 32 1024 2
3.4666870752394234 1.0122410163290056 	idx: 0 9 1 64 1024 4
3.4666870752394234 1.0021186061657157 	idx: 0 9 1 64 1024 4
###### ACC Parameters ######
cim type:    FPCIM
bus_width:   25.6
macros_row:  9
macros_col:  1
scr:         64
is_size:     1024
os_size:     4
best=3.4666870752394234, area=4814731.236036014 459
vit_large_sl197_FPCIM@ISSCC23_ee_running start at 1757778394.345766
2.785212552248387 100 	idx: 1 4 1 2 128 128
3.426423518272343 99.0 	idx: 2 4 2 4 64 64
3.3884844729164807 98.01 	idx: 2 5 1 2 64 32
3.6592906655679864 97.0299 	idx: 1 4 2 4 128 64
4.0160180315271035 96.059601 	idx: 1 5 3 4 256 64
3.927174125074572 95.09900499 	idx: 1 6 3 8 128 64
4.434650108504563 94.1480149401 	idx: 1 6 3 16 256 64
4.578529461273219 93.206534790699 	idx: 1 5 3 16 512 64
4.564726710513377 92.27446944279201 	idx: 1 4 3 16 1024 32
4.436932334576917 91.35172474836409 	idx: 1 5 3 8 512 64
4.100926655721487 90.43820750088045 	idx: 1 6 3 4 512 128
4.437668395265112 89.53382542587164 	idx: 2 5 2 8 512 4
4.505019235662947 88.63848717161292 	idx: 0 5 3 32 128 64
4.505019235662947 87.75210229989679 	idx: 0 5 3 32 128 64
4.497116177284853 86.87458127689783 	idx: 0 5 2 64 64 128
4.547972762666281 86.00583546412885 	idx: 2 5 2 16 512 2
4.547972762666281 85.14577710948755 	idx: 2 5 2 16 512 2
4.537872323322382 84.29431933839268 	idx: 0 5 2 64 64 32
4.617172754907507 83.45137614500875 	idx: 2 5 2 16 2048 2
4.505019235662947 82.61686238355867 	idx: 4 5 3 32 128 64
4.359320689273797 81.79069375972308 	idx: 4 6 2 32 64 128
4.0935160645590525 80.97278682212585 	idx: 2 7 1 8 1024 2
4.467240987216975 80.1630589539046 	idx: 2 6 2 16 512 4
4.620320831985031 79.36142836436555 	idx: 1 4 3 32 128 64
4.495226692037565 78.56781408072189 	idx: 1 5 2 32 64 32
4.544694047701216 77.78213593991467 	idx: 2 6 2 32 256 2
4.595251136718301 77.00431458051553 	idx: 2 5 3 16 512 2
4.56534539361254 76.23427143471037 	idx: 4 6 2 64 256 16
4.223030597281912 75.47192872036327 	idx: 4 5 1 64 128 8
4.505158650278676 74.71720943315964 	idx: 4 5 2 32 64 8
4.547733783788401 73.97003733882804 	idx: 4 5 2 64 64 8
4.244096086774933 73.23033696543976 	idx: 4 5 1 64 64 4
4.231178238741282 72.49803359578536 	idx: 4 5 1 128 128 4
4.247152451829439 71.7730532598275 	idx: 4 5 1 128 64 8
4.301195269203317 71.05532272722922 	idx: 1 4 2 16 256 512
4.382379460231219 70.34476949995693 	idx: 1 4 2 16 512 256
4.382379460231219 69.64132180495736 	idx: 1 4 2 16 512 256
4.603318080776882 68.94490858690779 	idx: 1 5 3 16 1024 128
4.603318080776882 68.25545950103871 	idx: 1 5 3 16 1024 128
4.494438489495522 67.57290490602833 	idx: 4 5 2 64 8 4
4.5746274007994 66.89717585696805 	idx: 1 5 2 32 512 64
4.5746274007994 66.22820409839836 	idx: 1 5 2 32 512 64
4.413414913155269 65.56592205741438 	idx: 1 6 2 16 256 128
4.308928457197791 64.91026283684023 	idx: 4 6 2 32 8 16
4.116210831559787 64.26116020847184 	idx: 4 6 3 32 4 8
4.03765272064685 63.618548606387115 	idx: 4 5 3 16 8 16
4.1218394212432905 62.98236312032324 	idx: 4 4 3 16 8 16
3.8395587308747396 62.35253948912001 	idx: 1 4 3 8 64 32
3.81701623990299 61.72901409422881 	idx: 1 3 3 16 32 64
4.039879751652798 61.11172395328652 	idx: 4 5 3 16 8 8
4.420938059223243 60.500606713753655 	idx: 4 4 3 32 4 16
4.468176418611589 59.89560064661612 	idx: 4 4 2 64 4 8
4.494438489495522 59.29664464014996 	idx: 4 5 2 64 8 4
4.494438489495522 58.70367819374846 	idx: 4 5 2 64 8 4
4.48405262462484 58.116641411810974 	idx: 1 5 2 64 2 8
4.462135380269295 57.535474997692866 	idx: 1 4 2 64 2 16
3.7943233233882765 56.960120247715935 	idx: 4 4 1 128 4 4
4.313437719785015 56.390519045238776 	idx: 4 3 2 128 2 2
4.181032188222117 55.82661385478639 	idx: 1 4 2 16 4 8
4.236228338341507 55.26834771623852 	idx: 4 2 2 128 2 4
4.236228338341507 54.71566423907614 	idx: 4 2 2 128 2 4
4.464479704481786 54.16850759668538 	idx: 3 5 2 32 16 32
4.480538475164931 53.62682252071853 	idx: 4 4 3 64 4 2
4.503790132781336 53.09055429551134 	idx: 4 4 2 128 8 2
4.4896159881173565 52.55964875255623 	idx: 4 4 3 64 8 4
4.4165733942364245 52.03405226503067 	idx: 3 4 3 32 8 64
4.4165733942364245 51.51371174238036 	idx: 3 4 3 32 8 64
4.482526837812642 50.998574624956554 	idx: 3 5 2 64 8 32
4.482526837812642 50.488588878706985 	idx: 3 5 2 64 8 32
4.482526837812642 49.98370298991991 	idx: 3 5 2 64 8 32
4.628032025113341 49.483865960020715 	idx: 2 5 2 8 1024 16
4.439564750231166 48.98902730042051 	idx: 3 5 2 32 8 64
4.46439122106536 48.4991370274163 	idx: 3 4 2 64 8 32
4.46439122106536 48.01414565714214 	idx: 3 4 2 64 8 32
4.397771346368473 47.53400420057071 	idx: 1 4 2 32 4 64
4.383766904358636 47.05866415856501 	idx: 3 6 2 64 16 64
4.397771346368473 46.58807751697936 	idx: 4 4 2 32 4 64
4.4357429783674185 46.12219674180957 	idx: 3 5 2 64 4 128
4.4357429783674185 45.66097477439147 	idx: 3 5 2 64 4 128
4.362790150988697 45.20436502664755 	idx: 3 4 2 64 2 256
4.213299946949783 44.752321376381076 	idx: 4 5 2 16 4 32
4.416926940463011 44.30479816261727 	idx: 3 4 2 64 2 128
4.415981415352162 43.861750180991095 	idx: 4 4 3 32 4 32
4.415981415352162 43.42313267918119 	idx: 4 4 3 32 4 32
4.405913862305697 42.98890135238938 	idx: 3 4 3 32 4 64
4.385269779039827 42.559012338865486 	idx: 3 4 3 32 4 128
4.385269779039827 42.133422215476834 	idx: 3 4 3 32 4 128
4.126100522636119 41.712087993322065 	idx: 0 2 3 64 32 64
4.03961967661026 41.29496711338884 	idx: 3 3 3 32 8 128
4.219168541439925 40.882017442254956 	idx: 4 5 2 16 4 16
4.3732357369621955 40.473197267832404 	idx: 3 4 3 32 16 256
4.489316647986172 40.06846529515408 	idx: 4 5 2 64 8 16
4.033211452764187 39.66778064220254 	idx: 3 4 2 16 16 512
4.381310089530514 39.27110283578051 	idx: 4 6 2 64 8 32
4.200865743848927 38.8783918074227 	idx: 4 5 1 32 4 64
4.4688639179942236 38.48960788934848 	idx: 4 5 2 64 8 64
4.415197871805851 38.104711810454994 	idx: 1 4 2 32 8 32
4.415197871805851 37.72366469235045 	idx: 1 4 2 32 8 32
4.500805792823679 37.34642804542694 	idx: 1 5 2 64 16 16
4.3732357369621955 36.97296376497267 	idx: 3 4 3 32 16 256
4.459821027178831 36.60323412732294 	idx: 1 5 2 32 8 16
4.494023754848179 36.23720178604971 	idx: 1 5 2 64 16 32
4.391027439056346 35.874829768189215 	idx: 0 5 2 16 128 2
4.454174540998984 35.516081470507324 	idx: 1 5 2 32 4 16
4.460512391394319 35.16092065580225 	idx: 0 4 2 16 256 2
4.420938059223243 34.80931144924423 	idx: 4 4 3 32 4 16
4.4314136287376344 34.461218334751784 	idx: 4 4 3 32 8 16
4.231610659380326 34.11660615140427 	idx: 4 3 3 64 16 32
4.3588911561936685 33.775440089890225 	idx: 0 5 2 4 2048 4
4.188486878616492 33.43768568899132 	idx: 3 8 2 16 64 128
4.188486878616492 33.10330883210141 	idx: 3 8 2 16 64 128
4.188486878616492 32.7722757437804 	idx: 3 8 2 16 64 128
4.160421375352373 32.44455298634259 	idx: 3 9 1 16 64 256
3.939478609889796 32.12010745647917 	idx: 0 5 1 4 1024 2
3.939478609889796 31.798906381914374 	idx: 0 5 1 4 1024 2
4.260712261998079 31.48091731809523 	idx: 0 6 2 4 1024 4
4.3588911561936685 31.16610814491428 	idx: 0 5 2 4 2048 4
4.219168541439925 30.854447063465138 	idx: 1 5 2 16 4 16
4.248601454288452 30.545902592830487 	idx: 2 5 2 32 8 512
4.28162492274487 30.240443566902183 	idx: 0 5 2 4 512 2
4.28162492274487 29.93803913123316 	idx: 0 5 2 4 512 2
4.548013369031892 29.638658739920828 	idx: 0 5 3 8 1024 4
4.548013369031892 29.34227215252162 	idx: 0 5 3 8 1024 4
4.548013369031892 29.048849430996402 	idx: 0 5 3 8 1024 4
4.548013369031892 28.758360936686437 	idx: 0 5 3 8 1024 4
4.373754884063298 28.47077732731957 	idx: 0 6 2 8 512 4
4.373754884063298 28.186069554046373 	idx: 0 6 2 8 512 4
4.373754884063298 27.90420885850591 	idx: 0 6 2 8 512 4
4.547245549813154 27.625166769920853 	idx: 0 5 2 16 512 4
4.193729691585512 27.348915102221643 	idx: 2 5 2 16 16 128
4.023182628960026 27.075425951199424 	idx: 3 5 3 4 256 32
4.519342592893607 26.804671691687428 	idx: 0 5 2 32 128 2
4.409428921463617 26.536624974770554 	idx: 0 4 3 16 128 4
4.291501150370024 26.271258725022847 	idx: 0 4 2 8 256 8
4.415979612532343 26.00854613777262 	idx: 2 4 3 32 16 128
4.312645423911213 25.748460676394892 	idx: 0 4 2 8 512 4
4.312645423911213 25.490976069630943 	idx: 0 4 2 8 512 4
4.312645423911213 25.23606630893463 	idx: 0 4 2 8 512 4
4.421461279653782 24.983705645845284 	idx: 2 4 2 32 8 16
4.421461279653782 24.73386858938683 	idx: 2 4 2 32 8 16
4.491975169895127 24.48652990349296 	idx: 3 5 2 4 1024 8
4.491975169895127 24.24166460445803 	idx: 3 5 2 4 1024 8
4.245556414741022 23.99924795841345 	idx: 3 4 3 4 1024 8
4.327663254816206 23.759255478829314 	idx: 0 5 3 4 1024 8
4.245556414741022 23.52166292404102 	idx: 3 4 3 4 1024 8
4.357869638924688 23.28644629480061 	idx: 3 5 2 4 2048 8
4.357869638924688 23.053581831852604 	idx: 3 5 2 4 2048 8
4.357869638924688 22.82304601353408 	idx: 3 5 2 4 2048 8
4.357869638924688 22.59481555339874 	idx: 3 5 2 4 2048 8
4.548013369031892 22.36886739786475 	idx: 3 5 3 8 1024 4
4.459167446537789 22.145178723886104 	idx: 1 4 2 64 2 2
4.577285368377058 21.923726936647242 	idx: 0 4 3 16 256 32
4.577285368377058 21.704489667280768 	idx: 0 4 3 16 256 32
4.577285368377058 21.48744477060796 	idx: 0 4 3 16 256 32
4.65992832887515 21.27257032290188 	idx: 2 4 3 64 128 32
4.65992832887515 21.059844619672862 	idx: 2 4 3 64 128 32
4.65992832887515 20.849246173476132 	idx: 2 4 3 64 128 32
4.633083163715155 20.64075371174137 	idx: 2 4 3 32 128 16
4.633083163715155 20.434346174623958 	idx: 2 4 3 32 128 16
4.664151411787936 20.230002712877717 	idx: 2 4 3 64 128 16
4.664151411787936 20.027702685748938 	idx: 2 4 3 64 128 16
4.664151411787936 19.82742565889145 	idx: 2 4 3 64 128 16
4.664151411787936 19.629151402302536 	idx: 2 4 3 64 128 16
4.686270791716982 19.43285988827951 	idx: 0 5 2 16 1024 64
4.3006957662284675 19.238531289396715 	idx: 0 4 2 8 512 64
4.322760753170871 19.046145976502746 	idx: 2 3 2 64 64 8
4.322760753170871 18.855684516737718 	idx: 2 3 2 64 64 8
4.322760753170871 18.66712767157034 	idx: 2 3 2 64 64 8
4.539333036801576 18.480456394854638 	idx: 3 6 2 32 256 8
4.539333036801576 18.295651830906092 	idx: 3 6 2 32 256 8
4.538168480188082 18.11269531259703 	idx: 2 4 2 64 64 8
4.46068672568042 17.931568359471058 	idx: 3 6 2 16 256 16
4.322760753170871 17.752252675876345 	idx: 2 3 2 64 64 8
4.322760753170871 17.57473014911758 	idx: 2 3 2 64 64 8
4.322760753170871 17.398982847626407 	idx: 2 3 2 64 64 8
4.044821954602514 17.22499301915014 	idx: 3 8 2 8 128 16
4.476038073169627 17.05274308895864 	idx: 3 8 2 16 256 8
4.476038073169627 16.882215658069054 	idx: 3 8 2 16 256 8
4.476038073169627 16.713393501488362 	idx: 3 8 2 16 256 8
4.288186416194173 16.546259566473477 	idx: 3 9 2 8 512 8
4.288186416194173 16.380796970808742 	idx: 3 9 2 8 512 8
4.584405408220833 16.216989001100654 	idx: 3 9 1 16 1024 16
4.584405408220833 16.054819111089646 	idx: 3 9 1 16 1024 16
4.584405408220833 15.89427091997875 	idx: 3 9 1 16 1024 16
4.63598299272556 15.735328210778961 	idx: 0 4 3 32 1024 32
4.693882288290731 15.577974928671171 	idx: 0 4 3 32 512 16
4.697124105800798 15.42219517938446 	idx: 2 4 3 32 512 2
4.697124105800798 15.267973227590614 	idx: 2 4 3 32 512 2
4.697124105800798 15.115293495314708 	idx: 2 4 3 32 512 2
4.518582786731374 14.96414056036156 	idx: 0 5 2 32 128 4
4.506828778934942 14.814499154757945 	idx: 0 5 2 32 64 4
4.496412866407747 14.666354163210364 	idx: 3 7 2 8 1024 16
4.496412866407747 14.519690621578262 	idx: 3 7 2 8 1024 16
4.292499239208941 14.374493715362478 	idx: 0 4 2 16 64 2
4.293725745797307 14.230748778208852 	idx: 4 5 2 16 64 16
4.563485903498389 14.088441290426763 	idx: 2 5 3 16 256 2
4.563485903498389 13.947556877522496 	idx: 2 5 3 16 256 2
4.667285316333895 13.808081308747271 	idx: 2 5 3 32 512 2
4.667285316333895 13.670000495659798 	idx: 2 5 3 32 512 2
4.667285316333895 13.5333004907032 	idx: 2 5 3 32 512 2
4.667285316333895 13.397967485796167 	idx: 2 5 3 32 512 2
4.697124105800798 13.263987810938206 	idx: 2 4 3 32 512 2
4.595251136718301 13.131347932828824 	idx: 2 5 3 16 512 2
4.718102040279757 13.000034453500536 	idx: 0 4 3 32 256 2
4.718102040279757 12.87003410896553 	idx: 0 4 3 32 256 2
4.718102040279757 12.741333767875876 	idx: 0 4 3 32 256 2
4.590262774507221 12.613920430197117 	idx: 0 4 3 16 512 4
4.558498025367383 12.487781225895146 	idx: 2 4 2 64 512 4
4.558498025367383 12.362903413636195 	idx: 2 4 2 64 512 4
4.573566763065931 12.239274379499832 	idx: 2 5 2 32 256 4
4.573566763065931 12.116881635704834 	idx: 2 5 2 32 256 4
4.528601749454451 11.995712819347785 	idx: 2 6 2 64 128 4
4.528601749454451 11.875755691154307 	idx: 2 6 2 64 128 4
4.566661196653565 11.756998134242764 	idx: 0 4 2 32 256 4
4.587812411808291 11.639428152900336 	idx: 2 5 2 64 128 4
4.587812411808291 11.523033871371332 	idx: 2 5 2 64 128 4
4.492676075022857 11.407803532657619 	idx: 2 4 2 32 64 2
4.547013863518907 11.293725497331042 	idx: 4 4 2 64 128 64
4.547013863518907 11.180788242357732 	idx: 4 4 2 64 128 64
4.55115658933922 11.068980359934155 	idx: 2 5 2 64 64 2
4.55115658933922 10.958290556334813 	idx: 2 5 2 64 64 2
4.55115658933922 10.848707650771464 	idx: 2 5 2 64 64 2
4.620320831985031 10.74022057426375 	idx: 4 4 3 32 128 64
4.620320831985031 10.632818368521113 	idx: 4 4 3 32 128 64
4.69925191673008 10.526490184835902 	idx: 0 4 3 64 512 32
4.69925191673008 10.421225282987542 	idx: 0 4 3 64 512 32
4.7331212256558315 10.317013030157668 	idx: 3 5 2 64 1024 16
4.726050339248373 10.213842899856092 	idx: 3 5 2 32 1024 16
4.726050339248373 10.11170447085753 	idx: 3 5 2 32 1024 16
4.726050339248373 10.010587426148955 	idx: 3 5 2 32 1024 16
4.726704839405719 9.910481551887466 	idx: 2 5 2 64 1024 32
4.726704839405719 9.811376736368592 	idx: 2 5 2 64 1024 32
4.726704839405719 9.713262969004907 	idx: 2 5 2 64 1024 32
4.726704839405719 9.616130339314857 	idx: 2 5 2 64 1024 32
4.726704839405719 9.519969035921708 	idx: 2 5 2 64 1024 32
4.726704839405719 9.42476934556249 	idx: 2 5 2 64 1024 32
4.726704839405719 9.330521652106865 	idx: 2 5 2 64 1024 32
4.726704839405719 9.237216435585797 	idx: 2 5 2 64 1024 32
4.726704839405719 9.144844271229939 	idx: 2 5 2 64 1024 32
4.726704839405719 9.053395828517639 	idx: 2 5 2 64 1024 32
4.726704839405719 8.962861870232462 	idx: 2 5 2 64 1024 32
4.58726027724228 8.873233251530138 	idx: 3 5 3 16 512 32
4.577285368377058 8.784500919014837 	idx: 3 4 3 16 256 32
4.577285368377058 8.696655909824688 	idx: 3 4 3 16 256 32
4.522360824759098 8.609689350726441 	idx: 0 6 2 64 128 16
4.535694180680916 8.523592457219177 	idx: 0 6 2 32 256 16
4.535694180680916 8.438356532646985 	idx: 0 6 2 32 256 16
4.481867399912867 8.353972967320516 	idx: 3 5 2 32 64 64
4.414536866349282 8.27043323764731 	idx: 3 4 2 32 32 128
4.440266371129681 8.187728905270838 	idx: 3 4 2 64 64 256
4.433115769233044 8.105851616218128 	idx: 3 4 2 128 32 256
4.542762468030831 8.024793100055946 	idx: 0 5 2 16 512 16
4.613361478896945 7.944545169055387 	idx: 2 4 3 32 1024 128
4.5681035065451345 7.865099717364833 	idx: 4 4 2 64 128 4
4.5681035065451345 7.786448720191185 	idx: 4 4 2 64 128 4
4.5681035065451345 7.708584232989273 	idx: 4 4 2 64 128 4
4.566118472643811 7.63149839065938 	idx: 4 4 3 32 64 2
4.567393701334562 7.5551834067527865 	idx: 0 4 3 16 1024 16
4.567393701334562 7.479631572685259 	idx: 0 4 3 16 1024 16
4.641244274949809 7.404835256958406 	idx: 0 4 3 32 1024 8
4.641244274949809 7.330786904388821 	idx: 0 4 3 32 1024 8
4.641244274949809 7.257479035344933 	idx: 0 4 3 32 1024 8
4.646895879769894 7.1849042449914835 	idx: 0 5 2 32 2048 4
4.646895879769894 7.1130552025415685 	idx: 0 5 2 32 2048 4
4.646895879769894 7.041924650516153 	idx: 0 5 2 32 2048 4
4.646895879769894 6.971505404010991 	idx: 0 5 2 32 2048 4
4.403553785449446 6.901790349970882 	idx: 3 4 2 32 64 256
4.427583999365367 6.832772446471173 	idx: 4 5 3 32 64 2
4.55115658933922 6.764444722006462 	idx: 4 5 2 64 64 2
4.55115658933922 6.696800274786397 	idx: 4 5 2 64 64 2
4.613361478896945 6.6298322720385325 	idx: 2 4 3 32 1024 128
4.613361478896945 6.563533949318147 	idx: 2 4 3 32 1024 128
4.549434977048471 6.497898609824966 	idx: 4 5 2 64 64 4
4.549434977048471 6.432919623726716 	idx: 4 5 2 64 64 4
4.549434977048471 6.3685904274894485 	idx: 4 5 2 64 64 4
4.460579838709585 6.304904523214554 	idx: 3 4 2 64 32 128
4.460579838709585 6.2418554779824085 	idx: 3 4 2 64 32 128
4.7176062233452045 6.1794369232025845 	idx: 0 4 3 32 256 4
4.7176062233452045 6.117642553970558 	idx: 0 4 3 32 256 4
4.7176062233452045 6.056466128430853 	idx: 0 4 3 32 256 4
4.685888736841171 5.9959014671465445 	idx: 2 4 3 32 256 128
4.685888736841171 5.935942452475079 	idx: 2 4 3 32 256 128
4.685888736841171 5.8765830279503275 	idx: 2 4 3 32 256 128
4.630268865559117 5.817817197670824 	idx: 2 4 3 32 512 256
4.630268865559117 5.759639025694116 	idx: 2 4 3 32 512 256
4.630268865559117 5.7020426354371745 	idx: 2 4 3 32 512 256
4.630268865559117 5.645022209082803 	idx: 2 4 3 32 512 256
4.630268865559117 5.588571986991974 	idx: 2 4 3 32 512 256
4.667846893135186 5.532686267122054 	idx: 0 4 3 64 128 2
4.667846893135186 5.477359404450834 	idx: 0 4 3 64 128 2
4.667846893135186 5.422585810406325 	idx: 0 4 3 64 128 2
4.667846893135186 5.368359952302262 	idx: 0 4 3 64 128 2
4.667846893135186 5.314676352779239 	idx: 0 4 3 64 128 2
4.667846893135186 5.261529589251447 	idx: 0 4 3 64 128 2
4.667846893135186 5.208914293358933 	idx: 0 4 3 64 128 2
4.667846893135186 5.156825150425344 	idx: 0 4 3 64 128 2
4.659454763698032 5.10525689892109 	idx: 0 5 3 32 256 2
4.659454763698032 5.0542043299318795 	idx: 0 5 3 32 256 2
4.659454763698032 5.003662286632561 	idx: 0 5 3 32 256 2
4.636708655915434 4.953625663766235 	idx: 0 4 3 32 128 2
4.636708655915434 4.9040894071285726 	idx: 0 4 3 32 128 2
4.636708655915434 4.8550485130572865 	idx: 0 4 3 32 128 2
4.72652100179981 4.806498027926714 	idx: 0 4 3 64 256 4
4.72652100179981 4.758433047647447 	idx: 0 4 3 64 256 4
4.72652100179981 4.710848717170973 	idx: 0 4 3 64 256 4
4.718102040279757 4.663740229999263 	idx: 0 4 3 32 256 2
4.566661196653565 4.61710282769927 	idx: 0 4 2 32 256 4
4.566661196653565 4.570931799422278 	idx: 0 4 2 32 256 4
4.697124105800798 4.525222481428055 	idx: 0 4 3 32 512 2
4.697124105800798 4.4799702566137745 	idx: 0 4 3 32 512 2
4.72652100179981 4.4351705540476365 	idx: 0 4 3 64 256 4
4.72652100179981 4.39081884850716 	idx: 0 4 3 64 256 4
4.72652100179981 4.346910660022088 	idx: 0 4 3 64 256 4
4.72652100179981 4.303441553421867 	idx: 0 4 3 64 256 4
4.72652100179981 4.260407137887648 	idx: 0 4 3 64 256 4
4.72652100179981 4.217803066508771 	idx: 0 4 3 64 256 4
4.72652100179981 4.175625035843683 	idx: 0 4 3 64 256 4
4.72652100179981 4.133868785485246 	idx: 0 4 3 64 256 4
4.72652100179981 4.0925300976303935 	idx: 0 4 3 64 256 4
4.72652100179981 4.05160479665409 	idx: 0 4 3 64 256 4
4.7176062233452045 4.011088748687548 	idx: 0 4 3 32 256 4
4.696647815049098 3.970977861200673 	idx: 0 4 3 32 512 4
4.696647815049098 3.9312680825886663 	idx: 0 4 3 32 512 4
4.696647815049098 3.8919554017627798 	idx: 0 4 3 32 512 4
4.696647815049098 3.853035847745152 	idx: 0 4 3 32 512 4
4.64255352509696 3.8145054892677006 	idx: 0 4 3 32 1024 2
4.64255352509696 3.7763604343750234 	idx: 0 4 3 32 1024 2
4.64255352509696 3.7385968300312733 	idx: 0 4 3 32 1024 2
4.64255352509696 3.7012108617309605 	idx: 0 4 3 32 1024 2
4.64255352509696 3.664198753113651 	idx: 0 4 3 32 1024 2
4.547972762666281 3.6275567655825145 	idx: 0 5 2 16 512 2
4.541853666654938 3.591281197926689 	idx: 0 6 2 32 256 4
4.541853666654938 3.555368385947422 	idx: 0 6 2 32 256 4
4.541853666654938 3.519814702087948 	idx: 0 6 2 32 256 4
4.573566763065931 3.4846165550670687 	idx: 0 5 2 32 256 4
4.594720481085031 3.449770389516398 	idx: 0 5 3 16 512 4
4.696647815049098 3.415272685621234 	idx: 0 4 3 32 512 4
4.731727310845452 3.3811199587650216 	idx: 0 5 2 32 1024 2
4.731727310845452 3.347308759177371 	idx: 0 5 2 32 1024 2
4.731727310845452 3.3138356715855974 	idx: 0 5 2 32 1024 2
4.731727310845452 3.2806973148697414 	idx: 0 5 2 32 1024 2
4.731727310845452 3.247890341721044 	idx: 0 5 2 32 1024 2
4.731727310845452 3.2154114383038332 	idx: 0 5 2 32 1024 2
4.731727310845452 3.183257323920795 	idx: 0 5 2 32 1024 2
4.731727310845452 3.1514247506815867 	idx: 0 5 2 32 1024 2
4.731727310845452 3.1199105031747707 	idx: 0 5 2 32 1024 2
4.731727310845452 3.088711398143023 	idx: 0 5 2 32 1024 2
4.731727310845452 3.0578242841615926 	idx: 0 5 2 32 1024 2
4.731727310845452 3.0272460413199767 	idx: 0 5 2 32 1024 2
4.731727310845452 2.996973580906777 	idx: 0 5 2 32 1024 2
4.731727310845452 2.967003845097709 	idx: 0 5 2 32 1024 2
4.731727310845452 2.9373338066467323 	idx: 0 5 2 32 1024 2
4.572228719289373 2.907960468580265 	idx: 4 5 2 32 256 8
4.572228719289373 2.8788808638944623 	idx: 4 5 2 32 256 8
4.666676665618013 2.8500920552555176 	idx: 4 5 3 32 512 4
4.666676665618013 2.8215911347029623 	idx: 4 5 3 32 512 4
4.666676665618013 2.7933752233559326 	idx: 4 5 3 32 512 4
4.666676665618013 2.765441471122373 	idx: 4 5 3 32 512 4
4.562175775354086 2.7377870564111495 	idx: 3 4 3 32 128 256
4.562175775354086 2.710409185847038 	idx: 3 4 3 32 128 256
4.562175775354086 2.6833050939885674 	idx: 3 4 3 32 128 256
4.562175775354086 2.656472043048682 	idx: 3 4 3 32 128 256
4.642105636188759 2.629907322618195 	idx: 0 4 3 32 1024 4
4.693882288290731 2.603608249392013 	idx: 4 4 3 32 512 16
4.73881517279782 2.577572166898093 	idx: 0 5 2 64 1024 2
4.73881517279782 2.551796445229112 	idx: 0 5 2 64 1024 2
4.73881517279782 2.526278480776821 	idx: 0 5 2 64 1024 2
4.73881517279782 2.501015695969053 	idx: 0 5 2 64 1024 2
4.73881517279782 2.4760055390093623 	idx: 0 5 2 64 1024 2
4.731727310845452 2.4512454836192688 	idx: 0 5 2 32 1024 2
4.731727310845452 2.426733028783076 	idx: 0 5 2 32 1024 2
4.731727310845452 2.402465698495245 	idx: 0 5 2 32 1024 2
4.731727310845452 2.3784410415102926 	idx: 0 5 2 32 1024 2
4.731727310845452 2.3546566310951897 	idx: 0 5 2 32 1024 2
4.731727310845452 2.3311100647842378 	idx: 0 5 2 32 1024 2
4.731727310845452 2.307798964136395 	idx: 0 5 2 32 1024 2
4.731727310845452 2.2847209744950314 	idx: 0 5 2 32 1024 2
4.731727310845452 2.261873764750081 	idx: 0 5 2 32 1024 2
4.731727310845452 2.23925502710258 	idx: 0 5 2 32 1024 2
4.731727310845452 2.2168624768315546 	idx: 0 5 2 32 1024 2
4.731727310845452 2.194693852063239 	idx: 0 5 2 32 1024 2
4.731727310845452 2.1727469135426065 	idx: 0 5 2 32 1024 2
4.731727310845452 2.1510194444071806 	idx: 0 5 2 32 1024 2
4.731727310845452 2.129509249963109 	idx: 0 5 2 32 1024 2
4.731727310845452 2.108214157463478 	idx: 0 5 2 32 1024 2
4.731727310845452 2.087132015888843 	idx: 0 5 2 32 1024 2
4.731727310845452 2.0662606957299547 	idx: 0 5 2 32 1024 2
4.731727310845452 2.045598088772655 	idx: 0 5 2 32 1024 2
4.716650178321088 2.0251421078849283 	idx: 4 4 3 32 256 8
4.716650178321088 2.004890686806079 	idx: 4 4 3 32 256 8
4.716650178321088 1.9848417799380185 	idx: 4 4 3 32 256 8
4.716650178321088 1.9649933621386382 	idx: 4 4 3 32 256 8
4.706310004322025 1.9453434285172517 	idx: 0 4 3 64 512 2
4.706310004322025 1.9258899942320793 	idx: 0 4 3 64 512 2
4.719653057897657 1.9066310942897584 	idx: 3 5 2 32 1024 32
4.737954648782757 1.8875647833468607 	idx: 1 5 2 64 1024 4
4.737954648782757 1.868689135513392 	idx: 1 5 2 64 1024 4
4.737954648782757 1.8500022441582582 	idx: 1 5 2 64 1024 4
4.737954648782757 1.8315022217166756 	idx: 1 5 2 64 1024 4
4.73881517279782 1.8131871994995088 	idx: 1 5 2 64 1024 2
4.73881517279782 1.7950553275045138 	idx: 1 5 2 64 1024 2
4.73881517279782 1.7771047742294686 	idx: 1 5 2 64 1024 2
4.73881517279782 1.7593337264871738 	idx: 1 5 2 64 1024 2
4.73881517279782 1.741740389222302 	idx: 1 5 2 64 1024 2
4.73881517279782 1.724322985330079 	idx: 1 5 2 64 1024 2
4.73881517279782 1.7070797554767783 	idx: 1 5 2 64 1024 2
4.73881517279782 1.6900089579220106 	idx: 1 5 2 64 1024 2
4.731727310845452 1.6731088683427904 	idx: 1 5 2 32 1024 2
4.731727310845452 1.6563777796593624 	idx: 1 5 2 32 1024 2
4.72652100179981 1.6398140018627687 	idx: 0 4 3 64 256 4
4.719653057897657 1.623415861844141 	idx: 3 5 2 32 1024 32
4.719653057897657 1.6071817032256996 	idx: 3 5 2 32 1024 32
4.719653057897657 1.5911098861934427 	idx: 3 5 2 32 1024 32
4.719653057897657 1.5751987873315083 	idx: 3 5 2 32 1024 32
4.719653057897657 1.5594467994581933 	idx: 3 5 2 32 1024 32
4.719653057897657 1.5438523314636114 	idx: 3 5 2 32 1024 32
4.719653057897657 1.5284138081489753 	idx: 3 5 2 32 1024 32
4.719653057897657 1.5131296700674854 	idx: 3 5 2 32 1024 32
4.719653057897657 1.4979983733668105 	idx: 3 5 2 32 1024 32
4.719653057897657 1.4830183896331424 	idx: 3 5 2 32 1024 32
4.719653057897657 1.468188205736811 	idx: 3 5 2 32 1024 32
4.719653057897657 1.4535063236794428 	idx: 3 5 2 32 1024 32
4.719653057897657 1.4389712604426483 	idx: 3 5 2 32 1024 32
4.719653057897657 1.4245815478382218 	idx: 3 5 2 32 1024 32
4.719653057897657 1.4103357323598396 	idx: 3 5 2 32 1024 32
4.719653057897657 1.396232375036241 	idx: 3 5 2 32 1024 32
4.719653057897657 1.3822700512858788 	idx: 3 5 2 32 1024 32
4.719653057897657 1.36844735077302 	idx: 3 5 2 32 1024 32
4.719653057897657 1.3547628772652898 	idx: 3 5 2 32 1024 32
4.719653057897657 1.341215248492637 	idx: 3 5 2 32 1024 32
4.719653057897657 1.3278030960077105 	idx: 3 5 2 32 1024 32
4.719653057897657 1.3145250650476334 	idx: 3 5 2 32 1024 32
4.719653057897657 1.301379814397157 	idx: 3 5 2 32 1024 32
4.719653057897657 1.2883660162531856 	idx: 3 5 2 32 1024 32
4.719653057897657 1.2754823560906536 	idx: 3 5 2 32 1024 32
4.719653057897657 1.2627275325297471 	idx: 3 5 2 32 1024 32
4.719653057897657 1.2501002572044497 	idx: 3 5 2 32 1024 32
4.719653057897657 1.2375992546324053 	idx: 3 5 2 32 1024 32
4.719653057897657 1.2252232620860812 	idx: 3 5 2 32 1024 32
4.719653057897657 1.2129710294652205 	idx: 3 5 2 32 1024 32
4.719653057897657 1.2008413191705682 	idx: 3 5 2 32 1024 32
4.719653057897657 1.1888329059788625 	idx: 3 5 2 32 1024 32
4.7176062233452045 1.1769445769190738 	idx: 1 4 3 32 256 4
4.7176062233452045 1.165175131149883 	idx: 1 4 3 32 256 4
4.7176062233452045 1.1535233798383842 	idx: 1 4 3 32 256 4
4.7176062233452045 1.1419881460400003 	idx: 1 4 3 32 256 4
4.7176062233452045 1.1305682645796002 	idx: 1 4 3 32 256 4
4.7176062233452045 1.1192625819338042 	idx: 1 4 3 32 256 4
4.7176062233452045 1.1080699561144662 	idx: 1 4 3 32 256 4
4.7176062233452045 1.0969892565533215 	idx: 1 4 3 32 256 4
4.7176062233452045 1.0860193639877882 	idx: 1 4 3 32 256 4
4.7176062233452045 1.0751591703479102 	idx: 1 4 3 32 256 4
4.7176062233452045 1.0644075786444311 	idx: 1 4 3 32 256 4
4.7176062233452045 1.0537635028579868 	idx: 1 4 3 32 256 4
4.7176062233452045 1.0432258678294068 	idx: 1 4 3 32 256 4
4.7176062233452045 1.0327936091511127 	idx: 1 4 3 32 256 4
4.7176062233452045 1.0224656730596016 	idx: 1 4 3 32 256 4
4.7176062233452045 1.0122410163290056 	idx: 1 4 3 32 256 4
4.7176062233452045 1.0021186061657157 	idx: 1 4 3 32 256 4
###### ACC Parameters ######
cim type:    FPCIM
bus_width:   25.6
macros_row:  4
macros_col:  3
scr:         32
is_size:     256
os_size:     4
best=4.7176062233452045, area=3634520.0413707686 459
vit_large_sl197_FPCIM@ISSCC23_ee_running end at 1757781199.5623322
268.09320154997084 100 	idx: 0 3 2 2 128 128
194.1358817504199 99.0 	idx: 0 3 2 2 64 64
269.0931116003792 98.01 	idx: 2 3 2 4 128 128
269.0931116003792 97.0299 	idx: 2 3 2 4 128 128
218.245382583276 96.059601 	idx: 3 3 3 4 64 256
263.7998947404891 95.09900499 	idx: 3 3 4 8 128 512
188.59082443718677 94.1480149401 	idx: 3 3 4 16 64 256
289.66911873852945 93.206534790699 	idx: 2 5 3 4 64 256
307.5713477807572 92.27446944279201 	idx: 2 4 2 8 128 256
307.60596263780445 91.35172474836409 	idx: 2 4 2 16 128 256
321.1884087083335 90.43820750088045 	idx: 2 4 1 16 256 256
285.68023469799783 89.53382542587164 	idx: 2 3 1 32 256 256
285.68023469799783 88.63848717161292 	idx: 2 3 1 32 256 256
272.65526074703047 87.75210229989679 	idx: 2 2 1 16 512 512
272.5908241310611 86.87458127689783 	idx: 2 2 1 16 512 256
313.74332132638 86.00583546412885 	idx: 2 2 1 16 1024 512
535.1054404623011 85.14577710948755 	idx: 4 7 2 2 256 512
370.581381429405 84.29431933839268 	idx: 4 7 1 4 256 512
600.1572922580312 83.45137614500875 	idx: 4 6 2 4 512 512
444.58521562252093 82.61686238355867 	idx: 2 3 1 8 1024 512
388.36719049816617 81.79069375972308 	idx: 2 3 1 8 512 1024
394.99064228112866 80.97278682212585 	idx: 2 4 2 4 256 512
394.99064228112866 80.1630589539046 	idx: 2 4 2 4 256 512
534.0723618753448 79.36142836436555 	idx: 2 5 3 8 256 512
591.6728002965864 78.56781408072189 	idx: 2 5 4 4 512 256
460.46839177695193 77.78213593991467 	idx: 2 6 4 4 256 128
717.7488283307041 77.00431458051553 	idx: 2 7 3 4 512 64
583.941415826793 76.23427143471037 	idx: 2 8 3 2 256 128
604.2796294459167 75.47192872036327 	idx: 2 7 3 4 256 128
717.7488283307041 74.71720943315964 	idx: 2 7 3 4 512 64
718.2384870669797 73.97003733882804 	idx: 2 7 3 4 512 128
531.4191500914602 73.23033696543976 	idx: 2 8 2 2 256 64
600.018504003306 72.49803359578536 	idx: 2 7 3 2 256 64
531.5766095150074 71.7730532598275 	idx: 2 7 2 2 256 64
367.7243929699969 71.05532272722922 	idx: 2 8 1 2 256 64
534.9114339049505 70.34476949995693 	idx: 2 8 2 4 256 128
389.04247036843174 69.64132180495736 	idx: 2 7 2 2 128 256
534.9114339049505 68.94490858690779 	idx: 2 8 2 4 256 512
538.5730234610452 68.25545950103871 	idx: 2 7 1 2 512 512
669.9199693309689 67.57290490602833 	idx: 2 6 1 2 1024 1024
523.1299067560935 66.89717585696805 	idx: 2 6 1 4 512 1024
369.21139559760155 66.22820409839836 	idx: 2 7 1 2 256 512
434.21043854106256 65.56592205741438 	idx: 1 3 3 4 1024 4
542.1345472715846 64.91026283684023 	idx: 2 7 1 4 512 1024
544.7125719025889 64.26116020847184 	idx: 2 8 1 2 512 1024
539.2714398337275 63.618548606387115 	idx: 2 9 1 4 512 1024
539.8481554571559 62.98236312032324 	idx: 2 9 1 8 512 512
703.3182467480341 62.35253948912001 	idx: 2 9 1 8 1024 256
546.7399872115328 61.72901409422881 	idx: 2 8 1 8 512 512
704.6455985721526 61.11172395328652 	idx: 2 8 1 16 1024 256
732.5296815576969 60.500606713753655 	idx: 2 8 2 8 512 256
371.2178301952499 59.89560064661612 	idx: 2 8 1 16 256 128
591.4975617019348 59.29664464014996 	idx: 1 5 4 4 512 32
536.9083288211715 58.70367819374846 	idx: 2 7 2 16 256 128
535.0040561622465 58.116641411810974 	idx: 2 8 2 16 256 128
590.6574229446124 57.535474997692866 	idx: 1 5 4 2 512 32
579.7473890213694 56.960120247715935 	idx: 1 6 4 2 512 64
599.2789148154083 56.390519045238776 	idx: 1 7 3 2 256 32
672.1478858844752 55.82661385478639 	idx: 2 6 1 8 1024 128
890.3731436888379 55.26834771623852 	idx: 2 6 2 8 2048 128
668.9619410585715 54.71566423907614 	idx: 2 6 1 4 1024 256
531.3187163189913 54.16850759668538 	idx: 2 7 1 2 512 128
721.458378266186 53.62682252071853 	idx: 2 8 2 2 512 128
861.4323394070653 53.09055429551134 	idx: 2 8 2 4 1024 256
704.5637050537831 52.55964875255623 	idx: 2 7 1 8 2048 128
861.4323394070653 52.03405226503067 	idx: 2 8 2 4 1024 256
537.6733869679622 51.51371174238036 	idx: 2 9 1 4 512 256
534.9114339049505 50.998574624956554 	idx: 2 8 2 4 256 512
532.361984954195 50.488588878706985 	idx: 1 5 3 4 256 16
600.50496681902 49.98370298991991 	idx: 1 5 2 2 512 16
708.0236215024529 49.483865960020715 	idx: 2 10 1 4 1024 512
878.9875967351584 48.98902730042051 	idx: 2 9 2 2 512 256
605.4646277465616 48.4991370274163 	idx: 1 7 3 8 256 32
605.4646277465616 48.01414565714214 	idx: 1 7 3 8 256 32
860.5416157625924 47.53400420057071 	idx: 2 8 2 4 1024 128
863.2671000693093 47.05866415856501 	idx: 2 8 2 8 1024 256
863.2671000693093 46.58807751697936 	idx: 2 8 2 8 1024 256
866.5249832000173 46.12219674180957 	idx: 2 7 2 4 1024 512
866.5249832000173 45.66097477439147 	idx: 2 7 2 4 1024 512
523.6775279891494 45.20436502664755 	idx: 2 6 1 8 512 512
733.4104196839442 44.752321376381076 	idx: 2 6 2 4 1024 512
751.8978814251739 44.30479816261727 	idx: 2 5 3 8 1024 256
568.2541983003337 43.861750180991095 	idx: 1 4 2 64 1024 4
563.7815740574238 43.42313267918119 	idx: 2 3 2 16 2048 64
687.4055527372467 42.98890135238938 	idx: 1 5 1 64 1024 16
606.3166963546787 42.559012338865486 	idx: 1 5 2 64 512 16
566.9204042323671 42.133422215476834 	idx: 2 4 2 4 1024 64
575.5823558673047 41.712087993322065 	idx: 2 3 3 8 2048 128
315.9216022937189 41.29496711338884 	idx: 2 2 2 4 1024 128
348.10784138302927 40.882017442254956 	idx: 2 2 1 8 2048 128
450.4112086842972 40.473197267832404 	idx: 2 3 2 8 1024 128
456.331190790592 40.06846529515408 	idx: 2 4 1 8 512 128
346.280412859528 39.66778064220254 	idx: 2 3 2 8 512 128
428.4455728323202 39.27110283578051 	idx: 2 4 3 8 512 128
752.013474612965 38.8783918074227 	idx: 2 5 3 16 1024 64
719.8937502163215 38.48960788934848 	idx: 2 4 3 8 2048 128
705.0230981046635 38.104711810454994 	idx: 2 4 2 8 2048 64
434.6902161188057 37.72366469235045 	idx: 2 3 3 4 1024 128
434.6902161188057 37.34642804542694 	idx: 2 3 3 4 1024 128
452.7293135393311 36.97296376497267 	idx: 2 3 4 2 1024 256
452.7293135393311 36.60323412732294 	idx: 2 3 4 2 1024 256
305.4499634651295 36.23720178604971 	idx: 2 2 3 4 1024 256
213.72547855923628 35.874829768189215 	idx: 1 4 1 16 128 256
240.0505954690437 35.516081470507324 	idx: 2 2 2 2 512 128
395.14773990303854 35.16092065580225 	idx: 1 4 2 16 256 512
591.3210601143342 34.80931144924423 	idx: 1 5 3 16 512 512
606.316121570635 34.461218334751784 	idx: 1 5 2 32 512 512
385.66452486861056 34.11660615140427 	idx: 2 4 3 8 256 32
589.1929086292101 33.775440089890225 	idx: 2 5 3 4 512 16
589.1929086292101 33.43768568899132 	idx: 2 5 3 4 512 16
475.97460862970956 33.10330883210141 	idx: 2 6 2 2 256 16
475.97460862970956 32.7722757437804 	idx: 2 6 2 2 256 16
211.01345734142532 32.44455298634259 	idx: 1 4 2 32 64 512
202.04103455985384 32.12010745647917 	idx: 2 6 1 2 128 16
202.6806245059871 31.798906381914374 	idx: 2 6 1 4 128 16
234.8450177622168 31.48091731809523 	idx: 0 3 6 16 512 16
284.02373027412915 31.16610814491428 	idx: 0 3 5 8 512 8
444.9730137388966 30.854447063465138 	idx: 0 4 5 4 1024 4
551.1728425410038 30.545902592830487 	idx: 0 4 4 4 1024 2
428.2651194324427 30.240443566902183 	idx: 0 4 3 8 512 4
310.53113669070336 29.93803913123316 	idx: 0 3 2 16 256 2
337.8707614351165 29.638658739920828 	idx: 0 4 3 8 128 2
212.48374557975185 29.34227215252162 	idx: 2 5 1 64 128 64
364.06052850878194 29.048849430996402 	idx: 2 5 1 32 256 32
535.8076791614446 28.758360936686437 	idx: 2 5 1 32 512 16
479.25276032889406 28.47077732731957 	idx: 2 6 2 64 256 8
364.06052850878194 28.186069554046373 	idx: 2 5 1 32 256 16
479.24557810742624 27.90420885850591 	idx: 2 6 2 32 256 32
739.9147658188675 27.625166769920853 	idx: 2 7 2 32 512 32
733.9406378703535 27.348915102221643 	idx: 2 6 2 16 1024 32
733.9406378703535 27.075425951199424 	idx: 2 6 2 16 1024 32
905.7057745629214 26.804671691687428 	idx: 2 5 2 8 2048 32
547.9345206644228 26.536624974770554 	idx: 2 4 3 4 1024 16
478.55726473982816 26.271258725022847 	idx: 0 6 2 4 256 8
530.2028193043052 26.00854613777262 	idx: 0 7 2 2 256 8
355.9268795129716 25.748460676394892 	idx: 0 6 1 4 256 16
739.0922174316496 25.490976069630943 	idx: 0 7 2 8 512 32
730.2663905811213 25.23606630893463 	idx: 0 8 2 4 512 64
884.4892844054459 24.983705645845284 	idx: 0 9 2 8 512 32
860.097811827816 24.73386858938683 	idx: 0 8 2 4 1024 64
848.8509391291421 24.48652990349296 	idx: 0 8 2 2 1024 128
533.5597651124009 24.24166460445803 	idx: 0 9 1 2 512 256
732.1565214305461 23.99924795841345 	idx: 0 8 2 4 512 512
534.9114339049505 23.759255478829314 	idx: 0 8 2 4 256 256
421.69752707606517 23.52166292404102 	idx: 0 8 3 2 128 128
533.9883096400802 23.28644629480061 	idx: 4 5 3 16 256 32
389.04247036843174 23.053581831852604 	idx: 0 7 2 2 128 256
345.37699866753246 22.82304601353408 	idx: 4 3 4 4 512 64
453.4950805909531 22.59481555339874 	idx: 4 3 4 8 1024 32
334.3037791806879 22.36886739786475 	idx: 4 2 4 8 1024 32
274.68105225771234 22.145178723886104 	idx: 0 5 5 4 128 64
394.07598477618063 21.923726936647242 	idx: 2 2 8 32 256 4
337.3047908532287 21.704489667280768 	idx: 0 3 3 8 512 64
305.7531042434939 21.48744477060796 	idx: 0 3 4 16 256 64
201.03321323638616 21.27257032290188 	idx: 0 2 3 32 128 64
201.03321323638616 21.059844619672862 	idx: 0 2 3 32 128 64
409.6918970406522 20.849246173476132 	idx: 2 2 8 16 512 4
409.6918970406522 20.64075371174137 	idx: 2 2 8 16 512 4
402.6353629662552 20.434346174623958 	idx: 2 2 8 8 512 4
254.17817309094724 20.230002712877717 	idx: 2 1 8 16 512 8
254.17817309094724 20.027702685748938 	idx: 2 1 8 16 512 8
188.59082443718677 19.82742565889145 	idx: 4 3 4 16 64 64
209.46337920001048 19.629151402302536 	idx: 2 1 8 64 128 8
182.52496860071784 19.43285988827951 	idx: 4 2 5 64 256 128
195.3442389925447 19.238531289396715 	idx: 2 1 9 16 128 16
209.45171789879765 19.046145976502746 	idx: 2 1 8 32 128 16
218.53160169610246 18.855684516737718 	idx: 0 3 3 16 64 4
180.27993341314567 18.66712767157034 	idx: 0 2 3 8 64 2
245.1990311324234 18.480456394854638 	idx: 4 2 4 64 512 128
345.5971227375492 18.295651830906092 	idx: 4 3 4 32 512 128
337.7818089491141 18.11269531259703 	idx: 4 3 3 32 512 256
428.88910354923297 17.931568359471058 	idx: 4 4 3 32 512 512
386.13567453518857 17.752252675876345 	idx: 4 4 3 16 256 1024
422.05838471485197 17.57473014911758 	idx: 4 5 3 16 128 512
289.9545475616041 17.398982847626407 	idx: 4 5 3 32 64 256
289.9545475616041 17.22499301915014 	idx: 4 5 3 32 64 256
395.04809806488834 17.05274308895864 	idx: 4 6 3 16 128 128
533.8509178164718 16.882215658069054 	idx: 4 5 3 8 256 128
433.95567207704534 16.713393501488362 	idx: 1 4 4 8 512 8
485.9543585773127 16.546259566473477 	idx: 4 5 2 32 256 64
534.0996789741537 16.380796970808742 	idx: 4 5 3 32 256 32
428.77667956134735 16.216989001100654 	idx: 4 4 3 16 512 64
345.5971227375492 16.054819111089646 	idx: 1 3 4 32 512 4
439.805989290545 15.89427091997875 	idx: 4 4 2 16 512 32
606.3120981128427 15.735328210778961 	idx: 4 5 2 16 512 32
395.14969297028927 15.577974928671171 	idx: 4 4 2 32 256 64
310.5324936311036 15.42219517938446 	idx: 4 3 2 32 256 128
207.9837821859644 15.267973227590614 	idx: 4 3 1 16 128 64
395.14773990303854 15.115293495314708 	idx: 4 4 2 16 256 128
428.8706976338736 14.96414056036156 	idx: 4 4 3 32 512 128
591.2020391420998 14.814499154757945 	idx: 4 5 3 16 512 64
744.4344495179521 14.666354163210364 	idx: 4 5 2 16 1024 64
604.2744911302087 14.519690621578262 	idx: 4 4 1 32 2048 64
687.4055527372467 14.374493715362478 	idx: 4 5 1 32 1024 32
744.4474469580925 14.230748778208852 	idx: 4 5 2 32 1024 64
744.4474469580925 14.088441290426763 	idx: 4 5 2 32 1024 64
744.4474469580925 13.947556877522496 	idx: 4 5 2 32 1024 64
744.4474469580925 13.808081308747271 	idx: 4 5 2 32 1024 64
744.4474469580925 13.670000495659798 	idx: 4 5 2 32 1024 64
906.5196532545654 13.5333004907032 	idx: 4 5 2 32 2048 32
906.5196532545654 13.397967485796167 	idx: 4 5 2 32 2048 32
906.5196532545654 13.263987810938206 	idx: 4 5 2 32 2048 32
906.5196532545654 13.131347932828824 	idx: 4 5 2 32 2048 32
673.3257085105487 13.000034453500536 	idx: 4 6 1 32 1024 16
890.9877450263363 12.87003410896553 	idx: 4 6 2 16 2048 8
906.5003805557957 12.741333767875876 	idx: 4 5 2 16 2048 4
906.5003805557957 12.613920430197117 	idx: 4 5 2 16 2048 4
890.1649546377878 12.487781225895146 	idx: 4 6 2 8 2048 2
751.5007593395832 12.362903413636195 	idx: 4 5 3 8 1024 2
751.5007593395832 12.239274379499832 	idx: 4 5 3 8 1024 2
751.5007593395832 12.116881635704834 	idx: 4 5 3 8 1024 2
744.4344495179521 11.995712819347785 	idx: 4 5 2 16 1024 4
744.4344495179521 11.875755691154307 	idx: 4 5 2 16 1024 4
719.3844355930606 11.756998134242764 	idx: 4 4 3 8 2048 4
551.6662014666738 11.639428152900336 	idx: 4 4 4 8 1024 2
445.25367045462855 11.523033871371332 	idx: 4 4 5 8 1024 4
287.66248273028526 11.407803532657619 	idx: 4 3 6 8 1024 8
285.5495635468352 11.293725497331042 	idx: 3 3 1 16 256 4
285.5495635468352 11.180788242357732 	idx: 3 3 1 16 256 4
269.206036208496 11.068980359934155 	idx: 3 3 2 16 128 4
345.1175772756546 10.958290556334813 	idx: 4 2 5 16 2048 4
359.5221747883675 10.848707650771464 	idx: 4 3 5 16 1024 8
287.6617711332604 10.74022057426375 	idx: 4 3 6 8 1024 4
359.3877807723078 10.632818368521113 	idx: 4 3 5 8 1024 4
355.3247149209979 10.526490184835902 	idx: 4 4 5 16 512 8
355.2355105195382 10.421225282987542 	idx: 4 4 5 8 512 8
359.3894973113019 10.317013030157668 	idx: 4 3 5 8 1024 8
433.95567207704534 10.213842899856092 	idx: 4 4 4 8 512 4
433.95567207704534 10.11170447085753 	idx: 4 4 4 8 512 4
433.95567207704534 10.010587426148955 	idx: 4 4 4 8 512 4
469.98491860872906 9.910481551887466 	idx: 4 5 4 4 256 4
335.76606885429385 9.811376736368592 	idx: 4 6 4 2 128 4
257.03465452127955 9.713262969004907 	idx: 0 3 5 8 256 8
257.03465452127955 9.616130339314857 	idx: 0 3 5 8 256 8
345.5945083435009 9.519969035921708 	idx: 0 3 4 16 512 8
345.5945083435009 9.42476934556249 	idx: 0 3 4 16 512 16
359.52338736763704 9.330521652106865 	idx: 0 3 5 16 1024 16
334.3289434204102 9.237216435585797 	idx: 0 2 4 16 1024 32
469.35754465549485 9.144844271229939 	idx: 4 5 4 2 256 2
469.35754465549485 9.053395828517639 	idx: 4 5 4 2 256 2
334.33593415933865 8.962861870232462 	idx: 0 2 4 32 1024 16
359.5221747883675 8.873233251530138 	idx: 0 3 5 16 1024 8
335.7195398871869 8.784500919014837 	idx: 4 6 4 2 128 2
335.7195398871869 8.696655909824688 	idx: 4 6 4 2 128 2
419.5269727765713 8.609689350726441 	idx: 4 5 3 2 128 4
532.3166799174616 8.523592457219177 	idx: 4 5 3 4 256 4
532.3166799174616 8.438356532646985 	idx: 4 5 3 4 256 4
586.7954895240752 8.353972967320516 	idx: 0 3 4 4 2048 64
586.7954895240752 8.27043323764731 	idx: 0 3 4 4 2048 64
586.7954895240752 8.187728905270838 	idx: 0 3 4 4 2048 64
586.7954895240752 8.105851616218128 	idx: 0 3 4 4 2048 64
586.7954895240752 8.024793100055946 	idx: 0 3 4 4 2048 64
586.7954895240752 7.944545169055387 	idx: 0 3 4 4 2048 64
586.7954895240752 7.865099717364833 	idx: 0 3 4 4 2048 64
570.3999479167131 7.786448720191185 	idx: 0 3 3 2 2048 128
570.3999479167131 7.708584232989273 	idx: 0 3 3 2 2048 128
698.924666931486 7.63149839065938 	idx: 0 4 2 2 2048 256
434.6902161188057 7.5551834067527865 	idx: 0 3 3 4 1024 128
453.4950805909531 7.479631572685259 	idx: 0 3 4 8 1024 128
453.4950805909531 7.404835256958406 	idx: 0 3 4 8 1024 128
551.6852356299134 7.330786904388821 	idx: 0 4 4 16 1024 64
453.4950805909531 7.257479035344933 	idx: 0 3 4 8 1024 64
453.4950805909531 7.1849042449914835 	idx: 0 3 4 8 1024 64
442.9122829858105 7.1130552025415685 	idx: 0 2 4 16 2048 128
453.53174048267715 7.041924650516153 	idx: 0 3 4 16 1024 256
306.19047445790125 6.971505404010991 	idx: 0 2 3 8 1024 512
576.4077887948205 6.901790349970882 	idx: 0 3 3 8 2048 512
576.4077887948205 6.832772446471173 	idx: 0 3 3 8 2048 512
576.4077887948205 6.764444722006462 	idx: 0 3 3 8 2048 512
576.4077887948205 6.696800274786397 	idx: 0 3 3 8 2048 512
576.4077887948205 6.6298322720385325 	idx: 0 3 3 8 2048 512
576.4077887948205 6.563533949318147 	idx: 0 3 3 8 2048 512
563.7815740574238 6.497898609824966 	idx: 0 3 2 16 2048 512
563.7815740574238 6.432919623726716 	idx: 0 3 2 16 2048 512
720.3855295210532 6.3685904274894485 	idx: 0 4 3 8 2048 256
752.0663101013195 6.304904523214554 	idx: 0 5 3 16 1024 128
744.4474469580925 6.2418554779824085 	idx: 0 5 2 32 1024 64
604.2744911302087 6.1794369232025845 	idx: 0 4 1 32 2048 128
604.2744911302087 6.117642553970558 	idx: 0 4 1 32 2048 128
604.2744911302087 6.056466128430853 	idx: 0 4 1 32 2048 128
604.2744911302087 5.9959014671465445 	idx: 0 4 1 32 2048 128
603.909466262064 5.935942452475079 	idx: 0 4 1 16 2048 128
603.909466262064 5.8765830279503275 	idx: 0 4 1 16 2048 128
603.909466262064 5.817817197670824 	idx: 0 4 1 16 2048 128
603.909466262064 5.759639025694116 	idx: 0 4 1 16 2048 128
603.909466262064 5.7020426354371745 	idx: 0 4 1 16 2048 128
603.909466262064 5.645022209082803 	idx: 0 4 1 16 2048 128
705.6337003207233 5.588571986991974 	idx: 0 4 2 16 2048 64
705.6337003207233 5.532686267122054 	idx: 0 4 2 16 2048 64
705.6337003207233 5.477359404450834 	idx: 0 4 2 16 2048 64
705.6337003207233 5.422585810406325 	idx: 0 4 2 16 2048 64
705.6337003207233 5.368359952302262 	idx: 0 4 2 16 2048 64
705.6337003207233 5.314676352779239 	idx: 0 4 2 16 2048 64
705.6337003207233 5.261529589251447 	idx: 0 4 2 16 2048 32
705.6337003207233 5.208914293358933 	idx: 0 4 2 16 2048 32
568.2491495080073 5.156825150425344 	idx: 0 4 2 16 1024 64
568.2491495080073 5.10525689892109 	idx: 0 4 2 16 1024 64
568.2491495080073 5.0542043299318795 	idx: 0 4 2 16 1024 64
568.2491495080073 5.003662286632561 	idx: 0 4 2 16 1024 64
568.2491495080073 4.953625663766235 	idx: 0 4 2 16 1024 64
568.2491495080073 4.9040894071285726 	idx: 0 4 2 16 1024 64
576.7218533805204 4.8550485130572865 	idx: 0 3 3 32 2048 128
576.7218533805204 4.806498027926714 	idx: 0 3 3 32 2048 128
576.7218533805204 4.758433047647447 	idx: 0 3 3 32 2048 128
408.1236446672311 4.710848717170973 	idx: 0 2 3 64 2048 64
408.1236446672311 4.663740229999263 	idx: 0 2 3 64 2048 64
408.1188918908226 4.61710282769927 	idx: 0 2 3 64 2048 32
408.1188918908226 4.570931799422278 	idx: 0 2 3 64 2048 32
441.5235307599484 4.525222481428055 	idx: 4 3 1 4 1024 256
456.6983405215504 4.4799702566137745 	idx: 4 4 1 8 512 512
568.0253257528963 4.4351705540476365 	idx: 4 4 2 8 1024 256
563.7815740574238 4.39081884850716 	idx: 4 3 2 16 2048 128
550.3983972854367 4.346910660022088 	idx: 4 4 3 16 1024 64
563.2689219019504 4.303441553421867 	idx: 0 3 2 8 2048 64
821.716107895599 4.260407137887648 	idx: 0 2 2 4 4096 32
821.716107895599 4.217803066508771 	idx: 0 2 2 4 4096 32
821.716107895599 4.175625035843683 	idx: 0 2 2 4 4096 32
821.716107895599 4.133868785485246 	idx: 0 2 2 4 4096 32
821.5137230194978 4.0925300976303935 	idx: 0 2 2 4 4096 16
821.5137230194978 4.05160479665409 	idx: 0 2 2 4 4096 16
821.5137230194978 4.011088748687548 	idx: 0 2 2 4 4096 16
821.5137230194978 3.970977861200673 	idx: 0 2 2 4 4096 16
905.9030123060896 3.9312680825886663 	idx: 4 5 2 8 2048 128
905.9030123060896 3.8919554017627798 	idx: 4 5 2 8 2048 128
905.9030123060896 3.853035847745152 	idx: 4 5 2 8 2048 128
905.9030123060896 3.8145054892677006 	idx: 4 5 2 8 2048 128
890.3731436888379 3.7763604343750234 	idx: 4 6 2 8 2048 128
890.3731436888379 3.7385968300312733 	idx: 4 6 2 8 2048 128
903.5638336347197 3.7012108617309605 	idx: 3 5 2 4 2048 2
903.5638336347197 3.664198753113651 	idx: 3 5 2 4 2048 2
903.5638336347197 3.6275567655825145 	idx: 3 5 2 4 2048 2
880.8919177255812 3.591281197926689 	idx: 4 6 2 2 2048 128
930.3144483564405 3.555368385947422 	idx: 3 5 3 2 2048 4
893.0579376039387 3.519814702087948 	idx: 3 5 2 2 2048 2
1032.1352794370512 3.4846165550670687 	idx: 4 7 2 4 2048 64
1032.1352794370512 3.449770389516398 	idx: 4 7 2 4 2048 64
1032.1352794370512 3.415272685621234 	idx: 4 7 2 4 2048 64
1032.1352794370512 3.3811199587650216 	idx: 4 7 2 4 2048 64
1032.1352794370512 3.347308759177371 	idx: 4 7 2 4 2048 64
1032.1352794370512 3.3138356715855974 	idx: 4 7 2 4 2048 64
1032.1352794370512 3.2806973148697414 	idx: 4 7 2 4 2048 64
1032.1352794370512 3.247890341721044 	idx: 4 7 2 4 2048 64
1032.1352794370512 3.2154114383038332 	idx: 4 7 2 4 2048 64
1032.1352794370512 3.183257323920795 	idx: 4 7 2 4 2048 64
1032.1352794370512 3.1514247506815867 	idx: 4 7 2 4 2048 64
1032.1352794370512 3.1199105031747707 	idx: 4 7 2 4 2048 64
1032.1352794370512 3.088711398143023 	idx: 4 7 2 4 2048 64
1032.1352794370512 3.0578242841615926 	idx: 4 7 2 4 2048 64
1012.8745536060711 3.0272460413199767 	idx: 4 7 2 2 2048 64
1012.8745536060711 2.996973580906777 	idx: 4 7 2 2 2048 64
1012.8745536060711 2.967003845097709 	idx: 4 7 2 2 2048 64
1012.8745536060711 2.9373338066467323 	idx: 4 7 2 2 2048 64
1012.8745536060711 2.907960468580265 	idx: 4 7 2 2 2048 64
1012.8745536060711 2.8788808638944623 	idx: 4 7 2 2 2048 64
1012.8745536060711 2.8500920552555176 	idx: 4 7 2 2 2048 64
1012.8745536060711 2.8215911347029623 	idx: 4 7 2 2 2048 64
1012.8745536060711 2.7933752233559326 	idx: 4 7 2 2 2048 64
1012.8745536060711 2.765441471122373 	idx: 4 7 2 2 2048 64
1012.8745536060711 2.7377870564111495 	idx: 4 7 2 2 2048 64
1012.8745536060711 2.710409185847038 	idx: 4 7 2 2 2048 64
1012.8745536060711 2.6833050939885674 	idx: 4 7 2 2 2048 64
1012.8745536060711 2.656472043048682 	idx: 4 7 2 2 2048 64
1012.8745536060711 2.629907322618195 	idx: 4 7 2 2 2048 64
1012.8745536060711 2.603608249392013 	idx: 4 7 2 2 2048 64
1012.8745536060711 2.577572166898093 	idx: 4 7 2 2 2048 64
1012.8745536060711 2.551796445229112 	idx: 4 7 2 2 2048 64
1031.5884089200863 2.526278480776821 	idx: 1 7 2 4 2048 16
1012.8745536060711 2.501015695969053 	idx: 4 7 2 2 2048 64
1012.8745536060711 2.4760055390093623 	idx: 4 7 2 2 2048 64
1012.8745536060711 2.4512454836192688 	idx: 4 7 2 2 2048 64
1012.8745536060711 2.426733028783076 	idx: 4 7 2 2 2048 64
1012.8745536060711 2.402465698495245 	idx: 4 7 2 2 2048 64
1012.8745536060711 2.3784410415102926 	idx: 4 7 2 2 2048 64
1012.8745536060711 2.3546566310951897 	idx: 4 7 2 2 2048 64
1012.8745536060711 2.3311100647842378 	idx: 4 7 2 2 2048 64
1012.8745536060711 2.307798964136395 	idx: 4 7 2 2 2048 64
1012.8745536060711 2.2847209744950314 	idx: 4 7 2 2 2048 64
1012.8745536060711 2.261873764750081 	idx: 4 7 2 2 2048 64
1012.8745536060711 2.23925502710258 	idx: 4 7 2 2 2048 64
1012.8745536060711 2.2168624768315546 	idx: 4 7 2 2 2048 64
1012.8745536060711 2.194693852063239 	idx: 4 7 2 2 2048 64
1012.8745536060711 2.1727469135426065 	idx: 4 7 2 2 2048 64
1012.8745536060711 2.1510194444071806 	idx: 4 7 2 2 2048 64
1012.8745536060711 2.129509249963109 	idx: 4 7 2 2 2048 64
1050.1017118904679 2.108214157463478 	idx: 3 9 2 4 1024 2
1050.1017118904679 2.087132015888843 	idx: 3 9 2 4 1024 2
1050.1017118904679 2.0662606957299547 	idx: 3 9 2 4 1024 2
1050.1017118904679 2.045598088772655 	idx: 3 9 2 4 1024 2
1050.1017118904679 2.0251421078849283 	idx: 3 9 2 4 1024 2
1050.1017118904679 2.004890686806079 	idx: 3 9 2 4 1024 2
1050.1017118904679 1.9848417799380185 	idx: 3 9 2 4 1024 2
1050.1017118904679 1.9649933621386382 	idx: 3 9 2 4 1024 2
1050.1017118904679 1.9453434285172517 	idx: 3 9 2 4 1024 2
1050.1017118904679 1.9258899942320793 	idx: 3 9 2 4 1024 2
1050.1017118904679 1.9066310942897584 	idx: 3 9 2 4 1024 2
1050.1017118904679 1.8875647833468607 	idx: 3 9 2 4 1024 2
1050.1017118904679 1.868689135513392 	idx: 3 9 2 4 1024 2
1050.1017118904679 1.8500022441582582 	idx: 3 9 2 4 1024 2
1050.1017118904679 1.8315022217166756 	idx: 3 9 2 4 1024 2
1050.1017118904679 1.8131871994995088 	idx: 3 9 2 4 1024 2
1050.1017118904679 1.7950553275045138 	idx: 3 9 2 4 1024 2
1050.1017118904679 1.7771047742294686 	idx: 3 9 2 4 1024 2
1050.1017118904679 1.7593337264871738 	idx: 3 9 2 4 1024 2
1050.1017118904679 1.741740389222302 	idx: 3 9 2 4 1024 2
1050.1017118904679 1.724322985330079 	idx: 3 9 2 4 1024 2
1050.1017118904679 1.7070797554767783 	idx: 3 9 2 4 1024 2
1050.1017118904679 1.6900089579220106 	idx: 3 9 2 4 1024 2
1050.1017118904679 1.6731088683427904 	idx: 3 9 2 4 1024 2
1050.1017118904679 1.6563777796593624 	idx: 3 9 2 4 1024 2
1050.1017118904679 1.6398140018627687 	idx: 3 9 2 4 1024 2
1050.1017118904679 1.623415861844141 	idx: 3 9 2 4 1024 2
1050.1017118904679 1.6071817032256996 	idx: 3 9 2 4 1024 2
1050.1017118904679 1.5911098861934427 	idx: 3 9 2 4 1024 2
1050.1017118904679 1.5751987873315083 	idx: 3 9 2 4 1024 2
1050.1017118904679 1.5594467994581933 	idx: 3 9 2 4 1024 2
1050.1017118904679 1.5438523314636114 	idx: 3 9 2 4 1024 2
1050.1017118904679 1.5284138081489753 	idx: 3 9 2 4 1024 2
1050.1017118904679 1.5131296700674854 	idx: 3 9 2 4 1024 2
1050.1017118904679 1.4979983733668105 	idx: 3 9 2 4 1024 2
1050.1017118904679 1.4830183896331424 	idx: 3 9 2 4 1024 2
1050.1017118904679 1.468188205736811 	idx: 3 9 2 4 1024 2
1050.1017118904679 1.4535063236794428 	idx: 3 9 2 4 1024 2
1050.1017118904679 1.4389712604426483 	idx: 3 9 2 4 1024 2
1050.1017118904679 1.4245815478382218 	idx: 3 9 2 4 1024 2
1050.1017118904679 1.4103357323598396 	idx: 3 9 2 4 1024 2
1050.1017118904679 1.396232375036241 	idx: 3 9 2 4 1024 2
1050.1017118904679 1.3822700512858788 	idx: 3 9 2 4 1024 2
1050.1017118904679 1.36844735077302 	idx: 3 9 2 4 1024 2
1050.1017118904679 1.3547628772652898 	idx: 3 9 2 4 1024 2
1050.1017118904679 1.341215248492637 	idx: 3 9 2 4 1024 2
1050.1017118904679 1.3278030960077105 	idx: 3 9 2 4 1024 2
1050.1017118904679 1.3145250650476334 	idx: 3 9 2 4 1024 2
1050.1017118904679 1.301379814397157 	idx: 3 9 2 4 1024 2
1050.1017118904679 1.2883660162531856 	idx: 3 9 2 4 1024 2
1050.1017118904679 1.2754823560906536 	idx: 3 9 2 4 1024 2
1050.1017118904679 1.2627275325297471 	idx: 3 9 2 4 1024 2
1050.1017118904679 1.2501002572044497 	idx: 3 9 2 4 1024 2
1050.1017118904679 1.2375992546324053 	idx: 3 9 2 4 1024 2
1050.1017118904679 1.2252232620860812 	idx: 3 9 2 4 1024 2
1050.1017118904679 1.2129710294652205 	idx: 3 9 2 4 1024 2
1050.1017118904679 1.2008413191705682 	idx: 3 9 2 4 1024 2
1053.6915015688105 1.1888329059788625 	idx: 3 9 2 8 1024 2
1053.6915015688105 1.1769445769190738 	idx: 3 9 2 8 1024 2
1053.6915015688105 1.165175131149883 	idx: 3 9 2 8 1024 2
1053.6915015688105 1.1535233798383842 	idx: 3 9 2 8 1024 2
1053.6915015688105 1.1419881460400003 	idx: 3 9 2 8 1024 2
1053.6915015688105 1.1305682645796002 	idx: 3 9 2 8 1024 2
1053.6915015688105 1.1192625819338042 	idx: 3 9 2 8 1024 2
1053.6915015688105 1.1080699561144662 	idx: 3 9 2 8 1024 2
1053.6915015688105 1.0969892565533215 	idx: 3 9 2 8 1024 2
1053.6915015688105 1.0860193639877882 	idx: 3 9 2 8 1024 2
1053.6915015688105 1.0751591703479102 	idx: 3 9 2 8 1024 2
1053.6915015688105 1.0644075786444311 	idx: 3 9 2 8 1024 2
1053.6915015688105 1.0537635028579868 	idx: 3 9 2 8 1024 2
1053.6915015688105 1.0432258678294068 	idx: 3 9 2 8 1024 2
1053.6915015688105 1.0327936091511127 	idx: 3 9 2 8 1024 2
1050.1180913350868 1.0224656730596016 	idx: 3 9 2 4 1024 4
1050.1180913350868 1.0122410163290056 	idx: 3 9 2 4 1024 4
1050.1180913350868 1.0021186061657157 	idx: 3 9 2 4 1024 4
###### ACC Parameters ######
cim type:    FPCIM
bus_width:   25.6
macros_row:  9
macros_col:  2
scr:         4
is_size:     1024
os_size:     4
best=1050.1180913350868, area=4752497.616100014 459
vit_large_sl197_FPCIM@ISSCC23_tt_running start at 1757782700.169519
695.4184667717549 100 	idx: 1 3 2 2 128 256
1215.8786666140707 99.0 	idx: 3 5 2 4 64 128
991.4867783780139 98.01 	idx: 4 3 4 2 256 64
804.3615358712777 97.0299 	idx: 4 3 4 2 128 64
1178.269674523442 96.059601 	idx: 4 3 4 4 256 128
937.9312820655708 95.09900499 	idx: 1 3 2 2 256 64
929.9049439926547 94.1480149401 	idx: 4 3 6 16 64 128
1261.5908569084074 93.206534790699 	idx: 3 8 2 2 64 64
1726.468952011008 92.27446944279201 	idx: 3 8 3 4 64 64
1398.169429870584 91.35172474836409 	idx: 3 9 2 8 128 32
911.4857657534403 90.43820750088045 	idx: 3 8 1 4 64 16
1233.8336043768218 89.53382542587164 	idx: 0 5 3 4 32 64
1587.3864184079441 88.63848717161292 	idx: 3 9 2 16 128 16
1365.9088509409623 87.75210229989679 	idx: 3 8 2 8 128 16
1396.998240588349 86.87458127689783 	idx: 3 7 2 16 128 16
1365.022631619386 86.00583546412885 	idx: 3 8 2 8 128 8
1274.2228201290502 85.14577710948755 	idx: 0 5 4 4 128 64
1339.358744864154 84.29431933839268 	idx: 3 8 2 8 64 16
1354.216025425218 83.45137614500875 	idx: 0 5 3 4 64 128
1310.5219703155624 82.61686238355867 	idx: 4 6 2 8 16 4
1435.2435748767878 81.79069375972308 	idx: 0 6 3 4 32 128
1568.7741310409235 80.97278682212585 	idx: 0 5 3 8 16 64
1568.7741310409235 80.1630589539046 	idx: 0 5 3 8 16 64
1333.035892711618 79.36142836436555 	idx: 3 11 2 8 8 32
1128.0722724113969 78.56781408072189 	idx: 3 11 1 8 8 64
1310.4669237420449 77.78213593991467 	idx: 3 10 2 4 8 32
1372.0034665911567 77.00431458051553 	idx: 2 9 1 32 32 256
1309.8214786363558 76.23427143471037 	idx: 3 10 2 4 16 16
1341.6485543652234 75.47192872036327 	idx: 0 5 2 32 32 128
1149.0513164856468 74.71720943315964 	idx: 3 11 1 16 32 8
1375.68641216908 73.97003733882804 	idx: 2 9 1 32 128 256
1556.9043053640262 73.23033696543976 	idx: 3 10 2 16 32 16
1433.0014137806645 72.49803359578536 	idx: 2 8 2 16 256 64
1716.8444118148398 71.7730532598275 	idx: 1 3 4 4 2048 256
1433.0014137806645 71.05532272722922 	idx: 2 8 2 16 256 64
1896.1601887922395 70.34476949995693 	idx: 2 9 2 8 512 64
1896.1601887922395 69.64132180495736 	idx: 2 9 2 8 512 64
1706.4121299115016 68.94490858690779 	idx: 4 8 3 8 8 2
1368.8673378535716 68.25545950103871 	idx: 1 2 4 2 1024 1024
1531.4085706435494 67.57290490602833 	idx: 1 3 4 4 512 512
1424.5337681023846 66.89717585696805 	idx: 2 7 2 16 256 32
1800.303787491749 66.22820409839836 	idx: 2 8 2 8 512 64
1696.6424112439477 65.56592205741438 	idx: 4 6 3 8 4 32
2025.9448199839085 64.91026283684023 	idx: 2 9 2 8 1024 32
1799.8250317990971 64.26116020847184 	idx: 2 8 2 8 512 16
1954.2036919062525 63.618548606387115 	idx: 2 9 2 16 512 8
1509.7897035321666 62.98236312032324 	idx: 0 14 1 8 128 64
1791.3761903694906 62.35253948912001 	idx: 2 8 2 4 512 16
1716.5472093098153 61.72901409422881 	idx: 2 7 2 2 1024 32
1532.8665970829984 61.11172395328652 	idx: 0 13 1 8 128 128
1677.5997770469874 60.500606713753655 	idx: 0 13 1 16 64 128
1824.7919336707619 59.89560064661612 	idx: 3 10 2 4 512 4
1709.6438630795735 59.29664464014996 	idx: 1 6 3 4 256 32
2006.9650667833985 58.70367819374846 	idx: 1 5 3 8 512 16
1994.3486079474144 58.116641411810974 	idx: 1 5 3 4 512 16
1447.9375346658608 57.535474997692866 	idx: 1 5 3 2 256 8
1560.677765759962 56.960120247715935 	idx: 1 4 3 4 256 4
1819.08675436744 56.390519045238776 	idx: 1 5 3 2 512 4
1669.7349742325907 55.82661385478639 	idx: 1 4 4 2 1024 8
1780.3608830840578 55.26834771623852 	idx: 3 10 2 2 512 8
1804.0514211328727 54.71566423907614 	idx: 1 4 3 2 2048 2
1712.3306761335266 54.16850759668538 	idx: 1 3 4 4 2048 2
1440.1161498347278 53.62682252071853 	idx: 2 9 1 2 2048 8
1367.6160197750714 53.09055429551134 	idx: 3 11 2 4 256 8
1712.3306761335266 52.55964875255623 	idx: 1 3 4 4 2048 2
1401.705561862516 52.03405226503067 	idx: 4 7 2 16 4 256
1694.09991709334 51.51371174238036 	idx: 4 7 3 8 8 256
1531.2252521752039 50.998574624956554 	idx: 2 7 3 2 256 4
1700.9572166771716 50.488588878706985 	idx: 3 8 3 4 128 8
1763.3624773920333 49.98370298991991 	idx: 4 5 3 32 16 256
1700.9572166771716 49.483865960020715 	idx: 3 8 3 4 128 8
1338.0137989899708 48.98902730042051 	idx: 3 8 2 8 64 4
1782.5838965643143 48.4991370274163 	idx: 2 6 2 8 2048 2
1822.2963068489403 48.01414565714214 	idx: 2 5 2 16 2048 2
1408.7650404901326 47.53400420057071 	idx: 0 7 2 32 64 16
1721.759677818816 47.05866415856501 	idx: 2 5 2 16 1024 2
1644.0246894698319 46.58807751697936 	idx: 0 7 3 16 64 8
2014.9491921897632 46.12219674180957 	idx: 2 6 3 8 1024 2
1744.554730210296 45.66097477439147 	idx: 0 5 3 32 128 16
1744.554730210296 45.20436502664755 	idx: 0 5 3 32 128 16
1744.554730210296 44.752321376381076 	idx: 0 5 3 32 128 16
1314.0640452993314 44.30479816261727 	idx: 0 6 2 64 128 32
1078.1974215789983 43.861750180991095 	idx: 4 4 5 16 8 16
1293.1072894384622 43.42313267918119 	idx: 4 4 4 16 4 16
1708.9175398353282 42.98890135238938 	idx: 4 5 3 32 4 32
1708.9175398353282 42.559012338865486 	idx: 4 5 3 32 4 32
1677.3885889965559 42.133422215476834 	idx: 4 4 3 64 2 32
1706.5168496155138 41.712087993322065 	idx: 4 5 3 32 4 16
1706.5168496155138 41.29496711338884 	idx: 4 5 3 32 4 16
1291.9266510186685 40.882017442254956 	idx: 4 4 2 32 2 32
1681.6224781228616 40.473197267832404 	idx: 4 4 3 64 2 64
1333.0171389924192 40.06846529515408 	idx: 4 5 2 64 4 64
1333.0171389924192 39.66778064220254 	idx: 4 5 2 64 4 64
1383.5786996175345 39.27110283578051 	idx: 3 7 2 16 2 32
1641.7226702500336 38.8783918074227 	idx: 3 7 3 8 2 32
1793.8770931544445 38.48960788934848 	idx: 1 3 3 8 1024 128
1424.8876303990644 38.104711810454994 	idx: 1 4 2 4 2048 128
1457.5571405537921 37.72366469235045 	idx: 3 7 3 4 2 32
1640.838184370853 37.34642804542694 	idx: 3 7 3 8 4 16
1642.6903780869698 36.97296376497267 	idx: 3 7 3 16 2 32
1688.6664646852687 36.60323412732294 	idx: 4 4 3 16 32 128
1804.9856747756392 36.23720178604971 	idx: 1 4 3 32 512 128
1651.168904527958 35.874829768189215 	idx: 3 7 3 16 8 32
1773.8959382222033 35.516081470507324 	idx: 4 5 3 16 64 128
1404.5282485193327 35.16092065580225 	idx: 3 8 2 32 2 32
1549.2579833296595 34.80931144924423 	idx: 2 10 2 16 2 32
1411.574200610908 34.461218334751784 	idx: 4 7 2 32 32 32
1667.6452041864613 34.11660615140427 	idx: 0 3 3 32 512 8
1667.6452041864613 33.775440089890225 	idx: 0 3 3 32 512 8
1500.536675634761 33.43768568899132 	idx: 0 3 4 64 512 4
1382.3855030551395 33.10330883210141 	idx: 3 8 2 16 2 32
1652.3622685088005 32.7722757437804 	idx: 3 7 3 16 4 64
1563.3338156788361 32.44455298634259 	idx: 0 3 4 16 1024 16
1787.6047824777572 32.12010745647917 	idx: 0 4 3 16 512 8
1311.4584701190317 31.798906381914374 	idx: 4 6 2 16 32 32
1351.3204633857245 31.48091731809523 	idx: 0 3 3 16 128 2
1706.839057124043 31.16610814491428 	idx: 3 5 3 16 2 64
1680.0874326126745 30.854447063465138 	idx: 3 4 3 32 4 32
1708.9175398353282 30.545902592830487 	idx: 3 5 3 32 4 32
1737.4129420673216 30.240443566902183 	idx: 4 6 3 32 32 32
1728.2066999970953 29.93803913123316 	idx: 4 5 3 16 16 64
1728.2066999970953 29.638658739920828 	idx: 4 5 3 16 16 64
1720.1990936108982 29.34227215252162 	idx: 4 5 3 32 8 64
1720.1990936108982 29.048849430996402 	idx: 4 5 3 32 8 64
1692.8948158657286 28.758360936686437 	idx: 3 4 3 32 4 128
1728.2066999970953 28.47077732731957 	idx: 4 5 3 16 16 64
1728.2066999970953 28.186069554046373 	idx: 4 5 3 16 16 64
1732.101893026405 27.90420885850591 	idx: 4 6 3 16 8 128
1801.2011901392486 27.625166769920853 	idx: 0 3 3 16 1024 128
1857.4165161966703 27.348915102221643 	idx: 0 4 3 16 1024 256
1817.125399622556 27.075425951199424 	idx: 0 4 3 32 512 256
1380.4699366508023 26.804671691687428 	idx: 0 4 2 16 256 128
1380.4699366508023 26.536624974770554 	idx: 0 4 2 16 256 128
1380.4699366508023 26.271258725022847 	idx: 0 4 2 16 256 128
1666.1344739980163 26.00854613777262 	idx: 0 3 3 16 512 256
1666.1344739980163 25.748460676394892 	idx: 0 3 3 16 512 256
1407.7727766472713 25.490976069630943 	idx: 3 3 3 64 4 256
1707.1511337012798 25.23606630893463 	idx: 2 8 3 4 4 16
1707.1511337012798 24.983705645845284 	idx: 2 8 3 4 4 16
1746.138386638155 24.73386858938683 	idx: 3 4 3 32 4 512
1746.138386638155 24.48652990349296 	idx: 3 4 3 32 4 512
1726.4025438025853 24.24166460445803 	idx: 3 4 3 16 8 1024
1726.4025438025853 23.99924795841345 	idx: 3 4 3 16 8 1024
1705.6942355555525 23.759255478829314 	idx: 2 8 3 4 4 8
1705.6942355555525 23.52166292404102 	idx: 2 8 3 4 4 8
1705.6942355555525 23.28644629480061 	idx: 2 8 3 4 4 8
1823.3080320457952 23.053581831852604 	idx: 0 4 3 32 256 256
1806.2944914790519 22.82304601353408 	idx: 0 5 3 16 256 128
1806.2944914790519 22.59481555339874 	idx: 0 5 3 16 256 128
1641.1708076865095 22.36886739786475 	idx: 2 7 3 16 4 16
1573.4275322119377 22.145178723886104 	idx: 0 6 2 16 512 128
1719.5261842637663 21.923726936647242 	idx: 4 6 3 32 8 32
1573.4275322119377 21.704489667280768 	idx: 0 6 2 16 512 128
1614.0622529993389 21.48744477060796 	idx: 0 5 2 32 512 256
1804.9856747756392 21.27257032290188 	idx: 0 4 3 32 512 128
1560.4730958224964 21.059844619672862 	idx: 2 9 2 16 4 2
1560.4730958224964 20.849246173476132 	idx: 2 9 2 16 4 2
1560.4730958224964 20.64075371174137 	idx: 2 9 2 16 4 2
1331.373725514686 20.434346174623958 	idx: 2 8 2 8 4 2
1415.0814849559597 20.230002712877717 	idx: 0 4 2 32 256 512
1164.394523740169 20.027702685748938 	idx: 4 7 1 128 4 64
1348.8439202982909 19.82742565889145 	idx: 0 4 2 64 128 256
1348.8439202982909 19.629151402302536 	idx: 0 4 2 64 128 256
1348.8439202982909 19.43285988827951 	idx: 0 4 2 64 128 256
1336.6052081488413 19.238531289396715 	idx: 4 5 2 64 8 64
1715.2041706921184 19.046145976502746 	idx: 4 5 3 32 8 32
1688.2118148421637 18.855684516737718 	idx: 2 6 3 8 2 8
1774.1678081526788 18.66712767157034 	idx: 0 4 3 64 128 256
1774.1678081526788 18.480456394854638 	idx: 0 4 3 64 128 256
1684.3349742278392 18.295651830906092 	idx: 4 4 3 32 4 64
1684.3349742278392 18.11269531259703 	idx: 4 4 3 32 4 64
1684.3349742278392 17.931568359471058 	idx: 4 4 3 32 4 64
1565.43164683602 17.752252675876345 	idx: 0 3 3 64 128 256
1688.2118148421637 17.57473014911758 	idx: 2 6 3 8 2 8
1688.2118148421637 17.398982847626407 	idx: 2 6 3 8 2 8
1720.2222270037655 17.22499301915014 	idx: 0 3 3 64 256 512
1720.2222270037655 17.05274308895864 	idx: 0 3 3 64 256 512
1688.2118148421637 16.882215658069054 	idx: 2 6 3 8 2 8
1688.2118148421637 16.713393501488362 	idx: 2 6 3 8 2 8
1700.8463934921037 16.546259566473477 	idx: 2 5 3 16 4 4
1705.4065648081487 16.380796970808742 	idx: 2 6 3 32 8 2
1804.386062936979 16.216989001100654 	idx: 0 3 3 32 1024 64
1804.386062936979 16.054819111089646 	idx: 0 3 3 32 1024 64
1804.386062936979 15.89427091997875 	idx: 0 3 3 32 1024 64
1710.68989299138 15.735328210778961 	idx: 2 5 3 32 8 4
1710.68989299138 15.577974928671171 	idx: 2 5 3 32 8 4
1847.9884077903578 15.42219517938446 	idx: 0 4 3 8 2048 32
1790.9347670250895 15.267973227590614 	idx: 0 3 3 8 1024 32
1784.201295653514 15.115293495314708 	idx: 0 4 3 8 512 16
1784.201295653514 14.96414056036156 	idx: 0 4 3 8 512 16
1784.201295653514 14.814499154757945 	idx: 0 4 3 8 512 16
1784.201295653514 14.666354163210364 	idx: 0 4 3 8 512 16
1915.1239482336314 14.519690621578262 	idx: 0 5 4 4 1024 16
1722.6651403853366 14.374493715362478 	idx: 4 4 3 32 32 32
1727.1309832027118 14.230748778208852 	idx: 4 4 3 32 32 64
1739.5133741799011 14.088441290426763 	idx: 4 4 3 16 64 128
1739.5133741799011 13.947556877522496 	idx: 4 4 3 16 64 128
1739.5133741799011 13.808081308747271 	idx: 4 4 3 16 64 128
1355.4680669682098 13.670000495659798 	idx: 0 3 4 2 512 16
1751.8730315250446 13.5333004907032 	idx: 2 4 3 64 64 16
1751.8730315250446 13.397967485796167 	idx: 2 4 3 64 64 16
1751.8730315250446 13.263987810938206 	idx: 2 4 3 64 64 16
1751.8730315250446 13.131347932828824 	idx: 2 4 3 64 64 16
1751.8730315250446 13.000034453500536 	idx: 2 4 3 64 64 16
1758.2651643755214 12.87003410896553 	idx: 1 5 3 32 64 4
1758.2651643755214 12.741333767875876 	idx: 1 5 3 32 64 4
1741.0476007053167 12.613920430197117 	idx: 0 6 3 8 64 128
1719.7712380427404 12.487781225895146 	idx: 0 5 3 8 64 256
1768.737634704478 12.362903413636195 	idx: 0 5 3 8 128 512
1719.7712380427404 12.239274379499832 	idx: 0 5 3 8 64 256
1806.0024877132098 12.116881635704834 	idx: 2 4 3 64 256 64
1806.0024877132098 11.995712819347785 	idx: 2 4 3 64 256 64
1806.0024877132098 11.875755691154307 	idx: 2 4 3 64 256 64
1806.0024877132098 11.756998134242764 	idx: 2 4 3 64 256 64
1806.0024877132098 11.639428152900336 	idx: 2 4 3 64 256 64
1806.0024877132098 11.523033871371332 	idx: 2 4 3 64 256 64
1806.0024877132098 11.407803532657619 	idx: 2 4 3 64 256 64
1797.0146363529723 11.293725497331042 	idx: 2 4 3 64 512 32
1803.9890871371929 11.180788242357732 	idx: 2 3 3 32 1024 16
1783.7596696754904 11.068980359934155 	idx: 0 5 3 16 32 256
1790.9347670250895 10.958290556334813 	idx: 2 3 3 8 1024 32
1790.9347670250895 10.848707650771464 	idx: 2 3 3 8 1024 32
1790.9347670250895 10.74022057426375 	idx: 2 3 3 8 1024 32
1790.9347670250895 10.632818368521113 	idx: 2 3 3 8 1024 32
1790.9347670250895 10.526490184835902 	idx: 2 3 3 8 1024 32
1847.5746854164981 10.421225282987542 	idx: 2 4 3 8 1024 16
1847.5746854164981 10.317013030157668 	idx: 2 4 3 8 1024 16
1765.4445302445301 10.213842899856092 	idx: 0 4 3 32 16 512
1718.7764299933287 10.11170447085753 	idx: 1 4 3 32 32 4
1786.0385647544394 10.010587426148955 	idx: 3 3 3 4 2048 256
1856.7088010822454 9.910481551887466 	idx: 3 4 3 8 1024 512
1856.7088010822454 9.811376736368592 	idx: 3 4 3 8 1024 512
1856.7088010822454 9.713262969004907 	idx: 3 4 3 8 1024 512
1856.7088010822454 9.616130339314857 	idx: 3 4 3 8 1024 512
1856.7088010822454 9.519969035921708 	idx: 3 4 3 8 1024 512
1853.0279636654152 9.42476934556249 	idx: 3 4 3 8 2048 256
1853.0279636654152 9.330521652106865 	idx: 3 4 3 8 2048 256
1853.0279636654152 9.237216435585797 	idx: 3 4 3 8 2048 256
1853.0279636654152 9.144844271229939 	idx: 3 4 3 8 2048 256
1821.9640722656807 9.053395828517639 	idx: 3 5 2 4 2048 512
1856.4299073423008 8.962861870232462 	idx: 0 4 3 16 64 1024
1856.4299073423008 8.873233251530138 	idx: 0 4 3 16 64 1024
1754.1793746755886 8.784500919014837 	idx: 1 4 3 64 64 32
1754.1793746755886 8.696655909824688 	idx: 1 4 3 64 64 32
1754.1793746755886 8.609689350726441 	idx: 1 4 3 64 64 32
1754.1793746755886 8.523592457219177 	idx: 1 4 3 64 64 32
1754.1793746755886 8.438356532646985 	idx: 1 4 3 64 64 32
1754.1793746755886 8.353972967320516 	idx: 1 4 3 64 64 32
1754.1793746755886 8.27043323764731 	idx: 1 4 3 64 64 32
1804.1252097972124 8.187728905270838 	idx: 2 3 3 32 2048 32
1865.6356827875793 8.105851616218128 	idx: 3 5 3 2 512 256
1804.1252097972124 8.024793100055946 	idx: 2 3 3 32 2048 32
2052.7424943291735 7.944545169055387 	idx: 3 5 3 2 1024 256
2052.7424943291735 7.865099717364833 	idx: 3 5 3 2 1024 256
2052.7424943291735 7.786448720191185 	idx: 3 5 3 2 1024 256
2052.7424943291735 7.708584232989273 	idx: 3 5 3 2 1024 256
2052.7424943291735 7.63149839065938 	idx: 3 5 3 2 1024 256
2052.7424943291735 7.5551834067527865 	idx: 3 5 3 2 1024 256
1937.9276540398703 7.479631572685259 	idx: 3 6 3 4 512 256
1937.9276540398703 7.404835256958406 	idx: 3 6 3 4 512 256
1801.2011901392486 7.330786904388821 	idx: 2 3 3 16 1024 128
1801.2011901392486 7.257479035344933 	idx: 2 3 3 16 1024 128
1801.2011901392486 7.1849042449914835 	idx: 2 3 3 16 1024 128
1801.2011901392486 7.1130552025415685 	idx: 2 3 3 16 1024 128
1930.2235977419614 7.041924650516153 	idx: 3 6 3 16 512 128
1930.2235977419614 6.971505404010991 	idx: 3 6 3 16 512 128
1930.2235977419614 6.901790349970882 	idx: 3 6 3 16 512 128
1930.2235977419614 6.832772446471173 	idx: 3 6 3 16 512 128
1812.2045230124515 6.764444722006462 	idx: 3 5 3 8 256 256
1812.2045230124515 6.696800274786397 	idx: 3 5 3 8 256 256
1812.2045230124515 6.6298322720385325 	idx: 3 5 3 8 256 256
1812.2045230124515 6.563533949318147 	idx: 3 5 3 8 256 256
1930.2235977419614 6.497898609824966 	idx: 3 6 3 16 512 128
1930.2235977419614 6.432919623726716 	idx: 3 6 3 16 512 128
1930.2235977419614 6.3685904274894485 	idx: 3 6 3 16 512 128
1930.2235977419614 6.304904523214554 	idx: 3 6 3 16 512 128
2031.3562964303976 6.2418554779824085 	idx: 3 5 3 8 512 256
2031.3562964303976 6.1794369232025845 	idx: 3 5 3 8 512 256
2056.7973668512036 6.117642553970558 	idx: 3 5 3 8 512 512
2056.7973668512036 6.056466128430853 	idx: 3 5 3 8 512 512
2056.7973668512036 5.9959014671465445 	idx: 3 5 3 8 512 512
2056.7973668512036 5.935942452475079 	idx: 3 5 3 8 512 512
2056.7973668512036 5.8765830279503275 	idx: 3 5 3 8 512 512
2056.7973668512036 5.817817197670824 	idx: 3 5 3 8 512 512
2056.7973668512036 5.759639025694116 	idx: 3 5 3 8 512 512
2056.7973668512036 5.7020426354371745 	idx: 3 5 3 8 512 512
2056.7973668512036 5.645022209082803 	idx: 3 5 3 8 512 512
2056.7973668512036 5.588571986991974 	idx: 3 5 3 8 512 512
2056.7973668512036 5.532686267122054 	idx: 3 5 3 8 512 512
2056.7973668512036 5.477359404450834 	idx: 3 5 3 8 512 512
2056.7973668512036 5.422585810406325 	idx: 3 5 3 8 512 512
2056.7973668512036 5.368359952302262 	idx: 3 5 3 8 512 512
2056.7973668512036 5.314676352779239 	idx: 3 5 3 8 512 512
2056.7973668512036 5.261529589251447 	idx: 3 5 3 8 512 512
2056.7973668512036 5.208914293358933 	idx: 3 5 3 8 512 512
2056.7973668512036 5.156825150425344 	idx: 3 5 3 8 512 512
2056.7973668512036 5.10525689892109 	idx: 3 5 3 8 512 512
2056.7973668512036 5.0542043299318795 	idx: 3 5 3 8 512 512
2031.9242101250138 5.003662286632561 	idx: 3 5 3 16 512 256
2031.9242101250138 4.953625663766235 	idx: 3 5 3 16 512 256
2031.9242101250138 4.9040894071285726 	idx: 3 5 3 16 512 256
2031.9242101250138 4.8550485130572865 	idx: 3 5 3 16 512 256
2031.9242101250138 4.806498027926714 	idx: 3 5 3 16 512 256
2031.9242101250138 4.758433047647447 	idx: 3 5 3 16 512 256
2031.9242101250138 4.710848717170973 	idx: 3 5 3 16 512 256
2031.9242101250138 4.663740229999263 	idx: 3 5 3 16 512 256
2031.9242101250138 4.61710282769927 	idx: 3 5 3 16 512 256
2031.9242101250138 4.570931799422278 	idx: 3 5 3 16 512 256
2031.9242101250138 4.525222481428055 	idx: 3 5 3 16 512 256
2031.9242101250138 4.4799702566137745 	idx: 3 5 3 16 512 256
2031.9242101250138 4.4351705540476365 	idx: 3 5 3 16 512 256
2031.3562964303976 4.39081884850716 	idx: 3 5 3 8 512 256
2031.3562964303976 4.346910660022088 	idx: 3 5 3 8 512 256
2018.4402609606059 4.303441553421867 	idx: 3 5 3 8 512 128
2018.4402609606059 4.260407137887648 	idx: 3 5 3 8 512 128
2018.4402609606059 4.217803066508771 	idx: 3 5 3 8 512 128
2018.4402609606059 4.175625035843683 	idx: 3 5 3 8 512 128
2018.4402609606059 4.133868785485246 	idx: 3 5 3 8 512 128
2018.4402609606059 4.0925300976303935 	idx: 3 5 3 8 512 128
2018.4402609606059 4.05160479665409 	idx: 3 5 3 8 512 128
2018.4402609606059 4.011088748687548 	idx: 3 5 3 8 512 128
2018.4402609606059 3.970977861200673 	idx: 3 5 3 8 512 128
2018.4402609606059 3.9312680825886663 	idx: 3 5 3 8 512 128
2018.4402609606059 3.8919554017627798 	idx: 3 5 3 8 512 128
2018.4402609606059 3.853035847745152 	idx: 3 5 3 8 512 128
2018.4402609606059 3.8145054892677006 	idx: 3 5 3 8 512 128
2018.4402609606059 3.7763604343750234 	idx: 3 5 3 8 512 128
2066.1694599868197 3.7385968300312733 	idx: 3 5 3 4 1024 256
2066.1694599868197 3.7012108617309605 	idx: 3 5 3 4 1024 256
2066.1694599868197 3.664198753113651 	idx: 3 5 3 4 1024 256
2066.1694599868197 3.6275567655825145 	idx: 3 5 3 4 1024 256
2066.1694599868197 3.591281197926689 	idx: 3 5 3 4 1024 256
2066.1694599868197 3.555368385947422 	idx: 3 5 3 4 1024 256
2066.1694599868197 3.519814702087948 	idx: 3 5 3 4 1024 256
2066.1694599868197 3.4846165550670687 	idx: 3 5 3 4 1024 256
2066.1694599868197 3.449770389516398 	idx: 3 5 3 4 1024 256
2066.1694599868197 3.415272685621234 	idx: 3 5 3 4 1024 256
2066.1694599868197 3.3811199587650216 	idx: 3 5 3 4 1024 256
2066.1694599868197 3.347308759177371 	idx: 3 5 3 4 1024 256
2066.1694599868197 3.3138356715855974 	idx: 3 5 3 4 1024 256
2066.1694599868197 3.2806973148697414 	idx: 3 5 3 4 1024 256
2052.7424943291735 3.247890341721044 	idx: 3 5 3 2 1024 256
2052.7424943291735 3.2154114383038332 	idx: 3 5 3 2 1024 256
2052.7424943291735 3.183257323920795 	idx: 3 5 3 2 1024 256
2052.7424943291735 3.1514247506815867 	idx: 3 5 3 2 1024 256
2052.7424943291735 3.1199105031747707 	idx: 3 5 3 2 1024 256
2052.7424943291735 3.088711398143023 	idx: 3 5 3 2 1024 256
2052.7424943291735 3.0578242841615926 	idx: 3 5 3 2 1024 256
2052.7424943291735 3.0272460413199767 	idx: 3 5 3 2 1024 256
2052.7424943291735 2.996973580906777 	idx: 3 5 3 2 1024 256
2052.7424943291735 2.967003845097709 	idx: 3 5 3 2 1024 256
2052.7424943291735 2.9373338066467323 	idx: 3 5 3 2 1024 256
2052.7424943291735 2.907960468580265 	idx: 3 5 3 2 1024 256
2052.7424943291735 2.8788808638944623 	idx: 3 5 3 2 1024 256
2052.7424943291735 2.8500920552555176 	idx: 3 5 3 2 1024 256
2052.7424943291735 2.8215911347029623 	idx: 3 5 3 2 1024 256
2052.7424943291735 2.7933752233559326 	idx: 3 5 3 2 1024 256
2052.7424943291735 2.765441471122373 	idx: 3 5 3 2 1024 256
2052.7424943291735 2.7377870564111495 	idx: 3 5 3 2 1024 256
2052.7424943291735 2.710409185847038 	idx: 3 5 3 2 1024 256
2052.7424943291735 2.6833050939885674 	idx: 3 5 3 2 1024 256
2052.7424943291735 2.656472043048682 	idx: 3 5 3 2 1024 256
2052.7424943291735 2.629907322618195 	idx: 3 5 3 2 1024 256
2052.7424943291735 2.603608249392013 	idx: 3 5 3 2 1024 256
2052.7424943291735 2.577572166898093 	idx: 3 5 3 2 1024 256
2052.7424943291735 2.551796445229112 	idx: 3 5 3 2 1024 256
2052.7424943291735 2.526278480776821 	idx: 3 5 3 2 1024 256
2052.7424943291735 2.501015695969053 	idx: 3 5 3 2 1024 256
2052.7424943291735 2.4760055390093623 	idx: 3 5 3 2 1024 256
2052.7424943291735 2.4512454836192688 	idx: 3 5 3 2 1024 256
2052.7424943291735 2.426733028783076 	idx: 3 5 3 2 1024 256
2052.7424943291735 2.402465698495245 	idx: 3 5 3 2 1024 256
2052.7424943291735 2.3784410415102926 	idx: 3 5 3 2 1024 256
2052.7424943291735 2.3546566310951897 	idx: 3 5 3 2 1024 256
2052.7424943291735 2.3311100647842378 	idx: 3 5 3 2 1024 256
2052.7424943291735 2.307798964136395 	idx: 3 5 3 2 1024 256
2148.439504256881 2.2847209744950314 	idx: 1 5 3 2 2048 4
2148.439504256881 2.261873764750081 	idx: 1 5 3 2 2048 4
2148.439504256881 2.23925502710258 	idx: 1 5 3 2 2048 4
2148.439504256881 2.2168624768315546 	idx: 1 5 3 2 2048 4
2148.439504256881 2.194693852063239 	idx: 1 5 3 2 2048 4
2148.439504256881 2.1727469135426065 	idx: 1 5 3 2 2048 4
2148.439504256881 2.1510194444071806 	idx: 1 5 3 2 2048 4
2148.439504256881 2.129509249963109 	idx: 1 5 3 2 2048 4
2148.439504256881 2.108214157463478 	idx: 1 5 3 2 2048 4
2148.439504256881 2.087132015888843 	idx: 1 5 3 2 2048 4
2148.439504256881 2.0662606957299547 	idx: 1 5 3 2 2048 4
2148.439504256881 2.045598088772655 	idx: 1 5 3 2 2048 4
2148.439504256881 2.0251421078849283 	idx: 1 5 3 2 2048 4
2148.439504256881 2.004890686806079 	idx: 1 5 3 2 2048 4
2148.439504256881 1.9848417799380185 	idx: 1 5 3 2 2048 4
2148.439504256881 1.9649933621386382 	idx: 1 5 3 2 2048 4
2148.439504256881 1.9453434285172517 	idx: 1 5 3 2 2048 4
2148.439504256881 1.9258899942320793 	idx: 1 5 3 2 2048 4
2148.439504256881 1.9066310942897584 	idx: 1 5 3 2 2048 4
2148.439504256881 1.8875647833468607 	idx: 1 5 3 2 2048 4
2148.439504256881 1.868689135513392 	idx: 1 5 3 2 2048 4
2148.439504256881 1.8500022441582582 	idx: 1 5 3 2 2048 4
2148.439504256881 1.8315022217166756 	idx: 1 5 3 2 2048 4
2148.439504256881 1.8131871994995088 	idx: 1 5 3 2 2048 4
2148.439504256881 1.7950553275045138 	idx: 1 5 3 2 2048 4
2148.439504256881 1.7771047742294686 	idx: 1 5 3 2 2048 4
2148.439504256881 1.7593337264871738 	idx: 1 5 3 2 2048 4
2148.439504256881 1.741740389222302 	idx: 1 5 3 2 2048 4
2148.439504256881 1.724322985330079 	idx: 1 5 3 2 2048 4
2148.439504256881 1.7070797554767783 	idx: 1 5 3 2 2048 4
2148.439504256881 1.6900089579220106 	idx: 1 5 3 2 2048 4
2184.155546031524 1.6731088683427904 	idx: 1 5 3 4 2048 4
2184.155546031524 1.6563777796593624 	idx: 1 5 3 4 2048 4
2184.155546031524 1.6398140018627687 	idx: 1 5 3 4 2048 4
2184.155546031524 1.623415861844141 	idx: 1 5 3 4 2048 4
2184.155546031524 1.6071817032256996 	idx: 1 5 3 4 2048 4
2184.155546031524 1.5911098861934427 	idx: 1 5 3 4 2048 4
2184.155546031524 1.5751987873315083 	idx: 1 5 3 4 2048 4
2184.155546031524 1.5594467994581933 	idx: 1 5 3 4 2048 4
2184.155546031524 1.5438523314636114 	idx: 1 5 3 4 2048 4
2184.155546031524 1.5284138081489753 	idx: 1 5 3 4 2048 4
2184.155546031524 1.5131296700674854 	idx: 1 5 3 4 2048 4
2184.155546031524 1.4979983733668105 	idx: 1 5 3 4 2048 4
2184.155546031524 1.4830183896331424 	idx: 1 5 3 4 2048 4
2184.155546031524 1.468188205736811 	idx: 1 5 3 4 2048 4
2184.155546031524 1.4535063236794428 	idx: 1 5 3 4 2048 4
2184.155546031524 1.4389712604426483 	idx: 1 5 3 4 2048 4
2184.155546031524 1.4245815478382218 	idx: 1 5 3 4 2048 4
2184.155546031524 1.4103357323598396 	idx: 1 5 3 4 2048 4
2184.155546031524 1.396232375036241 	idx: 1 5 3 4 2048 4
2184.155546031524 1.3822700512858788 	idx: 1 5 3 4 2048 4
2184.155546031524 1.36844735077302 	idx: 1 5 3 4 2048 4
2184.155546031524 1.3547628772652898 	idx: 1 5 3 4 2048 4
2184.155546031524 1.341215248492637 	idx: 1 5 3 4 2048 4
2184.155546031524 1.3278030960077105 	idx: 1 5 3 4 2048 4
2184.155546031524 1.3145250650476334 	idx: 1 5 3 4 2048 4
2184.155546031524 1.301379814397157 	idx: 1 5 3 4 2048 4
2184.155546031524 1.2883660162531856 	idx: 1 5 3 4 2048 4
2184.155546031524 1.2754823560906536 	idx: 1 5 3 4 2048 4
2184.155546031524 1.2627275325297471 	idx: 1 5 3 4 2048 4
2184.155546031524 1.2501002572044497 	idx: 1 5 3 4 2048 4
2184.155546031524 1.2375992546324053 	idx: 1 5 3 4 2048 4
2184.155546031524 1.2252232620860812 	idx: 1 5 3 4 2048 4
2184.155546031524 1.2129710294652205 	idx: 1 5 3 4 2048 4
2184.155546031524 1.2008413191705682 	idx: 1 5 3 4 2048 4
2184.155546031524 1.1888329059788625 	idx: 1 5 3 4 2048 4
2184.155546031524 1.1769445769190738 	idx: 1 5 3 4 2048 4
2184.155546031524 1.165175131149883 	idx: 1 5 3 4 2048 4
2184.155546031524 1.1535233798383842 	idx: 1 5 3 4 2048 4
2184.155546031524 1.1419881460400003 	idx: 1 5 3 4 2048 4
2184.155546031524 1.1305682645796002 	idx: 1 5 3 4 2048 4
2184.155546031524 1.1192625819338042 	idx: 1 5 3 4 2048 4
2184.155546031524 1.1080699561144662 	idx: 1 5 3 4 2048 4
2184.155546031524 1.0969892565533215 	idx: 1 5 3 4 2048 4
2184.155546031524 1.0860193639877882 	idx: 1 5 3 4 2048 4
2184.155546031524 1.0751591703479102 	idx: 1 5 3 4 2048 4
2184.155546031524 1.0644075786444311 	idx: 1 5 3 4 2048 4
2184.155546031524 1.0537635028579868 	idx: 1 5 3 4 2048 4
2184.155546031524 1.0432258678294068 	idx: 1 5 3 4 2048 4
2184.155546031524 1.0327936091511127 	idx: 1 5 3 4 2048 4
2184.155546031524 1.0224656730596016 	idx: 1 5 3 4 2048 4
2184.155546031524 1.0122410163290056 	idx: 1 5 3 4 2048 4
2183.8963809653887 1.0021186061657157 	idx: 1 5 3 4 2048 2
###### ACC Parameters ######
cim type:    FPCIM
bus_width:   25.6
macros_row:  5
macros_col:  3
scr:         4
is_size:     2048
os_size:     2
best=2183.8963809653887, area=4878244.185489132 459
vit_large_sl197_FPCIM@ISSCC23_tt_running end at 1757785799.139946
0.766883468434288 100 	idx: 2 3 2 2 128 256
0.7730090896538949 99.0 	idx: 1 3 2 2 128 128
0.7884560729485117 98.01 	idx: 2 2 3 4 128 1024
0.8233592360852184 97.0299 	idx: 4 4 2 4 128 64
1.336500736451948 96.059601 	idx: 2 2 4 4 256 512
0.9467441702146993 95.09900499 	idx: 2 1 4 8 256 1024
1.157063377424412 94.1480149401 	idx: 0 2 3 8 256 256
1.480485971626464 93.206534790699 	idx: 1 5 2 4 512 64
0.9280012143168485 92.27446944279201 	idx: 2 2 2 2 512 256
1.223268137686366 91.35172474836409 	idx: 2 3 3 4 256 128
1.223268137686366 90.43820750088045 	idx: 2 3 3 4 256 128
0.9990614592459108 89.53382542587164 	idx: 2 2 3 2 256 128
0.9122725261546396 88.63848717161292 	idx: 1 6 1 4 512 32
1.4818660776229053 87.75210229989679 	idx: 1 5 2 4 512 16
1.4345977084254702 86.87458127689783 	idx: 1 4 2 4 512 16
1.3276249556235578 86.00583546412885 	idx: 1 3 2 4 512 32
1.5229250850985405 85.14577710948755 	idx: 1 3 3 8 512 64
1.2380378012983664 84.29431933839268 	idx: 1 2 3 4 1024 64
1.3684109932340454 83.45137614500875 	idx: 1 2 4 2 512 64
1.3684109932340454 82.61686238355867 	idx: 1 2 4 2 512 64
0.9762846722316976 81.79069375972308 	idx: 1 1 4 4 256 64
1.0785492024005758 80.97278682212585 	idx: 1 2 4 8 128 32
0.8865312310000478 80.1630589539046 	idx: 3 3 2 16 128 128
0.8866286151542941 79.36142836436555 	idx: 2 2 3 8 128 256
0.8865312310000478 78.56781408072189 	idx: 3 3 2 16 128 128
0.8875366564104115 77.78213593991467 	idx: 3 3 2 8 128 64
0.8890218168302428 77.00431458051553 	idx: 0 3 2 32 128 128
1.1022225799088228 76.23427143471037 	idx: 2 2 3 4 256 256
1.0946539523443346 75.47192872036327 	idx: 2 1 4 8 512 128
1.599770982851606 74.71720943315964 	idx: 3 5 2 8 512 32
1.599770982851606 73.97003733882804 	idx: 3 5 2 8 512 32
1.2534592439152878 73.23033696543976 	idx: 0 4 2 8 256 32
1.2505503923726453 72.49803359578536 	idx: 0 4 2 8 256 64
1.109560138254437 71.7730532598275 	idx: 3 4 1 16 1024 64
1.4604358761941532 71.05532272722922 	idx: 3 3 2 8 512 128
1.599770982851606 70.34476949995693 	idx: 0 5 2 8 512 32
1.0613210356354714 69.64132180495736 	idx: 0 6 1 8 1024 64
1.0613210356354714 68.94490858690779 	idx: 0 6 1 8 1024 64
1.1120804136132265 68.25545950103871 	idx: 0 6 1 16 1024 64
1.105505631640467 67.57290490602833 	idx: 0 6 1 16 1024 128
1.2109622133086728 66.89717585696805 	idx: 3 2 2 8 512 32
1.2109622133086728 66.22820409839836 	idx: 3 2 2 8 512 32
1.037424286421952 65.56592205741438 	idx: 0 4 1 8 1024 256
1.4812084740532163 64.91026283684023 	idx: 0 3 2 16 512 128
1.4812084740532163 64.26116020847184 	idx: 0 3 2 16 512 128
1.2726984758571949 63.618548606387115 	idx: 3 2 2 32 1024 32
1.5000585426595598 62.98236312032324 	idx: 3 3 2 32 512 64
1.199359598974147 62.35253948912001 	idx: 0 2 2 128 512 512
1.199359598974147 61.72901409422881 	idx: 0 2 2 128 512 512
1.2764830176107276 61.11172395328652 	idx: 3 4 2 64 256 16
1.6066474471706491 60.500606713753655 	idx: 3 4 2 64 512 8
0.9518835559962407 59.89560064661612 	idx: 3 3 1 32 512 16
1.0188346779317794 59.29664464014996 	idx: 4 1 4 32 256 4
1.3651940411367158 58.70367819374846 	idx: 4 2 3 32 512 4
1.5737997013137386 58.116641411810974 	idx: 4 3 2 32 1024 8
1.2782566686722678 57.535474997692866 	idx: 3 4 2 64 256 4
1.5248656754234065 56.960120247715935 	idx: 2 3 2 8 1024 128
1.4650985553722242 56.390519045238776 	idx: 2 3 2 8 512 64
1.409071036348719 55.82661385478639 	idx: 0 2 4 64 256 128
1.3276249556235578 55.26834771623852 	idx: 2 3 2 4 512 32
1.0150161552568517 54.71566423907614 	idx: 0 1 4 128 256 64
1.0807705190925252 54.16850759668538 	idx: 2 2 2 4 512 16
1.4305005290390147 53.62682252071853 	idx: 2 3 3 4 512 32
1.2408575232277004 53.09055429551134 	idx: 4 3 2 32 256 4
1.2408575232277004 52.55964875255623 	idx: 4 3 2 32 256 4
1.2408575232277004 52.03405226503067 	idx: 3 3 2 32 256 4
1.2104896931469022 51.51371174238036 	idx: 3 2 3 32 256 2
1.1138896199080777 50.998574624956554 	idx: 4 4 1 16 1024 4
1.1064551144264698 50.488588878706985 	idx: 4 5 1 8 1024 8
1.5888221098773214 49.98370298991991 	idx: 3 3 3 32 512 4
1.43115259603783 49.483865960020715 	idx: 4 4 2 4 512 8
1.657613325999474 48.98902730042051 	idx: 0 2 4 16 512 32
1.421748409835416 48.4991370274163 	idx: 3 2 4 32 256 8
0.9287000278273235 48.01414565714214 	idx: 3 2 3 64 128 8
0.7265476985471863 47.53400420057071 	idx: 3 1 3 32 128 4
0.8772346432542508 47.05866415856501 	idx: 1 1 4 128 128 4
0.8772346432542508 46.58807751697936 	idx: 1 1 4 128 128 4
0.8734128596923669 46.12219674180957 	idx: 3 2 2 16 128 2
1.0333082225758174 45.66097477439147 	idx: 0 2 2 8 256 128
0.6438028782842277 45.20436502664755 	idx: 3 2 1 32 256 4
0.7451901097254338 44.752321376381076 	idx: 3 2 1 32 512 8
0.6939111838041939 44.30479816261727 	idx: 3 1 2 16 256 8
0.6184392950955867 43.861750180991095 	idx: 3 1 2 32 128 16
0.6431424149000919 43.42313267918119 	idx: 3 2 1 32 256 16
1.1015091497352247 42.98890135238938 	idx: 0 2 2 4 1024 128
1.494034389053011 42.559012338865486 	idx: 3 3 2 16 512 16
1.231935101020352 42.133422215476834 	idx: 3 2 2 8 1024 16
1.2380378012983664 41.712087993322065 	idx: 0 2 3 4 1024 64
1.5626176065240203 41.29496711338884 	idx: 3 3 3 16 512 8
1.25899447099622 40.882017442254956 	idx: 3 3 3 8 256 4
1.3332949217118448 40.473197267832404 	idx: 0 3 2 4 512 128
1.3332949217118448 40.06846529515408 	idx: 0 3 2 4 512 128
1.2230426880661416 39.66778064220254 	idx: 0 2 2 8 1024 256
1.465478055499774 39.27110283578051 	idx: 0 3 2 16 512 256
1.465478055499774 38.8783918074227 	idx: 0 3 2 16 512 256
1.465478055499774 38.48960788934848 	idx: 0 3 2 16 512 256
1.5103876643334697 38.104711810454994 	idx: 0 3 2 8 1024 256
1.578057000494335 37.72366469235045 	idx: 0 4 2 16 512 128
1.578057000494335 37.34642804542694 	idx: 0 4 2 16 512 128
1.2157629120029876 36.97296376497267 	idx: 3 5 2 4 256 8
1.2157629120029876 36.60323412732294 	idx: 3 5 2 4 256 8
1.015333310012807 36.23720178604971 	idx: 3 4 2 2 256 8
0.8558106025690598 35.874829768189215 	idx: 0 5 2 16 128 16
0.8558106025690598 35.516081470507324 	idx: 0 5 2 16 128 16
0.8558106025690598 35.16092065580225 	idx: 0 5 2 16 128 16
1.254811303591459 34.80931144924423 	idx: 0 4 2 8 256 16
1.4818660776229053 34.461218334751784 	idx: 0 5 2 4 512 16
1.4818660776229053 34.11660615140427 	idx: 0 5 2 4 512 16
1.2911032006306875 33.775440089890225 	idx: 0 5 2 2 512 32
1.289449341798547 33.43768568899132 	idx: 0 5 2 2 512 16
1.0664548077638913 33.10330883210141 	idx: 4 1 4 4 512 128
0.9994979943856569 32.7722757437804 	idx: 4 1 4 8 256 128
1.288598763154403 32.44455298634259 	idx: 0 5 2 2 512 8
1.288598763154403 32.12010745647917 	idx: 0 5 2 2 512 8
1.4294320508113847 31.798906381914374 	idx: 0 4 2 4 512 4
1.4294320508113847 31.48091731809523 	idx: 0 4 2 4 512 4
1.5250962399938153 31.16610814491428 	idx: 0 3 2 8 1024 4
1.5250962399938153 30.854447063465138 	idx: 0 3 2 8 1024 4
1.428572283235043 30.545902592830487 	idx: 0 4 2 4 512 2
1.428572283235043 30.240443566902183 	idx: 0 4 2 4 512 2
1.0159443301180724 29.93803913123316 	idx: 4 1 5 4 512 256
1.0762646172182477 29.638658739920828 	idx: 4 1 4 8 512 512
1.3214624751044228 29.34227215252162 	idx: 0 3 2 4 512 4
1.034885881042278 29.048849430996402 	idx: 0 2 2 8 256 2
1.2109758327694984 28.758360936686437 	idx: 0 2 2 8 512 2
1.2299273797295074 28.47077732731957 	idx: 4 2 4 2 256 512
1.2439840044116086 28.186069554046373 	idx: 4 2 5 4 256 256
1.2439840044116086 27.90420885850591 	idx: 4 2 5 4 256 256
1.2299273797295074 27.625166769920853 	idx: 4 2 4 2 256 512
1.2299273797295074 27.348915102221643 	idx: 4 2 4 2 256 512
1.2299273797295074 27.075425951199424 	idx: 4 2 4 2 256 512
1.2299273797295074 26.804671691687428 	idx: 4 2 4 2 256 512
1.2844610432975485 26.536624974770554 	idx: 0 2 5 16 256 4
1.1828830316025347 26.271258725022847 	idx: 4 3 3 4 256 512
1.5066360500461309 26.00854613777262 	idx: 4 3 3 8 512 256
1.5066360500461309 25.748460676394892 	idx: 4 3 3 8 512 256
1.4319649273772859 25.490976069630943 	idx: 4 4 2 4 512 256
1.4319649273772859 25.23606630893463 	idx: 4 4 2 4 512 256
1.4319649273772859 24.983705645845284 	idx: 4 4 2 4 512 256
1.1338004873461678 24.73386858938683 	idx: 4 4 2 4 256 512
1.0982446503640964 24.48652990349296 	idx: 0 2 5 2 256 2
1.366012339408096 24.24166460445803 	idx: 0 2 4 4 256 4
1.094535438347537 23.99924795841345 	idx: 0 3 4 4 128 4
1.094535438347537 23.759255478829314 	idx: 0 3 4 4 128 4
1.1092351485528416 23.52166292404102 	idx: 4 2 2 4 1024 512
1.1092351485528416 23.28644629480061 	idx: 4 2 2 4 1024 512
0.9489451033893763 23.053581831852604 	idx: 0 3 2 2 256 4
0.9526063537301046 22.82304601353408 	idx: 4 2 2 4 256 256
0.8866286151542941 22.59481555339874 	idx: 4 2 3 8 128 256
0.8866286151542941 22.36886739786475 	idx: 4 2 3 8 128 256
0.900012830324173 22.145178723886104 	idx: 4 2 3 8 128 128
0.806069807204283 21.923726936647242 	idx: 4 2 2 4 128 128
0.962042563679008 21.704489667280768 	idx: 0 2 3 2 256 2
1.1115039078063629 21.48744477060796 	idx: 0 3 2 4 256 2
1.0788791482476292 21.27257032290188 	idx: 0 2 2 4 512 4
1.0788791482476292 21.059844619672862 	idx: 0 2 2 4 512 4
1.4141776837785507 20.849246173476132 	idx: 0 3 3 4 512 8
1.4141776837785507 20.64075371174137 	idx: 0 3 3 4 512 8
1.4678892019605103 20.434346174623958 	idx: 0 3 2 8 512 16
1.4678892019605103 20.230002712877717 	idx: 0 3 2 8 512 16
1.5661682314518368 20.027702685748938 	idx: 0 4 2 8 512 8
1.5661682314518368 19.82742565889145 	idx: 0 4 2 8 512 8
1.5661682314518368 19.629151402302536 	idx: 0 4 2 8 512 8
1.2121714283470622 19.43285988827951 	idx: 4 3 2 8 256 64
1.2121714283470622 19.238531289396715 	idx: 4 3 2 8 256 64
1.5926077589329521 19.046145976502746 	idx: 0 4 2 16 512 16
1.5926077589329521 18.855684516737718 	idx: 0 4 2 16 512 16
1.5888455570099171 18.66712767157034 	idx: 0 3 3 32 512 8
1.5888455570099171 18.480456394854638 	idx: 0 3 3 32 512 8
1.26920788337787 18.295651830906092 	idx: 0 4 2 16 256 16
1.3123542229113614 18.11269531259703 	idx: 4 5 2 32 256 32
1.3123542229113614 17.931568359471058 	idx: 4 5 2 32 256 32
1.0442201244995177 17.752252675876345 	idx: 4 4 1 16 512 32
1.5972644826582245 17.57473014911758 	idx: 4 4 2 32 512 64
1.5972644826582245 17.398982847626407 	idx: 4 4 2 32 512 64
1.5972644826582245 17.22499301915014 	idx: 4 4 2 32 512 64
1.109560138254437 17.05274308895864 	idx: 4 4 1 16 1024 64
1.5045351863340364 16.882215658069054 	idx: 4 3 2 32 512 32
1.6466525839020378 16.713393501488362 	idx: 0 2 4 16 512 128
1.6466525839020378 16.546259566473477 	idx: 0 2 4 16 512 128
1.6466525839020378 16.380796970808742 	idx: 0 2 4 16 512 128
1.2121714283470622 16.216989001100654 	idx: 4 3 2 8 256 64
1.083161680563959 16.054819111089646 	idx: 4 2 2 4 512 32
1.083161680563959 15.89427091997875 	idx: 4 2 2 4 512 32
1.1209014640382433 15.735328210778961 	idx: 4 3 3 2 256 64
1.0785492024005758 15.577974928671171 	idx: 0 2 4 8 128 32
1.3301061649153816 15.42219517938446 	idx: 4 3 2 4 512 64
1.3301061649153816 15.267973227590614 	idx: 4 3 2 4 512 64
0.922242391730304 15.115293495314708 	idx: 0 1 5 4 256 32
1.2159742531629436 14.96414056036156 	idx: 4 5 2 4 256 16
0.8493996171040729 14.814499154757945 	idx: 0 1 6 16 128 64
0.8493996171040729 14.666354163210364 	idx: 0 1 6 16 128 64
0.9541811778043028 14.519690621578262 	idx: 0 1 5 16 256 32
1.4821037671391772 14.374493715362478 	idx: 4 5 2 4 512 4
1.4821037671391772 14.230748778208852 	idx: 4 5 2 4 512 4
0.8229156456080615 14.088441290426763 	idx: 0 4 2 4 128 32
1.43115259603783 13.947556877522496 	idx: 4 4 2 4 512 8
1.43115259603783 13.808081308747271 	idx: 4 4 2 4 512 8
1.43115259603783 13.670000495659798 	idx: 4 4 2 4 512 8
1.2881461573616195 13.5333004907032 	idx: 4 5 2 2 512 4
1.2881461573616195 13.397967485796167 	idx: 4 5 2 2 512 4
1.2881461573616195 13.263987810938206 	idx: 4 5 2 2 512 4
1.3261672905702107 13.131347932828824 	idx: 0 3 2 4 512 16
1.3261672905702107 13.000034453500536 	idx: 0 3 2 4 512 16
1.3261672905702107 12.87003410896553 	idx: 0 3 2 4 512 16
1.4305005290390147 12.741333767875876 	idx: 0 3 3 4 512 32
1.4305005290390147 12.613920430197117 	idx: 0 3 3 4 512 32
1.3276249556235578 12.487781225895146 	idx: 0 3 2 4 512 32
1.4208961589160647 12.362903413636195 	idx: 1 2 4 32 256 16
1.4208961589160647 12.239274379499832 	idx: 1 2 4 32 256 16
1.4208961589160647 12.116881635704834 	idx: 1 2 4 32 256 16
1.6603763491662626 11.995712819347785 	idx: 1 2 4 64 512 8
1.6603763491662626 11.875755691154307 	idx: 1 2 4 64 512 8
1.6603763491662626 11.756998134242764 	idx: 1 2 4 64 512 8
1.6603763491662626 11.639428152900336 	idx: 1 2 4 64 512 8
1.6603763491662626 11.523033871371332 	idx: 1 2 4 64 512 8
1.2892590115894356 11.407803532657619 	idx: 1 2 5 32 256 16
1.2892590115894356 11.293725497331042 	idx: 1 2 5 32 256 16
1.2892590115894356 11.180788242357732 	idx: 1 2 5 32 256 16
1.2892590115894356 11.068980359934155 	idx: 1 2 5 32 256 16
1.117432347123094 10.958290556334813 	idx: 1 1 4 64 512 32
1.5835746642802804 10.848707650771464 	idx: 4 2 4 4 512 16
1.6334317112255474 10.74022057426375 	idx: 4 2 4 8 512 16
1.5843564022370367 10.632818368521113 	idx: 4 2 4 4 512 32
1.5843564022370367 10.526490184835902 	idx: 4 2 4 4 512 32
1.5843564022370367 10.421225282987542 	idx: 4 2 4 4 512 32
1.5843564022370367 10.317013030157668 	idx: 4 2 4 4 512 32
1.5843564022370367 10.213842899856092 	idx: 4 2 4 4 512 32
1.5843564022370367 10.11170447085753 	idx: 4 2 4 4 512 32
1.5843564022370367 10.010587426148955 	idx: 4 2 4 4 512 32
1.3250423772800233 9.910481551887466 	idx: 4 2 3 8 1024 64
1.3250423772800233 9.811376736368592 	idx: 4 2 3 8 1024 64
1.2023772903830128 9.713262969004907 	idx: 0 2 2 8 512 256
1.2023772903830128 9.616130339314857 	idx: 0 2 2 8 512 256
1.2023772903830128 9.519969035921708 	idx: 0 2 2 8 512 256
1.6603763491662626 9.42476934556249 	idx: 4 2 4 32 512 8
1.6603763491662626 9.330521652106865 	idx: 4 2 4 32 512 8
1.6603763491662626 9.237216435585797 	idx: 4 2 4 32 512 8
1.6603763491662626 9.144844271229939 	idx: 4 2 4 32 512 8
1.6594543185466053 9.053395828517639 	idx: 4 2 4 64 512 16
1.6594543185466053 8.962861870232462 	idx: 4 2 4 64 512 16
1.6594543185466053 8.873233251530138 	idx: 4 2 4 64 512 16
1.6594543185466053 8.784500919014837 	idx: 4 2 4 64 512 16
1.6594543185466053 8.696655909824688 	idx: 4 2 4 64 512 16
1.6594543185466053 8.609689350726441 	idx: 4 2 4 64 512 16
1.6594543185466053 8.523592457219177 	idx: 4 2 4 64 512 16
1.6594543185466053 8.438356532646985 	idx: 4 2 4 64 512 16
1.6594543185466053 8.353972967320516 	idx: 4 2 4 64 512 16
1.6594543185466053 8.27043323764731 	idx: 4 2 4 64 512 16
1.6594543185466053 8.187728905270838 	idx: 4 2 4 64 512 16
1.6594543185466053 8.105851616218128 	idx: 4 2 4 64 512 16
1.6594543185466053 8.024793100055946 	idx: 4 2 4 64 512 16
1.6594543185466053 7.944545169055387 	idx: 4 2 4 64 512 16
1.6594543185466053 7.865099717364833 	idx: 4 2 4 64 512 16
1.6603763491662626 7.786448720191185 	idx: 4 2 4 64 512 8
1.6603763491662626 7.708584232989273 	idx: 4 2 4 64 512 8
1.6603763491662626 7.63149839065938 	idx: 4 2 4 64 512 8
1.4845650185572579 7.5551834067527865 	idx: 0 2 5 4 512 64
1.5862408536427908 7.479631572685259 	idx: 0 2 4 4 512 128
1.5862408536427908 7.404835256958406 	idx: 0 2 4 4 512 128
1.5862408536427908 7.330786904388821 	idx: 0 2 4 4 512 128
1.5862408536427908 7.257479035344933 	idx: 0 2 4 4 512 128
1.5862408536427908 7.1849042449914835 	idx: 0 2 4 4 512 128
1.5862408536427908 7.1130552025415685 	idx: 0 2 4 4 512 128
1.5862408536427908 7.041924650516153 	idx: 0 2 4 4 512 128
1.5862408536427908 6.971505404010991 	idx: 0 2 4 4 512 128
1.5862408536427908 6.901790349970882 	idx: 0 2 4 4 512 128
1.6260684584170435 6.832772446471173 	idx: 1 2 4 8 512 128
1.5862408536427908 6.764444722006462 	idx: 0 2 4 4 512 128
1.5726296038718501 6.696800274786397 	idx: 4 3 2 64 1024 16
1.5726296038718501 6.6298322720385325 	idx: 4 3 2 64 1024 16
1.5726296038718501 6.563533949318147 	idx: 4 3 2 64 1024 16
1.5726296038718501 6.497898609824966 	idx: 4 3 2 64 1024 16
1.6334317112255474 6.432919623726716 	idx: 0 2 4 8 512 16
1.503299453206175 6.3685904274894485 	idx: 0 2 5 8 512 8
1.503299453206175 6.304904523214554 	idx: 0 2 5 8 512 8
1.503299453206175 6.2418554779824085 	idx: 0 2 5 8 512 8
1.503299453206175 6.1794369232025845 	idx: 0 2 5 8 512 8
1.503299453206175 6.117642553970558 	idx: 0 2 5 8 512 8
1.5066360500461309 6.056466128430853 	idx: 1 3 3 8 512 256
1.4459758625384813 5.9959014671465445 	idx: 1 3 3 4 512 128
1.5079135496202292 5.935942452475079 	idx: 4 3 2 128 512 8
1.6073218790023596 5.8765830279503275 	idx: 4 4 2 64 512 4
1.6073218790023596 5.817817197670824 	idx: 4 4 2 64 512 4
1.6073218790023596 5.759639025694116 	idx: 4 4 2 64 512 4
1.6073218790023596 5.7020426354371745 	idx: 4 4 2 64 512 4
1.6073218790023596 5.645022209082803 	idx: 4 4 2 64 512 4
1.6073218790023596 5.588571986991974 	idx: 4 4 2 64 512 4
1.6073218790023596 5.532686267122054 	idx: 4 4 2 64 512 4
1.6073218790023596 5.477359404450834 	idx: 4 4 2 64 512 4
1.6073218790023596 5.422585810406325 	idx: 4 4 2 64 512 4
1.6073218790023596 5.368359952302262 	idx: 4 4 2 64 512 4
1.6073218790023596 5.314676352779239 	idx: 4 4 2 64 512 4
1.6073218790023596 5.261529589251447 	idx: 4 4 2 64 512 4
1.6073218790023596 5.208914293358933 	idx: 4 4 2 32 512 4
1.6073218790023596 5.156825150425344 	idx: 4 4 2 64 512 4
1.6073218790023596 5.10525689892109 	idx: 4 4 2 64 512 4
1.6073218790023596 5.0542043299318795 	idx: 4 4 2 64 512 4
1.6073218790023596 5.003662286632561 	idx: 4 4 2 64 512 4
1.6073218790023596 4.953625663766235 	idx: 4 4 2 64 512 4
1.6073218790023596 4.9040894071285726 	idx: 4 4 2 64 512 4
1.6073218790023596 4.8550485130572865 	idx: 4 4 2 64 512 4
1.6073218790023596 4.806498027926714 	idx: 4 4 2 64 512 4
1.6073218790023596 4.758433047647447 	idx: 4 4 2 64 512 4
1.6066474471706491 4.710848717170973 	idx: 4 4 2 64 512 8
1.6066474471706491 4.663740229999263 	idx: 4 4 2 64 512 8
1.6066474471706491 4.61710282769927 	idx: 4 4 2 64 512 8
1.6066474471706491 4.570931799422278 	idx: 4 4 2 64 512 8
1.6066474471706491 4.525222481428055 	idx: 4 4 2 64 512 8
1.6066474471706491 4.4799702566137745 	idx: 4 4 2 64 512 8
1.6066474471706491 4.4351705540476365 	idx: 4 4 2 64 512 8
1.6066474471706491 4.39081884850716 	idx: 4 4 2 64 512 8
1.6066474471706491 4.346910660022088 	idx: 4 4 2 64 512 8
1.6066474471706491 4.303441553421867 	idx: 4 4 2 64 512 8
1.593481959882509 4.260407137887648 	idx: 0 4 2 16 512 4
1.593481959882509 4.217803066508771 	idx: 0 4 2 16 512 4
1.5936273551202507 4.175625035843683 	idx: 0 4 2 16 512 2
1.5936273551202507 4.133868785485246 	idx: 0 4 2 16 512 2
1.5936273551202507 4.0925300976303935 	idx: 0 4 2 16 512 2
1.5936273551202507 4.05160479665409 	idx: 0 4 2 16 512 2
1.5828954321096893 4.011088748687548 	idx: 3 2 4 4 512 4
1.5888221098773214 3.970977861200673 	idx: 4 3 3 32 512 4
1.5888221098773214 3.9312680825886663 	idx: 4 3 3 32 512 4
1.5828954321096893 3.8919554017627798 	idx: 3 2 4 4 512 4
1.5828954321096893 3.853035847745152 	idx: 3 2 4 4 512 4
1.5828954321096893 3.8145054892677006 	idx: 3 2 4 4 512 4
1.5828954321096893 3.7763604343750234 	idx: 3 2 4 4 512 4
1.5828954321096893 3.7385968300312733 	idx: 3 2 4 4 512 4
1.5828954321096893 3.7012108617309605 	idx: 3 2 4 4 512 4
1.5828954321096893 3.664198753113651 	idx: 3 2 4 4 512 4
1.5828954321096893 3.6275567655825145 	idx: 3 2 4 4 512 4
1.6466525839020378 3.591281197926689 	idx: 1 2 4 16 512 128
1.6466525839020378 3.555368385947422 	idx: 1 2 4 16 512 128
1.630546880163882 3.519814702087948 	idx: 1 2 4 8 512 64
1.5877039625809055 3.4846165550670687 	idx: 2 4 2 16 512 64
1.5877039625809055 3.449770389516398 	idx: 2 4 2 16 512 64
1.630546880163882 3.415272685621234 	idx: 1 2 4 8 512 64
1.630546880163882 3.3811199587650216 	idx: 1 2 4 8 512 64
1.630546880163882 3.347308759177371 	idx: 1 2 4 8 512 64
1.630546880163882 3.3138356715855974 	idx: 1 2 4 8 512 64
1.630546880163882 3.2806973148697414 	idx: 1 2 4 8 512 64
1.630546880163882 3.247890341721044 	idx: 1 2 4 8 512 64
1.630546880163882 3.2154114383038332 	idx: 1 2 4 8 512 64
1.630546880163882 3.183257323920795 	idx: 1 2 4 8 512 64
1.630546880163882 3.1514247506815867 	idx: 1 2 4 8 512 64
1.630546880163882 3.1199105031747707 	idx: 1 2 4 8 512 64
1.630546880163882 3.088711398143023 	idx: 1 2 4 8 512 64
1.630546880163882 3.0578242841615926 	idx: 1 2 4 8 512 64
1.630546880163882 3.0272460413199767 	idx: 1 2 4 8 512 64
1.630546880163882 2.996973580906777 	idx: 1 2 4 8 512 64
1.630546880163882 2.967003845097709 	idx: 1 2 4 8 512 64
1.630546880163882 2.9373338066467323 	idx: 1 2 4 8 512 64
1.6341909432976536 2.907960468580265 	idx: 3 2 4 8 512 2
1.6341909432976536 2.8788808638944623 	idx: 3 2 4 8 512 2
1.6608377488087749 2.8500920552555176 	idx: 3 2 4 16 512 4
1.6608377488087749 2.8215911347029623 	idx: 3 2 4 16 512 4
1.6608377488087749 2.7933752233559326 	idx: 3 2 4 16 512 4
1.6608377488087749 2.765441471122373 	idx: 3 2 4 16 512 4
1.6608377488087749 2.7377870564111495 	idx: 3 2 4 16 512 4
1.6608377488087749 2.710409185847038 	idx: 3 2 4 16 512 4
1.6608377488087749 2.6833050939885674 	idx: 3 2 4 16 512 4
1.6608377488087749 2.656472043048682 	idx: 3 2 4 16 512 4
1.6608377488087749 2.629907322618195 	idx: 3 2 4 16 512 4
1.6610685448066658 2.603608249392013 	idx: 3 2 4 32 512 2
1.6610685448066658 2.577572166898093 	idx: 3 2 4 32 512 2
1.6610685448066658 2.551796445229112 	idx: 3 2 4 32 512 2
1.6610685448066658 2.526278480776821 	idx: 3 2 4 32 512 2
1.6610685448066658 2.501015695969053 	idx: 3 2 4 32 512 2
1.6610685448066658 2.4760055390093623 	idx: 3 2 4 32 512 2
1.6610685448066658 2.4512454836192688 	idx: 3 2 4 32 512 2
1.6610685448066658 2.426733028783076 	idx: 3 2 4 32 512 2
1.6608377488087749 2.402465698495245 	idx: 3 2 4 16 512 4
1.6608377488087749 2.3784410415102926 	idx: 3 2 4 16 512 4
1.6608377488087749 2.3546566310951897 	idx: 3 2 4 16 512 4
1.6608377488087749 2.3311100647842378 	idx: 3 2 4 16 512 4
1.6608377488087749 2.307798964136395 	idx: 3 2 4 16 512 4
1.6608377488087749 2.2847209744950314 	idx: 3 2 4 32 512 4
1.6608377488087749 2.261873764750081 	idx: 3 2 4 32 512 4
1.6608377488087749 2.23925502710258 	idx: 3 2 4 32 512 4
1.6608377488087749 2.2168624768315546 	idx: 3 2 4 32 512 4
1.6608377488087749 2.194693852063239 	idx: 3 2 4 32 512 4
1.6608377488087749 2.1727469135426065 	idx: 3 2 4 32 512 4
1.6608377488087749 2.1510194444071806 	idx: 3 2 4 32 512 4
1.6608377488087749 2.129509249963109 	idx: 3 2 4 32 512 4
1.6608377488087749 2.108214157463478 	idx: 3 2 4 32 512 4
1.6608377488087749 2.087132015888843 	idx: 3 2 4 32 512 4
1.6608377488087749 2.0662606957299547 	idx: 3 2 4 32 512 4
1.6608377488087749 2.045598088772655 	idx: 3 2 4 32 512 4
1.6610685448066658 2.0251421078849283 	idx: 3 2 4 32 512 2
1.6610685448066658 2.004890686806079 	idx: 3 2 4 32 512 2
1.6610685448066658 1.9848417799380185 	idx: 3 2 4 32 512 2
1.6610685448066658 1.9649933621386382 	idx: 3 2 4 32 512 2
1.6610685448066658 1.9453434285172517 	idx: 3 2 4 32 512 2
1.6610685448066658 1.9258899942320793 	idx: 3 2 4 32 512 2
1.6610685448066658 1.9066310942897584 	idx: 3 2 4 32 512 2
1.6610685448066658 1.8875647833468607 	idx: 3 2 4 32 512 2
1.6610685448066658 1.868689135513392 	idx: 3 2 4 32 512 2
1.6610685448066658 1.8500022441582582 	idx: 3 2 4 32 512 2
1.6610685448066658 1.8315022217166756 	idx: 3 2 4 32 512 2
1.6610685448066658 1.8131871994995088 	idx: 3 2 4 32 512 2
1.6610685448066658 1.7950553275045138 	idx: 3 2 4 32 512 2
1.6610685448066658 1.7771047742294686 	idx: 3 2 4 32 512 2
1.6610685448066658 1.7593337264871738 	idx: 3 2 4 32 512 2
1.6610685448066658 1.741740389222302 	idx: 3 2 4 32 512 2
1.6610685448066658 1.724322985330079 	idx: 3 2 4 32 512 2
1.6610685448066658 1.7070797554767783 	idx: 3 2 4 32 512 2
1.6610685448066658 1.6900089579220106 	idx: 3 2 4 32 512 2
1.6610685448066658 1.6731088683427904 	idx: 3 2 4 64 512 2
1.6610685448066658 1.6563777796593624 	idx: 3 2 4 64 512 2
1.6610685448066658 1.6398140018627687 	idx: 3 2 4 64 512 2
1.6610685448066658 1.623415861844141 	idx: 3 2 4 64 512 2
1.6610685448066658 1.6071817032256996 	idx: 3 2 4 64 512 2
1.6610685448066658 1.5911098861934427 	idx: 3 2 4 64 512 2
1.6610685448066658 1.5751987873315083 	idx: 3 2 4 64 512 2
1.6610685448066658 1.5594467994581933 	idx: 3 2 4 64 512 2
1.6610685448066658 1.5438523314636114 	idx: 3 2 4 64 512 2
1.6610685448066658 1.5284138081489753 	idx: 3 2 4 64 512 2
1.6610685448066658 1.5131296700674854 	idx: 3 2 4 64 512 2
1.6610685448066658 1.4979983733668105 	idx: 3 2 4 32 512 2
1.6610685448066658 1.4830183896331424 	idx: 3 2 4 32 512 2
1.6610685448066658 1.468188205736811 	idx: 3 2 4 32 512 2
1.6610685448066658 1.4535063236794428 	idx: 3 2 4 32 512 2
1.6610685448066658 1.4389712604426483 	idx: 3 2 4 32 512 2
1.6610685448066658 1.4245815478382218 	idx: 3 2 4 32 512 2
1.6610685448066658 1.4103357323598396 	idx: 3 2 4 16 512 2
1.6610685448066658 1.396232375036241 	idx: 3 2 4 16 512 2
1.6610685448066658 1.3822700512858788 	idx: 3 2 4 32 512 2
1.6610685448066658 1.36844735077302 	idx: 3 2 4 32 512 2
1.6610685448066658 1.3547628772652898 	idx: 3 2 4 32 512 2
1.6610685448066658 1.341215248492637 	idx: 3 2 4 32 512 2
1.6610685448066658 1.3278030960077105 	idx: 3 2 4 32 512 2
1.6610685448066658 1.3145250650476334 	idx: 3 2 4 32 512 2
1.6610685448066658 1.301379814397157 	idx: 3 2 4 32 512 2
1.6610685448066658 1.2883660162531856 	idx: 3 2 4 64 512 2
1.6610685448066658 1.2754823560906536 	idx: 3 2 4 64 512 2
1.6610685448066658 1.2627275325297471 	idx: 3 2 4 64 512 2
1.6608377488087749 1.2501002572044497 	idx: 3 2 4 32 512 4
1.6608377488087749 1.2375992546324053 	idx: 3 2 4 32 512 4
1.6608377488087749 1.2252232620860812 	idx: 3 2 4 32 512 4
1.6608377488087749 1.2129710294652205 	idx: 3 2 4 32 512 4
1.6608377488087749 1.2008413191705682 	idx: 3 2 4 32 512 4
1.6608377488087749 1.1888329059788625 	idx: 3 2 4 32 512 4
1.6608377488087749 1.1769445769190738 	idx: 3 2 4 32 512 4
1.6608377488087749 1.165175131149883 	idx: 3 2 4 32 512 4
1.6608377488087749 1.1535233798383842 	idx: 3 2 4 32 512 4
1.6603763491662626 1.1419881460400003 	idx: 0 2 4 16 512 8
1.6603763491662626 1.1305682645796002 	idx: 0 2 4 16 512 8
1.6603763491662626 1.1192625819338042 	idx: 0 2 4 16 512 8
1.6603763491662626 1.1080699561144662 	idx: 0 2 4 16 512 8
1.6603763491662626 1.0969892565533215 	idx: 0 2 4 16 512 8
1.6603763491662626 1.0860193639877882 	idx: 0 2 4 16 512 8
1.6603763491662626 1.0751591703479102 	idx: 0 2 4 16 512 8
1.6603763491662626 1.0644075786444311 	idx: 0 2 4 16 512 8
1.6603763491662626 1.0537635028579868 	idx: 0 2 4 16 512 8
1.6603763491662626 1.0432258678294068 	idx: 0 2 4 16 512 8
1.6603763491662626 1.0327936091511127 	idx: 0 2 4 16 512 8
1.6603763491662626 1.0224656730596016 	idx: 0 2 4 16 512 8
1.6603763491662626 1.0122410163290056 	idx: 0 2 4 16 512 8
1.6603763491662626 1.0021186061657157 	idx: 0 2 4 16 512 8
###### ACC Parameters ######
cim type:    LccCIM
bus_width:   25.6
macros_row:  2
macros_col:  4
scr:         16
is_size:     512
os_size:     8
best=1.6603763491662626, area=4259103.539621072 459
vit_large_sl197_LCC-CIM@ISSCC20_ee_running start at 1757786974.6998415
0.9802173594195105 100 	idx: 3 2 2 2 128 128
2.1309879227975617 99.0 	idx: 2 5 2 4 256 128
1.368843256854058 98.01 	idx: 0 2 3 8 128 32
1.418545334356161 97.0299 	idx: 0 2 2 16 256 16
1.6903975875009 96.059601 	idx: 2 4 2 4 256 64
2.115231651015528 95.09900499 	idx: 2 5 2 4 128 32
1.8257934775533717 94.1480149401 	idx: 3 2 4 4 256 128
2.3641543850117954 93.206534790699 	idx: 2 5 2 8 64 128
1.882568112826385 92.27446944279201 	idx: 2 4 2 16 128 256
2.4163426474258833 91.35172474836409 	idx: 0 3 4 8 128 32
2.4163426474258833 90.43820750088045 	idx: 0 3 4 8 128 32
2.067589248844398 89.53382542587164 	idx: 0 4 3 8 128 16
1.9353504143229545 88.63848717161292 	idx: 1 2 4 16 512 8
1.9353504143229545 87.75210229989679 	idx: 1 2 4 16 512 8
2.333987582319317 86.87458127689783 	idx: 4 3 4 4 32 4
2.4186086764489376 86.00583546412885 	idx: 4 3 4 8 64 4
2.4667083942550745 85.14577710948755 	idx: 4 3 4 16 128 4
1.9471719889096428 84.29431933839268 	idx: 1 4 2 64 256 8
1.8876358949454686 83.45137614500875 	idx: 4 2 4 8 32 4
1.9471719889096428 82.61686238355867 	idx: 1 4 2 64 256 8
1.9361120535712666 81.79069375972308 	idx: 1 3 3 64 128 8
1.8079953293577997 80.97278682212585 	idx: 4 2 5 4 64 2
1.8135215240380618 80.1630589539046 	idx: 0 3 2 64 512 64
1.9066593219180494 79.36142836436555 	idx: 3 9 1 16 64 64
1.9066593219180494 78.56781408072189 	idx: 3 9 1 16 64 64
1.80641640519774 77.78213593991467 	idx: 3 10 1 16 64 32
1.8123161339389688 77.00431458051553 	idx: 3 10 1 16 128 32
1.7848526409411631 76.23427143471037 	idx: 3 9 1 8 64 32
1.6890479209973792 75.47192872036327 	idx: 3 10 1 8 64 32
1.5269926959326174 74.71720943315964 	idx: 2 2 3 32 512 128
1.6001536969147263 73.97003733882804 	idx: 3 11 1 8 16 8
1.6883138542897025 73.23033696543976 	idx: 3 10 1 8 32 16
2.0603212173934735 72.49803359578536 	idx: 2 2 4 64 512 128
2.0603212173934735 71.7730532598275 	idx: 2 2 4 64 512 128
1.9067005800827672 71.05532272722922 	idx: 3 9 1 16 16 16
1.8210867877974293 70.34476949995693 	idx: 4 3 2 32 512 4
1.8210867877974293 69.64132180495736 	idx: 4 3 2 32 512 4
1.8210867877974293 68.94490858690779 	idx: 4 3 2 32 512 4
1.8658614972801528 68.25545950103871 	idx: 4 3 3 16 512 2
1.9089603223029143 67.57290490602833 	idx: 3 9 1 16 32 8
1.5551214400641569 66.89717585696805 	idx: 3 8 1 32 64 4
2.0910435208620277 66.22820409839836 	idx: 1 2 4 64 512 16
1.898524092339543 65.56592205741438 	idx: 1 2 5 32 256 32
2.130594134721441 64.91026283684023 	idx: 1 2 4 64 128 16
1.9295277233805905 64.26116020847184 	idx: 1 2 4 32 256 32
1.8926181420007737 63.618548606387115 	idx: 4 3 3 32 128 4
2.2487826994283915 62.98236312032324 	idx: 3 6 2 16 32 8
2.2487826994283915 62.35253948912001 	idx: 3 6 2 16 32 8
2.3676129026124184 61.72901409422881 	idx: 4 5 2 8 32 2
2.1035114731495073 61.11172395328652 	idx: 1 2 4 64 256 64
2.4158536676954854 60.500606713753655 	idx: 3 5 2 16 16 4
2.4158536676954854 59.89560064661612 	idx: 3 5 2 16 16 4
2.112587114929406 59.29664464014996 	idx: 1 2 4 64 256 32
1.6349167213423583 58.70367819374846 	idx: 1 2 3 128 256 64
1.6349167213423583 58.116641411810974 	idx: 1 2 3 128 256 64
1.6068636181732532 57.535474997692866 	idx: 0 3 2 32 256 1024
1.6407804923414098 56.960120247715935 	idx: 2 2 3 128 16 128
1.4545652654463859 56.390519045238776 	idx: 2 2 3 64 8 128
1.9154184873173328 55.82661385478639 	idx: 2 2 4 32 16 128
1.9154184873173328 55.26834771623852 	idx: 2 2 4 32 16 128
1.9208286432954769 54.71566423907614 	idx: 2 2 4 32 16 64
1.91008185533246 54.16850759668538 	idx: 2 2 5 32 32 64
2.1430371858083883 53.62682252071853 	idx: 2 2 4 64 16 32
1.9476396742096953 53.09055429551134 	idx: 2 3 3 64 16 32
2.1336046217101488 52.55964875255623 	idx: 2 2 4 64 16 64
1.9224090793847142 52.03405226503067 	idx: 2 2 4 32 32 32
1.8466257365037322 51.51371174238036 	idx: 2 3 3 16 32 64
2.3627768094342043 50.998574624956554 	idx: 3 5 2 8 4 8
2.4133178952167484 50.488588878706985 	idx: 3 5 2 16 8 16
1.8961448677906052 49.98370298991991 	idx: 3 4 2 32 4 32
1.8961448677906052 49.483865960020715 	idx: 3 4 2 32 4 32
1.3965974258508533 48.98902730042051 	idx: 1 2 2 256 16 8
1.269551843615315 48.4991370274163 	idx: 4 8 1 4 128 8
2.410601074216706 48.01414565714214 	idx: 3 5 2 16 2 32
2.410601074216706 47.53400420057071 	idx: 3 5 2 16 2 32
2.198422676290534 47.05866415856501 	idx: 3 6 2 8 4 16
2.198422676290534 46.58807751697936 	idx: 3 6 2 8 4 16
2.198422676290534 46.12219674180957 	idx: 3 6 2 8 4 16
2.198422676290534 45.66097477439147 	idx: 3 6 2 8 4 16
2.198422676290534 45.20436502664755 	idx: 3 6 2 8 4 16
2.198422676290534 44.752321376381076 	idx: 3 6 2 8 4 16
1.8819872577444419 44.30479816261727 	idx: 0 2 4 8 64 128
2.4307570999409314 43.861750180991095 	idx: 4 5 2 16 128 16
2.3794533107947218 43.42313267918119 	idx: 4 5 2 8 128 16
1.8911196153046552 42.98890135238938 	idx: 4 4 2 16 64 16
2.198790520252683 42.559012338865486 	idx: 3 6 2 8 2 8
2.198790520252683 42.133422215476834 	idx: 3 6 2 8 2 8
2.198790520252683 41.712087993322065 	idx: 3 6 2 8 2 8
2.198422676290534 41.29496711338884 	idx: 3 6 2 8 4 16
1.9539548276059684 40.882017442254956 	idx: 3 6 2 4 8 32
1.9539548276059684 40.473197267832404 	idx: 3 6 2 4 8 32
1.9539548276059684 40.06846529515408 	idx: 3 6 2 4 8 32
2.3641336284107584 39.66778064220254 	idx: 3 5 2 8 16 16
2.2455717104199038 39.27110283578051 	idx: 3 6 2 16 8 16
2.2455717104199038 38.8783918074227 	idx: 3 6 2 16 8 16
1.9353504143229545 38.48960788934848 	idx: 4 2 4 16 512 8
2.4168071033698015 38.104711810454994 	idx: 0 3 4 8 64 32
2.4168071033698015 37.72366469235045 	idx: 0 3 4 8 64 32
1.8552439112842296 37.34642804542694 	idx: 2 3 3 32 4 512
2.442633965135767 36.97296376497267 	idx: 1 5 2 64 32 16
2.442633965135767 36.60323412732294 	idx: 1 5 2 64 32 16
2.4398643545689818 36.23720178604971 	idx: 1 5 2 64 16 16
2.4398643545689818 35.874829768189215 	idx: 1 5 2 64 16 16
1.9008347938534675 35.516081470507324 	idx: 1 4 2 64 16 16
1.9008347938534675 35.16092065580225 	idx: 1 4 2 64 16 16
2.0358981269762975 34.80931144924423 	idx: 4 4 2 32 512 8
2.4379273696008767 34.461218334751784 	idx: 1 5 2 32 16 32
1.9539548276059684 34.11660615140427 	idx: 3 6 2 4 8 32
2.1950938393606845 33.775440089890225 	idx: 3 6 2 8 8 64
2.4436037317025368 33.43768568899132 	idx: 1 5 2 32 32 8
2.4436037317025368 33.10330883210141 	idx: 1 5 2 32 32 8
2.4436037317025368 32.7722757437804 	idx: 1 5 2 32 32 8
2.4436037317025368 32.44455298634259 	idx: 1 5 2 32 32 8
2.4436037317025368 32.12010745647917 	idx: 1 5 2 32 32 8
2.4436037317025368 31.798906381914374 	idx: 1 5 2 32 32 8
2.3935369103652584 31.48091731809523 	idx: 4 5 2 8 256 16
2.3548959420072415 31.16610814491428 	idx: 3 5 2 8 4 128
2.3548959420072415 30.854447063465138 	idx: 3 5 2 8 4 128
2.1650927919387115 30.545902592830487 	idx: 1 4 3 16 32 8
2.1650927919387115 30.240443566902183 	idx: 1 4 3 16 32 8
2.4220122446064902 29.93803913123316 	idx: 3 3 4 8 8 128
2.4231194645716867 29.638658739920828 	idx: 3 3 4 8 4 128
2.4379273696008767 29.34227215252162 	idx: 0 5 2 32 16 32
2.4379273696008767 29.048849430996402 	idx: 0 5 2 32 16 32
2.4379273696008767 28.758360936686437 	idx: 0 5 2 32 16 32
2.417838680270732 28.47077732731957 	idx: 1 3 4 8 64 16
2.423215591701231 28.186069554046373 	idx: 0 5 2 16 64 8
2.423215591701231 27.90420885850591 	idx: 0 5 2 16 64 8
2.423215591701231 27.625166769920853 	idx: 0 5 2 16 64 8
2.423215591701231 27.348915102221643 	idx: 0 5 2 16 64 8
2.417372984817228 27.075425951199424 	idx: 1 3 4 8 128 16
2.417372984817228 26.804671691687428 	idx: 1 3 4 8 128 16
2.2019736888518855 26.536624974770554 	idx: 0 6 2 8 32 4
2.2019736888518855 26.271258725022847 	idx: 0 6 2 8 32 4
2.4187632052555275 26.00854613777262 	idx: 0 5 2 16 32 2
2.4187632052555275 25.748460676394892 	idx: 0 5 2 16 32 2
2.4187632052555275 25.490976069630943 	idx: 0 5 2 16 32 2
2.378400216458968 25.23606630893463 	idx: 1 5 2 8 128 32
2.423842128494818 24.983705645845284 	idx: 0 5 2 16 64 2
2.423842128494818 24.73386858938683 	idx: 0 5 2 16 64 2
2.422397002461007 24.48652990349296 	idx: 1 5 2 16 64 16
2.422397002461007 24.24166460445803 	idx: 1 5 2 16 64 16
2.449304791498323 23.99924795841345 	idx: 0 5 2 32 64 4
2.449304791498323 23.759255478829314 	idx: 0 5 2 32 64 4
2.449304791498323 23.52166292404102 	idx: 0 5 2 32 64 4
2.4315837608619595 23.28644629480061 	idx: 0 5 2 16 128 8
2.067589248844398 23.053581831852604 	idx: 0 4 3 8 128 16
2.067589248844398 22.82304601353408 	idx: 0 4 3 8 128 16
1.9159318902202633 22.59481555339874 	idx: 3 2 4 16 8 128
1.9159318902202633 22.36886739786475 	idx: 3 2 4 16 8 128
2.47869904983169 22.145178723886104 	idx: 4 3 4 16 16 4
2.47869904983169 21.923726936647242 	idx: 4 3 4 16 16 4
1.9261626491876154 21.704489667280768 	idx: 4 2 4 16 8 8
1.9261626491876154 21.48744477060796 	idx: 4 2 4 16 8 8
2.468159057194595 21.27257032290188 	idx: 3 3 4 16 8 128
2.468159057194595 21.059844619672862 	idx: 3 3 4 16 8 128
2.468159057194595 20.849246173476132 	idx: 3 3 4 16 8 128
2.077669517931715 20.64075371174137 	idx: 4 4 3 8 4 4
2.469511876219926 20.434346174623958 	idx: 3 3 4 16 4 128
2.469511876219926 20.230002712877717 	idx: 3 3 4 16 4 128
2.469511876219926 20.027702685748938 	idx: 3 3 4 16 4 128
2.3406240614599785 19.82742565889145 	idx: 4 3 4 4 2 2
2.3406240614599785 19.629151402302536 	idx: 4 3 4 4 2 2
1.9602077296845881 19.43285988827951 	idx: 2 6 2 4 64 2
1.9602077296845881 19.238531289396715 	idx: 2 6 2 4 64 2
1.957693094745912 19.046145976502746 	idx: 2 6 2 4 32 4
1.9275883763997488 18.855684516737718 	idx: 4 3 4 2 4 4
1.9275883763997488 18.66712767157034 	idx: 4 3 4 2 4 4
1.9262427521478085 18.480456394854638 	idx: 4 4 3 4 2 8
2.0777094093987936 18.295651830906092 	idx: 4 4 3 8 4 8
2.076894900983476 18.11269531259703 	idx: 4 4 3 8 8 4
2.076894900983476 17.931568359471058 	idx: 4 4 3 8 8 4
1.9195381889940082 17.752252675876345 	idx: 1 3 3 64 256 128
2.171470652465618 17.57473014911758 	idx: 4 4 3 16 4 4
2.1719219950895416 17.398982847626407 	idx: 4 4 3 16 2 4
2.1719219950895416 17.22499301915014 	idx: 4 4 3 16 2 4
2.4317013980713975 17.05274308895864 	idx: 4 3 4 8 4 4
2.4317013980713975 16.882215658069054 	idx: 4 3 4 8 4 4
2.4317013980713975 16.713393501488362 	idx: 4 3 4 8 4 4
2.4317013980713975 16.546259566473477 	idx: 4 3 4 8 4 4
2.4317013980713975 16.380796970808742 	idx: 4 3 4 8 4 4
2.15338883804679 16.216989001100654 	idx: 2 2 4 64 4 8
2.15338883804679 16.054819111089646 	idx: 2 2 4 64 4 8
2.0735646500544194 15.89427091997875 	idx: 4 2 6 8 2 4
2.0735646500544194 15.735328210778961 	idx: 4 2 6 8 2 4
2.0735646500544194 15.577974928671171 	idx: 4 2 6 8 2 4
1.933781675647036 15.42219517938446 	idx: 4 2 6 4 2 2
1.9340482497237432 15.267973227590614 	idx: 4 2 6 4 2 4
1.9340482497237432 15.115293495314708 	idx: 4 2 6 4 2 4
1.9340246443997373 14.96414056036156 	idx: 4 2 6 4 4 8
1.9440483758772025 14.814499154757945 	idx: 0 4 2 32 256 32
2.34063402428361 14.666354163210364 	idx: 4 3 4 4 2 4
2.34063402428361 14.519690621578262 	idx: 4 3 4 4 2 4
2.34063402428361 14.374493715362478 	idx: 4 3 4 4 2 4
2.34063402428361 14.230748778208852 	idx: 4 3 4 4 2 4
2.34063402428361 14.088441290426763 	idx: 4 3 4 4 2 4
2.423215591701231 13.947556877522496 	idx: 3 5 2 16 64 8
2.423215591701231 13.808081308747271 	idx: 3 5 2 16 64 8
2.423215591701231 13.670000495659798 	idx: 3 5 2 16 64 8
2.423215591701231 13.5333004907032 	idx: 3 5 2 16 64 8
2.447831660037598 13.397967485796167 	idx: 3 5 2 32 64 16
2.4722725894393514 13.263987810938206 	idx: 0 3 4 16 16 64
2.4722725894393514 13.131347932828824 	idx: 0 3 4 16 16 64
2.4722725894393514 13.000034453500536 	idx: 0 3 4 16 16 64
2.447831660037598 12.87003410896553 	idx: 3 5 2 32 64 16
2.456410876415096 12.741333767875876 	idx: 3 5 2 32 128 16
2.456410876415096 12.613920430197117 	idx: 3 5 2 32 128 16
2.456410876415096 12.487781225895146 	idx: 3 5 2 32 128 16
2.456410876415096 12.362903413636195 	idx: 3 5 2 32 128 16
2.456410876415096 12.239274379499832 	idx: 3 5 2 32 128 16
2.4458829653939302 12.116881635704834 	idx: 3 5 2 32 64 32
2.4458829653939302 11.995712819347785 	idx: 3 5 2 32 64 32
2.4368125743489037 11.875755691154307 	idx: 3 5 2 32 32 64
2.4368125743489037 11.756998134242764 	idx: 3 5 2 32 32 64
2.4368125743489037 11.639428152900336 	idx: 3 5 2 32 32 64
2.4368125743489037 11.523033871371332 	idx: 3 5 2 32 32 64
2.4458829653939302 11.407803532657619 	idx: 3 5 2 64 64 32
2.4458829653939302 11.293725497331042 	idx: 3 5 2 64 64 32
2.4458829653939302 11.180788242357732 	idx: 3 5 2 64 64 32
2.4458829653939302 11.068980359934155 	idx: 3 5 2 64 64 32
2.4505023063989495 10.958290556334813 	idx: 3 5 2 32 128 64
2.433839130686338 10.848707650771464 	idx: 3 5 2 16 256 128
2.4136716899853576 10.74022057426375 	idx: 2 5 2 16 2 2
2.4136716899853576 10.632818368521113 	idx: 2 5 2 16 2 2
2.4136716899853576 10.526490184835902 	idx: 2 5 2 16 2 2
2.433839130686338 10.421225282987542 	idx: 3 5 2 16 256 128
2.433839130686338 10.317013030157668 	idx: 3 5 2 16 256 128
2.433839130686338 10.213842899856092 	idx: 3 5 2 16 256 128
2.433839130686338 10.11170447085753 	idx: 3 5 2 16 256 128
2.483109869759704 10.010587426148955 	idx: 4 3 4 16 4 2
2.4837753280145605 9.910481551887466 	idx: 4 3 4 16 2 2
2.4837753280145605 9.811376736368592 	idx: 4 3 4 16 2 2
2.4837753280145605 9.713262969004907 	idx: 4 3 4 16 2 2
2.363040702846864 9.616130339314857 	idx: 2 5 2 8 4 4
2.363802619247272 9.519969035921708 	idx: 2 5 2 8 8 2
2.363802619247272 9.42476934556249 	idx: 2 5 2 8 8 2
2.363802619247272 9.330521652106865 	idx: 2 5 2 8 8 2
2.363802619247272 9.237216435585797 	idx: 2 5 2 8 8 2
2.4153278425831757 9.144844271229939 	idx: 0 3 4 8 32 128
2.4153278425831757 9.053395828517639 	idx: 0 3 4 8 32 128
2.4607938791990978 8.962861870232462 	idx: 3 3 4 16 64 64
2.4607938791990978 8.873233251530138 	idx: 3 3 4 16 64 64
2.4607938791990978 8.784500919014837 	idx: 3 3 4 16 64 64
2.4607938791990978 8.696655909824688 	idx: 3 3 4 16 64 64
2.4607938791990978 8.609689350726441 	idx: 3 3 4 16 64 64
2.4607938791990978 8.523592457219177 	idx: 3 3 4 16 64 64
2.4607938791990978 8.438356532646985 	idx: 3 3 4 16 64 64
2.4607938791990978 8.353972967320516 	idx: 3 3 4 16 64 64
2.4607938791990978 8.27043323764731 	idx: 3 3 4 16 64 64
2.4607938791990978 8.187728905270838 	idx: 3 3 4 16 64 64
2.4607938791990978 8.105851616218128 	idx: 3 3 4 16 64 64
2.4607938791990978 8.024793100055946 	idx: 3 3 4 16 64 64
2.4607938791990978 7.944545169055387 	idx: 3 3 4 16 64 64
2.4607938791990978 7.865099717364833 	idx: 3 3 4 16 64 64
2.4607938791990978 7.786448720191185 	idx: 3 3 4 16 64 64
2.4607938791990978 7.708584232989273 	idx: 3 3 4 16 64 64
2.4607938791990978 7.63149839065938 	idx: 3 3 4 16 64 64
2.4607938791990978 7.5551834067527865 	idx: 3 3 4 16 64 64
2.4607938791990978 7.479631572685259 	idx: 3 3 4 16 64 64
2.4607938791990978 7.404835256958406 	idx: 3 3 4 16 64 64
2.4607938791990978 7.330786904388821 	idx: 3 3 4 16 64 64
2.4607938791990978 7.257479035344933 	idx: 3 3 4 16 64 64
2.4153278425831757 7.1849042449914835 	idx: 3 3 4 8 32 128
2.4405696913597548 7.1130552025415685 	idx: 0 5 2 16 256 64
2.4405696913597548 7.041924650516153 	idx: 0 5 2 16 256 64
2.449553676969204 6.971505404010991 	idx: 4 5 2 32 64 2
2.449553676969204 6.901790349970882 	idx: 4 5 2 32 64 2
2.449553676969204 6.832772446471173 	idx: 4 5 2 32 64 2
2.449553676969204 6.764444722006462 	idx: 4 5 2 32 64 2
2.449553676969204 6.696800274786397 	idx: 4 5 2 32 64 2
2.449553676969204 6.6298322720385325 	idx: 4 5 2 32 64 2
2.4443458376269125 6.563533949318147 	idx: 4 5 2 32 32 2
2.4656727328937884 6.497898609824966 	idx: 0 5 2 32 256 64
2.4656727328937884 6.432919623726716 	idx: 0 5 2 32 256 64
2.4656727328937884 6.3685904274894485 	idx: 0 5 2 32 256 64
2.4656727328937884 6.304904523214554 	idx: 0 5 2 32 256 64
2.4656727328937884 6.2418554779824085 	idx: 0 5 2 32 256 64
2.4656727328937884 6.1794369232025845 	idx: 0 5 2 32 256 64
2.4667083942550745 6.117642553970558 	idx: 1 3 4 16 128 4
2.4667083942550745 6.056466128430853 	idx: 1 3 4 16 128 4
2.469679883812086 5.9959014671465445 	idx: 0 5 2 32 256 32
2.471678542173378 5.935942452475079 	idx: 4 5 2 32 256 16
2.471678542173378 5.8765830279503275 	idx: 4 5 2 32 256 16
2.471678542173378 5.817817197670824 	idx: 4 5 2 32 256 16
2.471678542173378 5.759639025694116 	idx: 4 5 2 32 256 16
2.469679883812086 5.7020426354371745 	idx: 0 5 2 32 256 32
2.469679883812086 5.645022209082803 	idx: 0 5 2 32 256 32
2.469679883812086 5.588571986991974 	idx: 0 5 2 32 256 32
2.469679883812086 5.532686267122054 	idx: 0 5 2 32 256 32
2.469679883812086 5.477359404450834 	idx: 0 5 2 32 256 32
2.469679883812086 5.422585810406325 	idx: 0 5 2 32 256 32
2.469679883812086 5.368359952302262 	idx: 0 5 2 32 256 32
2.469679883812086 5.314676352779239 	idx: 0 5 2 32 256 32
2.469679883812086 5.261529589251447 	idx: 0 5 2 32 256 32
2.469679883812086 5.208914293358933 	idx: 0 5 2 32 256 32
2.469679883812086 5.156825150425344 	idx: 0 5 2 32 256 32
2.469679883812086 5.10525689892109 	idx: 0 5 2 32 256 32
2.44394300713003 5.0542043299318795 	idx: 0 5 2 16 256 32
2.44394300713003 5.003662286632561 	idx: 0 5 2 16 256 32
2.44394300713003 4.953625663766235 	idx: 0 5 2 16 256 32
2.44394300713003 4.9040894071285726 	idx: 0 5 2 16 256 32
2.44394300713003 4.8550485130572865 	idx: 0 5 2 16 256 32
2.44394300713003 4.806498027926714 	idx: 0 5 2 16 256 32
2.44394300713003 4.758433047647447 	idx: 0 5 2 16 256 32
2.44394300713003 4.710848717170973 	idx: 0 5 2 16 256 32
2.4544446102652397 4.663740229999263 	idx: 0 5 2 32 128 32
2.4544446102652397 4.61710282769927 	idx: 0 5 2 32 128 32
2.447831660037598 4.570931799422278 	idx: 0 5 2 64 64 16
2.4458829653939302 4.525222481428055 	idx: 0 5 2 64 64 32
2.4458829653939302 4.4799702566137745 	idx: 0 5 2 64 64 32
2.4458829653939302 4.4351705540476365 	idx: 0 5 2 64 64 32
2.4458829653939302 4.39081884850716 	idx: 0 5 2 64 64 32
2.4458829653939302 4.346910660022088 	idx: 0 5 2 64 64 32
2.4458829653939302 4.303441553421867 	idx: 0 5 2 64 64 32
2.4505023063989495 4.260407137887648 	idx: 0 5 2 32 128 64
2.4505023063989495 4.217803066508771 	idx: 0 5 2 32 128 64
2.4505023063989495 4.175625035843683 	idx: 0 5 2 32 128 64
2.4505023063989495 4.133868785485246 	idx: 0 5 2 32 128 64
2.4505023063989495 4.0925300976303935 	idx: 0 5 2 32 128 64
2.4505023063989495 4.05160479665409 	idx: 0 5 2 32 128 64
2.4505023063989495 4.011088748687548 	idx: 0 5 2 32 128 64
2.4505023063989495 3.970977861200673 	idx: 0 5 2 32 128 64
2.4505023063989495 3.9312680825886663 	idx: 0 5 2 32 128 64
2.4505023063989495 3.8919554017627798 	idx: 0 5 2 32 128 64
2.4505023063989495 3.853035847745152 	idx: 0 5 2 32 128 64
2.4505023063989495 3.8145054892677006 	idx: 0 5 2 32 128 64
2.4505023063989495 3.7763604343750234 	idx: 0 5 2 32 128 64
2.4505023063989495 3.7385968300312733 	idx: 0 5 2 32 128 64
2.4505023063989495 3.7012108617309605 	idx: 0 5 2 32 128 64
2.4505023063989495 3.664198753113651 	idx: 0 5 2 32 128 64
2.4505023063989495 3.6275567655825145 	idx: 0 5 2 32 128 64
2.4505023063989495 3.591281197926689 	idx: 0 5 2 32 128 64
2.4505023063989495 3.555368385947422 	idx: 0 5 2 32 128 64
2.4505023063989495 3.519814702087948 	idx: 0 5 2 32 128 64
2.4505023063989495 3.4846165550670687 	idx: 0 5 2 32 128 64
2.4505023063989495 3.449770389516398 	idx: 0 5 2 32 128 64
2.4505023063989495 3.415272685621234 	idx: 0 5 2 32 128 64
2.4505023063989495 3.3811199587650216 	idx: 0 5 2 32 128 64
2.4505023063989495 3.347308759177371 	idx: 0 5 2 32 128 64
2.4505023063989495 3.3138356715855974 	idx: 0 5 2 32 128 64
2.4505023063989495 3.2806973148697414 	idx: 0 5 2 32 128 64
2.4505023063989495 3.247890341721044 	idx: 0 5 2 32 128 64
2.4505023063989495 3.2154114383038332 	idx: 0 5 2 32 128 64
2.4505023063989495 3.183257323920795 	idx: 0 5 2 32 128 64
2.4505023063989495 3.1514247506815867 	idx: 0 5 2 32 128 64
2.4505023063989495 3.1199105031747707 	idx: 0 5 2 32 128 64
2.4505023063989495 3.088711398143023 	idx: 0 5 2 32 128 64
2.4607938791990978 3.0578242841615926 	idx: 3 3 4 16 64 64
2.4701272840907826 3.0272460413199767 	idx: 3 3 4 16 32 32
2.4701272840907826 2.996973580906777 	idx: 3 3 4 16 32 32
2.4701272840907826 2.967003845097709 	idx: 3 3 4 16 32 32
2.4774110863368963 2.9373338066467323 	idx: 3 3 4 16 16 16
2.4810621143169933 2.907960468580265 	idx: 3 3 4 16 8 8
2.4810621143169933 2.8788808638944623 	idx: 3 3 4 16 8 8
2.4810621143169933 2.8500920552555176 	idx: 3 3 4 16 8 8
2.4810621143169933 2.8215911347029623 	idx: 3 3 4 16 8 8
2.4810621143169933 2.7933752233559326 	idx: 3 3 4 16 8 8
2.4810621143169933 2.765441471122373 	idx: 3 3 4 16 8 8
2.4810621143169933 2.7377870564111495 	idx: 3 3 4 16 8 8
2.4810621143169933 2.710409185847038 	idx: 3 3 4 16 8 8
2.4810621143169933 2.6833050939885674 	idx: 3 3 4 16 8 8
2.4810621143169933 2.656472043048682 	idx: 3 3 4 16 8 8
2.4810621143169933 2.629907322618195 	idx: 3 3 4 16 8 8
2.4814979189846245 2.603608249392013 	idx: 3 3 4 16 8 4
2.4814979189846245 2.577572166898093 	idx: 3 3 4 16 8 4
2.4814979189846245 2.551796445229112 	idx: 3 3 4 16 8 4
2.4814979189846245 2.526278480776821 	idx: 3 3 4 16 8 4
2.4814979189846245 2.501015695969053 	idx: 3 3 4 16 8 4
2.4814979189846245 2.4760055390093623 	idx: 3 3 4 16 8 4
2.4814979189846245 2.4512454836192688 	idx: 3 3 4 16 8 4
2.4814979189846245 2.426733028783076 	idx: 3 3 4 16 8 4
2.4814979189846245 2.402465698495245 	idx: 3 3 4 16 8 4
2.4814979189846245 2.3784410415102926 	idx: 3 3 4 16 8 4
2.4814979189846245 2.3546566310951897 	idx: 3 3 4 16 8 4
2.4814979189846245 2.3311100647842378 	idx: 3 3 4 16 8 4
2.4824589514430015 2.307798964136395 	idx: 3 3 4 16 4 8
2.4824589514430015 2.2847209744950314 	idx: 3 3 4 16 4 8
2.4824589514430015 2.261873764750081 	idx: 3 3 4 16 4 8
2.4824589514430015 2.23925502710258 	idx: 3 3 4 16 4 8
2.4824589514430015 2.2168624768315546 	idx: 3 3 4 16 4 8
2.4824589514430015 2.194693852063239 	idx: 3 3 4 16 4 8
2.4824589514430015 2.1727469135426065 	idx: 3 3 4 16 4 8
2.4824589514430015 2.1510194444071806 	idx: 3 3 4 16 4 8
2.4824589514430015 2.129509249963109 	idx: 3 3 4 16 4 8
2.4824589514430015 2.108214157463478 	idx: 3 3 4 16 4 8
2.4824589514430015 2.087132015888843 	idx: 3 3 4 16 4 8
2.4824589514430015 2.0662606957299547 	idx: 3 3 4 16 4 8
2.4824589514430015 2.045598088772655 	idx: 3 3 4 16 4 8
2.4824589514430015 2.0251421078849283 	idx: 3 3 4 16 4 8
2.4824589514430015 2.004890686806079 	idx: 3 3 4 16 4 8
2.4824589514430015 1.9848417799380185 	idx: 3 3 4 16 4 8
2.4824589514430015 1.9649933621386382 	idx: 3 3 4 16 4 8
2.4814979189846245 1.9453434285172517 	idx: 3 3 4 16 8 4
2.4814979189846245 1.9258899942320793 	idx: 3 3 4 16 8 4
2.4814979189846245 1.9066310942897584 	idx: 3 3 4 16 8 4
2.4814979189846245 1.8875647833468607 	idx: 3 3 4 16 8 4
2.4814979189846245 1.868689135513392 	idx: 3 3 4 16 8 4
2.4814979189846245 1.8500022441582582 	idx: 3 3 4 16 8 4
2.4814979189846245 1.8315022217166756 	idx: 3 3 4 16 8 4
2.4814979189846245 1.8131871994995088 	idx: 3 3 4 16 8 4
2.4814979189846245 1.7950553275045138 	idx: 3 3 4 16 8 4
2.4814979189846245 1.7771047742294686 	idx: 3 3 4 16 8 4
2.4814979189846245 1.7593337264871738 	idx: 3 3 4 16 8 4
2.4814979189846245 1.741740389222302 	idx: 3 3 4 16 8 4
2.4814979189846245 1.724322985330079 	idx: 3 3 4 16 8 4
2.4814979189846245 1.7070797554767783 	idx: 3 3 4 16 8 4
2.4814979189846245 1.6900089579220106 	idx: 3 3 4 16 8 4
2.4814979189846245 1.6731088683427904 	idx: 3 3 4 16 8 4
2.4828962495633498 1.6563777796593624 	idx: 3 3 4 16 4 4
2.4828962495633498 1.6398140018627687 	idx: 3 3 4 16 4 4
2.4828962495633498 1.623415861844141 	idx: 3 3 4 16 4 4
2.4828962495633498 1.6071817032256996 	idx: 3 3 4 16 4 4
2.4828962495633498 1.5911098861934427 	idx: 3 3 4 16 4 4
2.4828962495633498 1.5751987873315083 	idx: 3 3 4 16 4 4
2.4828962495633498 1.5594467994581933 	idx: 3 3 4 16 4 4
2.4828962495633498 1.5438523314636114 	idx: 3 3 4 16 4 4
2.4828962495633498 1.5284138081489753 	idx: 3 3 4 16 4 4
2.4828962495633498 1.5131296700674854 	idx: 3 3 4 16 4 4
2.4828962495633498 1.4979983733668105 	idx: 3 3 4 16 4 4
2.4828962495633498 1.4830183896331424 	idx: 3 3 4 16 4 4
2.4828962495633498 1.468188205736811 	idx: 3 3 4 16 4 4
2.4828962495633498 1.4535063236794428 	idx: 3 3 4 16 4 4
2.4828962495633498 1.4389712604426483 	idx: 3 3 4 16 4 4
2.4828962495633498 1.4245815478382218 	idx: 3 3 4 16 4 4
2.4828962495633498 1.4103357323598396 	idx: 3 3 4 16 4 4
2.4828962495633498 1.396232375036241 	idx: 3 3 4 16 4 4
2.4828962495633498 1.3822700512858788 	idx: 3 3 4 16 4 4
2.4828962495633498 1.36844735077302 	idx: 3 3 4 16 4 4
2.4828962495633498 1.3547628772652898 	idx: 3 3 4 16 4 4
2.4828962495633498 1.341215248492637 	idx: 3 3 4 16 4 4
2.4828962495633498 1.3278030960077105 	idx: 3 3 4 16 4 4
2.4828962495633498 1.3145250650476334 	idx: 3 3 4 16 4 4
2.4828962495633498 1.301379814397157 	idx: 3 3 4 16 4 4
2.4828962495633498 1.2883660162531856 	idx: 3 3 4 16 4 4
2.4828962495633498 1.2754823560906536 	idx: 3 3 4 16 4 4
2.4828962495633498 1.2627275325297471 	idx: 3 3 4 16 4 4
2.4828962495633498 1.2501002572044497 	idx: 3 3 4 16 4 4
2.4828962495633498 1.2375992546324053 	idx: 3 3 4 16 4 4
2.4828962495633498 1.2252232620860812 	idx: 3 3 4 16 4 4
2.4828962495633498 1.2129710294652205 	idx: 3 3 4 16 4 4
2.483561349577487 1.2008413191705682 	idx: 3 3 4 16 2 4
2.483561349577487 1.1888329059788625 	idx: 3 3 4 16 2 4
2.483561349577487 1.1769445769190738 	idx: 3 3 4 16 2 4
2.483561349577487 1.165175131149883 	idx: 3 3 4 16 2 4
2.483561349577487 1.1535233798383842 	idx: 3 3 4 16 2 4
2.483561349577487 1.1419881460400003 	idx: 3 3 4 16 2 4
2.483561349577487 1.1305682645796002 	idx: 3 3 4 16 2 4
2.483561349577487 1.1192625819338042 	idx: 3 3 4 16 2 4
2.483561349577487 1.1080699561144662 	idx: 3 3 4 16 2 4
2.483561349577487 1.0969892565533215 	idx: 3 3 4 16 2 4
2.483561349577487 1.0860193639877882 	idx: 3 3 4 16 2 4
2.483561349577487 1.0751591703479102 	idx: 3 3 4 16 2 4
2.483561349577487 1.0644075786444311 	idx: 3 3 4 16 2 4
2.483561349577487 1.0537635028579868 	idx: 3 3 4 16 2 4
2.483561349577487 1.0432258678294068 	idx: 3 3 4 16 2 4
2.483561349577487 1.0327936091511127 	idx: 3 3 4 16 2 4
2.483561349577487 1.0224656730596016 	idx: 3 3 4 16 2 4
2.483561349577487 1.0122410163290056 	idx: 3 3 4 16 2 4
2.483561349577487 1.0021186061657157 	idx: 3 3 4 16 2 4
###### ACC Parameters ######
cim type:    LccCIM
bus_width:   25.6
macros_row:  3
macros_col:  4
scr:         16
is_size:     2
os_size:     4
best=2.483561349577487, area=4763512.773454062 459
vit_large_sl197_LCC-CIM@ISSCC20_ee_running end at 1757789639.0028086
45.1906450613165 100 	idx: 3 2 2 2 64 64
44.14802154289757 99.0 	idx: 3 3 2 2 64 32
44.199361192151066 98.01 	idx: 4 3 2 2 64 64
84.62693293197268 97.0299 	idx: 2 3 2 4 128 16
145.62872916414662 96.059601 	idx: 2 3 2 2 256 8
84.98502799709797 95.09900499 	idx: 1 5 2 16 128 64
43.5375676553256 94.1480149401 	idx: 1 4 2 32 64 64
145.4327753695133 93.206534790699 	idx: 2 3 2 2 256 2
282.8734436271461 92.27446944279201 	idx: 2 3 3 2 512 2
196.42293888757513 91.35172474836409 	idx: 2 3 3 2 256 2
116.7568627755235 90.43820750088045 	idx: 2 2 3 4 128 4
168.93020474491573 89.53382542587164 	idx: 2 3 4 8 128 4
289.50820164856805 88.63848717161292 	idx: 3 3 2 32 1024 8
296.61840883438543 87.75210229989679 	idx: 2 3 3 8 512 8
290.23191262347945 86.87458127689783 	idx: 2 2 3 4 512 8
302.34602498716254 86.00583546412885 	idx: 3 2 3 32 512 4
264.83285345612006 85.14577710948755 	idx: 2 3 2 2 1024 8
290.54273547904984 84.29431933839268 	idx: 2 2 3 4 512 16
196.98533194069452 83.45137614500875 	idx: 2 3 3 2 256 8
222.9460198831551 82.61686238355867 	idx: 3 2 2 8 512 4
221.65376843061046 81.79069375972308 	idx: 3 3 2 8 512 4
221.65376843061046 80.97278682212585 	idx: 3 3 2 8 512 4
287.4291060907706 80.1630589539046 	idx: 3 3 2 8 1024 4
287.4291060907706 79.36142836436555 	idx: 3 3 2 8 1024 4
368.78359561607977 78.56781408072189 	idx: 3 2 3 8 1024 4
221.64176645312372 77.78213593991467 	idx: 3 3 2 8 512 2
147.13002302721628 77.00431458051553 	idx: 3 4 1 16 1024 4
145.55825915971207 76.23427143471037 	idx: 3 4 1 8 1024 8
143.11628424501876 75.47192872036327 	idx: 3 5 1 4 1024 16
111.73750313103892 74.71720943315964 	idx: 3 5 1 8 512 8
76.28847322381607 73.97003733882804 	idx: 3 5 1 8 256 16
152.99295266413026 73.23033696543976 	idx: 3 4 2 8 256 32
221.9741729485097 72.49803359578536 	idx: 3 5 2 8 512 16
151.3276210531297 71.7730532598275 	idx: 3 4 2 4 256 16
148.2322949077631 71.05532272722922 	idx: 3 5 2 2 256 32
219.1497295658148 70.34476949995693 	idx: 3 5 2 4 512 16
151.82744694481858 69.64132180495736 	idx: 3 5 2 8 256 8
40.72115812144778 68.94490858690779 	idx: 3 6 1 8 128 8
21.59088004639021 68.25545950103871 	idx: 3 7 1 4 64 16
10.057972467660399 67.57290490602833 	idx: 3 8 1 8 32 8
21.89575526190968 66.89717585696805 	idx: 3 9 1 4 64 8
17.676050238030786 66.22820409839836 	idx: 1 2 6 16 4 16
11.686352091809997 65.56592205741438 	idx: 3 9 1 8 32 8
19.8677126453706 64.91026283684023 	idx: 3 8 1 4 64 8
25.653538269010163 64.26116020847184 	idx: 1 1 9 64 4 32
38.40459621585594 63.618548606387115 	idx: 3 8 1 2 128 2
19.75963326674481 62.98236312032324 	idx: 3 8 1 2 64 2
44.47537841147498 62.35253948912001 	idx: 4 3 2 16 64 512
22.29040616178162 61.72901409422881 	idx: 4 3 1 8 64 512
21.822187041090956 61.11172395328652 	idx: 4 4 1 8 64 512
41.10882973548081 60.500606713753655 	idx: 3 6 2 2 64 4
12.201715327386196 59.89560064661612 	idx: 3 5 1 2 32 8
24.16112731518821 59.29664464014996 	idx: 4 2 2 2 32 512
45.49333476542071 58.70367819374846 	idx: 4 1 2 2 64 512
45.59602832202558 58.116641411810974 	idx: 4 2 2 4 64 512
22.904147594160463 57.535474997692866 	idx: 4 1 1 2 64 1024
28.043637639186986 56.960120247715935 	idx: 3 4 3 8 32 8
22.904147594160463 56.390519045238776 	idx: 4 1 1 2 64 2048
22.94901975418324 55.82661385478639 	idx: 3 4 2 32 32 8
45.640861211036096 55.26834771623852 	idx: 4 1 2 2 64 1024
24.74876509363325 54.71566423907614 	idx: 1 1 2 16 32 2048
28.050783614917762 54.16850759668538 	idx: 3 4 3 16 32 8
88.50112795662248 53.62682252071853 	idx: 3 3 4 16 64 4
47.95339338204559 53.09055429551134 	idx: 3 2 4 32 32 4
28.801149202459346 52.55964875255623 	idx: 3 3 3 16 32 8
59.34324282320346 52.03405226503067 	idx: 3 3 3 16 64 16
85.7379628375978 51.51371174238036 	idx: 1 1 2 8 128 1024
60.97748129129567 50.998574624956554 	idx: 1 2 3 8 64 1024
24.74876509363325 50.488588878706985 	idx: 1 1 2 4 32 2048
12.407019395248163 49.98370298991991 	idx: 4 2 2 8 16 512
28.810832622488842 49.483865960020715 	idx: 4 3 3 8 32 256
43.5375676553256 48.98902730042051 	idx: 4 4 2 16 64 128
13.72675502326474 48.4991370274163 	idx: 1 2 3 16 16 1024
45.62048168450485 48.01414565714214 	idx: 4 2 2 32 64 128
118.85107236202101 47.53400420057071 	idx: 4 2 3 64 128 64
85.7379628375978 47.05866415856501 	idx: 4 1 2 64 128 64
60.98189994620046 46.58807751697936 	idx: 4 1 3 128 64 64
29.572471344353254 46.12219674180957 	idx: 4 2 3 64 32 64
12.407019395248163 45.66097477439147 	idx: 4 2 2 64 16 128
12.096671904445959 45.20436502664755 	idx: 4 2 1 128 32 128
44.47537841147498 44.752321376381076 	idx: 4 3 2 128 64 256
42.90941918724321 44.30479816261727 	idx: 4 3 1 128 128 128
77.60331972762702 43.861750180991095 	idx: 4 2 1 256 256 256
173.72678241595864 43.42313267918119 	idx: 4 1 2 512 512 128
113.7999758015729 42.98890135238938 	idx: 4 2 1 512 512 256
224.78029908447115 42.559012338865486 	idx: 4 2 2 256 512 512
112.87451802593588 42.133422215476834 	idx: 4 3 1 128 512 512
113.7999758015729 41.712087993322065 	idx: 4 2 1 256 512 512
113.7999758015729 41.29496711338884 	idx: 4 2 1 512 512 256
94.70580751393389 40.882017442254956 	idx: 4 1 1 1024 1024 256
94.70580751393389 40.473197267832404 	idx: 4 1 1 1024 1024 512
88.08894912266204 40.06846529515408 	idx: 4 1 1 512 512 1024
64.72131503211888 39.66778064220254 	idx: 4 1 1 1024 256 512
64.72131503211888 39.27110283578051 	idx: 4 1 1 2048 256 256
43.22867516850014 38.8783918074227 	idx: 4 2 1 1024 128 512
24.16112731518821 38.48960788934848 	idx: 1 2 2 128 32 4
22.904147594160463 38.104711810454994 	idx: 4 1 1 512 64 128
85.7379628375978 37.72366469235045 	idx: 4 1 2 512 128 128
45.62048168450485 37.34642804542694 	idx: 4 2 2 512 64 128
22.867738249322453 36.97296376497267 	idx: 4 2 1 512 64 64
12.096671904445959 36.60323412732294 	idx: 4 2 1 256 32 128
9.404890467541502 36.23720178604971 	idx: 0 1 3 4 4 8
9.039889832907685 35.874829768189215 	idx: 0 2 4 4 2 16
11.490098243982677 35.516081470507324 	idx: 4 4 1 512 32 64
21.824957174426682 35.16092065580225 	idx: 4 4 1 512 64 32
11.781779705040398 34.80931144924423 	idx: 4 3 1 256 32 64
11.781779705040398 34.461218334751784 	idx: 4 3 1 128 32 64
45.62048168450485 34.11660615140427 	idx: 4 2 2 128 64 128
85.7379628375978 33.775440089890225 	idx: 4 1 2 256 128 64
77.60331972762702 33.43768568899132 	idx: 4 2 1 256 256 64
173.72678241595864 33.10330883210141 	idx: 4 1 2 256 512 64
249.49429451921202 32.7722757437804 	idx: 4 1 3 128 1024 32
292.04636733501064 32.44455298634259 	idx: 4 2 2 128 1024 64
173.72678241595864 32.12010745647917 	idx: 4 1 2 128 512 64
94.70580751393389 31.798906381914374 	idx: 4 1 1 256 1024 64
94.70580751393389 31.48091731809523 	idx: 4 1 1 512 1024 128
173.72678241595864 31.16610814491428 	idx: 4 1 2 1024 512 128
173.72678241595864 30.854447063465138 	idx: 4 1 2 512 512 256
113.7999758015729 30.545902592830487 	idx: 4 2 1 256 512 512
77.60331972762702 30.240443566902183 	idx: 4 2 1 128 256 1024
43.22867516850014 29.93803913123316 	idx: 4 2 1 256 128 1024
76.9697646798844 29.638658739920828 	idx: 1 3 1 32 256 128
224.78029908447115 29.34227215252162 	idx: 1 2 2 64 512 128
224.78029908447115 29.048849430996402 	idx: 1 2 2 64 512 128
173.72678241595864 28.758360936686437 	idx: 1 1 2 32 512 256
64.72131503211888 28.47077732731957 	idx: 1 1 1 64 256 128
173.72678241595864 28.186069554046373 	idx: 1 1 2 64 512 128
153.89024342708376 27.90420885850591 	idx: 1 2 2 128 256 64
85.7379628375978 27.625166769920853 	idx: 1 1 2 128 128 128
209.75361456649142 27.348915102221643 	idx: 1 2 3 64 256 128
338.04724362836816 27.075425951199424 	idx: 1 1 4 32 512 256
338.04724362836816 26.804671691687428 	idx: 1 1 4 32 512 256
361.3060917361745 26.536624974770554 	idx: 1 1 5 16 512 256
438.6910328034707 26.271258725022847 	idx: 1 2 4 32 512 256
338.04724362836816 26.00854613777262 	idx: 1 1 4 16 512 512
251.07705449606257 25.748460676394892 	idx: 1 1 4 32 256 1024
303.67246529057513 25.490976069630943 	idx: 1 2 3 32 512 512
152.62111520224883 25.23606630893463 	idx: 1 3 2 32 256 512
224.78029908447115 24.983705645845284 	idx: 1 2 2 32 512 256
303.2067455800131 24.73386858938683 	idx: 1 2 3 16 512 512
338.04724362836816 24.48652990349296 	idx: 1 1 4 32 512 1024
362.33464615105714 24.24166460445803 	idx: 1 1 4 32 1024 512
362.33464615105714 23.99924795841345 	idx: 1 1 4 32 1024 256
302.4668466505442 23.759255478829314 	idx: 1 2 3 16 512 256
302.917561138489 23.52166292404102 	idx: 1 2 3 32 512 128
186.188145974522 23.28644629480061 	idx: 1 1 2 16 1024 64
87.92877393792573 23.053581831852604 	idx: 1 1 1 32 512 32
292.04636733501064 22.82304601353408 	idx: 1 2 2 32 1024 16
222.8753215526524 22.59481555339874 	idx: 1 3 2 32 512 8
374.52304629285334 22.36886739786475 	idx: 1 2 3 16 1024 4
185.7320774606475 22.145178723886104 	idx: 1 1 2 16 1024 2
185.73180778032037 21.923726936647242 	idx: 1 1 2 16 2048 4
247.5669230091844 21.704489667280768 	idx: 1 1 3 32 1024 8
224.78029908447115 21.48744477060796 	idx: 1 2 2 32 512 16
153.89024342708376 21.27257032290188 	idx: 1 2 2 32 256 16
169.15303598324812 21.059844619672862 	idx: 2 1 4 16 128 32
184.5892345322703 20.849246173476132 	idx: 2 2 5 16 128 16
251.07705449606257 20.64075371174137 	idx: 2 1 4 32 256 8
184.67551282120692 20.434346174623958 	idx: 2 2 5 32 128 4
338.3033877752344 20.230002712877717 	idx: 2 1 6 16 256 8
338.3033877752344 20.027702685748938 	idx: 2 1 6 16 256 8
338.3033877752344 19.82742565889145 	idx: 2 1 6 16 256 8
316.3032547535475 19.629151402302536 	idx: 2 1 7 8 256 4
201.58303569740102 19.43285988827951 	idx: 2 1 7 4 128 8
309.95201616689315 19.238531289396715 	idx: 2 1 7 4 256 16
336.1810812977255 19.046145976502746 	idx: 2 1 6 8 256 32
473.37491587896193 18.855684516737718 	idx: 2 2 5 4 512 64
274.9573450424826 18.66712767157034 	idx: 2 1 5 4 256 64
407.7193387088934 18.480456394854638 	idx: 2 1 6 2 512 64
339.21892391451354 18.295651830906092 	idx: 2 1 5 2 512 128
339.21892391451354 18.11269531259703 	idx: 2 1 5 2 512 128
318.3549240951239 17.931568359471058 	idx: 2 2 5 4 256 64
435.36774879748276 17.752252675876345 	idx: 2 2 4 4 512 128
361.0773822990801 17.57473014911758 	idx: 2 2 3 2 1024 256
218.90885860080698 17.398982847626407 	idx: 2 3 2 4 512 128
298.12112344519466 17.22499301915014 	idx: 2 2 3 8 512 64
175.6961651368397 17.05274308895864 	idx: 3 1 3 128 256 8
173.72159179493866 16.882215658069054 	idx: 2 1 3 8 256 64
166.15754943196433 16.713393501488362 	idx: 2 1 2 4 512 64
169.25358592549588 16.546259566473477 	idx: 4 2 4 2 128 256
298.99880391806244 16.380796970808742 	idx: 4 2 4 2 256 512
169.81650363055977 16.216989001100654 	idx: 4 2 4 2 128 512
169.81650363055977 16.054819111089646 	idx: 4 2 4 2 128 512
209.6378534182216 15.89427091997875 	idx: 3 2 3 64 256 8
209.6378534182216 15.735328210778961 	idx: 3 2 3 64 256 8
224.78029908447115 15.577974928671171 	idx: 3 2 2 64 512 8
186.58139258083713 15.42219517938446 	idx: 3 1 2 128 1024 16
292.30948043749623 15.267973227590614 	idx: 2 2 3 4 512 64
175.04106911082815 15.115293495314708 	idx: 4 1 3 4 256 512
231.02658700630684 14.96414056036156 	idx: 2 1 3 16 512 64
292.04636733501064 14.814499154757945 	idx: 2 2 2 32 1024 128
301.12466429257057 14.666354163210364 	idx: 2 2 3 16 512 64
362.33464615105714 14.519690621578262 	idx: 2 1 4 32 1024 128
377.9378910762667 14.374493715362478 	idx: 4 2 3 16 1024 256
302.4904503160211 14.230748778208852 	idx: 2 2 3 32 512 32
289.50820164856805 14.088441290426763 	idx: 2 3 2 32 1024 64
242.6794374854747 13.947556877522496 	idx: 4 1 3 4 1024 256
289.38212363174034 13.808081308747271 	idx: 2 2 2 8 1024 64
248.54220384561577 13.670000495659798 	idx: 4 1 4 4 256 64
248.54220384561577 13.5333004907032 	idx: 4 1 4 4 256 64
302.4099983982988 13.397967485796167 	idx: 0 2 3 32 512 16
353.6533926093039 13.263987810938206 	idx: 4 1 5 4 512 32
356.9968638931876 13.131347932828824 	idx: 4 1 4 4 1024 64
336.0923097134239 13.000034453500536 	idx: 4 1 4 8 512 64
373.8995938470532 12.87003410896553 	idx: 4 2 3 8 1024 128
222.8753215526524 12.741333767875876 	idx: 2 3 2 64 512 128
222.8753215526524 12.613920430197117 	idx: 0 3 2 32 512 32
222.8753215526524 12.487781225895146 	idx: 0 3 2 32 512 32
222.8753215526524 12.362903413636195 	idx: 2 3 2 64 512 128
222.5288887535826 12.239274379499832 	idx: 0 3 2 16 512 32
289.38212363174034 12.116881635704834 	idx: 0 2 2 8 1024 64
153.89024342708376 11.995712819347785 	idx: 1 2 2 512 256 64
224.78029908447115 11.875755691154307 	idx: 4 2 2 32 512 1024
209.78612285329814 11.756998134242764 	idx: 4 2 3 16 256 512
186.47775997620843 11.639428152900336 	idx: 0 1 2 16 1024 128
224.78029908447115 11.523033871371332 	idx: 1 2 2 128 512 64
233.35344559921046 11.407803532657619 	idx: 4 1 3 16 512 256
249.50208081391267 11.293725497331042 	idx: 4 1 3 16 1024 512
205.77097288830174 11.180788242357732 	idx: 1 3 3 64 256 128
294.37533718689787 11.068980359934155 	idx: 0 2 3 4 512 128
294.37533718689787 10.958290556334813 	idx: 0 2 3 4 512 128
186.58139258083713 10.848707650771464 	idx: 1 1 2 128 1024 64
249.31242822672752 10.74022057426375 	idx: 1 1 3 64 1024 64
224.78029908447115 10.632818368521113 	idx: 1 2 2 128 512 128
251.07705449606257 10.526490184835902 	idx: 4 1 4 8 256 512
249.5819183641614 10.421225282987542 	idx: 1 1 3 64 1024 512
362.33464615105714 10.317013030157668 	idx: 1 1 4 64 1024 512
362.33464615105714 10.213842899856092 	idx: 1 1 4 64 1024 512
303.67246529057513 10.11170447085753 	idx: 1 2 3 32 512 512
277.97598986892297 10.010587426148955 	idx: 0 1 5 16 256 256
450.0386559958344 9.910481551887466 	idx: 0 1 6 16 512 256
341.7878458456439 9.811376736368592 	idx: 0 1 6 32 256 128
302.646649174153 9.713262969004907 	idx: 2 2 4 32 256 256
302.646649174153 9.616130339314857 	idx: 2 2 4 32 256 256
302.646649174153 9.519969035921708 	idx: 2 2 4 32 256 256
277.97598986892297 9.42476934556249 	idx: 2 1 5 32 256 512
303.74132873463594 9.330521652106865 	idx: 1 2 3 64 512 256
303.74132873463594 9.237216435585797 	idx: 1 2 3 64 512 256
233.32779994281526 9.144844271229939 	idx: 0 1 6 32 128 64
319.89067735838796 9.053395828517639 	idx: 0 2 5 16 256 64
184.65731771662269 8.962861870232462 	idx: 0 2 5 16 128 32
209.71492735885946 8.873233251530138 	idx: 1 2 3 32 256 128
209.71492735885946 8.784500919014837 	idx: 1 2 3 32 256 128
341.34230516493625 8.696655909824688 	idx: 0 1 6 32 256 32
340.5276592799351 8.609689350726441 	idx: 0 1 6 16 256 64
377.9378910762667 8.523592457219177 	idx: 1 2 3 16 1024 256
362.33464615105714 8.438356532646985 	idx: 1 1 4 16 1024 256
338.04724362836816 8.353972967320516 	idx: 1 1 4 32 512 512
358.7817080285419 8.27043323764731 	idx: 0 1 8 8 256 256
358.7817080285419 8.187728905270838 	idx: 0 1 8 8 256 512
358.7817080285419 8.105851616218128 	idx: 0 1 8 8 256 512
438.6910328034707 8.024793100055946 	idx: 1 2 4 16 512 128
360.8481987665248 7.944545169055387 	idx: 1 1 5 32 512 64
360.8481987665248 7.865099717364833 	idx: 1 1 5 32 512 64
362.33464615105714 7.786448720191185 	idx: 1 1 4 32 1024 32
302.4904503160211 7.708584232989273 	idx: 1 2 3 32 512 32
355.67664042286674 7.63149839065938 	idx: 0 1 9 4 256 64
438.6910328034707 7.5551834067527865 	idx: 1 2 4 32 512 64
291.5743874613352 7.479631572685259 	idx: 0 1 10 4 128 32
338.04724362836816 7.404835256958406 	idx: 1 1 4 16 512 64
438.6910328034707 7.330786904388821 	idx: 1 2 4 16 512 128
438.6910328034707 7.257479035344933 	idx: 1 2 4 16 512 128
299.10752236600274 7.1849042449914835 	idx: 1 3 3 8 512 256
289.19337582152247 7.1130552025415685 	idx: 1 3 2 16 1024 256
289.19337582152247 7.041924650516153 	idx: 1 3 2 16 1024 256
147.47555515587945 6.971505404010991 	idx: 1 4 1 32 1024 256
147.18792263860888 6.901790349970882 	idx: 1 3 1 64 1024 512
292.04636733501064 6.832772446471173 	idx: 1 2 2 64 1024 512
113.7999758015729 6.764444722006462 	idx: 1 2 1 64 512 1024
175.6092108681737 6.696800274786397 	idx: 0 1 11 2 64 32
128.11455859493935 6.6298322720385325 	idx: 1 1 2 64 256 512
171.6949263607902 6.563533949318147 	idx: 0 1 10 2 64 32
171.6949263607902 6.497898609824966 	idx: 0 1 10 2 64 32
91.61488433520766 6.432919623726716 	idx: 0 1 11 4 32 16
170.98004003301554 6.3685904274894485 	idx: 0 1 10 2 64 16
171.6949263607902 6.304904523214554 	idx: 0 1 10 2 64 32
171.6949263607902 6.2418554779824085 	idx: 0 1 10 2 64 32
254.44055033161223 6.1794369232025845 	idx: 0 1 9 2 128 16
291.3303432560989 6.117642553970558 	idx: 0 1 10 4 128 16
171.52007208589163 6.056466128430853 	idx: 0 1 10 4 64 16
160.7132893174608 5.9959014671465445 	idx: 0 1 9 8 64 32
205.74540535628262 5.935942452475079 	idx: 4 3 3 32 256 128
174.9640947781211 5.8765830279503275 	idx: 0 1 8 4 64 32
204.76172530965604 5.817817197670824 	idx: 0 1 7 8 128 64
314.76933135734663 5.759639025694116 	idx: 0 1 7 4 256 128
314.76933135734663 5.7020426354371745 	idx: 0 1 7 4 256 128
417.39778372381386 5.645022209082803 	idx: 0 1 8 8 512 128
462.1237006175042 5.588571986991974 	idx: 0 1 7 16 512 128
462.1237006175042 5.532686267122054 	idx: 0 1 7 16 512 128
462.1237006175042 5.477359404450834 	idx: 0 1 7 16 512 128
459.96842753466194 5.422585810406325 	idx: 0 1 7 16 512 64
440.7387748175802 5.368359952302262 	idx: 0 1 6 8 512 64
277.2250449297514 5.314676352779239 	idx: 0 1 5 16 256 64
444.8461219855295 5.261529589251447 	idx: 0 1 6 16 512 32
444.8461219855295 5.208914293358933 	idx: 0 1 6 16 512 32
319.89067735838796 5.156825150425344 	idx: 0 2 5 16 256 64
319.95969053521 5.10525689892109 	idx: 0 2 5 8 256 128
449.2854545470511 5.0542043299318795 	idx: 0 1 6 8 512 256
449.2854545470511 5.003662286632561 	idx: 0 1 6 8 512 256
341.97150757077026 4.953625663766235 	idx: 0 1 6 8 256 256
341.97150757077026 4.9040894071285726 	idx: 0 1 6 8 256 256
361.67871468570127 4.8550485130572865 	idx: 0 1 5 16 512 512
379.0940789020367 4.806498027926714 	idx: 4 2 3 32 1024 256
361.13446878610637 4.758433047647447 	idx: 0 1 5 32 512 128
438.6910328034707 4.710848717170973 	idx: 0 2 4 32 512 64
438.6910328034707 4.663740229999263 	idx: 0 2 4 32 512 64
438.6910328034707 4.61710282769927 	idx: 0 2 4 32 512 64
438.6910328034707 4.570931799422278 	idx: 0 2 4 32 512 64
438.6910328034707 4.525222481428055 	idx: 0 2 4 32 512 64
438.6910328034707 4.4799702566137745 	idx: 0 2 4 32 512 64
438.6910328034707 4.4351705540476365 	idx: 0 2 4 32 512 64
320.1819350979138 4.39081884850716 	idx: 0 2 5 16 256 128
320.1819350979138 4.346910660022088 	idx: 0 2 5 16 256 128
449.80483823609563 4.303441553421867 	idx: 0 1 6 32 512 128
463.80222046570316 4.260407137887648 	idx: 0 1 7 32 512 256
323.3003538427321 4.217803066508771 	idx: 0 1 7 64 256 256
450.35832285912454 4.175625035843683 	idx: 0 1 6 128 512 128
384.0574928542262 4.133868785485246 	idx: 0 1 5 64 1024 128
383.97448729647954 4.0925300976303935 	idx: 0 1 5 32 1024 128
449.4318663886317 4.05160479665409 	idx: 0 1 6 32 512 64
449.4318663886317 4.011088748687548 	idx: 0 1 6 32 512 64
448.88341186657624 3.970977861200673 	idx: 4 2 5 2 512 64
448.88341186657624 3.9312680825886663 	idx: 4 2 5 2 512 64
448.88341186657624 3.8919554017627798 	idx: 4 2 5 2 512 64
448.88341186657624 3.853035847745152 	idx: 4 2 5 2 512 64
448.88341186657624 3.8145054892677006 	idx: 4 2 5 2 512 64
448.88341186657624 3.7763604343750234 	idx: 4 2 5 2 512 64
305.4815125804582 3.7385968300312733 	idx: 4 1 4 2 512 32
305.4815125804582 3.7012108617309605 	idx: 4 1 4 2 512 32
305.4815125804582 3.664198753113651 	idx: 4 1 4 2 512 32
333.11733663892335 3.6275567655825145 	idx: 4 1 5 2 512 64
377.4377364781628 3.591281197926689 	idx: 4 1 5 4 1024 64
422.7717554438806 3.555368385947422 	idx: 4 1 6 2 1024 32
472.19669909005336 3.519814702087948 	idx: 4 2 5 4 512 32
472.19669909005336 3.4846165550670687 	idx: 4 2 5 4 512 32
360.0521428772483 3.449770389516398 	idx: 4 1 4 8 1024 32
362.33464615105714 3.415272685621234 	idx: 4 1 4 16 1024 32
362.33464615105714 3.3811199587650216 	idx: 4 1 4 16 1024 32
438.6910328034707 3.347308759177371 	idx: 4 2 4 32 512 64
438.6910328034707 3.3138356715855974 	idx: 4 2 4 32 512 64
438.6910328034707 3.2806973148697414 	idx: 4 2 4 32 512 64
438.6910328034707 3.247890341721044 	idx: 4 2 4 32 512 64
438.6910328034707 3.2154114383038332 	idx: 4 2 4 32 512 64
438.6910328034707 3.183257323920795 	idx: 4 2 4 32 512 64
462.5811851326819 3.1514247506815867 	idx: 0 1 7 32 512 32
462.5811851326819 3.1199105031747707 	idx: 0 1 7 32 512 32
478.98106328962245 3.088711398143023 	idx: 0 1 6 32 1024 64
478.98106328962245 3.0578242841615926 	idx: 0 1 6 32 1024 64
462.5811851326819 3.0272460413199767 	idx: 0 1 7 32 512 32
463.0630435864693 2.996973580906777 	idx: 0 1 7 32 512 64
463.0630435864693 2.967003845097709 	idx: 0 1 7 32 512 64
463.0630435864693 2.9373338066467323 	idx: 0 1 7 32 512 64
449.9860159146715 2.907960468580265 	idx: 0 1 6 64 512 64
449.9860159146715 2.8788808638944623 	idx: 0 1 6 64 512 64
449.9860159146715 2.8500920552555176 	idx: 0 1 6 64 512 64
449.9860159146715 2.8215911347029623 	idx: 0 1 6 64 512 64
449.9860159146715 2.7933752233559326 	idx: 0 1 6 64 512 64
477.4636129922072 2.765441471122373 	idx: 4 1 6 32 1024 4
461.74586271156613 2.7377870564111495 	idx: 4 1 7 32 512 2
461.74586271156613 2.710409185847038 	idx: 4 1 7 32 512 2
461.74586271156613 2.6833050939885674 	idx: 4 1 7 32 512 2
338.04724362836816 2.656472043048682 	idx: 0 1 4 256 512 128
417.39778372381386 2.629907322618195 	idx: 4 1 8 8 512 4
417.39778372381386 2.603608249392013 	idx: 4 1 8 8 512 4
417.39778372381386 2.577572166898093 	idx: 4 1 8 8 512 4
417.39778372381386 2.551796445229112 	idx: 4 1 8 8 512 2
417.39778372381386 2.526278480776821 	idx: 4 1 8 8 512 2
417.39778372381386 2.501015695969053 	idx: 4 1 8 8 512 2
417.39778372381386 2.4760055390093623 	idx: 4 1 8 8 512 2
417.39778372381386 2.4512454836192688 	idx: 4 1 8 8 512 4
379.0940789020367 2.426733028783076 	idx: 2 2 3 32 1024 256
357.1114790665991 2.402465698495245 	idx: 4 1 9 16 256 4
417.39778372381386 2.3784410415102926 	idx: 4 1 8 32 512 2
417.39778372381386 2.3546566310951897 	idx: 4 1 8 32 512 2
457.38338354158583 2.3311100647842378 	idx: 4 1 7 16 512 4
457.38338354158583 2.307798964136395 	idx: 4 1 7 16 512 4
457.38338354158583 2.2847209744950314 	idx: 4 1 7 16 512 4
457.38338354158583 2.261873764750081 	idx: 4 1 7 16 512 4
443.8597686591635 2.23925502710258 	idx: 4 1 6 16 512 8
443.8597686591635 2.2168624768315546 	idx: 4 1 6 16 512 8
443.8597686591635 2.194693852063239 	idx: 4 1 6 16 512 8
443.8597686591635 2.1727469135426065 	idx: 4 1 6 16 512 8
432.7032162911846 2.1510194444071806 	idx: 3 2 4 4 512 32
463.36078127730946 2.129509249963109 	idx: 4 1 7 64 512 8
463.36078127730946 2.108214157463478 	idx: 4 1 7 64 512 8
432.7032162911846 2.087132015888843 	idx: 3 2 4 4 512 32
443.8597686591635 2.0662606957299547 	idx: 4 1 6 16 512 8
438.6910328034707 2.045598088772655 	idx: 2 2 4 32 512 64
438.6910328034707 2.0251421078849283 	idx: 2 2 4 32 512 64
438.6910328034707 2.004890686806079 	idx: 2 2 4 32 512 64
475.44051284767426 1.9848417799380185 	idx: 4 2 5 8 512 16
475.44051284767426 1.9649933621386382 	idx: 4 2 5 8 512 16
475.44051284767426 1.9453434285172517 	idx: 4 2 5 8 512 16
475.44051284767426 1.9258899942320793 	idx: 4 2 5 8 512 16
475.44051284767426 1.9066310942897584 	idx: 4 2 5 8 512 16
475.44051284767426 1.8875647833468607 	idx: 4 2 5 8 512 16
475.44051284767426 1.868689135513392 	idx: 4 2 5 8 512 16
475.44051284767426 1.8500022441582582 	idx: 4 2 5 8 512 16
475.44051284767426 1.8315022217166756 	idx: 4 2 5 8 512 16
475.44051284767426 1.8131871994995088 	idx: 4 2 5 8 512 16
475.44051284767426 1.7950553275045138 	idx: 4 2 5 8 512 16
475.44051284767426 1.7771047742294686 	idx: 4 2 5 8 512 16
475.44051284767426 1.7593337264871738 	idx: 4 2 5 8 512 16
475.44051284767426 1.741740389222302 	idx: 4 2 5 8 512 16
475.44051284767426 1.724322985330079 	idx: 4 2 5 8 512 16
475.44051284767426 1.7070797554767783 	idx: 4 2 5 8 512 16
475.44051284767426 1.6900089579220106 	idx: 4 2 5 8 512 16
475.44051284767426 1.6731088683427904 	idx: 4 2 5 8 512 16
438.6910328034707 1.6563777796593624 	idx: 1 2 4 64 512 4
475.76279055063054 1.6398140018627687 	idx: 4 2 5 8 512 32
475.76279055063054 1.623415861844141 	idx: 4 2 5 8 512 32
475.76279055063054 1.6071817032256996 	idx: 4 2 5 8 512 32
475.76279055063054 1.5911098861934427 	idx: 4 2 5 8 512 32
475.76279055063054 1.5751987873315083 	idx: 4 2 5 8 512 32
475.76279055063054 1.5594467994581933 	idx: 4 2 5 8 512 32
473.37491587896193 1.5438523314636114 	idx: 0 2 5 4 512 64
473.37491587896193 1.5284138081489753 	idx: 0 2 5 4 512 64
471.5639318214913 1.5131296700674854 	idx: 4 2 5 4 512 16
477.60444838146907 1.4979983733668105 	idx: 2 1 6 32 1024 8
477.60444838146907 1.4830183896331424 	idx: 2 1 6 32 1024 8
477.60444838146907 1.468188205736811 	idx: 2 1 6 32 1024 8
473.37491587896193 1.4535063236794428 	idx: 0 2 5 4 512 64
473.37491587896193 1.4389712604426483 	idx: 0 2 5 4 512 64
473.37491587896193 1.4245815478382218 	idx: 0 2 5 4 512 64
473.37491587896193 1.4103357323598396 	idx: 0 2 5 4 512 64
473.37491587896193 1.396232375036241 	idx: 0 2 5 4 512 64
473.37491587896193 1.3822700512858788 	idx: 0 2 5 4 512 64
473.37491587896193 1.36844735077302 	idx: 0 2 5 4 512 64
473.37491587896193 1.3547628772652898 	idx: 0 2 5 4 512 64
473.37491587896193 1.341215248492637 	idx: 0 2 5 4 512 64
473.37491587896193 1.3278030960077105 	idx: 0 2 5 4 512 64
473.37491587896193 1.3145250650476334 	idx: 0 2 5 4 512 64
473.37491587896193 1.301379814397157 	idx: 0 2 5 4 512 64
473.37491587896193 1.2883660162531856 	idx: 0 2 5 4 512 64
450.10081089117097 1.2754823560906536 	idx: 2 1 7 8 512 8
450.10081089117097 1.2627275325297471 	idx: 2 1 7 8 512 8
463.3112715860122 1.2501002572044497 	idx: 2 1 6 8 1024 4
448.88341186657624 1.2375992546324053 	idx: 0 2 5 2 512 64
477.4636129922072 1.2252232620860812 	idx: 2 1 6 32 1024 4
461.92010847829755 1.2129710294652205 	idx: 2 1 7 32 512 8
461.92010847829755 1.2008413191705682 	idx: 2 1 7 32 512 8
461.92010847829755 1.1888329059788625 	idx: 2 1 7 32 512 8
463.3477734692658 1.1769445769190738 	idx: 2 1 7 64 512 4
463.3477734692658 1.165175131149883 	idx: 2 1 7 64 512 4
477.60444838146907 1.1535233798383842 	idx: 2 1 6 32 1024 8
472.57961950749143 1.1419881460400003 	idx: 2 1 6 16 1024 8
472.57961950749143 1.1305682645796002 	idx: 2 1 6 16 1024 8
472.34403688187865 1.1192625819338042 	idx: 2 1 6 16 1024 4
477.3945627002506 1.1080699561144662 	idx: 2 1 6 32 1024 2
477.4636129922072 1.0969892565533215 	idx: 2 1 6 32 1024 4
477.4636129922072 1.0860193639877882 	idx: 2 1 6 32 1024 4
477.4636129922072 1.0751591703479102 	idx: 2 1 6 32 1024 4
477.4636129922072 1.0644075786444311 	idx: 2 1 6 32 1024 4
477.4636129922072 1.0537635028579868 	idx: 2 1 6 32 1024 4
477.4636129922072 1.0432258678294068 	idx: 2 1 6 32 1024 4
461.74586271156613 1.0327936091511127 	idx: 2 1 7 32 512 2
461.8000398925968 1.0224656730596016 	idx: 2 1 7 32 512 4
472.57961950749143 1.0122410163290056 	idx: 2 1 6 16 1024 8
472.57961950749143 1.0021186061657157 	idx: 2 1 6 16 1024 8
###### ACC Parameters ######
cim type:    LccCIM
bus_width:   25.6
macros_row:  1
macros_col:  6
scr:         16
is_size:     1024
os_size:     8
best=472.57961950749143, area=4636739.272225072 459
vit_large_sl197_LCC-CIM@ISSCC20_tt_running start at 1757791112.889042
557.217672824058 100 	idx: 0 4 2 2 128 128
450.02559377429714 99.0 	idx: 3 2 3 2 64 256
439.5661400425079 98.01 	idx: 2 3 2 2 64 64
462.2953078638366 97.0299 	idx: 2 2 3 4 64 64
699.575055203031 96.059601 	idx: 2 2 4 4 32 64
699.575055203031 95.09900499 	idx: 2 2 4 4 32 64
465.0563472478611 94.1480149401 	idx: 1 2 3 4 128 128
625.643968706974 93.206534790699 	idx: 2 2 4 2 128 16
588.4043612009058 92.27446944279201 	idx: 2 3 3 2 64 32
625.643968706974 91.35172474836409 	idx: 1 2 4 2 512 64
499.11952638248187 90.43820750088045 	idx: 0 7 1 32 512 64
737.0465858166224 89.53382542587164 	idx: 1 2 5 8 512 32
511.52785584605664 88.63848717161292 	idx: 0 7 1 32 256 128
747.4550781546732 87.75210229989679 	idx: 1 2 5 16 256 8
424.92683387037835 86.87458127689783 	idx: 0 6 1 8 128 128
855.6965547228945 86.00583546412885 	idx: 0 5 2 16 64 128
449.5949654365834 85.14577710948755 	idx: 0 5 1 16 32 64
749.6551793251882 84.29431933839268 	idx: 1 2 5 8 32 8
749.6551793251882 83.45137614500875 	idx: 1 2 5 8 32 8
749.6551793251882 82.61686238355867 	idx: 1 2 5 8 32 8
629.9157169027123 81.79069375972308 	idx: 4 4 2 64 512 32
851.331329833698 80.97278682212585 	idx: 2 5 2 8 32 8
950.565697639855 80.1630589539046 	idx: 1 3 4 4 128 64
950.565697639855 79.36142836436555 	idx: 1 3 4 4 128 64
816.0857250403527 78.56781408072189 	idx: 2 5 2 4 8 8
487.2799002703709 77.78213593991467 	idx: 1 2 3 16 256 128
784.4606640418982 77.00431458051553 	idx: 2 6 2 4 32 2
498.93068699848567 76.23427143471037 	idx: 3 3 2 8 512 8
682.6076505094247 75.47192872036327 	idx: 0 3 3 16 8 64
845.8971742968807 74.71720943315964 	idx: 2 5 2 8 64 2
683.3643398718649 73.97003733882804 	idx: 0 3 3 16 4 64
655.4134120347597 73.23033696543976 	idx: 0 4 2 32 8 128
521.3617926282636 72.49803359578536 	idx: 0 3 2 16 4 128
859.9766698656914 71.7730532598275 	idx: 4 5 2 16 32 8
854.5618056495024 71.05532272722922 	idx: 4 5 2 16 64 4
520.3771346976467 70.34476949995693 	idx: 0 3 2 16 8 64
798.7145012238374 69.64132180495736 	idx: 4 5 2 4 128 2
990.2437356784542 68.94490858690779 	idx: 0 3 4 16 4 16
990.2437356784542 68.25545950103871 	idx: 0 3 4 16 4 8
990.2437356784542 67.57290490602833 	idx: 0 3 4 16 4 4
989.0798960781888 66.89717585696805 	idx: 0 3 4 16 8 4
720.8306554864305 66.22820409839836 	idx: 0 2 4 16 8 2
741.5662272310921 65.56592205741438 	idx: 2 2 5 8 256 4
740.0581721826718 64.91026283684023 	idx: 0 2 5 4 16 4
747.4015784653274 64.26116020847184 	idx: 2 2 5 16 256 4
869.586401041472 63.618548606387115 	idx: 0 3 4 2 4 4
798.7095140272115 62.98236312032324 	idx: 0 4 3 4 4 8
863.0955600575551 62.35253948912001 	idx: 0 5 2 8 2 8
496.549424370437 61.72901409422881 	idx: 4 7 1 16 512 8
871.9247796598617 61.11172395328652 	idx: 0 5 2 16 2 2
845.3688851292185 60.500606713753655 	idx: 0 6 2 16 2 2
862.0747217050672 59.89560064661612 	idx: 0 5 2 8 4 4
798.3032667746335 59.29664464014996 	idx: 0 4 3 4 4 4
818.0794750609167 58.70367819374846 	idx: 0 5 2 4 2 4
836.946240175351 58.116641411810974 	idx: 0 6 2 8 2 4
642.056963880579 57.535474997692866 	idx: 3 4 2 16 128 64
871.9247796598617 56.960120247715935 	idx: 0 5 2 16 2 2
871.9247796598617 56.390519045238776 	idx: 0 5 2 16 2 2
630.6113308749581 55.82661385478639 	idx: 3 4 2 8 256 16
875.7272284141633 55.26834771623852 	idx: 0 5 2 32 2 4
628.9122718691001 54.71566423907614 	idx: 1 2 4 2 16 2
741.0024014447481 54.16850759668538 	idx: 1 2 5 4 8 2
874.7929532771637 53.62682252071853 	idx: 0 5 2 32 4 4
921.521619056367 53.09055429551134 	idx: 1 2 6 8 8 4
851.011323579064 52.55964875255623 	idx: 0 4 3 16 4 4
920.4407700098401 52.03405226503067 	idx: 1 2 6 8 16 8
874.7929532771637 51.51371174238036 	idx: 0 5 2 32 4 4
842.8067139520404 50.998574624956554 	idx: 0 6 2 16 8 2
844.5135635378722 50.488588878706985 	idx: 0 6 2 16 4 4
844.5135635378722 49.98370298991991 	idx: 0 6 2 16 4 4
870.9985959512736 49.483865960020715 	idx: 0 5 2 16 4 2
870.9985959512736 48.98902730042051 	idx: 0 5 2 16 4 2
870.9985959512736 48.4991370274163 	idx: 0 5 2 16 4 2
709.6021657125106 48.01414565714214 	idx: 3 2 4 16 256 256
679.0879616062517 47.53400420057071 	idx: 3 3 3 16 128 512
712.638302803405 47.05866415856501 	idx: 3 2 4 32 128 512
754.3746422100047 46.58807751697936 	idx: 3 2 5 16 64 256
573.8717439922476 46.12219674180957 	idx: 4 4 2 2 128 256
636.7340147889305 45.66097477439147 	idx: 4 3 3 4 256 128
712.638302803405 45.20436502664755 	idx: 2 2 4 64 128 64
721.7661336372767 44.752321376381076 	idx: 0 2 4 64 2 4
510.0496122763698 44.30479816261727 	idx: 1 3 2 16 256 8
762.6003609833891 43.861750180991095 	idx: 0 2 5 32 4 16
989.0798960781888 43.42313267918119 	idx: 0 3 4 16 8 16
989.0798960781888 42.98890135238938 	idx: 0 3 4 16 8 16
849.9539014832496 42.559012338865486 	idx: 0 4 3 16 8 8
860.4249788535692 42.133422215476834 	idx: 0 5 2 8 8 8
647.0455294093842 41.712087993322065 	idx: 1 4 2 32 64 4
520.84063197605 41.29496711338884 	idx: 0 3 2 16 4 32
833.7196159104204 40.882017442254956 	idx: 0 4 3 8 2 32
653.8589024290504 40.473197267832404 	idx: 0 4 2 16 4 64
644.5415942759246 40.06846529515408 	idx: 1 4 2 32 128 8
717.1450304987442 39.66778064220254 	idx: 3 2 4 16 32 32
752.4498661756834 39.27110283578051 	idx: 3 2 5 8 16 32
752.4498661756834 38.8783918074227 	idx: 3 2 5 8 16 32
523.1127919911012 38.48960788934848 	idx: 2 3 2 32 4 16
523.1127919911012 38.104711810454994 	idx: 2 3 2 32 4 16
523.1127919911012 37.72366469235045 	idx: 2 3 2 32 4 16
872.9780301375846 37.34642804542694 	idx: 0 5 2 32 8 256
788.9360528441997 36.97296376497267 	idx: 4 4 3 4 64 32
640.847502054067 36.60323412732294 	idx: 4 4 2 8 32 16
920.1974318209612 36.23720178604971 	idx: 3 2 6 8 16 4
863.6185476248346 35.874829768189215 	idx: 0 5 2 32 32 128
817.9316979907506 35.516081470507324 	idx: 4 4 3 8 128 64
863.6185476248346 35.16092065580225 	idx: 0 5 2 32 32 256
863.6185476248346 34.80931144924423 	idx: 0 5 2 32 32 256
858.1952929179079 34.461218334751784 	idx: 0 5 2 32 64 128
858.1952929179079 34.11660615140427 	idx: 0 5 2 32 64 128
858.1952929179079 33.775440089890225 	idx: 0 5 2 64 64 64
825.3386185504152 33.43768568899132 	idx: 4 4 3 8 64 128
814.941895860808 33.10330883210141 	idx: 4 5 2 4 64 128
653.9524999488763 32.7722757437804 	idx: 2 9 1 64 32 16
644.1269655353867 32.44455298634259 	idx: 4 4 2 16 128 512
591.6108188108188 32.12010745647917 	idx: 2 10 1 16 128 32
578.5227764775053 31.798906381914374 	idx: 2 10 1 8 128 32
825.3386185504152 31.48091731809523 	idx: 4 4 3 8 64 128
843.2748187495158 31.16610814491428 	idx: 4 5 2 8 128 64
591.8585488524029 30.854447063465138 	idx: 2 9 1 4 128 64
614.1733436403182 30.545902592830487 	idx: 2 9 1 8 256 32
614.1733436403182 30.240443566902183 	idx: 2 9 1 8 256 32
614.1733436403182 29.93803913123316 	idx: 2 9 1 8 256 32
659.6288679782849 29.638658739920828 	idx: 1 3 3 16 512 4
646.5418800481183 29.34227215252162 	idx: 2 9 1 32 64 16
685.7262889292138 29.048849430996402 	idx: 4 3 3 32 32 16
714.1661351556568 28.758360936686437 	idx: 4 2 4 32 64 16
714.1661351556568 28.47077732731957 	idx: 4 2 4 32 64 16
675.5392680885222 28.186069554046373 	idx: 1 3 3 32 256 8
707.843982474853 27.90420885850591 	idx: 4 2 4 8 64 16
670.5900613889311 27.625166769920853 	idx: 4 3 3 16 128 16
714.1661351556568 27.348915102221643 	idx: 4 2 4 32 64 32
714.1661351556568 27.075425951199424 	idx: 4 2 4 32 64 32
753.2784773749794 26.804671691687428 	idx: 4 2 5 32 128 16
753.2784773749794 26.536624974770554 	idx: 4 2 5 32 128 16
709.6021657125106 26.271258725022847 	idx: 4 2 4 16 256 8
633.3590382444396 26.00854613777262 	idx: 2 9 1 8 32 16
668.4480601581555 25.748460676394892 	idx: 0 3 3 32 512 32
639.5914158283166 25.490976069630943 	idx: 0 4 2 32 256 32
639.5914158283166 25.23606630893463 	idx: 0 4 2 32 256 32
670.5900613889311 24.983705645845284 	idx: 0 3 3 16 128 16
667.0041678724974 24.73386858938683 	idx: 0 3 3 16 256 16
636.8402110923031 24.48652990349296 	idx: 0 4 2 16 256 16
842.4209532214195 24.24166460445803 	idx: 0 5 2 8 128 32
863.6185476248346 23.99924795841345 	idx: 2 5 2 32 32 32
925.7984830061954 23.759255478829314 	idx: 3 2 6 8 4 64
759.6137360948836 23.52166292404102 	idx: 3 2 5 16 8 64
943.587032621304 23.28644629480061 	idx: 3 2 6 16 4 32
943.587032621304 23.053581831852604 	idx: 3 2 6 16 4 32
943.587032621304 22.82304601353408 	idx: 3 2 6 16 4 32
925.7984830061954 22.59481555339874 	idx: 3 2 6 8 4 64
833.9846054544624 22.36886739786475 	idx: 0 5 2 8 256 32
941.4653833202999 22.145178723886104 	idx: 3 2 6 16 16 32
642.056963880579 21.923726936647242 	idx: 0 4 2 16 128 64
447.13622363151273 21.704489667280768 	idx: 0 5 1 16 64 128
509.84123646212083 21.48744477060796 	idx: 3 1 6 16 16 128
501.9265284020569 21.27257032290188 	idx: 3 1 6 8 16 128
758.6856293010007 21.059844619672862 	idx: 3 2 5 8 8 256
758.6856293010007 20.849246173476132 	idx: 3 2 5 8 8 256
487.3597314707482 20.64075371174137 	idx: 3 1 6 4 4 128
683.4209309998009 20.434346174623958 	idx: 1 3 3 64 64 16
874.9305736622869 20.230002712877717 	idx: 3 3 4 2 4 32
741.7253274729353 20.027702685748938 	idx: 3 2 5 4 8 16
886.0101702017867 19.82742565889145 	idx: 3 2 6 4 4 16
856.6506985800701 19.629151402302536 	idx: 4 5 2 16 64 256
884.510690614898 19.43285988827951 	idx: 3 2 6 4 4 4
852.2104601137585 19.238531289396715 	idx: 4 5 2 8 64 256
961.7072889804449 19.046145976502746 	idx: 3 3 4 4 8 4
703.6068470847084 18.855684516737718 	idx: 0 2 4 32 512 128
703.6068470847084 18.66712767157034 	idx: 0 2 4 32 512 128
703.6068470847084 18.480456394854638 	idx: 0 2 4 32 512 128
709.6021657125106 18.295651830906092 	idx: 0 2 4 64 256 128
681.2761295064417 18.11269531259703 	idx: 0 3 3 64 128 256
714.1661351556568 17.931568359471058 	idx: 0 2 4 128 64 128
714.1661351556568 17.752252675876345 	idx: 0 2 4 128 64 128
792.3372922615692 17.57473014911758 	idx: 3 6 2 4 8 4
714.1661351556568 17.398982847626407 	idx: 0 2 4 128 64 64
731.1788870184545 17.22499301915014 	idx: 3 5 2 2 8 8
797.2708193615139 17.05274308895864 	idx: 3 4 3 4 8 4
736.1971361480731 16.882215658069054 	idx: 3 4 3 2 8 2
736.1971361480731 16.713393501488362 	idx: 3 4 3 2 8 2
545.9018641174463 16.546259566473477 	idx: 3 4 2 2 16 4
729.9563438191027 16.380796970808742 	idx: 3 5 2 2 8 2
388.5606639044483 16.216989001100654 	idx: 0 1 4 16 16 16
409.03646756170366 16.054819111089646 	idx: 4 1 5 4 64 512
513.1597862966273 15.89427091997875 	idx: 1 3 2 16 128 2
725.6353481089851 15.735328210778961 	idx: 4 2 5 2 64 512
725.6353481089851 15.577974928671171 	idx: 4 2 5 2 64 512
725.6353481089851 15.42219517938446 	idx: 4 2 5 2 64 512
725.6353481089851 15.267973227590614 	idx: 4 2 5 2 64 512
757.1901269573016 15.115293495314708 	idx: 4 2 5 4 32 512
757.1901269573016 14.96414056036156 	idx: 4 2 5 4 32 512
858.1952929179079 14.814499154757945 	idx: 3 5 2 32 64 8
858.1952929179079 14.666354163210364 	idx: 3 5 2 32 64 8
828.1907958459586 14.519690621578262 	idx: 1 4 3 8 16 2
986.7604048383115 14.374493715362478 	idx: 1 3 4 16 16 4
986.7604048383115 14.230748778208852 	idx: 1 3 4 16 16 4
986.7604048383115 14.088441290426763 	idx: 1 3 4 16 16 4
986.7604048383115 13.947556877522496 	idx: 0 3 4 16 16 8
986.7604048383115 13.808081308747271 	idx: 0 3 4 16 16 8
917.7497075435994 13.670000495659798 	idx: 4 2 6 8 32 8
841.7848039997959 13.5333004907032 	idx: 3 5 2 8 128 8
759.5021081162922 13.397967485796167 	idx: 2 2 5 16 4 16
761.9882219084892 13.263987810938206 	idx: 4 2 5 32 8 8
761.9882219084892 13.131347932828824 	idx: 4 2 5 32 8 8
721.4486125524522 13.000034453500536 	idx: 2 2 4 16 4 8
749.6551793251882 12.87003410896553 	idx: 4 2 5 8 32 8
710.7702618941449 12.741333767875876 	idx: 4 2 4 8 32 16
843.3735065585822 12.613920430197117 	idx: 1 4 3 16 32 16
713.0574071648164 12.487781225895146 	idx: 3 5 2 2 256 16
647.0455294093842 12.362903413636195 	idx: 1 4 2 32 64 32
813.0757837763966 12.239274379499832 	idx: 4 2 6 2 64 8
813.0757837763966 12.116881635704834 	idx: 4 2 6 2 64 8
965.5656605838727 11.995712819347785 	idx: 3 3 4 8 128 16
813.0757837763966 11.875755691154307 	idx: 4 2 6 2 64 8
737.9831409755295 11.756998134242764 	idx: 4 2 5 4 32 4
978.1078715005305 11.639428152900336 	idx: 4 3 4 8 16 2
981.5302761797153 11.523033871371332 	idx: 2 3 4 8 4 2
978.1078715005305 11.407803532657619 	idx: 4 3 4 8 16 2
978.1078715005305 11.293725497331042 	idx: 4 3 4 8 16 2
978.1078715005305 11.180788242357732 	idx: 4 3 4 8 16 2
978.1078715005305 11.068980359934155 	idx: 4 3 4 8 16 2
978.1078715005305 10.958290556334813 	idx: 4 3 4 8 16 2
978.1078715005305 10.848707650771464 	idx: 4 3 4 8 16 2
751.6727646140217 10.74022057426375 	idx: 1 2 5 16 128 128
751.6727646140217 10.632818368521113 	idx: 1 2 5 16 128 128
751.6727646140217 10.526490184835902 	idx: 1 2 5 16 128 128
751.6727646140217 10.421225282987542 	idx: 1 2 5 16 128 128
747.1538328543726 10.317013030157668 	idx: 0 2 5 8 64 64
831.6760360131921 10.213842899856092 	idx: 2 4 3 8 16 64
798.0567293054828 10.11170447085753 	idx: 2 4 3 4 16 32
801.248546310419 10.010587426148955 	idx: 2 4 3 4 16 64
801.248546310419 9.910481551887466 	idx: 2 4 3 4 16 64
746.8517401287124 9.811376736368592 	idx: 2 4 3 2 8 64
714.1661351556568 9.713262969004907 	idx: 3 2 4 16 64 4
676.6640426896602 9.616130339314857 	idx: 3 3 3 16 32 8
976.5751908630061 9.519969035921708 	idx: 3 3 4 16 64 16
837.6189714727251 9.42476934556249 	idx: 3 4 3 16 64 16
837.6189714727251 9.330521652106865 	idx: 3 4 3 16 64 16
837.6189714727251 9.237216435585797 	idx: 3 4 3 16 64 16
837.6189714727251 9.144844271229939 	idx: 3 4 3 16 64 16
837.6189714727251 9.053395828517639 	idx: 3 4 3 16 64 16
638.1627005082473 8.962861870232462 	idx: 2 4 2 8 64 32
825.5357000298486 8.873233251530138 	idx: 3 4 3 8 32 32
846.2749281350168 8.784500919014837 	idx: 3 5 2 8 64 16
846.2749281350168 8.696655909824688 	idx: 3 5 2 8 64 16
846.2749281350168 8.609689350726441 	idx: 3 5 2 8 64 16
846.2749281350168 8.523592457219177 	idx: 3 5 2 8 64 16
843.1497547157686 8.438356532646985 	idx: 3 4 3 16 32 8
843.1497547157686 8.353972967320516 	idx: 3 4 3 16 32 8
860.05039181607 8.27043323764731 	idx: 3 5 2 16 32 16
860.05039181607 8.187728905270838 	idx: 3 5 2 16 32 16
860.05039181607 8.105851616218128 	idx: 3 5 2 16 32 16
860.05039181607 8.024793100055946 	idx: 3 5 2 16 32 16
839.5472305402732 7.944545169055387 	idx: 3 6 2 16 16 16
839.5472305402732 7.865099717364833 	idx: 3 6 2 16 16 16
863.6185476248346 7.786448720191185 	idx: 3 5 2 32 32 32
863.6185476248346 7.708584232989273 	idx: 3 5 2 32 32 32
863.6185476248346 7.63149839065938 	idx: 3 5 2 32 32 32
863.6185476248346 7.5551834067527865 	idx: 3 5 2 32 32 32
863.6185476248346 7.479631572685259 	idx: 3 5 2 32 32 32
863.6185476248346 7.404835256958406 	idx: 3 5 2 32 32 32
863.6185476248346 7.330786904388821 	idx: 3 5 2 32 32 32
863.6185476248346 7.257479035344933 	idx: 3 5 2 32 32 32
941.8241074386859 7.1849042449914835 	idx: 4 2 6 16 8 2
921.521619056367 7.1130552025415685 	idx: 4 2 6 8 8 4
921.521619056367 7.041924650516153 	idx: 4 2 6 8 8 4
921.521619056367 6.971505404010991 	idx: 4 2 6 8 8 4
921.521619056367 6.901790349970882 	idx: 4 2 6 8 8 4
883.6033654311095 6.832772446471173 	idx: 4 2 6 4 8 2
833.8636406157055 6.764444722006462 	idx: 3 4 3 8 8 64
964.4390772229228 6.696800274786397 	idx: 3 3 4 4 4 32
964.4390772229228 6.6298322720385325 	idx: 3 3 4 4 4 32
964.4390772229228 6.563533949318147 	idx: 3 3 4 4 4 32
964.4390772229228 6.497898609824966 	idx: 3 3 4 4 4 32
872.9780301375846 6.432919623726716 	idx: 1 5 2 32 8 128
872.9780301375846 6.3685904274894485 	idx: 1 5 2 32 8 128
980.9883051273154 6.304904523214554 	idx: 3 3 4 8 8 32
980.9883051273154 6.2418554779824085 	idx: 3 3 4 8 8 32
980.9883051273154 6.1794369232025845 	idx: 3 3 4 8 8 32
980.9883051273154 6.117642553970558 	idx: 3 3 4 8 8 32
980.9883051273154 6.056466128430853 	idx: 3 3 4 8 8 32
980.9883051273154 5.9959014671465445 	idx: 3 3 4 8 8 32
990.8420331840927 5.935942452475079 	idx: 4 3 4 16 2 16
980.9883051273154 5.8765830279503275 	idx: 3 3 4 8 8 32
980.9883051273154 5.817817197670824 	idx: 3 3 4 8 8 32
990.2437356784542 5.759639025694116 	idx: 4 3 4 16 4 16
990.2437356784542 5.7020426354371745 	idx: 4 3 4 16 4 8
990.2437356784542 5.645022209082803 	idx: 4 3 4 16 4 8
990.2437356784542 5.588571986991974 	idx: 4 3 4 16 4 8
990.2437356784542 5.532686267122054 	idx: 3 3 4 16 4 16
990.2437356784542 5.477359404450834 	idx: 3 3 4 16 4 16
990.2437356784542 5.422585810406325 	idx: 3 3 4 16 4 16
989.0798960781888 5.368359952302262 	idx: 4 3 4 16 8 16
989.0798960781888 5.314676352779239 	idx: 4 3 4 16 8 16
989.0798960781888 5.261529589251447 	idx: 4 3 4 16 8 16
989.0798960781888 5.208914293358933 	idx: 4 3 4 16 8 16
989.0798960781888 5.156825150425344 	idx: 4 3 4 16 8 16
989.0798960781888 5.10525689892109 	idx: 4 3 4 16 8 16
989.0798960781888 5.0542043299318795 	idx: 4 3 4 16 8 16
989.0798960781888 5.003662286632561 	idx: 4 3 4 16 8 16
990.2437356784542 4.953625663766235 	idx: 3 3 4 16 4 16
990.2437356784542 4.9040894071285726 	idx: 3 3 4 16 4 16
989.0798960781888 4.8550485130572865 	idx: 4 3 4 16 8 16
989.0798960781888 4.806498027926714 	idx: 4 3 4 16 8 16
989.0798960781888 4.758433047647447 	idx: 4 3 4 16 8 16
989.0798960781888 4.710848717170973 	idx: 4 3 4 16 8 16
989.0798960781888 4.663740229999263 	idx: 4 3 4 16 8 16
989.0798960781888 4.61710282769927 	idx: 4 3 4 16 8 16
989.0798960781888 4.570931799422278 	idx: 4 3 4 16 8 16
989.0798960781888 4.525222481428055 	idx: 4 3 4 16 8 16
989.0798960781888 4.4799702566137745 	idx: 4 3 4 16 8 16
989.0798960781888 4.4351705540476365 	idx: 4 3 4 16 8 16
986.7604048383115 4.39081884850716 	idx: 4 3 4 16 16 8
986.7604048383115 4.346910660022088 	idx: 4 3 4 16 16 8
986.7604048383115 4.303441553421867 	idx: 4 3 4 16 16 8
986.7604048383115 4.260407137887648 	idx: 4 3 4 16 16 8
986.7604048383115 4.217803066508771 	idx: 4 3 4 16 16 8
986.7604048383115 4.175625035843683 	idx: 4 3 4 16 16 8
986.7604048383115 4.133868785485246 	idx: 4 3 4 16 16 8
986.7604048383115 4.0925300976303935 	idx: 4 3 4 16 16 8
986.7604048383115 4.05160479665409 	idx: 4 3 4 16 16 8
986.7604048383115 4.011088748687548 	idx: 4 3 4 16 16 8
986.7604048383115 3.970977861200673 	idx: 4 3 4 16 16 8
986.7604048383115 3.9312680825886663 	idx: 4 3 4 16 16 16
986.7604048383115 3.8919554017627798 	idx: 4 3 4 16 16 16
986.7604048383115 3.853035847745152 	idx: 4 3 4 16 16 16
986.7604048383115 3.8145054892677006 	idx: 4 3 4 16 16 16
986.7604048383115 3.7763604343750234 	idx: 4 3 4 16 16 16
986.7604048383115 3.7385968300312733 	idx: 4 3 4 16 16 16
986.7604048383115 3.7012108617309605 	idx: 4 3 4 16 16 16
986.7604048383115 3.664198753113651 	idx: 4 3 4 16 16 16
986.7604048383115 3.6275567655825145 	idx: 4 3 4 16 16 16
986.7604048383115 3.591281197926689 	idx: 4 3 4 16 16 16
875.8741388695834 3.555368385947422 	idx: 0 2 6 4 128 32
875.8741388695834 3.519814702087948 	idx: 0 2 6 4 128 32
875.8741388695834 3.4846165550670687 	idx: 0 2 6 4 128 32
874.7929532771637 3.449770389516398 	idx: 3 5 2 32 4 8
851.355410833314 3.415272685621234 	idx: 3 4 3 16 4 16
941.8934576273682 3.3811199587650216 	idx: 4 2 6 16 8 4
941.8934576273682 3.347308759177371 	idx: 4 2 6 16 8 4
968.722770706365 3.3138356715855974 	idx: 1 3 4 4 8 128
965.1977302909573 3.2806973148697414 	idx: 1 3 4 4 8 64
965.1977302909573 3.247890341721044 	idx: 1 3 4 4 8 64
961.1346215762849 3.2154114383038332 	idx: 1 3 4 4 16 32
961.1346215762849 3.183257323920795 	idx: 1 3 4 4 16 32
961.1346215762849 3.1514247506815867 	idx: 1 3 4 4 16 32
961.1346215762849 3.1199105031747707 	idx: 1 3 4 4 16 32
961.1346215762849 3.088711398143023 	idx: 1 3 4 4 16 32
961.1346215762849 3.0578242841615926 	idx: 1 3 4 4 16 32
961.1346215762849 3.0272460413199767 	idx: 1 3 4 4 16 32
961.1346215762849 2.996973580906777 	idx: 1 3 4 4 16 32
961.1346215762849 2.967003845097709 	idx: 1 3 4 4 16 32
961.1346215762849 2.9373338066467323 	idx: 1 3 4 4 16 32
961.1346215762849 2.907960468580265 	idx: 1 3 4 4 16 32
961.1346215762849 2.8788808638944623 	idx: 1 3 4 4 16 32
961.1346215762849 2.8500920552555176 	idx: 1 3 4 4 16 32
961.1346215762849 2.8215911347029623 	idx: 1 3 4 4 16 32
962.4055284491677 2.7933752233559326 	idx: 1 3 4 4 8 16
962.4055284491677 2.765441471122373 	idx: 1 3 4 4 8 16
962.4055284491677 2.7377870564111495 	idx: 1 3 4 4 8 16
962.4055284491677 2.710409185847038 	idx: 1 3 4 4 8 16
962.4055284491677 2.6833050939885674 	idx: 1 3 4 4 8 16
962.4055284491677 2.656472043048682 	idx: 1 3 4 4 8 16
962.4055284491677 2.629907322618195 	idx: 1 3 4 4 8 16
962.4055284491677 2.603608249392013 	idx: 1 3 4 4 8 16
980.3868166062782 2.577572166898093 	idx: 3 3 4 8 8 2
962.8075660296408 2.551796445229112 	idx: 3 3 4 4 4 4
962.8075660296408 2.526278480776821 	idx: 3 3 4 4 4 4
962.8075660296408 2.501015695969053 	idx: 3 3 4 4 4 4
963.0485873196624 2.4760055390093623 	idx: 3 3 4 4 4 8
963.0485873196624 2.4512454836192688 	idx: 3 3 4 4 4 8
963.0485873196624 2.426733028783076 	idx: 3 3 4 4 4 8
963.0485873196624 2.402465698495245 	idx: 3 3 4 4 4 8
963.0485873196624 2.3784410415102926 	idx: 3 3 4 4 4 8
980.666792908481 2.3546566310951897 	idx: 1 3 4 8 8 16
980.666792908481 2.3311100647842378 	idx: 1 3 4 8 8 16
980.666792908481 2.307798964136395 	idx: 1 3 4 8 8 16
978.2275518066116 2.2847209744950314 	idx: 1 3 4 8 16 8
978.2275518066116 2.261873764750081 	idx: 1 3 4 8 16 8
978.2275518066116 2.23925502710258 	idx: 1 3 4 8 16 8
963.0485873196624 2.2168624768315546 	idx: 3 3 4 4 4 8
963.0485873196624 2.194693852063239 	idx: 3 3 4 4 4 8
963.0485873196624 2.1727469135426065 	idx: 3 3 4 4 4 8
963.0485873196624 2.1510194444071806 	idx: 3 3 4 4 4 8
978.1471383728355 2.129509249963109 	idx: 1 3 4 8 16 4
978.1471383728355 2.108214157463478 	idx: 1 3 4 8 16 4
986.7604048383115 2.087132015888843 	idx: 1 3 4 16 16 8
986.7604048383115 2.0662606957299547 	idx: 1 3 4 16 16 8
986.7604048383115 2.045598088772655 	idx: 1 3 4 16 16 8
986.7604048383115 2.0251421078849283 	idx: 1 3 4 16 16 8
986.7604048383115 2.004890686806079 	idx: 1 3 4 16 16 8
986.7604048383115 1.9848417799380185 	idx: 1 3 4 16 16 8
986.7604048383115 1.9649933621386382 	idx: 1 3 4 16 16 8
986.7604048383115 1.9453434285172517 	idx: 1 3 4 16 16 8
986.7604048383115 1.9258899942320793 	idx: 1 3 4 16 16 8
986.7604048383115 1.9066310942897584 	idx: 1 3 4 16 16 8
986.7604048383115 1.8875647833468607 	idx: 1 3 4 16 16 8
986.7604048383115 1.868689135513392 	idx: 1 3 4 16 16 8
980.9883051273154 1.8500022441582582 	idx: 3 3 4 8 8 32
980.9883051273154 1.8315022217166756 	idx: 3 3 4 8 8 32
980.9883051273154 1.8131871994995088 	idx: 3 3 4 8 8 32
980.9883051273154 1.7950553275045138 	idx: 3 3 4 8 8 32
980.9883051273154 1.7771047742294686 	idx: 3 3 4 8 8 32
980.9883051273154 1.7593337264871738 	idx: 3 3 4 8 8 32
980.9883051273154 1.741740389222302 	idx: 3 3 4 8 8 32
978.7065660536157 1.724322985330079 	idx: 3 3 4 8 16 32
978.7065660536157 1.7070797554767783 	idx: 3 3 4 8 16 32
978.7065660536157 1.6900089579220106 	idx: 3 3 4 8 16 32
982.1539066339067 1.6731088683427904 	idx: 3 3 4 16 32 32
982.1539066339067 1.6563777796593624 	idx: 3 3 4 16 32 32
982.1539066339067 1.6398140018627687 	idx: 3 3 4 16 32 32
982.1539066339067 1.623415861844141 	idx: 3 3 4 16 32 32
982.1539066339067 1.6071817032256996 	idx: 3 3 4 16 32 32
982.1539066339067 1.5911098861934427 	idx: 3 3 4 16 32 32
982.1539066339067 1.5751987873315083 	idx: 3 3 4 16 32 32
982.1539066339067 1.5594467994581933 	idx: 3 3 4 16 32 32
982.1539066339067 1.5438523314636114 	idx: 3 3 4 16 32 32
982.1539066339067 1.5284138081489753 	idx: 3 3 4 16 32 32
982.1539066339067 1.5131296700674854 	idx: 3 3 4 16 32 32
982.1539066339067 1.4979983733668105 	idx: 3 3 4 16 32 32
982.1539066339067 1.4830183896331424 	idx: 3 3 4 16 32 32
982.1539066339067 1.468188205736811 	idx: 3 3 4 16 32 32
979.345357103209 1.4535063236794428 	idx: 3 3 4 8 16 64
978.2275518066116 1.4389712604426483 	idx: 1 3 4 8 16 8
978.2275518066116 1.4245815478382218 	idx: 1 3 4 8 16 8
978.2275518066116 1.4103357323598396 	idx: 1 3 4 8 16 8
978.2275518066116 1.396232375036241 	idx: 1 3 4 8 16 8
978.2275518066116 1.3822700512858788 	idx: 1 3 4 8 16 8
978.2275518066116 1.36844735077302 	idx: 1 3 4 8 16 8
978.2275518066116 1.3547628772652898 	idx: 1 3 4 8 16 8
978.2275518066116 1.341215248492637 	idx: 1 3 4 8 16 8
978.2275518066116 1.3278030960077105 	idx: 1 3 4 8 16 8
978.2275518066116 1.3145250650476334 	idx: 1 3 4 8 16 8
978.2275518066116 1.301379814397157 	idx: 1 3 4 8 16 8
986.7604048383115 1.2883660162531856 	idx: 1 3 4 16 16 8
986.7604048383115 1.2754823560906536 	idx: 1 3 4 16 16 8
978.1471383728355 1.2627275325297471 	idx: 1 3 4 8 16 4
978.1471383728355 1.2501002572044497 	idx: 1 3 4 8 16 4
978.1471383728355 1.2375992546324053 	idx: 1 3 4 8 16 4
982.1539066339067 1.2252232620860812 	idx: 3 3 4 16 32 64
982.1539066339067 1.2129710294652205 	idx: 3 3 4 16 32 64
982.1539066339067 1.2008413191705682 	idx: 3 3 4 16 32 64
982.1539066339067 1.1888329059788625 	idx: 3 3 4 16 32 64
982.1539066339067 1.1769445769190738 	idx: 3 3 4 16 32 64
982.1539066339067 1.165175131149883 	idx: 3 3 4 16 32 64
986.7604048383115 1.1535233798383842 	idx: 3 3 4 16 16 64
986.7604048383115 1.1419881460400003 	idx: 3 3 4 16 16 64
986.7604048383115 1.1305682645796002 	idx: 3 3 4 16 16 64
986.7604048383115 1.1192625819338042 	idx: 3 3 4 16 16 64
986.7604048383115 1.1080699561144662 	idx: 3 3 4 16 16 64
986.7604048383115 1.0969892565533215 	idx: 3 3 4 16 16 64
986.7604048383115 1.0860193639877882 	idx: 3 3 4 16 16 64
982.1539066339067 1.0751591703479102 	idx: 3 3 4 16 32 32
982.1539066339067 1.0644075786444311 	idx: 3 3 4 16 32 32
982.1539066339067 1.0537635028579868 	idx: 3 3 4 16 32 32
982.1539066339067 1.0432258678294068 	idx: 3 3 4 16 32 32
982.1539066339067 1.0327936091511127 	idx: 3 3 4 16 32 32
982.1539066339067 1.0224656730596016 	idx: 3 3 4 16 32 32
982.1539066339067 1.0122410163290056 	idx: 3 3 4 16 32 32
982.1539066339067 1.0021186061657157 	idx: 3 3 4 16 32 32
###### ACC Parameters ######
cim type:    LccCIM
bus_width:   25.6
macros_row:  3
macros_col:  4
scr:         16
is_size:     32
os_size:     32
best=982.1539066339067, area=4866876.3083732305 459
vit_large_sl197_LCC-CIM@ISSCC20_tt_running end at 1757793867.9663131
