1.2336146164035362 100 	idx: 3 3 1 2 128 256
1.2415675136250677 99.0 	idx: 0 2 1 2 128 128
1.2997850536172806 98.01 	idx: 0 2 1 4 128 64
1.036331325662323 97.0299 	idx: 4 3 3 4 64 128
1.2181563694499777 96.059601 	idx: 4 3 3 8 128 128
1.4866781879041924 95.09900499 	idx: 4 4 2 4 128 256
1.5418596185531004 94.1480149401 	idx: 4 4 3 2 256 128
1.981301838861474 93.206534790699 	idx: 4 4 2 4 512 128
1.8077082680579664 92.27446944279201 	idx: 4 3 3 4 1024 64
1.228197099024449 91.35172474836409 	idx: 4 2 4 8 2048 32
1.1795596473817216 90.43820750088045 	idx: 4 2 5 16 1024 32
1.1713823914795043 89.53382542587164 	idx: 1 2 1 8 128 1024
1.086513935021067 88.63848717161292 	idx: 4 3 5 8 1024 16
1.3024503601651807 87.75210229989679 	idx: 3 3 3 16 256 512
1.9954703534610205 86.87458127689783 	idx: 3 4 2 32 512 512
1.5015494693396112 86.00583546412885 	idx: 3 3 2 16 256 256
1.8201384103566123 85.14577710948755 	idx: 3 4 3 16 512 128
1.7836673436455777 84.29431933839268 	idx: 3 4 2 8 256 64
1.7836673436455777 83.45137614500875 	idx: 3 4 2 8 256 64
1.8494071207844192 82.61686238355867 	idx: 3 5 2 8 512 128
1.8670959529845421 81.79069375972308 	idx: 3 5 2 16 512 64
2.093978040469541 80.97278682212585 	idx: 3 5 2 8 1024 128
1.7922985624066605 80.1630589539046 	idx: 3 4 3 4 512 256
1.9777195405480215 79.36142836436555 	idx: 3 5 2 2 1024 128
1.9777195405480215 78.56781408072189 	idx: 3 5 2 2 1024 128
1.9640827462248878 77.78213593991467 	idx: 3 4 2 4 512 256
1.4274713207070786 77.00431458051553 	idx: 3 3 3 2 512 256
1.9092375410086815 76.23427143471037 	idx: 4 2 3 4 2048 4
1.9092375410086815 75.47192872036327 	idx: 4 2 3 4 2048 4
1.472818997637564 74.71720943315964 	idx: 3 3 2 2 512 1024
2.1880622340716296 73.97003733882804 	idx: 4 3 3 16 2048 16
1.9667952336937136 73.23033696543976 	idx: 4 2 3 32 2048 16
1.6578640832676796 72.49803359578536 	idx: 2 2 3 4 1024 32
1.3218701740217218 71.7730532598275 	idx: 1 3 3 4 256 128
1.8202411425356237 71.05532272722922 	idx: 3 3 3 16 1024 128
1.8202411425356237 70.34476949995693 	idx: 3 3 3 16 1024 128
2.0753947517056464 69.64132180495736 	idx: 3 4 3 8 1024 256
2.0753947517056464 68.94490858690779 	idx: 3 4 3 8 1024 256
1.7081621469839074 68.25545950103871 	idx: 4 2 2 8 1024 128
1.78054982118666 67.57290490602833 	idx: 2 7 2 4 512 32
1.6954811103696537 66.89717585696805 	idx: 2 6 2 4 512 32
1.8006150633495028 66.22820409839836 	idx: 3 4 2 2 512 1024
1.7724742200191848 65.56592205741438 	idx: 1 5 2 2 512 16
1.84504668054169 64.91026283684023 	idx: 1 5 1 4 1024 16
1.9640827462248878 64.26116020847184 	idx: 3 4 2 4 512 256
1.824522101730785 63.618548606387115 	idx: 1 4 1 4 1024 4
1.8119887436706112 62.98236312032324 	idx: 2 6 1 16 512 8
1.84504668054169 62.35253948912001 	idx: 1 5 1 4 1024 16
1.9618564371352527 61.72901409422881 	idx: 2 6 2 16 1024 2
1.9425237303166012 61.11172395328652 	idx: 4 2 3 8 2048 8
1.9425237303166012 60.500606713753655 	idx: 4 2 3 8 2048 8
1.8560798696088843 59.89560064661612 	idx: 2 6 2 2 1024 2
2.2826718904112364 59.29664464014996 	idx: 2 5 3 4 2048 2
2.107671524586206 58.70367819374846 	idx: 1 5 2 8 1024 16
2.240155682864992 58.116641411810974 	idx: 2 5 3 2 2048 8
2.240155682864992 57.535474997692866 	idx: 2 5 3 2 2048 8
2.18679894195159 56.960120247715935 	idx: 2 4 2 4 1024 4
1.9678217915266325 56.390519045238776 	idx: 1 4 1 16 512 8
1.8589319810967313 55.82661385478639 	idx: 3 5 1 32 512 512
1.8632429209876202 55.26834771623852 	idx: 1 5 2 8 512 2
2.083860806924742 54.71566423907614 	idx: 2 4 3 4 1024 2
2.0503790754130105 54.16850759668538 	idx: 1 4 2 16 512 2
2.085041835949867 53.62682252071853 	idx: 2 4 2 4 2048 4
1.8662708843746811 53.09055429551134 	idx: 2 4 1 8 1024 8
2.170313679180268 52.55964875255623 	idx: 2 5 2 8 2048 16
2.1613121618419857 52.03405226503067 	idx: 1 4 2 64 2048 4
2.1324460100525426 51.51371174238036 	idx: 1 5 2 32 1024 2
1.8796851026845922 50.998574624956554 	idx: 1 5 2 32 512 2
2.050126154898547 50.488588878706985 	idx: 1 4 2 16 512 4
2.0821898782576214 49.98370298991991 	idx: 2 4 2 4 2048 32
2.117629685191513 49.483865960020715 	idx: 2 4 2 8 2048 64
1.7732577925320163 48.98902730042051 	idx: 1 5 1 2 1024 2
1.8308811559473397 48.4991370274163 	idx: 1 5 2 4 512 4
2.048050335687333 48.01414565714214 	idx: 2 5 2 2 2048 64
2.048050335687333 47.53400420057071 	idx: 2 5 2 2 2048 64
1.8076329600734538 47.05866415856501 	idx: 2 6 1 4 1024 64
1.6864613696905368 46.58807751697936 	idx: 3 4 2 16 256 1024
1.6864613696905368 46.12219674180957 	idx: 3 4 2 16 256 1024
1.9721533491287933 45.66097477439147 	idx: 3 4 2 8 512 512
1.9721533491287933 45.20436502664755 	idx: 3 4 2 8 512 512
1.853876402466734 44.752321376381076 	idx: 0 8 1 16 1024 4
1.7592447519127057 44.30479816261727 	idx: 0 9 1 8 1024 4
2.2655966809458916 43.861750180991095 	idx: 0 8 2 4 1024 8
2.0529327170304743 43.42313267918119 	idx: 3 4 2 4 1024 1024
2.0529327170304743 42.98890135238938 	idx: 3 4 2 4 1024 1024
1.7592447519127057 42.559012338865486 	idx: 0 9 1 8 1024 4
1.9327952891147027 42.133422215476834 	idx: 0 10 2 8 512 8
2.053297218777916 41.712087993322065 	idx: 3 4 2 4 2048 256
1.9017691339291525 41.29496711338884 	idx: 3 3 2 8 1024 128
1.5340644989808654 40.882017442254956 	idx: 3 2 2 16 512 256
1.5882212945233012 40.473197267832404 	idx: 3 2 1 16 1024 128
1.9180151416589146 40.06846529515408 	idx: 3 3 2 32 1024 256
1.9954703534610205 39.66778064220254 	idx: 3 4 2 32 512 512
1.5621806342279778 39.27110283578051 	idx: 3 4 3 16 256 256
1.663147985738338 38.8783918074227 	idx: 0 11 1 8 512 8
1.9954703534610205 38.48960788934848 	idx: 3 4 2 32 512 512
1.9954703534610205 38.104711810454994 	idx: 3 4 2 32 512 512
1.465691476882909 37.72366469235045 	idx: 0 11 2 4 256 16
1.6276838264424867 37.34642804542694 	idx: 0 11 1 4 512 16
1.6288904810334868 36.97296376497267 	idx: 0 11 1 2 1024 16
1.612324868599204 36.60323412732294 	idx: 0 10 1 2 1024 32
1.5518926172445318 36.23720178604971 	idx: 0 9 1 4 2048 64
1.6532484571771748 35.874829768189215 	idx: 0 9 1 2 1024 32
1.73311517042087 35.516081470507324 	idx: 0 8 1 2 512 16
2.1281132369512172 35.16092065580225 	idx: 0 9 2 2 1024 16
2.192493194280243 34.80931144924423 	idx: 0 9 2 4 1024 32
2.192493194280243 34.461218334751784 	idx: 0 9 2 4 1024 32
2.192493194280243 34.11660615140427 	idx: 0 9 2 4 1024 32
1.7031986781388921 33.775440089890225 	idx: 0 10 1 4 512 32
1.6913235866834666 33.43768568899132 	idx: 0 11 1 4 1024 16
1.5206522315999487 33.10330883210141 	idx: 0 12 1 2 1024 16
1.6302805455335951 32.7722757437804 	idx: 0 11 1 2 1024 8
1.8468965600531002 32.44455298634259 	idx: 0 10 2 2 512 4
1.7633242591261726 32.12010745647917 	idx: 0 9 2 4 256 4
1.7633242591261726 31.798906381914374 	idx: 0 9 2 4 256 4
1.854081669114921 31.48091731809523 	idx: 0 8 1 8 512 2
1.7877343968909383 31.16610814491428 	idx: 0 7 1 16 256 4
1.7405541779610618 30.854447063465138 	idx: 0 6 2 32 512 2
1.913254952053283 30.545902592830487 	idx: 0 7 1 16 512 4
1.913254952053283 30.240443566902183 	idx: 0 7 1 16 512 4
1.8643473256713134 29.93803913123316 	idx: 0 8 1 32 1024 8
1.8643473256713134 29.638658739920828 	idx: 0 8 1 32 1024 8
1.8408096530265348 29.34227215252162 	idx: 0 9 1 64 512 4
2.026589511026648 29.048849430996402 	idx: 1 4 2 32 512 256
2.115236761444761 28.758360936686437 	idx: 0 9 2 16 512 4
2.042525990876969 28.47077732731957 	idx: 1 4 2 32 512 128
1.8248140662738466 28.186069554046373 	idx: 0 9 1 16 512 8
1.8537697331373 27.90420885850591 	idx: 0 8 1 8 512 4
1.854081669114921 27.625166769920853 	idx: 0 8 1 8 512 2
2.202800191046652 27.348915102221643 	idx: 0 8 2 16 512 2
2.202800191046652 27.075425951199424 	idx: 0 8 2 16 512 2
2.202800191046652 26.804671691687428 	idx: 0 8 2 16 512 2
2.202800191046652 26.536624974770554 	idx: 0 8 2 16 512 2
1.8258448221347732 26.271258725022847 	idx: 0 9 1 16 512 2
1.7767750410227896 26.00854613777262 	idx: 0 9 1 16 1024 4
2.329088875289923 25.748460676394892 	idx: 0 8 2 16 1024 4
2.329088875289923 25.490976069630943 	idx: 0 8 2 16 1024 4
2.329088875289923 25.23606630893463 	idx: 0 8 2 16 1024 4
2.329088875289923 24.983705645845284 	idx: 0 8 2 16 1024 4
2.329088875289923 24.73386858938683 	idx: 0 8 2 16 1024 4
2.329088875289923 24.48652990349296 	idx: 0 8 2 16 1024 4
2.329088875289923 24.24166460445803 	idx: 0 8 2 16 1024 4
2.329088875289923 23.99924795841345 	idx: 0 8 2 16 1024 4
2.0439213537077854 23.759255478829314 	idx: 0 7 2 16 1024 4
1.9671317418701897 23.52166292404102 	idx: 0 6 2 32 1024 4
1.873360144064264 23.28644629480061 	idx: 0 5 2 16 512 8
1.873360144064264 23.053581831852604 	idx: 0 5 2 16 512 8
1.8724642822651774 22.82304601353408 	idx: 0 5 2 16 512 16
1.8724642822651774 22.59481555339874 	idx: 0 5 2 16 512 16
1.8850471817959336 22.36886739786475 	idx: 0 5 1 8 1024 8
1.94989143876512 22.145178723886104 	idx: 0 6 2 8 1024 4
1.8850471817959336 21.923726936647242 	idx: 0 5 1 8 1024 8
1.9992936666693337 21.704489667280768 	idx: 2 4 2 64 512 512
2.0803666989167113 21.48744477060796 	idx: 0 6 2 4 2048 8
2.020629883364798 21.27257032290188 	idx: 0 7 2 2 2048 8
2.020629883364798 21.059844619672862 	idx: 0 7 2 2 2048 8
2.020629883364798 20.849246173476132 	idx: 0 7 2 2 2048 8
2.3391438630232764 20.64075371174137 	idx: 1 4 3 4 2048 32
2.3391438630232764 20.434346174623958 	idx: 1 4 3 4 2048 32
2.3391438630232764 20.230002712877717 	idx: 1 4 3 4 2048 32
2.3391438630232764 20.027702685748938 	idx: 1 4 3 4 2048 32
2.254103743602888 19.82742565889145 	idx: 4 4 2 16 1024 2
2.254103743602888 19.629151402302536 	idx: 4 4 2 16 1024 2
2.329088875289923 19.43285988827951 	idx: 0 8 2 16 1024 4
2.329088875289923 19.238531289396715 	idx: 0 8 2 16 1024 4
2.1061292185191207 19.046145976502746 	idx: 4 4 3 16 1024 4
2.2359467661643113 18.855684516737718 	idx: 4 4 2 8 1024 2
2.278560265515445 18.66712767157034 	idx: 3 4 3 2 2048 16
2.2359467661643113 18.480456394854638 	idx: 4 4 2 8 1024 2
2.188935647927979 18.295651830906092 	idx: 4 3 3 16 2048 4
2.189077314474102 18.11269531259703 	idx: 4 3 3 16 2048 2
2.277582707511516 17.931568359471058 	idx: 3 4 3 2 2048 32
2.189077314474102 17.752252675876345 	idx: 4 3 3 16 2048 2
2.189077314474102 17.57473014911758 	idx: 4 3 3 16 2048 2
2.189077314474102 17.398982847626407 	idx: 4 3 3 16 2048 2
2.235262285155927 17.22499301915014 	idx: 0 4 2 8 1024 8
2.189077314474102 17.05274308895864 	idx: 4 3 3 16 2048 2
2.189077314474102 16.882215658069054 	idx: 4 3 3 16 2048 2
1.9886355727853406 16.713393501488362 	idx: 4 3 2 8 2048 4
1.9886355727853406 16.546259566473477 	idx: 4 3 2 8 2048 4
2.252339633470422 16.380796970808742 	idx: 3 4 2 16 1024 16
2.370144781363373 16.216989001100654 	idx: 3 4 3 16 2048 8
2.370144781363373 16.054819111089646 	idx: 3 4 3 16 2048 8
2.370144781363373 15.89427091997875 	idx: 3 4 3 16 2048 8
2.370144781363373 15.735328210778961 	idx: 3 4 3 16 2048 8
2.370144781363373 15.577974928671171 	idx: 3 4 3 16 2048 8
2.370144781363373 15.42219517938446 	idx: 3 4 3 16 2048 8
2.370144781363373 15.267973227590614 	idx: 3 4 3 16 2048 8
2.370144781363373 15.115293495314708 	idx: 3 4 3 16 2048 8
2.1886443210567426 14.96414056036156 	idx: 0 3 3 16 2048 8
2.252740494969383 14.814499154757945 	idx: 2 8 2 4 1024 128
2.252740494969383 14.666354163210364 	idx: 2 8 2 4 1024 128
2.252740494969383 14.519690621578262 	idx: 2 8 2 4 1024 128
2.1950954878089792 14.374493715362478 	idx: 1 9 2 4 1024 4
2.1950954878089792 14.230748778208852 	idx: 1 9 2 4 1024 4
2.1950954878089792 14.088441290426763 	idx: 1 9 2 4 1024 4
2.1950954878089792 13.947556877522496 	idx: 1 9 2 4 1024 4
2.068536119095875 13.808081308747271 	idx: 2 8 2 2 512 128
2.103490795002299 13.670000495659798 	idx: 4 4 3 16 1024 32
2.103490795002299 13.5333004907032 	idx: 4 4 3 16 1024 32
2.107671524586206 13.397967485796167 	idx: 4 5 2 8 1024 16
2.188499317294951 13.263987810938206 	idx: 4 5 2 16 2048 32
2.1371245423487397 13.131347932828824 	idx: 0 5 2 64 1024 2
2.2632388797829104 13.000034453500536 	idx: 0 4 2 32 1024 2
2.2632388797829104 12.87003410896553 	idx: 0 4 2 32 1024 2
2.2632388797829104 12.741333767875876 	idx: 0 4 2 32 1024 2
2.2632388797829104 12.613920430197117 	idx: 0 4 2 32 1024 2
2.2632388797829104 12.487781225895146 	idx: 0 4 2 32 1024 2
2.2632388797829104 12.362903413636195 	idx: 0 4 2 32 1024 2
2.2777435825308046 12.239274379499832 	idx: 2 5 3 4 2048 64
2.2632388797829104 12.116881635704834 	idx: 0 4 2 32 1024 2
2.2632388797829104 11.995712819347785 	idx: 0 4 2 32 1024 2
2.1942658974045886 11.875755691154307 	idx: 0 3 3 32 2048 4
2.115236761444761 11.756998134242764 	idx: 1 9 2 16 512 4
2.1932474937789816 11.639428152900336 	idx: 4 3 3 32 2048 16
2.1932474937789816 11.523033871371332 	idx: 4 3 3 32 2048 16
2.1932474937789816 11.407803532657619 	idx: 4 3 3 32 2048 16
2.264609952227272 11.293725497331042 	idx: 4 4 2 64 1024 32
2.264609952227272 11.180788242357732 	idx: 4 4 2 64 1024 32
2.264609952227272 11.068980359934155 	idx: 4 4 2 64 1024 32
2.264609952227272 10.958290556334813 	idx: 4 4 2 64 1024 32
2.230259290454324 10.848707650771464 	idx: 1 9 2 8 1024 4
2.230259290454324 10.74022057426375 	idx: 1 9 2 8 1024 4
2.230259290454324 10.632818368521113 	idx: 1 9 2 8 1024 4
2.235717684726319 10.526490184835902 	idx: 3 4 2 8 1024 4
2.235717684726319 10.421225282987542 	idx: 3 4 2 8 1024 4
2.230259290454324 10.317013030157668 	idx: 1 9 2 8 1024 4
2.230259290454324 10.213842899856092 	idx: 1 9 2 8 1024 4
2.230259290454324 10.11170447085753 	idx: 1 9 2 8 1024 4
2.2659069739375006 10.010587426148955 	idx: 1 8 2 4 1024 4
2.2659069739375006 9.910481551887466 	idx: 1 8 2 4 1024 4
2.3600529483476533 9.811376736368592 	idx: 3 4 3 8 2048 8
2.3600529483476533 9.713262969004907 	idx: 3 4 3 8 2048 8
2.3600529483476533 9.616130339314857 	idx: 3 4 3 8 2048 8
2.2659069739375006 9.519969035921708 	idx: 1 8 2 4 1024 4
2.3079068891882595 9.42476934556249 	idx: 1 8 2 8 1024 2
2.329088875289923 9.330521652106865 	idx: 1 8 2 16 1024 4
2.329088875289923 9.237216435585797 	idx: 1 8 2 16 1024 4
2.329088875289923 9.144844271229939 	idx: 1 8 2 16 1024 4
2.329088875289923 9.053395828517639 	idx: 1 8 2 16 1024 4
2.0603039825335747 8.962861870232462 	idx: 0 4 2 64 512 16
2.186395756670614 8.873233251530138 	idx: 3 4 2 4 1024 8
2.186395756670614 8.784500919014837 	idx: 3 4 2 4 1024 8
2.186395756670614 8.696655909824688 	idx: 3 4 2 4 1024 8
2.186395756670614 8.609689350726441 	idx: 3 4 2 4 1024 8
2.186395756670614 8.523592457219177 	idx: 3 4 2 4 1024 8
2.186395756670614 8.438356532646985 	idx: 3 4 2 4 1024 8
2.186395756670614 8.353972967320516 	idx: 3 4 2 4 1024 8
2.170313679180268 8.27043323764731 	idx: 3 5 2 8 2048 16
2.3079068891882595 8.187728905270838 	idx: 1 8 2 8 1024 2
2.3079068891882595 8.105851616218128 	idx: 1 8 2 8 1024 2
2.3079068891882595 8.024793100055946 	idx: 1 8 2 8 1024 2
2.3600529483476533 7.944545169055387 	idx: 0 4 3 8 2048 8
2.3600529483476533 7.865099717364833 	idx: 0 4 3 8 2048 8
2.3600529483476533 7.786448720191185 	idx: 0 4 3 8 2048 8
2.3600529483476533 7.708584232989273 	idx: 0 4 3 8 2048 8
2.3600529483476533 7.63149839065938 	idx: 0 4 3 8 2048 8
2.3600529483476533 7.5551834067527865 	idx: 0 4 3 8 2048 8
2.3600529483476533 7.479631572685259 	idx: 0 4 3 8 2048 8
2.3600529483476533 7.404835256958406 	idx: 0 4 3 8 2048 8
2.3600529483476533 7.330786904388821 	idx: 0 4 3 8 2048 8
2.3600529483476533 7.257479035344933 	idx: 0 4 3 8 2048 8
2.3600529483476533 7.1849042449914835 	idx: 0 4 3 8 2048 8
2.3600529483476533 7.1130552025415685 	idx: 0 4 3 8 2048 8
2.3600529483476533 7.041924650516153 	idx: 0 4 3 8 2048 8
2.3600529483476533 6.971505404010991 	idx: 0 4 3 8 2048 8
2.370144781363373 6.901790349970882 	idx: 0 4 3 16 2048 8
2.370144781363373 6.832772446471173 	idx: 0 4 3 16 2048 8
2.370144781363373 6.764444722006462 	idx: 0 4 3 16 2048 8
2.370144781363373 6.696800274786397 	idx: 0 4 3 16 2048 8
2.370144781363373 6.6298322720385325 	idx: 0 4 3 16 2048 8
2.370144781363373 6.563533949318147 	idx: 0 4 3 16 2048 8
2.3600529483476533 6.497898609824966 	idx: 0 4 3 8 2048 8
2.3600529483476533 6.432919623726716 	idx: 0 4 3 8 2048 8
2.3600529483476533 6.3685904274894485 	idx: 0 4 3 8 2048 8
2.3600529483476533 6.304904523214554 	idx: 0 4 3 8 2048 8
2.3600529483476533 6.2418554779824085 	idx: 0 4 3 8 2048 8
2.3600529483476533 6.1794369232025845 	idx: 0 4 3 8 2048 8
2.3600529483476533 6.117642553970558 	idx: 0 4 3 8 2048 8
2.3044112384848723 6.056466128430853 	idx: 1 8 2 8 1024 32
2.3044112384848723 5.9959014671465445 	idx: 1 8 2 8 1024 32
2.3044112384848723 5.935942452475079 	idx: 1 8 2 8 1024 32
2.3044112384848723 5.8765830279503275 	idx: 1 8 2 8 1024 32
2.3044112384848723 5.817817197670824 	idx: 1 8 2 8 1024 32
2.3044112384848723 5.759639025694116 	idx: 1 8 2 8 1024 32
2.3044112384848723 5.7020426354371745 	idx: 1 8 2 8 1024 32
2.3044112384848723 5.645022209082803 	idx: 1 8 2 8 1024 32
2.3044112384848723 5.588571986991974 	idx: 1 8 2 8 1024 32
2.360423845093089 5.532686267122054 	idx: 3 4 3 8 2048 4
2.360423845093089 5.477359404450834 	idx: 0 4 3 8 2048 4
2.360423845093089 5.422585810406325 	idx: 0 4 3 8 2048 4
2.360423845093089 5.368359952302262 	idx: 0 4 3 8 2048 4
2.370565385339141 5.314676352779239 	idx: 4 4 3 16 2048 4
2.370565385339141 5.261529589251447 	idx: 4 4 3 16 2048 4
2.370565385339141 5.208914293358933 	idx: 4 4 3 16 2048 4
2.370565385339141 5.156825150425344 	idx: 4 4 3 16 2048 4
2.370565385339141 5.10525689892109 	idx: 4 4 3 16 2048 4
2.370565385339141 5.0542043299318795 	idx: 4 4 3 16 2048 4
2.370565385339141 5.003662286632561 	idx: 4 4 3 16 2048 4
2.370565385339141 4.953625663766235 	idx: 4 4 3 16 2048 4
2.370565385339141 4.9040894071285726 	idx: 4 4 3 16 2048 4
2.370565385339141 4.8550485130572865 	idx: 4 4 3 16 2048 4
2.370565385339141 4.806498027926714 	idx: 4 4 3 16 2048 4
2.370565385339141 4.758433047647447 	idx: 4 4 3 16 2048 4
2.370565385339141 4.710848717170973 	idx: 4 4 3 16 2048 4
2.370565385339141 4.663740229999263 	idx: 4 4 3 16 2048 4
2.370565385339141 4.61710282769927 	idx: 4 4 3 16 2048 4
2.370565385339141 4.570931799422278 	idx: 4 4 3 16 2048 4
2.370565385339141 4.525222481428055 	idx: 4 4 3 16 2048 4
2.370565385339141 4.4799702566137745 	idx: 4 4 3 16 2048 4
2.370565385339141 4.4351705540476365 	idx: 4 4 3 16 2048 4
2.370565385339141 4.39081884850716 	idx: 4 4 3 16 2048 4
2.370565385339141 4.346910660022088 	idx: 4 4 3 16 2048 4
2.3600529483476533 4.303441553421867 	idx: 4 4 3 8 2048 8
2.3600529483476533 4.260407137887648 	idx: 4 4 3 8 2048 8
2.3600529483476533 4.217803066508771 	idx: 4 4 3 8 2048 8
2.3600529483476533 4.175625035843683 	idx: 4 4 3 8 2048 8
2.3600529483476533 4.133868785485246 	idx: 4 4 3 8 2048 8
2.3600529483476533 4.0925300976303935 	idx: 4 4 3 8 2048 8
2.3600529483476533 4.05160479665409 	idx: 4 4 3 8 2048 8
2.3044112384848723 4.011088748687548 	idx: 1 8 2 8 1024 32
2.3044112384848723 3.970977861200673 	idx: 1 8 2 8 1024 32
2.3044112384848723 3.9312680825886663 	idx: 1 8 2 8 1024 32
2.3044112384848723 3.8919554017627798 	idx: 1 8 2 8 1024 32
2.3044112384848723 3.853035847745152 	idx: 1 8 2 8 1024 32
2.3044112384848723 3.8145054892677006 	idx: 1 8 2 8 1024 32
2.3044112384848723 3.7763604343750234 	idx: 1 8 2 8 1024 32
2.3044112384848723 3.7385968300312733 	idx: 1 8 2 8 1024 32
2.3044112384848723 3.7012108617309605 	idx: 1 8 2 8 1024 32
2.3044112384848723 3.664198753113651 	idx: 1 8 2 8 1024 32
2.3044112384848723 3.6275567655825145 	idx: 1 8 2 8 1024 32
2.3044112384848723 3.591281197926689 	idx: 1 8 2 8 1024 32
2.3044112384848723 3.555368385947422 	idx: 1 8 2 8 1024 32
2.3044112384848723 3.519814702087948 	idx: 1 8 2 8 1024 32
2.3251935552840233 3.4846165550670687 	idx: 1 8 2 16 1024 32
2.3251935552840233 3.449770389516398 	idx: 1 8 2 16 1024 32
2.3251935552840233 3.415272685621234 	idx: 1 8 2 16 1024 32
2.3251935552840233 3.3811199587650216 	idx: 1 8 2 16 1024 32
2.3251935552840233 3.347308759177371 	idx: 1 8 2 16 1024 32
2.3251935552840233 3.3138356715855974 	idx: 1 8 2 16 1024 32
2.3251935552840233 3.2806973148697414 	idx: 1 8 2 16 1024 32
2.3251935552840233 3.247890341721044 	idx: 1 8 2 16 1024 32
2.3251935552840233 3.2154114383038332 	idx: 1 8 2 16 1024 32
2.3251935552840233 3.183257323920795 	idx: 1 8 2 16 1024 32
2.3251935552840233 3.1514247506815867 	idx: 1 8 2 16 1024 32
2.3251935552840233 3.1199105031747707 	idx: 1 8 2 16 1024 32
2.3251935552840233 3.088711398143023 	idx: 1 8 2 16 1024 32
2.3251935552840233 3.0578242841615926 	idx: 1 8 2 16 1024 32
2.3251935552840233 3.0272460413199767 	idx: 1 8 2 16 1024 32
2.3251935552840233 2.996973580906777 	idx: 1 8 2 16 1024 32
2.336406112721905 2.967003845097709 	idx: 2 4 3 4 2048 64
2.336406112721905 2.9373338066467323 	idx: 2 4 3 4 2048 64
2.336406112721905 2.907960468580265 	idx: 2 4 3 4 2048 64
2.336406112721905 2.8788808638944623 	idx: 2 4 3 4 2048 64
2.336406112721905 2.8500920552555176 	idx: 2 4 3 4 2048 64
2.336406112721905 2.8215911347029623 	idx: 2 4 3 4 2048 64
2.336406112721905 2.7933752233559326 	idx: 2 4 3 4 2048 64
2.336406112721905 2.765441471122373 	idx: 2 4 3 4 2048 64
2.336406112721905 2.7377870564111495 	idx: 2 4 3 4 2048 64
2.336406112721905 2.710409185847038 	idx: 2 4 3 4 2048 64
2.370144781363373 2.6833050939885674 	idx: 0 4 3 16 2048 8
2.370144781363373 2.656472043048682 	idx: 0 4 3 16 2048 8
2.370144781363373 2.629907322618195 	idx: 0 4 3 16 2048 8
2.370144781363373 2.603608249392013 	idx: 0 4 3 16 2048 8
2.370144781363373 2.577572166898093 	idx: 0 4 3 16 2048 8
2.370144781363373 2.551796445229112 	idx: 0 4 3 16 2048 8
2.370144781363373 2.526278480776821 	idx: 0 4 3 16 2048 8
2.370144781363373 2.501015695969053 	idx: 0 4 3 16 2048 8
2.370144781363373 2.4760055390093623 	idx: 0 4 3 16 2048 8
2.370144781363373 2.4512454836192688 	idx: 0 4 3 16 2048 8
2.370144781363373 2.426733028783076 	idx: 0 4 3 16 2048 8
2.370144781363373 2.402465698495245 	idx: 0 4 3 16 2048 8
2.370144781363373 2.3784410415102926 	idx: 0 4 3 16 2048 8
2.370565385339141 2.3546566310951897 	idx: 0 4 3 16 2048 4
2.370565385339141 2.3311100647842378 	idx: 0 4 3 16 2048 4
2.370565385339141 2.307798964136395 	idx: 0 4 3 16 2048 4
2.370565385339141 2.2847209744950314 	idx: 0 4 3 16 2048 4
2.370565385339141 2.261873764750081 	idx: 0 4 3 16 2048 4
2.370565385339141 2.23925502710258 	idx: 0 4 3 16 2048 4
2.370565385339141 2.2168624768315546 	idx: 0 4 3 16 2048 4
2.370565385339141 2.194693852063239 	idx: 0 4 3 16 2048 4
2.370565385339141 2.1727469135426065 	idx: 0 4 3 16 2048 4
2.370565385339141 2.1510194444071806 	idx: 0 4 3 16 2048 4
2.370565385339141 2.129509249963109 	idx: 0 4 3 16 2048 4
2.370565385339141 2.108214157463478 	idx: 0 4 3 16 2048 4
2.370565385339141 2.087132015888843 	idx: 0 4 3 16 2048 4
2.370565385339141 2.0662606957299547 	idx: 0 4 3 16 2048 4
2.370565385339141 2.045598088772655 	idx: 0 4 3 16 2048 4
2.370565385339141 2.0251421078849283 	idx: 0 4 3 16 2048 4
2.370144781363373 2.004890686806079 	idx: 0 4 3 16 2048 8
2.370144781363373 1.9848417799380185 	idx: 0 4 3 16 2048 8
2.370144781363373 1.9649933621386382 	idx: 0 4 3 16 2048 8
2.370144781363373 1.9453434285172517 	idx: 0 4 3 16 2048 8
2.370144781363373 1.9258899942320793 	idx: 0 4 3 16 2048 8
2.370144781363373 1.9066310942897584 	idx: 0 4 3 16 2048 8
2.370144781363373 1.8875647833468607 	idx: 0 4 3 16 2048 8
2.370144781363373 1.868689135513392 	idx: 0 4 3 16 2048 8
2.370144781363373 1.8500022441582582 	idx: 0 4 3 16 2048 8
2.370144781363373 1.8315022217166756 	idx: 0 4 3 16 2048 8
2.370144781363373 1.8131871994995088 	idx: 0 4 3 16 2048 8
2.360423845093089 1.7950553275045138 	idx: 0 4 3 8 2048 4
2.360423845093089 1.7771047742294686 	idx: 0 4 3 8 2048 4
2.370775846220616 1.7593337264871738 	idx: 0 4 3 16 2048 2
2.370775846220616 1.741740389222302 	idx: 0 4 3 16 2048 2
2.370775846220616 1.724322985330079 	idx: 0 4 3 16 2048 2
2.370775846220616 1.7070797554767783 	idx: 0 4 3 16 2048 2
2.370775846220616 1.6900089579220106 	idx: 0 4 3 16 2048 2
2.370775846220616 1.6731088683427904 	idx: 0 4 3 16 2048 2
2.370775846220616 1.6563777796593624 	idx: 0 4 3 16 2048 2
2.370775846220616 1.6398140018627687 	idx: 0 4 3 16 2048 2
2.370775846220616 1.623415861844141 	idx: 0 4 3 16 2048 2
2.370775846220616 1.6071817032256996 	idx: 0 4 3 16 2048 2
2.370775846220616 1.5911098861934427 	idx: 0 4 3 16 2048 2
2.370775846220616 1.5751987873315083 	idx: 0 4 3 16 2048 2
2.370775846220616 1.5594467994581933 	idx: 0 4 3 16 2048 2
2.370775846220616 1.5438523314636114 	idx: 0 4 3 16 2048 2
2.370775846220616 1.5284138081489753 	idx: 0 4 3 16 2048 2
2.370775846220616 1.5131296700674854 	idx: 0 4 3 16 2048 2
2.370775846220616 1.4979983733668105 	idx: 0 4 3 16 2048 2
2.370775846220616 1.4830183896331424 	idx: 0 4 3 16 2048 2
2.370775846220616 1.468188205736811 	idx: 0 4 3 16 2048 2
2.370775846220616 1.4535063236794428 	idx: 0 4 3 16 2048 2
2.370775846220616 1.4389712604426483 	idx: 0 4 3 16 2048 2
2.370775846220616 1.4245815478382218 	idx: 0 4 3 16 2048 2
2.370775846220616 1.4103357323598396 	idx: 0 4 3 16 2048 2
2.370775846220616 1.396232375036241 	idx: 0 4 3 16 2048 2
2.370775846220616 1.3822700512858788 	idx: 0 4 3 16 2048 2
2.370775846220616 1.36844735077302 	idx: 0 4 3 16 2048 2
2.370775846220616 1.3547628772652898 	idx: 0 4 3 16 2048 2
2.370775846220616 1.341215248492637 	idx: 0 4 3 16 2048 2
2.370775846220616 1.3278030960077105 	idx: 0 4 3 16 2048 2
2.370775846220616 1.3145250650476334 	idx: 0 4 3 16 2048 2
2.370775846220616 1.301379814397157 	idx: 0 4 3 16 2048 2
2.370775846220616 1.2883660162531856 	idx: 0 4 3 16 2048 2
2.370775846220616 1.2754823560906536 	idx: 0 4 3 16 2048 2
2.370565385339141 1.2627275325297471 	idx: 0 4 3 16 2048 4
2.370565385339141 1.2501002572044497 	idx: 0 4 3 16 2048 4
2.370565385339141 1.2375992546324053 	idx: 0 4 3 16 2048 4
2.370565385339141 1.2252232620860812 	idx: 0 4 3 16 2048 4
2.370565385339141 1.2129710294652205 	idx: 0 4 3 16 2048 4
2.370565385339141 1.2008413191705682 	idx: 0 4 3 16 2048 4
2.370565385339141 1.1888329059788625 	idx: 0 4 3 16 2048 4
2.370565385339141 1.1769445769190738 	idx: 0 4 3 16 2048 4
2.370565385339141 1.165175131149883 	idx: 0 4 3 16 2048 4
2.370565385339141 1.1535233798383842 	idx: 0 4 3 16 2048 4
2.370565385339141 1.1419881460400003 	idx: 0 4 3 16 2048 4
2.370775846220616 1.1305682645796002 	idx: 0 4 3 16 2048 2
2.370775846220616 1.1192625819338042 	idx: 0 4 3 16 2048 2
2.370775846220616 1.1080699561144662 	idx: 0 4 3 16 2048 2
2.370775846220616 1.0969892565533215 	idx: 0 4 3 16 2048 2
2.370775846220616 1.0860193639877882 	idx: 0 4 3 16 2048 2
2.370775846220616 1.0751591703479102 	idx: 0 4 3 16 2048 2
2.370775846220616 1.0644075786444311 	idx: 0 4 3 16 2048 2
2.370775846220616 1.0537635028579868 	idx: 0 4 3 16 2048 2
2.370775846220616 1.0432258678294068 	idx: 0 4 3 16 2048 2
2.370775846220616 1.0327936091511127 	idx: 0 4 3 16 2048 2
2.370775846220616 1.0224656730596016 	idx: 0 4 3 16 2048 2
2.370775846220616 1.0122410163290056 	idx: 0 4 3 16 2048 2
2.370775846220616 1.0021186061657157 	idx: 0 4 3 16 2048 2
###### ACC Parameters ######
cim type:    FPCIM
bus_width:   25.6
macros_row:  4
macros_col:  3
scr:         16
is_size:     2048
os_size:     2
best=2.370775846220616, area=4722132.55347464 459
resnet_18_FPCIM@ISSCC23_ee_running start at 1757778682.616816
2.769274679301362 100 	idx: 3 4 1 2 64 64
2.5017027589769287 99.0 	idx: 1 3 2 4 256 64
2.6811321620135535 98.01 	idx: 1 4 2 4 128 32
2.996305039260101 97.0299 	idx: 2 4 1 8 16 32
2.750829924944342 96.059601 	idx: 2 5 1 16 8 64
2.7738116744221517 95.09900499 	idx: 2 5 1 32 4 32
2.918560211589529 94.1480149401 	idx: 3 4 1 4 32 16
2.7653334311755295 93.206534790699 	idx: 2 7 1 64 16 32
2.7653334311755295 92.27446944279201 	idx: 2 7 1 64 16 32
2.448160660649834 91.35172474836409 	idx: 2 6 2 32 8 64
2.8200569698614792 90.43820750088045 	idx: 4 2 2 32 4 128
2.8200569698614792 89.53382542587164 	idx: 4 2 2 32 4 128
3.0041752393088608 88.63848717161292 	idx: 3 4 3 8 256 64
2.941120468950677 87.75210229989679 	idx: 3 3 3 8 512 32
2.8431427898727137 86.87458127689783 	idx: 1 4 1 8 64 512
2.996730048653674 86.00583546412885 	idx: 4 4 1 64 2 256
2.5369915286951663 85.14577710948755 	idx: 2 6 1 32 4 64
2.7461796580601687 84.29431933839268 	idx: 2 7 1 32 2 64
2.548712730384407 83.45137614500875 	idx: 2 6 1 32 4 32
2.767214134270436 82.61686238355867 	idx: 2 7 1 64 8 16
2.767214134270436 81.79069375972308 	idx: 2 7 1 64 8 16
2.810932120361398 80.97278682212585 	idx: 3 4 2 8 2048 32
3.5853616671769073 80.1630589539046 	idx: 2 8 1 128 16 16
3.587565623868478 79.36142836436555 	idx: 2 8 1 128 32 32
3.587565623868478 78.56781408072189 	idx: 2 8 1 128 32 32
3.588294824859698 77.78213593991467 	idx: 2 8 1 64 64 64
3.588294824859698 77.00431458051553 	idx: 2 8 1 64 64 64
3.588294824859698 76.23427143471037 	idx: 2 8 1 64 64 64
3.588294824859698 75.47192872036327 	idx: 2 8 1 64 64 64
3.624441456572614 74.71720943315964 	idx: 2 8 1 128 128 32
3.624441456572614 73.97003733882804 	idx: 2 8 1 128 128 32
3.624441456572614 73.23033696543976 	idx: 2 8 1 128 128 32
3.3807910415237066 72.49803359578536 	idx: 2 9 1 64 128 64
3.582866249329669 71.7730532598275 	idx: 2 8 1 32 128 128
3.582866249329669 71.05532272722922 	idx: 2 8 1 32 128 128
3.5261967782507524 70.34476949995693 	idx: 2 8 1 32 64 256
3.5261967782507524 69.64132180495736 	idx: 2 8 1 32 64 256
2.8105612262752215 68.94490858690779 	idx: 4 2 3 128 4 512
2.7083884492412635 68.25545950103871 	idx: 2 7 1 32 16 256
3.517317468845296 67.57290490602833 	idx: 2 8 1 64 8 256
3.517317468845296 66.89717585696805 	idx: 2 8 1 64 8 256
3.517317468845296 66.22820409839836 	idx: 2 8 1 64 8 256
3.444595563091731 65.56592205741438 	idx: 2 8 1 32 16 512
3.2577561953909613 64.91026283684023 	idx: 2 9 1 16 8 256
2.6134979553274613 64.26116020847184 	idx: 4 2 3 16 4 1024
2.5786711511922107 63.618548606387115 	idx: 0 4 2 4 4 256
2.8532129505698656 62.98236312032324 	idx: 0 4 1 8 8 512
2.5928479634413253 62.35253948912001 	idx: 0 5 1 4 8 256
2.6379508205527875 61.72901409422881 	idx: 1 7 1 8 16 256
3.428678571712984 61.11172395328652 	idx: 1 8 1 8 32 256
2.8113573176167415 60.500606713753655 	idx: 4 2 3 32 8 512
2.8113573176167415 59.89560064661612 	idx: 4 2 3 32 8 512
2.4052693590432552 59.29664464014996 	idx: 1 7 2 16 64 256
2.3972204949461715 58.70367819374846 	idx: 2 6 2 16 2 2
2.6491680231987105 58.116641411810974 	idx: 2 5 3 16 2 4
2.55285803319498 57.535474997692866 	idx: 1 5 1 8 16 512
2.6866264720817106 56.960120247715935 	idx: 2 5 1 4 4 8
2.741107133236376 56.390519045238776 	idx: 2 5 1 8 4 4
2.740104934785669 55.82661385478639 	idx: 2 5 1 8 2 8
2.740104934785669 55.26834771623852 	idx: 2 5 1 8 2 8
2.7710392666747117 54.71566423907614 	idx: 2 5 1 16 2 4
2.9718387037194764 54.16850759668538 	idx: 0 4 1 16 32 256
2.9718387037194764 53.62682252071853 	idx: 0 4 1 16 32 256
3.091869975834117 53.09055429551134 	idx: 2 4 1 128 4 2
3.091869975834117 52.55964875255623 	idx: 2 4 1 128 4 2
2.787425055078603 52.03405226503067 	idx: 1 4 1 4 4 512
2.954099402930188 51.51371174238036 	idx: 2 2 2 256 4 2
2.954099402930188 50.998574624956554 	idx: 2 2 2 256 4 2
2.952150359035423 50.488588878706985 	idx: 2 2 3 128 4 4
2.779501069778877 49.98370298991991 	idx: 2 1 2 256 2 2
2.7856679408389073 49.483865960020715 	idx: 1 4 1 4 16 512
2.959821701501517 48.98902730042051 	idx: 4 2 3 8 256 256
2.959821701501517 48.4991370274163 	idx: 4 2 3 8 256 256
2.8440076693860346 48.01414565714214 	idx: 2 3 1 256 4 2
2.8445907961051535 47.53400420057071 	idx: 2 3 1 256 2 2
2.8440076693860346 47.05866415856501 	idx: 2 3 1 512 4 2
2.8414936861236866 46.58807751697936 	idx: 2 3 1 256 8 4
3.0909701129361222 46.12219674180957 	idx: 2 4 1 128 8 2
2.6978215617378973 45.66097477439147 	idx: 2 3 1 64 4 2
3.342669935049781 45.20436502664755 	idx: 1 8 1 4 16 128
2.8625855417996657 44.752321376381076 	idx: 2 3 3 64 4 4
2.8625855417996657 44.30479816261727 	idx: 2 3 3 64 4 4
2.8625855417996657 43.861750180991095 	idx: 2 3 3 64 4 4
2.92047515326322 43.42313267918119 	idx: 2 4 3 64 4 4
2.6517184608033832 42.98890135238938 	idx: 2 3 2 32 2 2
2.8280504359623557 42.559012338865486 	idx: 2 2 3 16 2 4
2.4663736979840705 42.133422215476834 	idx: 1 7 2 4 512 16
3.1559705212900857 41.712087993322065 	idx: 1 8 1 2 512 16
3.1559705212900857 41.29496711338884 	idx: 1 8 1 2 512 16
3.156393606393032 40.882017442254956 	idx: 1 8 1 2 512 8
3.156393606393032 40.473197267832404 	idx: 1 8 1 2 512 8
3.1880543843213824 40.06846529515408 	idx: 1 9 1 4 256 8
3.1880543843213824 39.66778064220254 	idx: 1 9 1 4 256 8
3.376521352824429 39.27110283578051 	idx: 1 8 1 4 128 16
3.376521352824429 38.8783918074227 	idx: 1 8 1 4 128 16
3.4877016932609712 38.48960788934848 	idx: 2 8 1 8 8 4
3.376521352824429 38.104711810454994 	idx: 1 8 1 4 128 16
3.328301311435667 37.72366469235045 	idx: 2 9 1 16 16 2
3.328301311435667 37.34642804542694 	idx: 2 9 1 16 16 2
3.544416195423286 36.97296376497267 	idx: 2 8 1 16 8 2
3.544416195423286 36.60323412732294 	idx: 2 8 1 16 8 2
3.544416195423286 36.23720178604971 	idx: 2 8 1 16 8 2
3.576303332214717 35.874829768189215 	idx: 2 8 1 32 16 4
3.576303332214717 35.516081470507324 	idx: 2 8 1 32 16 4
3.576303332214717 35.16092065580225 	idx: 2 8 1 32 16 4
3.3103600856263764 34.80931144924423 	idx: 0 8 1 4 4 256
3.3103600856263764 34.461218334751784 	idx: 0 8 1 4 4 256
3.3103600856263764 34.11660615140427 	idx: 0 8 1 4 4 256
3.0153559080429693 33.775440089890225 	idx: 3 2 3 16 512 512
3.0441029451622375 33.43768568899132 	idx: 0 9 1 8 4 1024
2.8403586670956593 33.10330883210141 	idx: 4 3 1 256 16 2
2.8248223859416073 32.7722757437804 	idx: 3 1 3 32 512 256
2.8248223859416073 32.44455298634259 	idx: 3 1 3 32 512 256
2.863824406358741 32.12010745647917 	idx: 4 1 3 512 32 8
3.4484465310895365 31.798906381914374 	idx: 1 8 1 8 1024 4
3.4484465310895365 31.48091731809523 	idx: 1 8 1 8 1024 4
3.3648634587350155 31.16610814491428 	idx: 1 9 1 8 512 2
2.8859966881560393 30.854447063465138 	idx: 1 8 2 8 1024 2
2.9309026069729054 30.545902592830487 	idx: 4 2 1 512 16 16
3.5252094309075437 30.240443566902183 	idx: 2 8 1 16 8 64
3.5252094309075437 29.93803913123316 	idx: 2 8 1 16 8 64
3.5252094309075437 29.638658739920828 	idx: 2 8 1 16 8 64
3.5252094309075437 29.34227215252162 	idx: 2 8 1 16 8 64
3.5252094309075437 29.048849430996402 	idx: 2 8 1 16 8 64
3.5252094309075437 28.758360936686437 	idx: 2 8 1 16 8 64
3.5252094309075437 28.47077732731957 	idx: 2 8 1 16 8 64
3.5252094309075437 28.186069554046373 	idx: 2 8 1 16 8 64
3.5252094309075437 27.90420885850591 	idx: 2 8 1 16 8 64
3.48325017809431 27.625166769920853 	idx: 2 8 1 8 16 32
3.358934803950919 27.348915102221643 	idx: 2 8 1 4 16 16
3.358934803950919 27.075425951199424 	idx: 2 8 1 4 16 16
3.358934803950919 26.804671691687428 	idx: 2 8 1 4 16 16
3.358934803950919 26.536624974770554 	idx: 2 8 1 4 16 16
3.2710711358689912 26.271258725022847 	idx: 2 9 1 8 32 32
3.547018623776143 26.00854613777262 	idx: 2 8 1 16 64 64
3.547018623776143 25.748460676394892 	idx: 2 8 1 16 64 64
3.550880095364021 25.490976069630943 	idx: 2 8 1 16 128 128
2.8865940633285243 25.23606630893463 	idx: 4 5 3 8 512 8
3.0689600854175585 24.983705645845284 	idx: 2 10 1 16 128 64
3.1095779575113585 24.73386858938683 	idx: 2 10 1 16 256 32
3.1095779575113585 24.48652990349296 	idx: 2 10 1 16 256 32
2.9757550785426643 24.24166460445803 	idx: 2 11 1 32 128 32
3.1156160418230923 23.99924795841345 	idx: 2 10 1 64 128 16
3.3765905886613794 23.759255478829314 	idx: 2 9 1 64 64 8
3.6179429657901023 23.52166292404102 	idx: 2 8 1 32 128 8
3.414102285400722 23.28644629480061 	idx: 2 9 1 32 256 16
3.348512787750094 23.053581831852604 	idx: 2 9 1 16 128 32
3.298982139124306 22.82304601353408 	idx: 2 9 1 8 128 16
3.0353436963136886 22.59481555339874 	idx: 2 10 1 8 128 8
3.0353436963136886 22.36886739786475 	idx: 2 10 1 8 128 8
3.298982139124306 22.145178723886104 	idx: 2 9 1 8 128 16
3.298982139124306 21.923726936647242 	idx: 2 9 1 8 128 16
2.776876446167778 21.704489667280768 	idx: 3 4 1 2 512 128
2.5857798353076165 21.48744477060796 	idx: 3 4 2 2 256 128
2.55912356400193 21.27257032290188 	idx: 4 5 2 4 2048 4
3.3536972705336345 21.059844619672862 	idx: 2 9 1 32 32 32
3.3536972705336345 20.849246173476132 	idx: 2 9 1 32 32 32
3.3536972705336345 20.64075371174137 	idx: 2 9 1 32 32 32
3.3536972705336345 20.434346174623958 	idx: 2 9 1 32 32 32
3.3536972705336345 20.230002712877717 	idx: 2 9 1 32 32 32
3.36190490889799 20.027702685748938 	idx: 2 9 1 64 16 16
3.36190490889799 19.82742565889145 	idx: 2 9 1 64 16 16
3.0864346164637197 19.629151402302536 	idx: 2 10 1 64 16 8
3.08386967637284 19.43285988827951 	idx: 2 10 1 64 8 8
3.0747405326306207 19.238531289396715 	idx: 2 10 1 32 8 16
2.9506029370488367 19.046145976502746 	idx: 2 11 1 64 8 8
2.949181502561568 18.855684516737718 	idx: 2 11 1 64 8 16
3.0772930181377744 18.66712767157034 	idx: 2 10 1 32 16 16
3.3535031214886373 18.480456394854638 	idx: 2 9 1 32 16 16
3.56795129252 18.295651830906092 	idx: 2 8 1 32 16 32
3.56795129252 18.11269531259703 	idx: 2 8 1 32 16 32
3.5758955702129946 17.931568359471058 	idx: 2 8 1 64 32 64
3.5758955702129946 17.752252675876345 	idx: 2 8 1 64 32 64
3.3537938401488163 17.57473014911758 	idx: 2 9 1 32 64 64
3.3537938401488163 17.398982847626407 	idx: 2 9 1 32 64 64
3.078220777464773 17.22499301915014 	idx: 2 10 1 32 32 32
3.1057922751873295 17.05274308895864 	idx: 3 4 3 16 512 2
3.070943564600426 16.882215658069054 	idx: 2 10 1 32 32 64
2.9333258838681666 16.713393501488362 	idx: 0 2 2 128 4 16
3.0389008232097376 16.546259566473477 	idx: 2 10 1 16 16 64
3.0389008232097376 16.380796970808742 	idx: 2 10 1 16 16 64
3.0389008232097376 16.216989001100654 	idx: 2 10 1 16 16 64
3.0389008232097376 16.054819111089646 	idx: 2 10 1 16 16 64
3.3492904521132894 15.89427091997875 	idx: 2 9 1 32 16 32
3.5584944104806073 15.735328210778961 	idx: 2 8 1 32 16 64
3.538688000774276 15.577974928671171 	idx: 2 8 1 16 16 32
3.538688000774276 15.42219517938446 	idx: 2 8 1 16 16 32
3.538688000774276 15.267973227590614 	idx: 2 8 1 16 16 32
3.538688000774276 15.115293495314708 	idx: 2 8 1 16 16 32
3.538688000774276 14.96414056036156 	idx: 2 8 1 16 16 32
3.538688000774276 14.814499154757945 	idx: 2 8 1 16 16 32
3.538688000774276 14.666354163210364 	idx: 2 8 1 16 16 32
3.538688000774276 14.519690621578262 	idx: 2 8 1 16 16 32
3.538688000774276 14.374493715362478 	idx: 2 8 1 16 16 32
3.538688000774276 14.230748778208852 	idx: 2 8 1 16 16 32
3.572720128111224 14.088441290426763 	idx: 2 8 1 32 16 16
3.5425624434121383 13.947556877522496 	idx: 2 8 1 16 8 8
3.4872370163816413 13.808081308747271 	idx: 2 8 1 8 16 16
3.4872370163816413 13.670000495659798 	idx: 2 8 1 8 16 16
3.268803332568976 13.5333004907032 	idx: 2 9 1 8 8 16
3.5814773526951282 13.397967485796167 	idx: 0 8 1 64 8 8
3.5814773526951282 13.263987810938206 	idx: 0 8 1 64 8 8
3.5814773526951282 13.131347932828824 	idx: 0 8 1 64 8 8
3.5814773526951282 13.000034453500536 	idx: 0 8 1 64 8 8
3.582811993670192 12.87003410896553 	idx: 0 8 1 64 16 16
3.587565623868478 12.741333767875876 	idx: 0 8 1 128 32 32
3.587565623868478 12.613920430197117 	idx: 0 8 1 128 32 32
3.5793551579939904 12.487781225895146 	idx: 0 8 1 128 32 64
3.601409130243987 12.362903413636195 	idx: 4 8 1 32 128 64
3.601409130243987 12.239274379499832 	idx: 4 8 1 32 128 64
3.601409130243987 12.116881635704834 	idx: 4 8 1 32 128 64
3.601409130243987 11.995712819347785 	idx: 4 8 1 32 128 64
3.601409130243987 11.875755691154307 	idx: 4 8 1 32 128 64
3.601409130243987 11.756998134242764 	idx: 4 8 1 32 128 64
3.601409130243987 11.639428152900336 	idx: 4 8 1 32 128 64
3.601409130243987 11.523033871371332 	idx: 4 8 1 32 128 64
3.601409130243987 11.407803532657619 	idx: 4 8 1 32 128 64
3.580789358327837 11.293725497331042 	idx: 4 8 1 16 128 32
3.6071593338484957 11.180788242357732 	idx: 0 8 1 128 64 4
3.595297218619609 11.068980359934155 	idx: 0 8 1 128 32 2
3.6130690094225395 10.958290556334813 	idx: 4 8 1 16 256 64
3.6315914040509085 10.848707650771464 	idx: 0 8 1 128 128 4
3.582866249329669 10.74022057426375 	idx: 4 8 1 32 128 128
3.5931470269421495 10.632818368521113 	idx: 4 8 1 16 256 128
3.6049124588586903 10.526490184835902 	idx: 0 8 1 64 64 4
3.6049124588586903 10.421225282987542 	idx: 0 8 1 64 64 4
3.6049124588586903 10.317013030157668 	idx: 0 8 1 64 64 4
3.5947807423451104 10.213842899856092 	idx: 0 8 1 128 32 4
3.5947807423451104 10.11170447085753 	idx: 0 8 1 128 32 4
3.607674248619088 10.010587426148955 	idx: 0 8 1 128 64 2
3.6054840954981753 9.910481551887466 	idx: 0 8 1 64 64 2
3.6054840954981753 9.811376736368592 	idx: 0 8 1 64 64 2
3.629318148811788 9.713262969004907 	idx: 0 8 1 64 128 4
3.629318148811788 9.616130339314857 	idx: 0 8 1 64 128 4
3.629318148811788 9.519969035921708 	idx: 0 8 1 64 128 4
3.6712940858763177 9.42476934556249 	idx: 0 8 1 64 256 8
3.4978552742868474 9.330521652106865 	idx: 4 8 1 8 128 128
3.4978552742868474 9.237216435585797 	idx: 4 8 1 8 128 128
3.4978552742868474 9.144844271229939 	idx: 4 8 1 8 128 128
3.4978552742868474 9.053395828517639 	idx: 4 8 1 8 128 128
3.672421782954224 8.962861870232462 	idx: 0 8 1 64 256 4
3.672421782954224 8.873233251530138 	idx: 0 8 1 64 256 4
3.6625786840789076 8.784500919014837 	idx: 0 8 1 32 256 2
3.6625786840789076 8.696655909824688 	idx: 0 8 1 32 256 2
3.6625786840789076 8.609689350726441 	idx: 0 8 1 32 256 2
3.6625786840789076 8.523592457219177 	idx: 0 8 1 32 256 2
3.48325017809431 8.438356532646985 	idx: 2 8 1 8 16 32
3.686343516594927 8.353972967320516 	idx: 0 8 1 32 512 4
3.686343516594927 8.27043323764731 	idx: 0 8 1 32 512 4
3.686343516594927 8.187728905270838 	idx: 0 8 1 32 512 4
3.686343516594927 8.105851616218128 	idx: 0 8 1 32 512 4
3.686343516594927 8.024793100055946 	idx: 0 8 1 32 512 4
3.686343516594927 7.944545169055387 	idx: 0 8 1 32 512 4
3.696942015091572 7.865099717364833 	idx: 0 8 1 64 512 4
3.696942015091572 7.786448720191185 	idx: 0 8 1 64 512 4
3.696942015091572 7.708584232989273 	idx: 0 8 1 64 512 4
3.696942015091572 7.63149839065938 	idx: 0 8 1 64 512 4
3.696942015091572 7.5551834067527865 	idx: 0 8 1 64 512 4
3.672421782954224 7.479631572685259 	idx: 0 8 1 64 256 4
3.672421782954224 7.404835256958406 	idx: 0 8 1 64 256 4
3.672421782954224 7.330786904388821 	idx: 0 8 1 64 256 4
3.672421782954224 7.257479035344933 	idx: 0 8 1 64 256 4
3.672421782954224 7.1849042449914835 	idx: 0 8 1 64 256 4
3.672421782954224 7.1130552025415685 	idx: 0 8 1 64 256 4
3.672421782954224 7.041924650516153 	idx: 0 8 1 64 256 4
3.672421782954224 6.971505404010991 	idx: 0 8 1 64 256 4
3.619732971980452 6.901790349970882 	idx: 0 8 1 32 128 2
3.619732971980452 6.832772446471173 	idx: 0 8 1 32 128 2
3.490241533477647 6.764444722006462 	idx: 3 8 1 8 16 4
3.490241533477647 6.696800274786397 	idx: 3 8 1 8 16 4
3.361007540833632 6.6298322720385325 	idx: 0 9 1 32 32 4
3.361007540833632 6.563533949318147 	idx: 0 9 1 32 32 4
3.495959190638446 6.497898609824966 	idx: 3 8 1 8 32 4
3.495959190638446 6.432919623726716 	idx: 3 8 1 8 32 4
3.495959190638446 6.3685904274894485 	idx: 3 8 1 8 32 4
3.495959190638446 6.304904523214554 	idx: 3 8 1 8 32 4
3.5874284986239453 6.2418554779824085 	idx: 0 8 1 128 16 8
3.583805128230507 6.1794369232025845 	idx: 0 8 1 128 8 8
3.583805128230507 6.117642553970558 	idx: 0 8 1 128 8 8
3.583805128230507 6.056466128430853 	idx: 0 8 1 128 8 8
3.583805128230507 5.9959014671465445 	idx: 0 8 1 128 8 8
3.577250980025035 5.935942452475079 	idx: 0 8 1 64 4 16
3.5726865981812117 5.8765830279503275 	idx: 0 8 1 64 4 32
3.5726865981812117 5.817817197670824 	idx: 0 8 1 64 4 32
3.5726865981812117 5.759639025694116 	idx: 0 8 1 64 4 32
3.5726865981812117 5.7020426354371745 	idx: 0 8 1 64 4 32
3.565935549048551 5.645022209082803 	idx: 0 8 1 64 8 64
3.565935549048551 5.588571986991974 	idx: 0 8 1 64 8 64
3.565935549048551 5.532686267122054 	idx: 0 8 1 64 8 64
3.5362265837774896 5.477359404450834 	idx: 0 8 1 32 8 128
3.5362265837774896 5.422585810406325 	idx: 0 8 1 32 8 128
3.5584944104806073 5.368359952302262 	idx: 4 8 1 32 16 64
3.5584944104806073 5.314676352779239 	idx: 4 8 1 32 16 64
3.5584944104806073 5.261529589251447 	idx: 4 8 1 32 16 64
3.574629096800075 5.208914293358933 	idx: 4 8 1 64 8 32
3.574629096800075 5.156825150425344 	idx: 4 8 1 64 8 32
3.574629096800075 5.10525689892109 	idx: 4 8 1 64 8 32
3.5726865981812117 5.0542043299318795 	idx: 4 8 1 64 4 32
3.551982336305909 5.003662286632561 	idx: 4 8 1 32 2 64
3.551982336305909 4.953625663766235 	idx: 4 8 1 32 2 64
3.5999659297206934 4.9040894071285726 	idx: 3 8 1 128 64 32
3.612768616578346 4.8550485130572865 	idx: 3 8 1 64 128 64
3.591779947405745 4.806498027926714 	idx: 3 8 1 128 64 64
3.591779947405745 4.758433047647447 	idx: 3 8 1 128 64 64
3.624441456572614 4.710848717170973 	idx: 3 8 1 128 128 32
3.624441456572614 4.663740229999263 	idx: 3 8 1 128 128 32
3.624441456572614 4.61710282769927 	idx: 3 8 1 128 128 32
3.612768616578346 4.570931799422278 	idx: 3 8 1 64 128 64
3.612768616578346 4.525222481428055 	idx: 3 8 1 64 128 64
3.6400512250869275 4.4799702566137745 	idx: 3 8 1 64 256 128
3.6400512250869275 4.4351705540476365 	idx: 3 8 1 64 256 128
3.6400512250869275 4.39081884850716 	idx: 3 8 1 64 256 128
3.6400512250869275 4.346910660022088 	idx: 3 8 1 64 256 128
3.6400512250869275 4.303441553421867 	idx: 3 8 1 64 256 128
3.6400512250869275 4.260407137887648 	idx: 3 8 1 64 256 128
3.6400512250869275 4.217803066508771 	idx: 3 8 1 64 256 128
3.6400512250869275 4.175625035843683 	idx: 3 8 1 64 256 128
3.6085275216593953 4.133868785485246 	idx: 3 8 1 64 256 256
3.6085275216593953 4.0925300976303935 	idx: 3 8 1 64 256 256
3.651578911002749 4.05160479665409 	idx: 3 8 1 32 512 128
3.651578911002749 4.011088748687548 	idx: 3 8 1 32 512 128
3.651578911002749 3.970977861200673 	idx: 3 8 1 32 512 128
3.6400512250869275 3.9312680825886663 	idx: 3 8 1 64 256 128
3.6400512250869275 3.8919554017627798 	idx: 3 8 1 64 256 128
3.6400512250869275 3.853035847745152 	idx: 3 8 1 64 256 128
3.6400512250869275 3.8145054892677006 	idx: 3 8 1 64 256 128
3.6400512250869275 3.7763604343750234 	idx: 3 8 1 64 256 128
3.6400512250869275 3.7385968300312733 	idx: 3 8 1 64 256 128
3.6400512250869275 3.7012108617309605 	idx: 3 8 1 64 256 128
3.6400512250869275 3.664198753113651 	idx: 3 8 1 64 256 128
3.6400512250869275 3.6275567655825145 	idx: 3 8 1 64 256 128
3.6400512250869275 3.591281197926689 	idx: 3 8 1 64 256 128
3.6693401733259154 3.555368385947422 	idx: 3 8 1 32 512 64
3.6693401733259154 3.519814702087948 	idx: 3 8 1 32 512 64
3.6693401733259154 3.4846165550670687 	idx: 3 8 1 32 512 64
3.6693401733259154 3.449770389516398 	idx: 3 8 1 32 512 64
3.6693401733259154 3.415272685621234 	idx: 3 8 1 32 512 64
3.6693401733259154 3.3811199587650216 	idx: 3 8 1 32 512 64
3.6693401733259154 3.347308759177371 	idx: 3 8 1 32 512 64
3.6693401733259154 3.3138356715855974 	idx: 3 8 1 32 512 64
3.6693401733259154 3.2806973148697414 	idx: 3 8 1 32 512 64
3.6693401733259154 3.247890341721044 	idx: 3 8 1 32 512 64
3.6693401733259154 3.2154114383038332 	idx: 3 8 1 32 512 64
3.6693401733259154 3.183257323920795 	idx: 3 8 1 32 512 64
3.6693401733259154 3.1514247506815867 	idx: 3 8 1 32 512 64
3.6693401733259154 3.1199105031747707 	idx: 3 8 1 32 512 64
3.6693401733259154 3.088711398143023 	idx: 3 8 1 32 512 64
3.6693401733259154 3.0578242841615926 	idx: 3 8 1 32 512 64
3.664540939638297 3.0272460413199767 	idx: 3 8 1 64 256 32
3.664540939638297 2.996973580906777 	idx: 3 8 1 64 256 32
3.664540939638297 2.967003845097709 	idx: 3 8 1 64 256 32
3.664540939638297 2.9373338066467323 	idx: 3 8 1 64 256 32
3.664540939638297 2.907960468580265 	idx: 3 8 1 64 256 32
3.664540939638297 2.8788808638944623 	idx: 3 8 1 64 256 32
3.664540939638297 2.8500920552555176 	idx: 0 8 1 64 256 32
3.664540939638297 2.8215911347029623 	idx: 0 8 1 64 256 32
3.6560205236471655 2.7933752233559326 	idx: 3 8 1 64 256 64
3.6560205236471655 2.765441471122373 	idx: 3 8 1 64 256 64
3.6560205236471655 2.7377870564111495 	idx: 3 8 1 64 256 64
3.660799008097376 2.710409185847038 	idx: 0 8 1 32 256 8
3.660799008097376 2.6833050939885674 	idx: 0 8 1 32 256 8
3.660799008097376 2.656472043048682 	idx: 0 8 1 32 256 8
3.660799008097376 2.629907322618195 	idx: 0 8 1 32 256 8
3.660799008097376 2.603608249392013 	idx: 0 8 1 32 256 8
3.660799008097376 2.577572166898093 	idx: 0 8 1 32 256 8
3.660799008097376 2.551796445229112 	idx: 0 8 1 32 256 8
3.660799008097376 2.526278480776821 	idx: 0 8 1 32 256 8
3.660799008097376 2.501015695969053 	idx: 0 8 1 32 256 8
3.660799008097376 2.4760055390093623 	idx: 0 8 1 32 256 8
3.660799008097376 2.4512454836192688 	idx: 0 8 1 32 256 8
3.6829156682008275 2.426733028783076 	idx: 0 8 1 32 512 16
3.6829156682008275 2.402465698495245 	idx: 0 8 1 32 512 16
3.6829156682008275 2.3784410415102926 	idx: 0 8 1 32 512 16
3.6829156682008275 2.3546566310951897 	idx: 0 8 1 32 512 16
3.6829156682008275 2.3311100647842378 	idx: 0 8 1 32 512 16
3.6829156682008275 2.307798964136395 	idx: 0 8 1 32 512 16
3.6829156682008275 2.2847209744950314 	idx: 0 8 1 32 512 16
3.6829156682008275 2.261873764750081 	idx: 0 8 1 32 512 16
3.6829156682008275 2.23925502710258 	idx: 0 8 1 32 512 16
3.6829156682008275 2.2168624768315546 	idx: 0 8 1 32 512 16
3.6829156682008275 2.194693852063239 	idx: 0 8 1 32 512 16
3.69585826902628 2.1727469135426065 	idx: 0 8 1 64 512 8
3.69585826902628 2.1510194444071806 	idx: 0 8 1 64 512 8
3.69585826902628 2.129509249963109 	idx: 0 8 1 64 512 8
3.69585826902628 2.108214157463478 	idx: 0 8 1 64 512 8
3.69585826902628 2.087132015888843 	idx: 0 8 1 64 512 8
3.69585826902628 2.0662606957299547 	idx: 0 8 1 64 512 8
3.69585826902628 2.045598088772655 	idx: 0 8 1 64 512 8
3.69585826902628 2.0251421078849283 	idx: 0 8 1 64 512 8
3.69585826902628 2.004890686806079 	idx: 0 8 1 64 512 8
3.69585826902628 1.9848417799380185 	idx: 0 8 1 64 512 8
3.69585826902628 1.9649933621386382 	idx: 0 8 1 64 512 8
3.69585826902628 1.9453434285172517 	idx: 0 8 1 64 512 8
3.69585826902628 1.9258899942320793 	idx: 0 8 1 64 512 8
3.69585826902628 1.9066310942897584 	idx: 0 8 1 64 512 8
3.69585826902628 1.8875647833468607 	idx: 0 8 1 64 512 8
3.69585826902628 1.868689135513392 	idx: 0 8 1 64 512 8
3.660799008097376 1.8500022441582582 	idx: 0 8 1 32 256 8
3.660799008097376 1.8315022217166756 	idx: 0 8 1 32 256 8
3.660799008097376 1.8131871994995088 	idx: 0 8 1 32 256 8
3.660799008097376 1.7950553275045138 	idx: 0 8 1 32 256 8
3.6690399578971222 1.7771047742294686 	idx: 0 8 1 64 256 16
3.6690399578971222 1.7593337264871738 	idx: 0 8 1 64 256 16
3.6690399578971222 1.741740389222302 	idx: 0 8 1 64 256 16
3.6690399578971222 1.724322985330079 	idx: 0 8 1 64 256 16
3.6179429657901023 1.7070797554767783 	idx: 0 8 1 32 128 8
3.6179429657901023 1.6900089579220106 	idx: 0 8 1 32 128 8
3.6179429657901023 1.6731088683427904 	idx: 0 8 1 32 128 8
3.6179429657901023 1.6563777796593624 	idx: 0 8 1 32 128 8
3.618201514649143 1.6398140018627687 	idx: 3 8 1 16 512 128
3.660799008097376 1.623415861844141 	idx: 0 8 1 32 256 8
3.660799008097376 1.6071817032256996 	idx: 0 8 1 32 256 8
3.660799008097376 1.5911098861934427 	idx: 0 8 1 32 256 8
3.660799008097376 1.5751987873315083 	idx: 0 8 1 32 256 8
3.660799008097376 1.5594467994581933 	idx: 0 8 1 32 256 8
3.660799008097376 1.5438523314636114 	idx: 0 8 1 32 256 8
3.660799008097376 1.5284138081489753 	idx: 0 8 1 32 256 8
3.660799008097376 1.5131296700674854 	idx: 0 8 1 32 256 8
3.660799008097376 1.4979983733668105 	idx: 0 8 1 32 256 8
3.660799008097376 1.4830183896331424 	idx: 0 8 1 32 256 8
3.660799008097376 1.468188205736811 	idx: 0 8 1 32 256 8
3.660799008097376 1.4535063236794428 	idx: 0 8 1 32 256 8
3.6693401733259154 1.4389712604426483 	idx: 3 8 1 32 512 64
3.6693401733259154 1.4245815478382218 	idx: 3 8 1 32 512 64
3.6693401733259154 1.4103357323598396 	idx: 3 8 1 32 512 64
3.6693401733259154 1.396232375036241 	idx: 3 8 1 32 512 64
3.6693401733259154 1.3822700512858788 	idx: 3 8 1 32 512 64
3.6693401733259154 1.36844735077302 	idx: 3 8 1 32 512 64
3.6852032532210757 1.3547628772652898 	idx: 0 8 1 32 512 8
3.6852032532210757 1.341215248492637 	idx: 0 8 1 32 512 8
3.6852032532210757 1.3278030960077105 	idx: 0 8 1 32 512 8
3.6852032532210757 1.3145250650476334 	idx: 0 8 1 32 512 8
3.6852032532210757 1.301379814397157 	idx: 0 8 1 32 512 8
3.6852032532210757 1.2883660162531856 	idx: 0 8 1 32 512 8
3.6852032532210757 1.2754823560906536 	idx: 0 8 1 32 512 8
3.6852032532210757 1.2627275325297471 	idx: 0 8 1 32 512 8
3.6852032532210757 1.2501002572044497 	idx: 0 8 1 32 512 8
3.658430352340605 1.2375992546324053 	idx: 0 8 1 32 256 16
3.6303315715533064 1.2252232620860812 	idx: 0 8 1 16 256 8
3.6303315715533064 1.2129710294652205 	idx: 0 8 1 16 256 8
3.65606259745678 1.2008413191705682 	idx: 4 8 1 16 512 2
3.65606259745678 1.1888329059788625 	idx: 4 8 1 16 512 2
3.65606259745678 1.1769445769190738 	idx: 4 8 1 16 512 2
3.65606259745678 1.165175131149883 	idx: 4 8 1 16 512 2
3.65606259745678 1.1535233798383842 	idx: 4 8 1 16 512 2
3.65606259745678 1.1419881460400003 	idx: 4 8 1 16 512 2
3.65606259745678 1.1305682645796002 	idx: 4 8 1 16 512 2
3.65606259745678 1.1192625819338042 	idx: 4 8 1 16 512 2
3.65606259745678 1.1080699561144662 	idx: 4 8 1 16 512 2
3.65606259745678 1.0969892565533215 	idx: 4 8 1 16 512 2
3.65606259745678 1.0860193639877882 	idx: 4 8 1 16 512 2
3.65606259745678 1.0751591703479102 	idx: 4 8 1 16 512 2
3.65606259745678 1.0644075786444311 	idx: 4 8 1 16 512 2
3.65606259745678 1.0537635028579868 	idx: 4 8 1 16 512 2
3.6869173990456967 1.0432258678294068 	idx: 4 8 1 32 512 2
3.6869173990456967 1.0327936091511127 	idx: 4 8 1 32 512 2
3.6869173990456967 1.0224656730596016 	idx: 4 8 1 32 512 2
3.6869173990456967 1.0122410163290056 	idx: 4 8 1 32 512 2
3.6869173990456967 1.0021186061657157 	idx: 4 8 1 32 512 2
###### ACC Parameters ######
cim type:    FPCIM
bus_width:   25.6
macros_row:  8
macros_col:  1
scr:         32
is_size:     512
os_size:     2
best=3.6869173990456967, area=3264716.9336506394 459
resnet_18_FPCIM@ISSCC23_ee_running end at 1757781358.9581656
279.02579274262075 100 	idx: 3 4 2 2 128 256
359.6154760892054 99.0 	idx: 3 5 2 2 256 512
204.30331984199725 98.01 	idx: 0 3 3 4 64 256
161.06257240243767 97.0299 	idx: 3 4 1 4 128 1024
147.70778418533584 96.059601 	idx: 1 1 3 2 512 32
252.06507687342577 95.09900499 	idx: 1 2 2 2 512 32
256.0245029819811 94.1480149401 	idx: 1 2 1 4 512 64
350.3852260096636 93.206534790699 	idx: 3 4 3 4 128 512
442.0740148493818 92.27446944279201 	idx: 1 3 2 4 1024 256
350.4792124639991 91.35172474836409 	idx: 3 4 3 16 128 1024
210.79554511732204 90.43820750088045 	idx: 1 1 1 2 4096 128
270.0463901223097 89.53382542587164 	idx: 1 2 1 2 4096 256
269.93649807977226 88.63848717161292 	idx: 1 2 1 4 2048 128
270.6517934346737 87.75210229989679 	idx: 1 2 1 4 4096 256
210.79554511732204 86.87458127689783 	idx: 1 1 1 2 4096 128
205.29152493333203 86.00583546412885 	idx: 1 1 1 2 2048 256
206.3959226149018 85.14577710948755 	idx: 1 1 1 2 2048 512
300.18564103480844 84.29431933839268 	idx: 1 1 2 2 2048 1024
220.0842765024203 83.45137614500875 	idx: 1 1 3 4 1024 1024
274.36457196489823 82.61686238355867 	idx: 1 1 4 8 2048 1024
264.4251304876018 81.79069375972308 	idx: 1 1 4 4 2048 512
371.44204839827563 80.97278682212585 	idx: 1 2 5 4 2048 256
293.0285073889644 80.1630589539046 	idx: 4 2 3 32 512 8
407.60800831056184 79.36142836436555 	idx: 4 2 3 16 1024 16
721.1968814807598 78.56781408072189 	idx: 4 3 3 8 2048 16
344.8393815880443 77.78213593991467 	idx: 4 3 4 16 1024 32
386.83787721816344 77.00431458051553 	idx: 4 2 4 16 2048 64
284.88342700578403 76.23427143471037 	idx: 4 2 4 16 1024 32
190.98096383836955 75.47192872036327 	idx: 4 1 5 8 512 64
345.89723566220056 74.71720943315964 	idx: 4 2 5 4 1024 128
241.85345416662 73.97003733882804 	idx: 4 1 4 2 2048 64
503.97717048135905 73.23033696543976 	idx: 4 1 3 4 4096 32
381.32280454014256 72.49803359578536 	idx: 4 1 4 8 4096 64
512.4403780882425 71.7730532598275 	idx: 4 1 3 8 4096 128
382.19302971774306 71.05532272722922 	idx: 4 1 3 4 2048 64
384.8249246927234 70.34476949995693 	idx: 4 2 3 2 1024 32
350.3609927235178 69.64132180495736 	idx: 4 2 2 4 1024 16
278.61864274370856 68.94490858690779 	idx: 4 3 1 4 2048 32
386.6795158897838 68.25545950103871 	idx: 3 7 3 2 128 32
434.0536786689758 67.57290490602833 	idx: 3 6 3 4 256 64
509.9445938000596 66.89717585696805 	idx: 4 3 2 16 2048 32
672.1526741209404 66.22820409839836 	idx: 4 2 3 32 2048 32
373.4949176753194 65.56592205741438 	idx: 4 1 2 32 4096 32
466.2590867955574 64.91026283684023 	idx: 3 6 2 8 512 16
442.1123807513194 64.26116020847184 	idx: 4 3 2 8 1024 128
337.9605768858065 63.618548606387115 	idx: 4 3 2 4 512 128
518.0721637115508 62.98236312032324 	idx: 4 3 3 4 1024 128
442.1123807513194 62.35253948912001 	idx: 4 3 2 8 1024 128
486.53113398831505 61.72901409422881 	idx: 4 2 2 4 2048 128
436.93735082051575 61.11172395328652 	idx: 4 3 2 2 1024 256
285.3000849500053 60.500606713753655 	idx: 4 4 1 2 2048 128
441.3124956198753 59.89560064661612 	idx: 4 3 2 4 1024 128
507.70798218169034 59.29664464014996 	idx: 4 3 2 4 2048 64
280.24241794900087 58.70367819374846 	idx: 4 3 1 8 1024 128
297.16362027591776 58.116641411810974 	idx: 1 1 7 16 2048 16
286.5748821622137 57.535474997692866 	idx: 4 4 1 8 1024 256
319.48189558131054 56.960120247715935 	idx: 1 3 6 8 512 32
392.3095105934046 56.390519045238776 	idx: 1 3 6 8 1024 32
435.3910522062668 55.82661385478639 	idx: 4 3 2 2 1024 128
296.25038984154446 55.26834771623852 	idx: 0 4 4 8 256 128
319.4609604959853 54.71566423907614 	idx: 1 3 6 8 512 16
288.6900131279074 54.16850759668538 	idx: 3 8 2 2 128 256
249.8555948263249 53.62682252071853 	idx: 2 12 1 8 512 64
269.93649807977226 53.09055429551134 	idx: 4 2 1 4 1024 128
474.7517929225501 52.55964875255623 	idx: 2 10 2 8 512 32
414.6069640640396 52.03405226503067 	idx: 2 9 2 8 256 16
257.81168485005634 51.51371174238036 	idx: 4 2 1 4 512 512
415.0460949911913 50.998574624956554 	idx: 2 9 2 16 256 4
288.72678168328946 50.488588878706985 	idx: 2 8 2 8 128 4
274.28017221822614 49.98370298991991 	idx: 1 2 7 16 1024 64
432.89885237347534 49.483865960020715 	idx: 4 4 3 8 256 256
264.33567615099463 48.98902730042051 	idx: 2 8 3 4 64 4
387.36097746227017 48.4991370274163 	idx: 2 7 3 4 128 2
319.28396614912197 48.01414565714214 	idx: 2 6 3 8 128 2
346.90040938028295 47.53400420057071 	idx: 2 6 2 8 256 2
346.90040938028295 47.05866415856501 	idx: 2 6 2 8 256 2
438.5713393711533 46.58807751697936 	idx: 2 5 3 4 256 2
438.5713393711533 46.12219674180957 	idx: 2 5 3 4 256 2
295.26817518880404 45.66097477439147 	idx: 2 4 4 2 256 4
439.1242857661715 45.20436502664755 	idx: 4 5 3 4 256 64
318.70564790218464 44.752321376381076 	idx: 4 6 3 2 128 64
296.29569293596796 44.30479816261727 	idx: 3 4 4 32 256 4
351.58359332062236 43.861750180991095 	idx: 4 4 5 2 512 32
351.58359332062236 43.42313267918119 	idx: 4 4 5 2 512 32
370.3957584125091 42.98890135238938 	idx: 4 4 5 2 1024 64
300.1397367597921 42.559012338865486 	idx: 4 3 6 2 512 64
300.1397367597921 42.133422215476834 	idx: 4 3 6 2 512 64
231.11356830974975 41.712087993322065 	idx: 3 2 3 16 256 64
158.75402257355944 41.29496711338884 	idx: 3 1 3 16 512 64
353.2499737043654 40.882017442254956 	idx: 3 2 2 32 1024 64
407.72631394830967 40.473197267832404 	idx: 3 2 3 16 1024 64
672.1643828305336 40.06846529515408 	idx: 3 2 3 16 2048 128
442.4282902524159 39.66778064220254 	idx: 3 3 2 32 1024 256
272.1468159524411 39.27110283578051 	idx: 3 4 1 32 512 256
224.253301828057 38.8783918074227 	idx: 3 5 1 32 256 128
279.56827301095865 38.48960788934848 	idx: 3 4 2 32 128 64
157.03220674870164 38.104711810454994 	idx: 3 3 2 16 64 64
206.66593248708196 37.72366469235045 	idx: 3 2 3 8 128 32
219.0893974103748 37.34642804542694 	idx: 1 2 7 16 512 64
306.331937051972 36.97296376497267 	idx: 3 3 3 8 256 64
306.1774067119043 36.60323412732294 	idx: 3 3 3 4 256 128
276.8601508901665 36.23720178604971 	idx: 3 3 2 4 256 64
350.3198444311846 35.874829768189215 	idx: 3 4 3 4 128 128
163.73441451872017 35.516081470507324 	idx: 3 5 2 4 64 128
132.17679650140911 35.16092065580225 	idx: 1 2 8 32 128 32
103.50186553875993 34.80931144924423 	idx: 1 2 9 16 64 32
257.900334811144 34.461218334751784 	idx: 3 5 2 8 128 32
439.3887733484774 34.11660615140427 	idx: 3 5 3 8 256 64
238.49165070748813 33.775440089890225 	idx: 3 6 2 8 128 128
347.1158004983293 33.43768568899132 	idx: 3 6 2 4 256 128
275.13961994847244 33.10330883210141 	idx: 1 2 9 4 1024 4
272.21070301983804 32.7722757437804 	idx: 3 5 1 2 512 128
373.22474078375984 32.44455298634259 	idx: 3 4 2 4 256 256
267.69290529305516 32.12010745647917 	idx: 3 3 1 8 512 128
272.1096576080547 31.798906381914374 	idx: 3 4 1 16 512 256
273.2210190626041 31.48091731809523 	idx: 3 5 1 8 512 512
224.24928109113895 31.16610814491428 	idx: 3 5 1 4 256 512
458.52084031246625 30.854447063465138 	idx: 3 4 2 4 512 1024
338.5544454979382 30.545902592830487 	idx: 3 3 2 8 512 1024
353.2463957815217 30.240443566902183 	idx: 3 2 2 16 1024 1024
319.43682102156083 29.93803913123316 	idx: 1 3 6 8 512 2
345.70733961323265 29.638658739920828 	idx: 1 2 5 4 1024 4
366.5922074047302 29.34227215252162 	idx: 1 3 5 4 1024 2
344.40350305480416 29.048849430996402 	idx: 1 2 5 2 1024 4
310.3862392044523 28.758360936686437 	idx: 1 1 5 2 2048 2
346.8232550178665 28.47077732731957 	idx: 1 2 6 2 1024 4
365.6122319009923 28.186069554046373 	idx: 1 3 5 2 1024 2
257.69416552400304 27.90420885850591 	idx: 1 3 4 2 512 4
257.69416552400304 27.625166769920853 	idx: 1 3 4 2 512 4
344.40350305480416 27.348915102221643 	idx: 1 2 5 2 1024 4
155.57034904567874 27.075425951199424 	idx: 1 1 5 2 512 4
281.5851182757233 26.804671691687428 	idx: 1 2 5 4 512 8
247.35800228240905 26.536624974770554 	idx: 2 4 3 2 64 128
204.30331984199725 26.271258725022847 	idx: 2 3 3 4 64 256
188.10145248615348 26.00854613777262 	idx: 0 2 5 64 128 2
205.19554796729201 25.748460676394892 	idx: 1 1 8 2 2048 16
160.30044635115138 25.490976069630943 	idx: 1 1 9 2 1024 16
275.13961994847244 25.23606630893463 	idx: 1 2 9 4 1024 32
268.18523394100214 24.983705645845284 	idx: 1 2 9 2 1024 32
188.06587340499402 24.73386858938683 	idx: 0 2 5 16 128 2
179.88853180214537 24.48652990349296 	idx: 2 4 2 2 64 512
248.07980198060434 24.24166460445803 	idx: 2 4 3 4 64 1024
439.41751805221656 23.99924795841345 	idx: 3 5 3 8 256 512
359.8580903422594 23.759255478829314 	idx: 3 5 2 16 256 512
359.8580903422594 23.52166292404102 	idx: 3 5 2 16 256 512
203.81582281041668 23.28644629480061 	idx: 3 6 1 16 256 512
252.69995142640013 23.053581831852604 	idx: 0 1 8 8 2048 2
273.1946779530088 22.82304601353408 	idx: 3 5 1 16 512 256
458.64654001015134 22.59481555339874 	idx: 3 4 2 32 512 128
268.0715412697958 22.36886739786475 	idx: 3 3 1 32 512 256
272.1171701251712 22.145178723886104 	idx: 3 4 1 32 512 128
458.6553554895029 21.923726936647242 	idx: 3 4 2 64 512 64
439.4635174017789 21.704489667280768 	idx: 3 5 3 32 256 64
347.3145638520105 21.48744477060796 	idx: 3 6 2 16 256 128
224.20644839698738 21.27257032290188 	idx: 3 5 1 8 256 256
373.00865038167564 21.059844619672862 	idx: 3 4 2 4 256 128
432.8858327596726 20.849246173476132 	idx: 3 4 3 8 256 128
432.8858327596726 20.64075371174137 	idx: 3 4 3 8 256 128
432.8858327596726 20.434346174623958 	idx: 3 4 3 8 256 128
462.04266240689714 20.230002712877717 	idx: 3 5 2 4 512 128
456.556900522801 20.027702685748938 	idx: 3 4 2 2 512 128
665.3957288432596 19.82742565889145 	idx: 3 5 3 4 1024 64
541.804257388798 19.629151402302536 	idx: 3 6 3 2 512 128
533.9027349556244 19.43285988827951 	idx: 3 5 3 4 512 64
345.7621770517007 19.238531289396715 	idx: 3 6 2 2 256 64
244.9681375243913 19.046145976502746 	idx: 3 7 1 4 256 128
486.43874083281077 18.855684516737718 	idx: 3 8 2 8 512 256
230.5108134957959 18.66712767157034 	idx: 3 8 1 16 256 512
298.97276925803357 18.480456394854638 	idx: 3 7 2 8 128 256
250.86160736887098 18.295651830906092 	idx: 1 2 9 8 512 4
205.80921183809497 18.11269531259703 	idx: 3 6 3 4 64 256
319.38062225603477 17.931568359471058 	idx: 3 6 3 8 128 128
404.39315183863886 17.752252675876345 	idx: 3 7 2 16 256 256
404.39315183863886 17.57473014911758 	idx: 3 7 2 16 256 256
404.39315183863886 17.398982847626407 	idx: 3 7 2 16 256 256
203.81582281041668 17.22499301915014 	idx: 3 6 1 16 256 512
466.71156759600075 17.05274308895864 	idx: 3 6 2 16 512 512
347.3291975712484 16.882215658069054 	idx: 3 6 2 32 256 256
264.591404155936 16.713393501488362 	idx: 3 7 1 16 512 128
264.65225621733003 16.546259566473477 	idx: 3 7 1 32 512 64
306.34088886696725 16.380796970808742 	idx: 4 3 3 16 256 4
372.80905647655453 16.216989001100654 	idx: 4 4 2 8 256 4
338.3677260163049 16.054819111089646 	idx: 4 3 2 16 512 8
670.9970171519313 15.89427091997875 	idx: 4 4 3 16 1024 8
338.3966426814662 15.735328210778961 	idx: 4 3 2 16 512 16
259.6266690488236 15.577974928671171 	idx: 3 10 1 16 512 16
271.89719260464653 15.42219517938446 	idx: 4 5 1 4 512 16
456.28627088976964 15.267973227590614 	idx: 4 4 2 4 512 8
456.28627088976964 15.115293495314708 	idx: 4 4 2 4 512 8
221.91723446270925 14.96414056036156 	idx: 4 5 1 2 256 4
271.6758204414646 14.814499154757945 	idx: 4 5 1 4 512 2
284.6618585789332 14.666354163210364 	idx: 4 4 1 4 1024 4
519.9358907904937 14.519690621578262 	idx: 4 4 2 8 1024 2
519.9358907904937 14.374493715362478 	idx: 4 4 2 8 1024 2
518.1583113667546 14.230748778208852 	idx: 4 3 3 16 1024 2
530.7985457167894 14.088441290426763 	idx: 4 4 3 32 512 4
518.4514574611175 13.947556877522496 	idx: 4 3 3 32 1024 4
458.65431153346964 13.808081308747271 	idx: 4 4 2 64 512 2
319.40784721637596 13.670000495659798 	idx: 3 6 3 16 128 64
286.51181554666215 13.5333004907032 	idx: 4 4 1 32 2048 2
280.4030406504945 13.397967485796167 	idx: 4 3 1 32 4096 4
270.387366784494 13.263987810938206 	idx: 4 2 1 16 2048 4
352.78030379513405 13.131347932828824 	idx: 4 2 2 16 1024 2
352.78030379513405 13.000034453500536 	idx: 4 2 2 16 1024 2
352.78030379513405 12.87003410896553 	idx: 4 2 2 16 1024 2
382.9793037678103 12.741333767875876 	idx: 4 3 3 8 512 4
431.9522231984915 12.613920430197117 	idx: 4 4 3 4 256 2
431.9522231984915 12.487781225895146 	idx: 4 4 3 4 256 2
460.26894024472233 12.362903413636195 	idx: 4 5 2 4 512 2
233.78321198115515 12.239274379499832 	idx: 4 4 1 2 256 2
222.85038600288865 12.116881635704834 	idx: 1 2 1 64 256 4
355.9492333660451 11.995712819347785 	idx: 4 5 2 2 256 2
270.2604417815216 11.875755691154307 	idx: 4 4 1 4 512 4
284.7376583313917 11.756998134242764 	idx: 4 4 1 4 1024 8
293.041764997018 11.639428152900336 	idx: 1 2 3 128 512 16
518.1081290944085 11.523033871371332 	idx: 4 4 2 4 1024 8
512.7391200354198 11.407803532657619 	idx: 4 5 2 8 2048 4
512.7391200354198 11.293725497331042 	idx: 4 5 2 8 2048 4
661.1802932281897 11.180788242357732 	idx: 4 6 3 4 1024 8
466.72886350797864 11.068980359934155 	idx: 3 6 2 32 512 256
466.72886350797864 10.958290556334813 	idx: 3 6 2 32 512 256
534.5156464694277 10.848707650771464 	idx: 3 5 3 16 512 512
432.89885237347534 10.74022057426375 	idx: 3 4 3 8 256 256
666.3342801683801 10.632818368521113 	idx: 4 5 3 16 1024 16
530.36483655314 10.526490184835902 	idx: 4 4 3 8 512 8
722.4146691225677 10.421225282987542 	idx: 1 3 3 16 2048 64
386.96077905895004 10.317013030157668 	idx: 1 2 4 32 2048 64
722.6846953828644 10.213842899856092 	idx: 1 3 3 32 2048 64
722.6846953828644 10.11170447085753 	idx: 1 3 3 32 2048 64
722.6846953828644 10.010587426148955 	idx: 1 3 3 32 2048 64
510.15445722358214 9.910481551887466 	idx: 1 3 2 16 2048 64
510.15445722358214 9.811376736368592 	idx: 1 3 2 16 2048 64
722.0542770564115 9.713262969004907 	idx: 4 3 3 16 2048 8
722.4146691225677 9.616130339314857 	idx: 1 3 3 16 2048 64
521.5521118910722 9.519969035921708 	idx: 4 4 2 32 2048 16
672.1195431742982 9.42476934556249 	idx: 1 2 3 8 2048 256
672.1195431742982 9.330521652106865 	idx: 1 2 3 8 2048 256
488.89064100601047 9.237216435585797 	idx: 1 2 2 16 2048 256
488.89064100601047 9.144844271229939 	idx: 1 2 2 16 2048 256
488.89064100601047 9.053395828517639 	idx: 1 2 2 16 2048 256
509.799956035282 8.962861870232462 	idx: 1 3 2 8 2048 128
721.8235045007467 8.873233251530138 	idx: 1 3 3 8 2048 64
738.1514496340097 8.784500919014837 	idx: 1 4 3 16 2048 64
344.90948956833853 8.696655909824688 	idx: 1 3 4 32 1024 64
344.90948956833853 8.609689350726441 	idx: 1 3 4 32 1024 64
372.06295498467483 8.523592457219177 	idx: 1 2 5 32 2048 64
530.7609522995645 8.438356532646985 	idx: 4 4 3 16 512 32
530.7609522995645 8.353972967320516 	idx: 4 4 3 16 512 32
530.7609522995645 8.27043323764731 	idx: 4 4 3 16 512 32
337.8823113833703 8.187728905270838 	idx: 4 3 2 8 512 16
441.8364239722321 8.105851616218128 	idx: 4 3 2 16 1024 8
672.1080851107987 8.024793100055946 	idx: 4 2 3 32 2048 8
722.0542770564115 7.944545169055387 	idx: 4 3 3 16 2048 8
671.2026404555511 7.865099717364833 	idx: 4 4 3 32 1024 4
671.2026404555511 7.786448720191185 	idx: 4 4 3 32 1024 4
671.2026404555511 7.708584232989273 	idx: 4 4 3 32 1024 4
521.5006702933244 7.63149839065938 	idx: 4 4 2 32 2048 2
521.5006702933244 7.5551834067527865 	idx: 4 4 2 32 2048 2
521.7350141828873 7.479631572685259 	idx: 4 4 2 64 1024 4
403.62238424931115 7.404835256958406 	idx: 3 7 2 2 256 512
416.03229962304874 7.330786904388821 	idx: 0 8 2 4 256 8
672.1885489039083 7.257479035344933 	idx: 4 2 3 64 2048 4
672.1885489039083 7.1849042449914835 	idx: 4 2 3 64 2048 4
672.1885489039083 7.1130552025415685 	idx: 4 2 3 64 2048 4
672.1885489039083 7.041924650516153 	idx: 4 2 3 64 2048 4
672.1885489039083 6.971505404010991 	idx: 4 2 3 64 2048 4
672.1885489039083 6.901790349970882 	idx: 4 2 3 64 2048 4
672.1885489039083 6.832772446471173 	idx: 4 2 3 64 2048 4
672.1885489039083 6.764444722006462 	idx: 4 2 3 64 2048 4
672.1882997602665 6.696800274786397 	idx: 4 2 3 64 2048 2
672.1882997602665 6.6298322720385325 	idx: 4 2 3 64 2048 2
672.1882997602665 6.563533949318147 	idx: 4 2 3 64 2048 2
672.1882997602665 6.497898609824966 	idx: 4 2 3 64 2048 2
583.6416410282816 6.432919623726716 	idx: 0 7 3 8 512 8
583.6416410282816 6.3685904274894485 	idx: 0 7 3 8 512 8
662.2929218674166 6.304904523214554 	idx: 0 6 3 8 1024 8
662.2929218674166 6.2418554779824085 	idx: 0 6 3 8 1024 8
662.2929218674166 6.1794369232025845 	idx: 0 6 3 8 1024 8
662.2929218674166 6.117642553970558 	idx: 0 6 3 8 1024 8
662.2929218674166 6.056466128430853 	idx: 0 6 3 8 1024 8
665.6235836020268 5.9959014671465445 	idx: 0 5 3 8 1024 8
665.6235836020268 5.935942452475079 	idx: 0 5 3 8 1024 8
533.3713736164356 5.8765830279503275 	idx: 0 5 3 4 512 16
513.0499665757909 5.817817197670824 	idx: 3 5 2 8 2048 32
661.9914570035853 5.759639025694116 	idx: 3 6 3 4 1024 64
457.4781318471199 5.7020426354371745 	idx: 3 5 2 2 512 32
507.9760448449108 5.645022209082803 	idx: 0 5 2 2 1024 4
508.1687696511197 5.588571986991974 	idx: 0 5 2 2 2048 8
508.536262582587 5.532686267122054 	idx: 0 5 2 2 1024 16
582.9909797774711 5.477359404450834 	idx: 3 7 3 2 512 128
582.9909797774711 5.422585810406325 	idx: 3 7 3 2 512 128
664.8583366236018 5.368359952302262 	idx: 0 5 3 4 1024 32
664.8583366236018 5.314676352779239 	idx: 0 5 3 4 1024 32
664.8583366236018 5.261529589251447 	idx: 0 5 3 4 1024 32
530.3350586550912 5.208914293358933 	idx: 4 4 3 8 512 4
530.3350586550912 5.156825150425344 	idx: 4 4 3 8 512 4
530.3350586550912 5.10525689892109 	idx: 4 4 3 8 512 4
530.3350586550912 5.0542043299318795 	idx: 4 4 3 8 512 4
670.9970171519313 5.003662286632561 	idx: 4 4 3 16 1024 8
519.9670466440681 4.953625663766235 	idx: 4 4 2 8 2048 4
529.135408275357 4.9040894071285726 	idx: 0 4 3 2 512 64
461.72657851174023 4.8550485130572865 	idx: 4 5 2 8 512 8
486.53557183098593 4.806498027926714 	idx: 3 8 2 16 512 128
486.53557183098593 4.758433047647447 	idx: 3 8 2 16 512 128
486.53557183098593 4.710848717170973 	idx: 3 8 2 16 512 128
486.53557183098593 4.663740229999263 	idx: 3 8 2 16 512 128
486.53557183098593 4.61710282769927 	idx: 3 8 2 16 512 128
504.19027972926165 4.570931799422278 	idx: 3 7 2 8 1024 64
439.41751805221656 4.525222481428055 	idx: 0 5 3 8 256 256
507.6302471895142 4.4799702566137745 	idx: 3 6 2 4 1024 128
662.8794729601109 4.4351705540476365 	idx: 3 6 3 4 1024 256
662.8794729601109 4.39081884850716 	idx: 3 6 3 4 1024 256
662.8794729601109 4.346910660022088 	idx: 3 6 3 4 1024 256
662.8794729601109 4.303441553421867 	idx: 3 6 3 4 1024 256
665.9758075532726 4.260407137887648 	idx: 0 5 3 4 1024 128
665.9758075532726 4.217803066508771 	idx: 0 5 3 4 1024 128
665.9758075532726 4.175625035843683 	idx: 0 5 3 4 1024 128
665.9758075532726 4.133868785485246 	idx: 0 5 3 4 1024 128
665.9758075532726 4.0925300976303935 	idx: 0 5 3 4 1024 128
736.2013474038363 4.05160479665409 	idx: 0 4 3 2 2048 128
736.2013474038363 4.011088748687548 	idx: 0 4 3 2 2048 128
736.2013474038363 3.970977861200673 	idx: 0 4 3 2 2048 128
736.2013474038363 3.9312680825886663 	idx: 0 4 3 2 2048 128
736.2013474038363 3.8919554017627798 	idx: 0 4 3 2 2048 128
736.2013474038363 3.853035847745152 	idx: 0 4 3 2 2048 128
736.2013474038363 3.8145054892677006 	idx: 0 4 3 2 2048 128
736.2013474038363 3.7763604343750234 	idx: 0 4 3 2 2048 128
736.2013474038363 3.7385968300312733 	idx: 0 4 3 2 2048 128
736.2013474038363 3.7012108617309605 	idx: 0 4 3 2 2048 128
736.2013474038363 3.664198753113651 	idx: 0 4 3 2 2048 128
736.2013474038363 3.6275567655825145 	idx: 0 4 3 2 2048 128
736.2013474038363 3.591281197926689 	idx: 0 4 3 2 2048 128
736.2013474038363 3.555368385947422 	idx: 0 4 3 2 2048 128
736.2013474038363 3.519814702087948 	idx: 0 4 3 2 2048 128
736.2013474038363 3.4846165550670687 	idx: 0 4 3 2 2048 128
666.2723457283596 3.449770389516398 	idx: 0 5 3 4 1024 256
670.3256463794214 3.415272685621234 	idx: 4 2 3 8 2048 4
670.3256463794214 3.3811199587650216 	idx: 4 2 3 8 2048 4
722.0143195658267 3.347308759177371 	idx: 4 3 3 16 2048 4
722.0143195658267 3.3138356715855974 	idx: 4 3 3 16 2048 4
722.0143195658267 3.2806973148697414 	idx: 4 3 3 16 2048 4
722.0143195658267 3.247890341721044 	idx: 4 3 3 16 2048 4
722.0143195658267 3.2154114383038332 	idx: 4 3 3 16 2048 4
722.0143195658267 3.183257323920795 	idx: 4 3 3 16 2048 4
722.0143195658267 3.1514247506815867 	idx: 4 3 3 16 2048 4
722.0143195658267 3.1199105031747707 	idx: 4 3 3 16 2048 4
670.1698386103805 3.088711398143023 	idx: 4 4 3 8 1024 2
670.1698386103805 3.0578242841615926 	idx: 4 4 3 8 1024 2
670.1698386103805 3.0272460413199767 	idx: 4 4 3 8 1024 2
670.1698386103805 2.996973580906777 	idx: 4 4 3 8 1024 2
670.1698386103805 2.967003845097709 	idx: 4 4 3 8 1024 2
671.0156372619936 2.9373338066467323 	idx: 0 4 3 16 1024 16
722.6322864451759 2.907960468580265 	idx: 0 3 3 32 2048 32
722.6322864451759 2.8788808638944623 	idx: 0 3 3 32 2048 32
722.6322864451759 2.8500920552555176 	idx: 0 3 3 32 2048 32
737.9454048735709 2.8215911347029623 	idx: 2 4 3 8 2048 128
737.9454048735709 2.7933752233559326 	idx: 2 4 3 8 2048 128
737.9454048735709 2.765441471122373 	idx: 2 4 3 8 2048 128
737.9454048735709 2.7377870564111495 	idx: 2 4 3 8 2048 128
737.9454048735709 2.710409185847038 	idx: 2 4 3 8 2048 128
737.9454048735709 2.6833050939885674 	idx: 2 4 3 8 2048 128
737.9454048735709 2.656472043048682 	idx: 2 4 3 8 2048 128
737.9454048735709 2.629907322618195 	idx: 2 4 3 8 2048 128
737.9454048735709 2.603608249392013 	idx: 2 4 3 8 2048 128
737.9454048735709 2.577572166898093 	idx: 2 4 3 8 2048 128
737.9454048735709 2.551796445229112 	idx: 2 4 3 8 2048 128
737.9454048735709 2.526278480776821 	idx: 2 4 3 8 2048 128
738.0733433286287 2.501015695969053 	idx: 2 4 3 8 2048 256
738.0733433286287 2.4760055390093623 	idx: 2 4 3 8 2048 256
738.0733433286287 2.4512454836192688 	idx: 2 4 3 8 2048 256
738.0733433286287 2.426733028783076 	idx: 2 4 3 8 2048 256
738.0733433286287 2.402465698495245 	idx: 2 4 3 8 2048 256
738.0733433286287 2.3784410415102926 	idx: 2 4 3 8 2048 256
738.0733433286287 2.3546566310951897 	idx: 2 4 3 8 2048 256
738.0733433286287 2.3311100647842378 	idx: 2 4 3 8 2048 256
738.0733433286287 2.307798964136395 	idx: 2 4 3 8 2048 256
738.0733433286287 2.2847209744950314 	idx: 2 4 3 8 2048 256
738.0733433286287 2.261873764750081 	idx: 2 4 3 8 2048 256
738.0733433286287 2.23925502710258 	idx: 2 4 3 8 2048 256
721.8530972162131 2.2168624768315546 	idx: 2 3 3 4 2048 256
721.8530972162131 2.194693852063239 	idx: 2 3 3 4 2048 256
721.8530972162131 2.1727469135426065 	idx: 2 3 3 4 2048 256
671.8381863835027 2.1510194444071806 	idx: 0 2 3 16 2048 32
671.8381863835027 2.129509249963109 	idx: 0 2 3 16 2048 32
671.8381863835027 2.108214157463478 	idx: 0 2 3 16 2048 32
671.8381863835027 2.087132015888843 	idx: 0 2 3 16 2048 32
671.8381863835027 2.0662606957299547 	idx: 0 2 3 16 2048 32
671.8381863835027 2.045598088772655 	idx: 0 2 3 16 2048 32
671.8381863835027 2.0251421078849283 	idx: 0 2 3 16 2048 32
671.8381863835027 2.004890686806079 	idx: 0 2 3 16 2048 32
721.446768696117 1.9848417799380185 	idx: 0 3 3 8 2048 32
721.446768696117 1.9649933621386382 	idx: 0 3 3 8 2048 32
722.1707251806262 1.9453434285172517 	idx: 2 3 3 8 2048 128
722.1707251806262 1.9258899942320793 	idx: 2 3 3 8 2048 128
721.8530972162131 1.9066310942897584 	idx: 2 3 3 4 2048 256
721.8530972162131 1.8875647833468607 	idx: 2 3 3 4 2048 256
721.8530972162131 1.868689135513392 	idx: 2 3 3 4 2048 256
721.8530972162131 1.8500022441582582 	idx: 2 3 3 4 2048 256
721.8530972162131 1.8315022217166756 	idx: 2 3 3 4 2048 256
721.8530972162131 1.8131871994995088 	idx: 2 3 3 4 2048 256
721.8530972162131 1.7950553275045138 	idx: 2 3 3 4 2048 256
722.2449265354205 1.7771047742294686 	idx: 0 3 3 16 2048 32
722.2449265354205 1.7593337264871738 	idx: 0 3 3 16 2048 32
722.2449265354205 1.741740389222302 	idx: 0 3 3 16 2048 32
722.2449265354205 1.724322985330079 	idx: 0 3 3 16 2048 32
722.2449265354205 1.7070797554767783 	idx: 0 3 3 16 2048 32
722.2449265354205 1.6900089579220106 	idx: 0 3 3 16 2048 32
722.2449265354205 1.6731088683427904 	idx: 0 3 3 16 2048 32
722.2449265354205 1.6563777796593624 	idx: 0 3 3 16 2048 32
722.2449265354205 1.6398140018627687 	idx: 0 3 3 16 2048 32
722.2449265354205 1.623415861844141 	idx: 0 3 3 16 2048 32
722.2449265354205 1.6071817032256996 	idx: 0 3 3 16 2048 32
722.2449265354205 1.5911098861934427 	idx: 0 3 3 16 2048 32
722.1255791044193 1.5751987873315083 	idx: 0 3 3 16 2048 16
722.1255791044193 1.5594467994581933 	idx: 0 3 3 16 2048 16
737.2239544355316 1.5438523314636114 	idx: 0 4 3 8 2048 16
737.2239544355316 1.5284138081489753 	idx: 0 4 3 8 2048 16
737.2239544355316 1.5131296700674854 	idx: 0 4 3 8 2048 16
737.3708298892009 1.4979983733668105 	idx: 2 4 3 4 2048 128
737.3708298892009 1.4830183896331424 	idx: 2 4 3 4 2048 128
737.3708298892009 1.468188205736811 	idx: 2 4 3 4 2048 128
737.3708298892009 1.4535063236794428 	idx: 2 4 3 4 2048 128
737.3708298892009 1.4389712604426483 	idx: 2 4 3 4 2048 128
737.3708298892009 1.4245815478382218 	idx: 2 4 3 4 2048 128
737.3708298892009 1.4103357323598396 	idx: 2 4 3 4 2048 128
737.3708298892009 1.396232375036241 	idx: 2 4 3 4 2048 128
737.3708298892009 1.3822700512858788 	idx: 2 4 3 4 2048 128
737.3708298892009 1.36844735077302 	idx: 2 4 3 4 2048 128
737.3708298892009 1.3547628772652898 	idx: 2 4 3 4 2048 128
737.3708298892009 1.341215248492637 	idx: 2 4 3 4 2048 128
737.9454048735709 1.3278030960077105 	idx: 2 4 3 8 2048 128
737.9454048735709 1.3145250650476334 	idx: 2 4 3 8 2048 128
737.9454048735709 1.301379814397157 	idx: 2 4 3 8 2048 128
737.9454048735709 1.2883660162531856 	idx: 2 4 3 8 2048 128
737.9454048735709 1.2754823560906536 	idx: 2 4 3 8 2048 128
737.9454048735709 1.2627275325297471 	idx: 2 4 3 8 2048 128
737.9454048735709 1.2501002572044497 	idx: 2 4 3 8 2048 128
737.9454048735709 1.2375992546324053 	idx: 2 4 3 8 2048 128
737.9454048735709 1.2252232620860812 	idx: 2 4 3 8 2048 128
737.9454048735709 1.2129710294652205 	idx: 2 4 3 8 2048 128
737.9454048735709 1.2008413191705682 	idx: 2 4 3 8 2048 128
737.9454048735709 1.1888329059788625 	idx: 2 4 3 8 2048 128
737.9454048735709 1.1769445769190738 	idx: 2 4 3 8 2048 128
737.9454048735709 1.165175131149883 	idx: 2 4 3 8 2048 128
737.9454048735709 1.1535233798383842 	idx: 2 4 3 8 2048 128
738.2268679438828 1.1419881460400003 	idx: 2 4 3 16 2048 128
738.2268679438828 1.1305682645796002 	idx: 2 4 3 16 2048 128
738.2268679438828 1.1192625819338042 	idx: 2 4 3 16 2048 128
738.2268679438828 1.1080699561144662 	idx: 2 4 3 16 2048 128
738.2268679438828 1.0969892565533215 	idx: 2 4 3 16 2048 128
738.2268679438828 1.0860193639877882 	idx: 2 4 3 16 2048 128
738.2268679438828 1.0751591703479102 	idx: 2 4 3 16 2048 128
738.2268679438828 1.0644075786444311 	idx: 2 4 3 16 2048 128
738.2268679438828 1.0537635028579868 	idx: 2 4 3 16 2048 128
738.2268679438828 1.0432258678294068 	idx: 2 4 3 16 2048 128
738.2268679438828 1.0327936091511127 	idx: 2 4 3 16 2048 128
738.2268679438828 1.0224656730596016 	idx: 2 4 3 16 2048 128
738.2268679438828 1.0122410163290056 	idx: 2 4 3 16 2048 128
738.2268679438828 1.0021186061657157 	idx: 2 4 3 16 2048 128
###### ACC Parameters ######
cim type:    FPCIM
bus_width:   25.6
macros_row:  4
macros_col:  3
scr:         16
is_size:     2048
os_size:     128
best=738.2268679438828, area=4946635.818930704 459
resnet_18_FPCIM@ISSCC23_tt_running start at 1757782833.6777167
564.603014850098 100 	idx: 2 4 1 2 64 64
616.6136810506592 99.0 	idx: 0 4 2 2 64 256
705.6873103541664 98.01 	idx: 0 5 3 2 64 128
758.8967408088097 97.0299 	idx: 0 4 2 4 128 256
934.9280843721501 96.059601 	idx: 0 4 3 4 128 256
866.673617024937 95.09900499 	idx: 2 6 3 8 128 16
745.1985296232591 94.1480149401 	idx: 2 5 4 16 256 8
1167.9057000370935 93.206534790699 	idx: 2 4 3 32 512 4
983.8772969923181 92.27446944279201 	idx: 2 3 3 64 512 4
917.2492375481369 91.35172474836409 	idx: 4 9 1 32 16 8
916.6456120771745 90.43820750088045 	idx: 4 9 1 64 8 16
917.2492375481369 89.53382542587164 	idx: 4 9 1 32 16 32
983.7887000758362 88.63848717161292 	idx: 2 3 3 32 512 2
823.9558100208901 87.75210229989679 	idx: 2 3 2 32 1024 4
790.3443727945954 86.87458127689783 	idx: 3 4 3 16 64 32
784.3248218840631 86.00583546412885 	idx: 0 4 2 32 128 1024
743.6736951397739 85.14577710948755 	idx: 0 3 3 16 64 512
839.7991329546686 84.29431933839268 	idx: 2 3 2 32 2048 4
879.6556115618779 83.45137614500875 	idx: 1 4 2 16 256 128
738.0733433286287 82.61686238355867 	idx: 1 3 2 8 512 256
968.3585950598563 81.79069375972308 	idx: 0 4 3 8 128 512
933.5286002177388 80.97278682212585 	idx: 1 4 2 8 512 256
846.6040557194607 80.1630589539046 	idx: 1 5 2 8 256 128
646.7811268268675 79.36142836436555 	idx: 3 4 2 64 8 4
681.8538066157321 78.56781408072189 	idx: 1 4 2 16 64 64
641.1180296017885 77.78213593991467 	idx: 3 4 2 16 32 8
715.900483922094 77.00431458051553 	idx: 1 5 2 8 128 64
715.900483922094 76.23427143471037 	idx: 1 5 2 8 128 64
684.4872705148634 75.47192872036327 	idx: 1 6 1 8 256 128
1027.50535916429 74.71720943315964 	idx: 1 7 2 8 512 256
1025.8059637837978 73.97003733882804 	idx: 1 7 2 4 512 128
1168.7215604595592 73.23033696543976 	idx: 1 6 3 8 512 256
875.2903510406119 72.49803359578536 	idx: 3 6 3 16 128 8
875.2903510406119 71.7730532598275 	idx: 3 6 3 16 128 8
1023.9294661519057 71.05532272722922 	idx: 1 4 3 2 256 1024
866.9843560868992 70.34476949995693 	idx: 3 5 3 4 128 2
866.9843560868992 69.64132180495736 	idx: 3 5 3 4 128 2
866.9843560868992 68.94490858690779 	idx: 3 5 3 4 128 2
686.7794575250646 68.25545950103871 	idx: 3 6 2 8 128 4
651.5553607522219 67.57290490602833 	idx: 2 2 2 2 2048 2
863.5035986432001 66.89717585696805 	idx: 1 3 3 2 256 1024
863.5035986432001 66.22820409839836 	idx: 1 3 3 2 256 1024
684.4407717407795 65.56592205741438 	idx: 1 2 3 2 128 1024
811.3214066186556 64.91026283684023 	idx: 3 8 1 2 16 8
734.0184253236897 64.26116020847184 	idx: 0 4 3 16 2 128
672.7316223616069 63.618548606387115 	idx: 2 2 2 8 4096 4
737.0966098360763 62.98236312032324 	idx: 0 4 3 16 2 256
856.8875382007246 62.35253948912001 	idx: 1 5 2 4 256 512
726.9569628777463 61.72901409422881 	idx: 3 7 1 32 32 2
986.2100276249103 61.11172395328652 	idx: 2 2 5 8 2048 4
854.8478125403606 60.500606713753655 	idx: 2 2 4 8 2048 8
955.2998750013827 59.89560064661612 	idx: 2 3 5 8 1024 16
1026.7956250417556 59.29664464014996 	idx: 2 2 6 16 2048 16
954.8522300981778 58.70367819374846 	idx: 2 2 6 32 1024 8
854.3025735141715 58.116641411810974 	idx: 1 10 1 2 16 128
846.4428405539521 57.535474997692866 	idx: 1 11 1 4 8 128
863.0844333103629 56.960120247715935 	idx: 2 2 5 32 512 8
879.3971249269013 56.390519045238776 	idx: 1 10 1 4 16 256
774.3339475989842 55.82661385478639 	idx: 1 9 2 2 32 128
821.5248743519414 55.26834771623852 	idx: 1 10 2 4 64 256
882.009436962897 54.71566423907614 	idx: 1 9 1 2 64 128
926.7218732690023 54.16850759668538 	idx: 1 9 1 4 128 256
954.6350974842387 53.62682252071853 	idx: 2 2 6 16 1024 2
954.6350974842387 53.09055429551134 	idx: 2 2 6 16 1024 2
954.6350974842387 52.55964875255623 	idx: 2 2 6 16 1024 2
896.1833044251723 52.03405226503067 	idx: 1 10 1 8 32 512
789.6007607079042 51.51371174238036 	idx: 1 10 2 4 32 256
806.2440540678716 50.998574624956554 	idx: 1 11 2 4 64 128
873.1344364898631 50.488588878706985 	idx: 1 10 1 8 64 128
905.6413751500612 49.98370298991991 	idx: 2 2 9 4 1024 8
875.9371722893475 49.483865960020715 	idx: 0 7 2 4 256 512
875.9371722893475 48.98902730042051 	idx: 0 7 2 4 256 512
849.1743803835413 48.4991370274163 	idx: 1 12 1 4 8 512
880.4978123027626 48.01414565714214 	idx: 1 13 1 2 8 256
837.641724093336 47.53400420057071 	idx: 1 14 1 2 8 128
847.3223668718673 47.05866415856501 	idx: 1 15 1 4 16 128
994.8350110835189 46.58807751697936 	idx: 0 5 2 2 1024 256
914.5377814623638 46.12219674180957 	idx: 1 16 1 4 8 128
919.8508324786897 45.66097477439147 	idx: 1 16 1 8 4 64
851.5359968972928 45.20436502664755 	idx: 1 15 1 8 4 128
926.3204761233459 44.752321376381076 	idx: 1 16 1 8 8 256
918.3649271915948 44.30479816261727 	idx: 0 9 1 2 128 256
878.8252410812069 43.861750180991095 	idx: 1 17 1 4 4 64
870.0748253432446 43.42313267918119 	idx: 0 10 1 2 128 128
851.4304552498877 42.98890135238938 	idx: 1 18 1 4 4 64
835.4953714154614 42.559012338865486 	idx: 0 12 1 8 128 128
848.5712312499473 42.133422215476834 	idx: 1 18 1 4 16 32
888.6730695351517 41.712087993322065 	idx: 1 17 1 8 16 32
888.0073094704845 41.29496711338884 	idx: 1 17 1 8 16 16
979.7658819620586 40.882017442254956 	idx: 0 10 2 4 256 64
963.6377057324806 40.473197267832404 	idx: 0 11 2 2 256 128
857.5824530426243 40.06846529515408 	idx: 1 14 1 8 16 32
844.0908859885187 39.66778064220254 	idx: 1 14 1 4 32 16
856.554055305024 39.27110283578051 	idx: 0 12 1 4 128 512
902.3357660166022 38.8783918074227 	idx: 0 11 1 2 256 512
931.2875026317546 38.48960788934848 	idx: 0 12 1 4 512 256
931.8962066658513 38.104711810454994 	idx: 0 12 1 8 512 256
887.2539862701661 37.72366469235045 	idx: 0 11 1 16 256 128
978.3815704718407 37.34642804542694 	idx: 0 10 1 16 512 64
991.0187524897582 36.97296376497267 	idx: 0 10 2 8 256 128
1002.7947605400477 36.60323412732294 	idx: 0 10 2 4 256 256
856.5621464763826 36.23720178604971 	idx: 0 10 2 8 128 128
851.8331731649922 35.874829768189215 	idx: 1 10 1 4 2 32
894.3739170230562 35.516081470507324 	idx: 0 9 1 4 64 128
838.5518969080745 35.16092065580225 	idx: 0 10 1 2 32 64
908.3939797079613 34.80931144924423 	idx: 2 2 9 8 1024 4
866.683557224986 34.461218334751784 	idx: 1 10 1 4 2 128
894.0353046962503 34.11660615140427 	idx: 1 9 1 2 4 256
807.8209856196247 33.775440089890225 	idx: 0 11 1 2 4 16
795.9700934284106 33.43768568899132 	idx: 1 8 2 8 16 512
916.6456120771745 33.10330883210141 	idx: 1 9 1 4 8 1024
876.2249553567978 32.7722757437804 	idx: 1 8 1 2 4 512
794.3332661738916 32.44455298634259 	idx: 1 8 2 4 8 512
902.242392764395 32.12010745647917 	idx: 1 9 1 4 8 256
878.842276044544 31.798906381914374 	idx: 1 10 1 4 8 256
766.8494374724888 31.48091731809523 	idx: 1 9 2 2 4 128
798.0067640171186 31.16610814491428 	idx: 0 8 3 2 16 8
916.2482653256095 30.854447063465138 	idx: 1 9 1 8 2 512
916.2482653256095 30.545902592830487 	idx: 1 9 1 4 2 1024
916.2482653256095 30.240443566902183 	idx: 1 9 1 4 2 1024
879.8339961984307 29.93803913123316 	idx: 1 8 1 4 2 1024
911.4985886950858 29.638658739920828 	idx: 1 9 1 2 4 512
911.3941491831652 29.34227215252162 	idx: 2 2 5 64 1024 32
868.9001031050329 29.048849430996402 	idx: 2 2 5 64 512 16
786.210905484042 28.758360936686437 	idx: 1 10 2 8 16 128
857.7994647625912 28.47077732731957 	idx: 1 10 1 4 16 64
879.9253503085821 28.186069554046373 	idx: 3 8 1 128 4 4
879.9253503085821 27.90420885850591 	idx: 3 8 1 128 4 4
880.2003808976527 27.625166769920853 	idx: 3 8 1 128 8 8
880.7569465017139 27.348915102221643 	idx: 3 8 1 128 16 16
871.563409319622 27.075425951199424 	idx: 1 10 1 2 16 256
880.669696178018 26.804671691687428 	idx: 3 8 1 32 16 32
787.2326956826728 26.536624974770554 	idx: 3 8 2 16 16 64
880.0030589201197 26.271258725022847 	idx: 3 9 1 8 8 32
779.6085813796134 26.00854613777262 	idx: 1 8 2 2 2 512
883.5434785150541 25.748460676394892 	idx: 0 7 3 8 128 32
883.5434785150541 25.490976069630943 	idx: 0 7 3 8 128 32
901.8574322771988 25.23606630893463 	idx: 1 9 1 4 2 256
1000.9329273441653 24.983705645845284 	idx: 0 8 2 2 256 32
909.7948222461014 24.73386858938683 	idx: 0 9 1 4 256 32
1191.1795556232807 24.48652990349296 	idx: 0 9 2 8 512 64
1269.0278420958718 24.24166460445803 	idx: 0 8 2 4 1024 64
913.6209520681341 23.99924795841345 	idx: 3 9 1 2 32 512
1013.7262578919567 23.759255478829314 	idx: 0 8 2 4 256 64
1009.8505649904698 23.52166292404102 	idx: 0 9 2 2 256 128
972.0218034240165 23.28644629480061 	idx: 0 8 1 2 512 256
1030.8689439563907 23.053581831852604 	idx: 0 8 2 2 256 256
953.0443015291285 22.82304601353408 	idx: 0 9 1 2 256 512
999.1115694693732 22.59481555339874 	idx: 0 10 1 4 512 512
1191.9185881746748 22.36886739786475 	idx: 0 9 2 2 512 256
984.3632625368411 22.145178723886104 	idx: 0 8 1 4 512 512
984.3632625368411 21.923726936647242 	idx: 0 8 1 4 512 512
924.2998513831155 21.704489667280768 	idx: 1 13 1 32 8 32
870.1741844102304 21.48744477060796 	idx: 1 14 1 16 4 64
933.5338861080855 21.27257032290188 	idx: 0 8 1 4 256 1024
858.472696426678 21.059844619672862 	idx: 1 14 1 8 2 64
850.3593304262203 20.849246173476132 	idx: 1 14 1 4 4 64
860.9292993739425 20.64075371174137 	idx: 1 14 1 4 4 128
880.7543800689622 20.434346174623958 	idx: 1 13 1 8 8 128
882.3025122513545 20.230002712877717 	idx: 1 14 1 16 16 256
882.4592136135957 20.027702685748938 	idx: 1 13 1 8 32 128
887.3269166787354 19.82742565889145 	idx: 1 13 1 16 32 64
824.5454555374299 19.629151402302536 	idx: 1 12 1 8 64 32
833.4549705968319 19.43285988827951 	idx: 1 12 1 16 128 16
881.5146977335606 19.238531289396715 	idx: 1 11 1 16 256 16
881.9442402503109 19.046145976502746 	idx: 1 10 1 16 128 16
819.8921874851658 18.855684516737718 	idx: 1 9 2 8 64 32
799.0749567320063 18.66712767157034 	idx: 1 10 2 16 32 32
782.296896109655 18.480456394854638 	idx: 1 10 2 8 32 16
882.101243411824 18.295651830906092 	idx: 1 9 1 8 64 16
872.5085366792395 18.11269531259703 	idx: 1 9 1 4 64 8
879.7059616192445 17.931568359471058 	idx: 1 9 1 8 32 16
877.5919633006214 17.752252675876345 	idx: 1 9 1 8 16 8
866.2687477430486 17.57473014911758 	idx: 1 10 1 16 32 8
846.6151217572026 17.398982847626407 	idx: 1 11 1 16 32 8
820.4949604718942 17.22499301915014 	idx: 1 12 1 8 32 8
773.6874715502961 17.05274308895864 	idx: 1 11 2 8 16 4
846.3590961274606 16.882215658069054 	idx: 1 11 1 16 32 4
856.6673456161467 16.713393501488362 	idx: 1 10 1 8 16 4
761.1843703726089 16.546259566473477 	idx: 1 10 2 4 8 2
846.1695473251028 16.380796970808742 	idx: 2 4 2 2 256 1024
863.9832611585131 16.216989001100654 	idx: 1 10 1 16 2 4
916.2482653256095 16.054819111089646 	idx: 1 9 1 32 2 4
864.3604539990869 15.89427091997875 	idx: 1 10 1 16 4 8
857.435272091154 15.735328210778961 	idx: 1 10 1 8 8 16
839.6070688496175 15.577974928671171 	idx: 1 11 1 8 4 32
951.2606696522705 15.42219517938446 	idx: 2 5 2 4 512 256
951.2606696522705 15.267973227590614 	idx: 2 5 2 4 512 256
951.2606696522705 15.115293495314708 	idx: 2 5 2 4 512 256
1022.7486018397009 14.96414056036156 	idx: 2 6 3 2 256 256
959.7624378570212 14.814499154757945 	idx: 2 6 2 2 512 512
959.7624378570212 14.666354163210364 	idx: 2 6 2 2 512 512
819.1259988617988 14.519690621578262 	idx: 1 11 1 2 4 64
833.6204721253363 14.374493715362478 	idx: 3 8 3 4 8 32
1027.1538600082238 14.230748778208852 	idx: 2 7 2 2 512 512
1096.1167556041494 14.088441290426763 	idx: 2 7 2 4 1024 512
1096.1167556041494 13.947556877522496 	idx: 2 7 2 4 1024 512
1091.0155600567657 13.808081308747271 	idx: 4 4 3 64 256 64
984.3632625368411 13.670000495659798 	idx: 2 8 1 2 512 512
1030.8689439563907 13.5333004907032 	idx: 2 8 2 2 256 256
926.7218732690023 13.397967485796167 	idx: 2 9 1 4 128 256
924.2998513831155 13.263987810938206 	idx: 1 13 1 32 8 128
858.5092712077991 13.131347932828824 	idx: 2 9 2 2 128 256
921.152493198889 13.000034453500536 	idx: 2 8 1 4 256 256
852.8081498145375 12.87003410896553 	idx: 1 12 1 32 4 32
872.9856514606552 12.741333767875876 	idx: 1 11 1 64 4 16
894.425083891128 12.613920430197117 	idx: 1 10 1 64 8 32
873.8041761945923 12.487781225895146 	idx: 1 11 1 32 16 64
873.0671827385509 12.362903413636195 	idx: 1 10 1 16 8 128
916.347338210922 12.239274379499832 	idx: 1 9 1 32 4 128
889.7386185012275 12.116881635704834 	idx: 1 9 1 16 2 64
880.2003808976527 11.995712819347785 	idx: 0 8 1 2 8 1024
877.0495686716014 11.875755691154307 	idx: 0 8 1 2 16 512
911.7937138386851 11.756998134242764 	idx: 0 9 1 2 8 512
911.7937138386851 11.639428152900336 	idx: 0 9 1 2 8 512
876.2249553567978 11.523033871371332 	idx: 0 8 1 2 4 512
901.8574322771988 11.407803532657619 	idx: 0 9 1 4 2 256
785.8920120798372 11.293725497331042 	idx: 0 9 2 4 4 512
791.6457004419709 11.180788242357732 	idx: 0 9 2 8 4 256
794.3875446348789 11.068980359934155 	idx: 0 8 2 16 8 256
846.5337141011362 10.958290556334813 	idx: 2 8 1 8 2 32
880.2003808976527 10.848707650771464 	idx: 0 8 1 32 8 64
880.2003808976527 10.74022057426375 	idx: 0 8 1 32 8 64
761.7189207351903 10.632818368521113 	idx: 2 10 2 4 8 8
774.1210891880263 10.526490184835902 	idx: 0 8 2 8 8 32
887.4319922724831 10.421225282987542 	idx: 0 9 1 16 8 32
887.4319922724831 10.317013030157668 	idx: 0 9 1 16 8 32
890.1133004490907 10.213842899856092 	idx: 0 9 1 16 8 64
895.8380106993079 10.11170447085753 	idx: 0 9 1 16 16 128
895.8380106993079 10.010587426148955 	idx: 0 9 1 16 16 128
917.2492375481369 9.910481551887466 	idx: 0 9 1 32 16 128
917.2492375481369 9.811376736368592 	idx: 0 9 1 32 16 128
917.2492375481369 9.713262969004907 	idx: 0 9 1 32 16 128
894.425083891128 9.616130339314857 	idx: 0 10 1 32 8 128
799.8389985393013 9.519969035921708 	idx: 0 9 2 16 8 128
913.6462668724128 9.42476934556249 	idx: 1 5 3 16 128 64
902.8271917274257 9.330521652106865 	idx: 0 9 1 8 16 256
794.3875446348789 9.237216435585797 	idx: 0 8 2 16 8 512
1075.530938482423 9.144844271229939 	idx: 1 4 3 8 256 64
1075.530938482423 9.053395828517639 	idx: 1 4 3 8 256 64
1075.530938482423 8.962861870232462 	idx: 1 4 3 8 256 64
1075.530938482423 8.873233251530138 	idx: 1 4 3 8 256 64
1072.7463293619105 8.784500919014837 	idx: 1 4 3 16 256 32
1072.7463293619105 8.696655909824688 	idx: 1 4 3 16 256 32
1072.7463293619105 8.609689350726441 	idx: 1 4 3 16 256 32
1072.7463293619105 8.523592457219177 	idx: 1 4 3 16 256 32
1072.7463293619105 8.438356532646985 	idx: 1 4 3 16 256 32
1072.7463293619105 8.353972967320516 	idx: 1 4 3 16 256 32
1085.642434342854 8.27043323764731 	idx: 3 4 2 4 2048 512
1084.0304988702794 8.187728905270838 	idx: 3 3 3 8 1024 1024
1167.9057000370935 8.105851616218128 	idx: 1 4 3 32 512 64
1168.6221511972576 8.024793100055946 	idx: 0 6 3 4 512 256
1168.7215604595592 7.944545169055387 	idx: 0 6 3 8 512 256
1168.7215604595592 7.865099717364833 	idx: 0 6 3 8 512 256
1168.7215604595592 7.786448720191185 	idx: 0 6 3 8 512 256
1168.7215604595592 7.708584232989273 	idx: 0 6 3 8 512 256
1090.6920798045662 7.63149839065938 	idx: 3 4 3 8 256 256
1090.6920798045662 7.5551834067527865 	idx: 3 4 3 8 256 256
983.770555688155 7.479631572685259 	idx: 3 3 3 16 512 256
1014.1689989620987 7.404835256958406 	idx: 3 4 4 8 1024 256
1311.8212135328208 7.330786904388821 	idx: 3 4 3 4 1024 256
1312.159106300466 7.257479035344933 	idx: 1 4 3 32 1024 16
1312.159106300466 7.1849042449914835 	idx: 1 4 3 32 1024 16
1312.159106300466 7.1130552025415685 	idx: 1 4 3 32 1024 16
1312.159106300466 7.041924650516153 	idx: 1 4 3 32 1024 16
1312.159106300466 6.971505404010991 	idx: 1 4 3 32 1024 16
1312.159106300466 6.901790349970882 	idx: 1 4 3 32 1024 16
1312.159106300466 6.832772446471173 	idx: 1 4 3 32 1024 16
1312.159106300466 6.764444722006462 	idx: 1 4 3 32 1024 16
1312.159106300466 6.696800274786397 	idx: 1 4 3 32 1024 16
1312.159106300466 6.6298322720385325 	idx: 1 4 3 32 1024 16
1312.159106300466 6.563533949318147 	idx: 1 4 3 32 1024 16
1167.51172557997 6.497898609824966 	idx: 3 4 3 4 512 256
1267.321638636524 6.432919623726716 	idx: 2 5 3 4 1024 32
1267.321638636524 6.3685904274894485 	idx: 2 5 3 4 1024 32
1310.3918426802622 6.304904523214554 	idx: 4 4 3 8 1024 16
1310.3918426802622 6.2418554779824085 	idx: 4 4 3 8 1024 16
1384.45187102704 6.1794369232025845 	idx: 2 4 3 8 2048 32
1384.45187102704 6.117642553970558 	idx: 2 4 3 8 2048 32
1384.45187102704 6.056466128430853 	idx: 2 4 3 8 2048 32
1384.45187102704 5.9959014671465445 	idx: 2 4 3 8 2048 32
1384.45187102704 5.935942452475079 	idx: 2 4 3 8 2048 32
1384.45187102704 5.8765830279503275 	idx: 2 4 3 8 2048 32
1384.45187102704 5.817817197670824 	idx: 2 4 3 8 2048 32
1384.45187102704 5.759639025694116 	idx: 2 4 3 8 2048 32
1384.45187102704 5.7020426354371745 	idx: 2 4 3 8 2048 32
1384.45187102704 5.645022209082803 	idx: 2 4 3 8 2048 32
1383.466508808573 5.588571986991974 	idx: 4 4 3 8 2048 8
1383.466508808573 5.532686267122054 	idx: 4 4 3 8 2048 8
1383.466508808573 5.477359404450834 	idx: 4 4 3 8 2048 8
1383.466508808573 5.422585810406325 	idx: 4 4 3 8 2048 8
1383.466508808573 5.368359952302262 	idx: 4 4 3 8 2048 8
1383.466508808573 5.314676352779239 	idx: 4 4 3 8 2048 8
1383.466508808573 5.261529589251447 	idx: 4 4 3 8 2048 8
1383.466508808573 5.208914293358933 	idx: 4 4 3 8 2048 8
1376.935193986789 5.156825150425344 	idx: 4 4 3 4 2048 4
1376.935193986789 5.10525689892109 	idx: 4 4 3 4 2048 4
1376.935193986789 5.0542043299318795 	idx: 4 4 3 4 2048 4
1376.935193986789 5.003662286632561 	idx: 4 4 3 4 2048 4
1376.935193986789 4.953625663766235 	idx: 4 4 3 4 2048 4
1376.935193986789 4.9040894071285726 	idx: 4 4 3 4 2048 4
1356.973638863428 4.8550485130572865 	idx: 4 5 3 4 2048 2
1356.973638863428 4.806498027926714 	idx: 4 5 3 4 2048 2
1384.8144739715608 4.758433047647447 	idx: 2 4 3 4 2048 128
1384.8144739715608 4.710848717170973 	idx: 2 4 3 4 2048 128
1384.8144739715608 4.663740229999263 	idx: 2 4 3 4 2048 128
1354.9206903249906 4.61710282769927 	idx: 2 5 3 2 2048 64
1382.5510531732418 4.570931799422278 	idx: 2 4 3 4 2048 64
1382.5510531732418 4.525222481428055 	idx: 2 4 3 4 2048 64
1382.5510531732418 4.4799702566137745 	idx: 2 4 3 4 2048 64
1382.5510531732418 4.4351705540476365 	idx: 2 4 3 4 2048 64
1363.7952939937884 4.39081884850716 	idx: 4 4 3 2 2048 8
1363.7952939937884 4.346910660022088 	idx: 4 4 3 2 2048 8
1363.7952939937884 4.303441553421867 	idx: 4 4 3 2 2048 8
1239.6308533580318 4.260407137887648 	idx: 0 6 3 2 1024 256
1190.110209599307 4.217803066508771 	idx: 1 9 2 8 512 32
1190.110209599307 4.175625035843683 	idx: 1 9 2 8 512 32
1190.110209599307 4.133868785485246 	idx: 1 9 2 8 512 32
1190.110209599307 4.0925300976303935 	idx: 1 9 2 8 512 32
1177.3108001872208 4.05160479665409 	idx: 1 8 2 16 512 64
1056.3325351647527 4.011088748687548 	idx: 2 5 2 4 2048 16
1056.3325351647527 3.970977861200673 	idx: 2 5 2 4 2048 16
1056.3325351647527 3.9312680825886663 	idx: 2 5 2 4 2048 16
1061.8345280397389 3.8919554017627798 	idx: 2 6 2 8 2048 8
1061.8345280397389 3.853035847745152 	idx: 2 6 2 8 2048 8
1061.8345280397389 3.8145054892677006 	idx: 2 6 2 8 2048 8
1061.8345280397389 3.7763604343750234 	idx: 2 6 2 8 2048 8
1269.2152365062525 3.7385968300312733 	idx: 4 5 3 8 1024 4
1269.2152365062525 3.7012108617309605 	idx: 4 5 3 8 1024 4
1141.9347214491345 3.664198753113651 	idx: 4 6 3 8 512 8
1269.4631084169523 3.6275567655825145 	idx: 2 5 3 8 1024 8
1145.7525788827284 3.591281197926689 	idx: 2 5 3 16 512 4
1271.455814286095 3.555368385947422 	idx: 2 5 3 16 1024 2
1193.3114598768764 3.519814702087948 	idx: 1 9 2 16 512 2
1193.3114598768764 3.4846165550670687 	idx: 1 9 2 16 512 2
1270.5356694238963 3.449770389516398 	idx: 4 5 3 8 1024 32
1384.45187102704 3.415272685621234 	idx: 4 4 3 8 2048 32
1307.7602282716155 3.3811199587650216 	idx: 4 4 3 4 1024 32
1307.7602282716155 3.347308759177371 	idx: 4 4 3 4 1024 32
1307.7602282716155 3.3138356715855974 	idx: 4 4 3 4 1024 32
1307.7602282716155 3.2806973148697414 	idx: 4 4 3 4 1024 32
1307.7602282716155 3.247890341721044 	idx: 4 4 3 4 1024 32
1307.7602282716155 3.2154114383038332 	idx: 4 4 3 4 1024 32
1378.3416864525034 3.183257323920795 	idx: 4 4 3 4 2048 16
1378.3416864525034 3.1514247506815867 	idx: 4 4 3 4 2048 16
1378.3416864525034 3.1199105031747707 	idx: 4 4 3 4 2048 16
1378.3416864525034 3.088711398143023 	idx: 4 4 3 4 2048 16
1378.3416864525034 3.0578242841615926 	idx: 4 4 3 4 2048 16
1378.3416864525034 3.0272460413199767 	idx: 4 4 3 4 2048 16
1378.3416864525034 2.996973580906777 	idx: 4 4 3 4 2048 16
1378.3416864525034 2.967003845097709 	idx: 4 4 3 4 2048 16
1378.3416864525034 2.9373338066467323 	idx: 4 4 3 4 2048 16
1378.3416864525034 2.907960468580265 	idx: 4 4 3 4 2048 16
1378.3416864525034 2.8788808638944623 	idx: 4 4 3 4 2048 16
1378.3416864525034 2.8500920552555176 	idx: 4 4 3 4 2048 16
1378.3416864525034 2.8215911347029623 	idx: 4 4 3 4 2048 16
1385.7435188977388 2.7933752233559326 	idx: 2 4 3 16 2048 8
1385.7435188977388 2.765441471122373 	idx: 2 4 3 16 2048 8
1385.7435188977388 2.7377870564111495 	idx: 2 4 3 16 2048 8
1385.7435188977388 2.710409185847038 	idx: 2 4 3 16 2048 8
1385.7435188977388 2.6833050939885674 	idx: 2 4 3 16 2048 8
1385.7435188977388 2.656472043048682 	idx: 2 4 3 16 2048 8
1385.7435188977388 2.629907322618195 	idx: 2 4 3 16 2048 8
1385.7435188977388 2.603608249392013 	idx: 2 4 3 16 2048 8
1385.7435188977388 2.577572166898093 	idx: 2 4 3 16 2048 8
1378.3416864525034 2.551796445229112 	idx: 4 4 3 4 2048 16
1378.3416864525034 2.526278480776821 	idx: 4 4 3 4 2048 16
1378.3416864525034 2.501015695969053 	idx: 4 4 3 4 2048 16
1378.3416864525034 2.4760055390093623 	idx: 4 4 3 4 2048 16
1378.3416864525034 2.4512454836192688 	idx: 4 4 3 4 2048 16
1378.3416864525034 2.426733028783076 	idx: 4 4 3 4 2048 16
1378.3416864525034 2.402465698495245 	idx: 4 4 3 4 2048 16
1378.3416864525034 2.3784410415102926 	idx: 4 4 3 4 2048 16
1378.3416864525034 2.3546566310951897 	idx: 4 4 3 4 2048 16
1378.3416864525034 2.3311100647842378 	idx: 4 4 3 4 2048 16
1378.3416864525034 2.307798964136395 	idx: 4 4 3 4 2048 16
1378.3416864525034 2.2847209744950314 	idx: 4 4 3 4 2048 16
1378.3416864525034 2.261873764750081 	idx: 4 4 3 4 2048 16
1378.3416864525034 2.23925502710258 	idx: 4 4 3 4 2048 16
1378.3416864525034 2.2168624768315546 	idx: 4 4 3 4 2048 16
1378.3416864525034 2.194693852063239 	idx: 4 4 3 4 2048 16
1378.3416864525034 2.1727469135426065 	idx: 4 4 3 4 2048 16
1311.7908496732025 2.1510194444071806 	idx: 2 4 3 16 1024 8
1311.7908496732025 2.129509249963109 	idx: 2 4 3 16 1024 8
1311.7908496732025 2.108214157463478 	idx: 2 4 3 16 1024 8
1312.1097403217545 2.087132015888843 	idx: 3 4 3 16 1024 128
1312.1097403217545 2.0662606957299547 	idx: 3 4 3 16 1024 128
1312.1097403217545 2.045598088772655 	idx: 3 4 3 16 1024 128
1312.1097403217545 2.0251421078849283 	idx: 3 4 3 16 1024 128
1312.1097403217545 2.004890686806079 	idx: 3 4 3 16 1024 128
1312.1097403217545 1.9848417799380185 	idx: 3 4 3 16 1024 128
1312.1097403217545 1.9649933621386382 	idx: 3 4 3 16 1024 128
1312.1097403217545 1.9453434285172517 	idx: 3 4 3 16 1024 128
1312.1097403217545 1.9258899942320793 	idx: 3 4 3 16 1024 128
1386.0993830595112 1.9066310942897584 	idx: 4 4 3 16 2048 128
1386.0993830595112 1.8875647833468607 	idx: 4 4 3 16 2048 128
1386.0993830595112 1.868689135513392 	idx: 4 4 3 16 2048 128
1386.0993830595112 1.8500022441582582 	idx: 4 4 3 16 2048 128
1386.0993830595112 1.8315022217166756 	idx: 4 4 3 16 2048 128
1386.0993830595112 1.8131871994995088 	idx: 4 4 3 16 2048 128
1386.0993830595112 1.7950553275045138 	idx: 4 4 3 16 2048 128
1386.0993830595112 1.7771047742294686 	idx: 4 4 3 16 2048 128
1386.0993830595112 1.7593337264871738 	idx: 4 4 3 16 2048 128
1386.0993830595112 1.741740389222302 	idx: 4 4 3 16 2048 128
1386.0993830595112 1.724322985330079 	idx: 3 4 3 16 2048 64
1386.0993830595112 1.7070797554767783 	idx: 3 4 3 16 2048 64
1386.0993830595112 1.6900089579220106 	idx: 3 4 3 16 2048 64
1386.0993830595112 1.6731088683427904 	idx: 3 4 3 16 2048 64
1386.0993830595112 1.6563777796593624 	idx: 3 4 3 16 2048 64
1386.0993830595112 1.6398140018627687 	idx: 3 4 3 16 2048 64
1386.0993830595112 1.623415861844141 	idx: 3 4 3 16 2048 64
1386.0993830595112 1.6071817032256996 	idx: 3 4 3 16 2048 64
1386.0993830595112 1.5911098861934427 	idx: 3 4 3 16 2048 64
1386.0993830595112 1.5751987873315083 	idx: 3 4 3 16 2048 64
1386.0993830595112 1.5594467994581933 	idx: 3 4 3 16 2048 64
1386.0993830595112 1.5438523314636114 	idx: 3 4 3 16 2048 64
1386.0993830595112 1.5284138081489753 	idx: 3 4 3 16 2048 64
1386.0993830595112 1.5131296700674854 	idx: 3 4 3 16 2048 64
1386.0993830595112 1.4979983733668105 	idx: 3 4 3 16 2048 64
1386.0993830595112 1.4830183896331424 	idx: 3 4 3 16 2048 64
1386.0993830595112 1.468188205736811 	idx: 3 4 3 16 2048 64
1386.0993830595112 1.4535063236794428 	idx: 3 4 3 16 2048 64
1386.0993830595112 1.4389712604426483 	idx: 3 4 3 16 2048 64
1386.0993830595112 1.4245815478382218 	idx: 3 4 3 16 2048 64
1386.0993830595112 1.4103357323598396 	idx: 3 4 3 16 2048 64
1386.0993830595112 1.396232375036241 	idx: 3 4 3 16 2048 64
1386.0993830595112 1.3822700512858788 	idx: 3 4 3 16 2048 64
1386.0993830595112 1.36844735077302 	idx: 3 4 3 16 2048 64
1386.0993830595112 1.3547628772652898 	idx: 3 4 3 16 2048 64
1386.0993830595112 1.341215248492637 	idx: 3 4 3 16 2048 64
1386.0993830595112 1.3278030960077105 	idx: 3 4 3 16 2048 64
1386.0993830595112 1.3145250650476334 	idx: 3 4 3 16 2048 64
1386.0993830595112 1.301379814397157 	idx: 3 4 3 16 2048 64
1386.0993830595112 1.2883660162531856 	idx: 3 4 3 16 2048 64
1386.0993830595112 1.2754823560906536 	idx: 3 4 3 16 2048 64
1386.0993830595112 1.2627275325297471 	idx: 3 4 3 16 2048 64
1386.0993830595112 1.2501002572044497 	idx: 3 4 3 16 2048 64
1386.0993830595112 1.2375992546324053 	idx: 3 4 3 16 2048 64
1386.0993830595112 1.2252232620860812 	idx: 3 4 3 16 2048 64
1386.0993830595112 1.2129710294652205 	idx: 3 4 3 16 2048 64
1386.0993830595112 1.2008413191705682 	idx: 3 4 3 16 2048 64
1386.0993830595112 1.1888329059788625 	idx: 3 4 3 16 2048 64
1386.0993830595112 1.1769445769190738 	idx: 3 4 3 16 2048 64
1386.0993830595112 1.165175131149883 	idx: 3 4 3 16 2048 64
1386.0993830595112 1.1535233798383842 	idx: 3 4 3 16 2048 64
1386.0993830595112 1.1419881460400003 	idx: 3 4 3 16 2048 64
1386.0993830595112 1.1305682645796002 	idx: 3 4 3 16 2048 64
1386.0993830595112 1.1192625819338042 	idx: 3 4 3 16 2048 64
1386.0993830595112 1.1080699561144662 	idx: 3 4 3 16 2048 64
1386.0993830595112 1.0969892565533215 	idx: 3 4 3 16 2048 64
1386.0993830595112 1.0860193639877882 	idx: 3 4 3 16 2048 64
1385.8811827620095 1.0751591703479102 	idx: 4 4 3 8 2048 128
1385.8811827620095 1.0644075786444311 	idx: 4 4 3 8 2048 128
1385.8811827620095 1.0537635028579868 	idx: 4 4 3 8 2048 128
1385.8811827620095 1.0432258678294068 	idx: 4 4 3 8 2048 128
1385.8811827620095 1.0327936091511127 	idx: 4 4 3 8 2048 128
1385.8811827620095 1.0224656730596016 	idx: 4 4 3 8 2048 128
1385.8811827620095 1.0122410163290056 	idx: 4 4 3 8 2048 128
1385.8811827620095 1.0021186061657157 	idx: 4 4 3 8 2048 128
###### ACC Parameters ######
cim type:    FPCIM
bus_width:   25.6
macros_row:  4
macros_col:  3
scr:         8
is_size:     2048
os_size:     128
best=1385.8811827620095, area=4694455.818930704 459
resnet_18_FPCIM@ISSCC23_tt_running end at 1757785630.6792214
0.5833639281503409 100 	idx: 0 2 2 2 128 256
0.582259794921017 99.0 	idx: 1 3 2 2 128 128
0.5911821365315806 98.01 	idx: 1 4 2 2 128 256
0.790971178698836 97.0299 	idx: 1 3 3 4 128 128
0.704487045980949 96.059601 	idx: 0 2 2 2 256 256
0.5762308410080881 95.09900499 	idx: 1 2 5 2 64 256
0.5620052657637741 94.1480149401 	idx: 2 2 3 4 64 512
0.6150283075359472 93.206534790699 	idx: 0 3 2 4 128 128
0.8715066717572781 92.27446944279201 	idx: 4 4 2 64 256 64
0.6592591822674202 91.35172474836409 	idx: 4 4 1 128 512 32
0.6476326798273709 90.43820750088045 	idx: 4 5 1 128 512 64
0.5823510062818397 89.53382542587164 	idx: 4 6 1 128 512 128
0.47759308877666057 88.63848717161292 	idx: 4 6 1 64 256 128
0.4059687503505849 87.75210229989679 	idx: 4 7 1 128 128 128
0.4059687503505849 86.87458127689783 	idx: 4 7 1 128 128 128
0.47759308877666057 86.00583546412885 	idx: 4 6 1 64 256 128
0.5821270512638408 85.14577710948755 	idx: 4 6 1 32 512 64
0.5658976495648175 84.29431933839268 	idx: 0 2 2 2 128 512
0.5823510062818397 83.45137614500875 	idx: 4 6 1 128 512 128
0.6241360448330476 82.61686238355867 	idx: 0 1 3 4 128 1024
0.5856518085994984 81.79069375972308 	idx: 4 6 1 64 512 64
0.805828348605622 80.97278682212585 	idx: 4 5 2 32 256 32
0.5901113046489089 80.1630589539046 	idx: 4 5 2 32 128 16
0.4827608375971062 79.36142836436555 	idx: 4 6 1 32 256 8
0.5855027638613215 78.56781408072189 	idx: 4 6 1 32 512 4
0.5890643320837139 77.78213593991467 	idx: 4 6 1 32 1024 4
0.5822508359551283 77.00431458051553 	idx: 4 7 1 16 512 2
0.5773105501343357 76.23427143471037 	idx: 4 6 1 16 512 2
0.5891857166189051 75.47192872036327 	idx: 4 6 1 32 1024 2
0.5898686898470562 74.71720943315964 	idx: 4 6 1 64 512 2
0.6087889497563086 73.97003733882804 	idx: 4 5 1 32 1024 4
0.9484332667859073 73.23033696543976 	idx: 4 4 2 16 512 4
0.625540633139269 72.49803359578536 	idx: 3 2 2 4 128 128
0.7622332271017644 71.7730532598275 	idx: 3 1 3 4 256 64
0.6978188649367297 71.05532272722922 	idx: 3 2 2 2 256 64
0.6978188649367297 70.34476949995693 	idx: 3 2 2 2 256 64
0.5896548764963556 69.64132180495736 	idx: 4 4 1 4 512 32
0.8743343490495193 68.94490858690779 	idx: 4 5 2 4 512 64
0.8153082929180395 68.25545950103871 	idx: 3 4 3 4 128 16
0.7593153235316298 67.57290490602833 	idx: 3 5 2 4 256 32
0.6510839134579784 66.89717585696805 	idx: 3 4 2 8 128 16
0.756295002399099 66.22820409839836 	idx: 4 5 2 4 256 128
0.5273516832920618 65.56592205741438 	idx: 4 5 1 8 256 128
0.5727692723931621 64.91026283684023 	idx: 3 3 3 32 64 8
0.6440460095706031 64.26116020847184 	idx: 2 4 2 8 128 128
0.7462404598941172 63.618548606387115 	idx: 2 5 2 4 256 256
0.8366162817611259 62.98236312032324 	idx: 3 2 2 64 256 8
0.5699927355004742 62.35253948912001 	idx: 3 2 1 32 256 4
0.8301813089390021 61.72901409422881 	idx: 3 2 2 32 256 8
0.9233868938294538 61.11172395328652 	idx: 2 4 2 8 512 128
1.0392981176058482 60.500606713753655 	idx: 3 2 3 16 256 32
1.05320651427045 59.89560064661612 	idx: 2 3 3 2 512 128
1.0352505726972185 59.29664464014996 	idx: 2 2 3 4 1024 128
0.8326717038362984 58.70367819374846 	idx: 3 1 5 4 256 32
1.0576597615229806 58.116641411810974 	idx: 2 2 3 4 512 64
0.8819659573600946 57.535474997692866 	idx: 3 1 5 8 512 32
1.0709505194381828 56.960120247715935 	idx: 3 2 5 16 256 64
1.0709505194381828 56.390519045238776 	idx: 3 2 5 16 256 64
1.0738015447892357 55.82661385478639 	idx: 3 2 5 32 256 64
0.7909854451288907 55.26834771623852 	idx: 1 2 2 256 256 512
1.0738015447892357 54.71566423907614 	idx: 3 2 5 32 256 64
0.7325410914101789 54.16850759668538 	idx: 3 1 5 64 128 128
1.0154549506380746 53.62682252071853 	idx: 2 2 3 4 1024 8
0.8449238449751366 53.09055429551134 	idx: 2 2 2 8 512 8
0.7169556044799064 52.55964875255623 	idx: 3 1 3 16 128 128
0.7830000092738045 52.03405226503067 	idx: 3 2 4 8 128 128
0.8701815273186769 51.51371174238036 	idx: 1 1 3 256 512 128
0.7150255960518143 50.998574624956554 	idx: 3 1 5 4 128 128
0.8755607088636245 50.488588878706985 	idx: 1 1 3 128 512 32
1.0582965975510923 49.98370298991991 	idx: 1 2 3 128 256 16
1.0582965975510923 49.483865960020715 	idx: 1 2 3 128 256 16
0.8342614807847639 48.98902730042051 	idx: 1 1 3 256 256 16
0.7246435813559854 48.4991370274163 	idx: 3 1 4 4 1024 128
0.9834150763121422 48.01414565714214 	idx: 3 2 3 2 512 256
0.7614845653600057 47.53400420057071 	idx: 3 1 3 4 1024 128
0.7370708173528447 47.05866415856501 	idx: 3 1 3 2 512 128
0.6721768364187919 46.58807751697936 	idx: 3 1 4 2 1024 128
0.9611923163828893 46.12219674180957 	idx: 3 2 3 2 1024 128
0.9611923163828893 45.66097477439147 	idx: 3 2 3 2 1024 128
0.6554718782997777 45.20436502664755 	idx: 0 1 8 8 128 8
0.8441652892558906 44.752321376381076 	idx: 0 1 9 16 128 16
0.6630272189626655 44.30479816261727 	idx: 0 1 8 16 128 8
0.6763573879728711 43.861750180991095 	idx: 0 1 7 32 128 8
0.8359282444160424 43.42313267918119 	idx: 3 2 2 16 512 512
0.8359282444160424 42.98890135238938 	idx: 3 2 2 16 512 512
0.814918975603829 42.559012338865486 	idx: 3 1 3 8 512 512
0.9427649907893826 42.133422215476834 	idx: 3 2 4 16 256 512
0.7460441070450504 41.712087993322065 	idx: 0 1 6 32 128 4
0.8302075433494609 41.29496711338884 	idx: 3 1 5 32 256 512
0.8629265520057682 40.882017442254956 	idx: 3 1 5 16 512 512
1.059486407338186 40.473197267832404 	idx: 0 2 3 128 256 2
1.059486407338186 40.06846529515408 	idx: 0 2 3 128 256 2
1.0728628727104441 39.66778064220254 	idx: 0 2 4 64 512 2
1.068334683293384 39.27110283578051 	idx: 0 3 3 32 256 2
1.1297456060262796 38.8783918074227 	idx: 3 3 3 4 512 128
1.0501270245559438 38.48960788934848 	idx: 2 2 4 32 512 256
1.0501270245559438 38.104711810454994 	idx: 2 2 4 32 512 256
1.0741851454216087 37.72366469235045 	idx: 3 2 3 8 1024 64
1.0741851454216087 37.34642804542694 	idx: 3 2 3 8 1024 64
1.0741851454216087 36.97296376497267 	idx: 3 2 3 8 1024 64
1.0741851454216087 36.60323412732294 	idx: 3 2 3 8 1024 64
0.8344052596414647 36.23720178604971 	idx: 3 3 2 4 1024 64
0.8344052596414647 35.874829768189215 	idx: 3 3 2 4 1024 64
0.9269194706374444 35.516081470507324 	idx: 3 4 2 8 512 64
1.0897207900551906 35.16092065580225 	idx: 4 2 3 32 1024 256
0.8099652499105839 34.80931144924423 	idx: 4 1 3 32 1024 256
0.7697960808750249 34.461218334751784 	idx: 4 1 4 16 1024 128
0.7778768577794489 34.11660615140427 	idx: 4 1 4 32 1024 128
1.0922412858456356 33.775440089890225 	idx: 4 2 3 16 1024 128
1.0922412858456356 33.43768568899132 	idx: 4 2 3 16 1024 128
1.0411520022218899 33.10330883210141 	idx: 4 2 4 16 512 256
1.0897207900551906 32.7722757437804 	idx: 4 2 3 32 1024 256
1.1879353850857792 32.44455298634259 	idx: 4 3 3 16 512 128
1.1964324346950863 32.12010745647917 	idx: 4 3 3 32 512 128
1.0504356018656482 31.798906381914374 	idx: 3 2 5 8 256 256
1.2056982764943573 31.48091731809523 	idx: 4 3 3 32 512 32
1.2056982764943573 31.16610814491428 	idx: 4 3 3 32 512 32
1.2056982764943573 30.854447063465138 	idx: 4 3 3 32 512 32
0.8438030612589034 30.545902592830487 	idx: 3 1 5 8 256 128
0.8960839960984481 30.240443566902183 	idx: 4 2 2 64 512 32
1.075193795776829 29.93803913123316 	idx: 4 3 3 64 256 16
1.1439306175331656 29.638658739920828 	idx: 4 2 3 64 512 32
0.7761085059883275 29.34227215252162 	idx: 1 1 3 8 512 1024
0.7872696451622166 29.048849430996402 	idx: 1 1 3 16 256 512
0.8498874332785583 28.758360936686437 	idx: 4 2 2 128 1024 32
0.9534439243393469 28.47077732731957 	idx: 1 2 3 32 256 1024
0.9534439243393469 28.186069554046373 	idx: 1 2 3 32 256 1024
0.9534439243393469 27.90420885850591 	idx: 1 2 3 32 256 1024
1.0533852265042674 27.625166769920853 	idx: 4 2 3 128 256 64
0.8930499642114088 27.348915102221643 	idx: 3 1 5 32 512 4
0.8641938991220831 27.075425951199424 	idx: 3 1 5 32 1024 4
0.8888135994401719 26.804671691687428 	idx: 3 1 5 16 512 8
0.8501353727416128 26.536624974770554 	idx: 3 1 5 8 256 8
0.7772690442543363 26.271258725022847 	idx: 3 1 4 16 256 8
0.8546112489160252 26.00854613777262 	idx: 3 2 5 8 128 8
0.8231339240292836 25.748460676394892 	idx: 4 1 3 64 256 128
0.9095513090676574 25.490976069630943 	idx: 3 2 4 4 256 4
1.160333555827183 25.23606630893463 	idx: 3 2 5 8 512 4
1.160333555827183 24.983705645845284 	idx: 3 2 5 8 512 4
1.160333555827183 24.73386858938683 	idx: 3 2 5 8 512 4
1.0392964365407669 24.48652990349296 	idx: 3 2 5 4 256 4
1.0392964365407669 24.24166460445803 	idx: 3 2 5 4 256 4
0.8564705335053673 23.99924795841345 	idx: 4 1 5 16 1024 128
0.865332408192694 23.759255478829314 	idx: 3 2 6 8 128 16
0.7843208578734462 23.52166292404102 	idx: 4 1 4 32 256 128
0.832464182061322 23.28644629480061 	idx: 0 4 3 8 128 2
0.7843208578734462 23.053581831852604 	idx: 4 1 4 32 256 128
0.7843208578734462 22.82304601353408 	idx: 4 1 4 32 256 128
0.8430473981877404 22.59481555339874 	idx: 0 4 3 16 128 4
0.9745705410385803 22.36886739786475 	idx: 4 2 4 16 256 64
0.8543094707915997 22.145178723886104 	idx: 4 2 5 16 128 64
0.9202570574993177 21.923726936647242 	idx: 3 2 4 4 256 256
1.0709505194381828 21.704489667280768 	idx: 4 2 5 16 256 64
0.8527942551745693 21.48744477060796 	idx: 4 1 5 16 256 64
0.816528756964689 21.27257032290188 	idx: 1 4 2 16 256 512
0.816528756964689 21.059844619672862 	idx: 1 4 2 16 256 512
1.0913432441006456 20.849246173476132 	idx: 4 2 3 8 512 256
0.9822373609239444 20.64075371174137 	idx: 4 2 3 4 256 128
1.1725802872331461 20.434346174623958 	idx: 4 3 3 8 512 64
1.1725802872331461 20.230002712877717 	idx: 4 3 3 8 512 64
1.1725802872331461 20.027702685748938 	idx: 4 3 3 8 512 64
1.1725802872331461 19.82742565889145 	idx: 4 3 3 8 512 64
1.1725802872331461 19.629151402302536 	idx: 4 3 3 8 512 64
1.112024444720581 19.43285988827951 	idx: 1 2 3 64 1024 64
1.0637418874147184 19.238531289396715 	idx: 1 2 4 32 512 64
1.048932780072461 19.046145976502746 	idx: 1 2 3 32 256 32
0.9456297084708202 18.855684516737718 	idx: 3 4 2 16 512 64
0.9456297084708202 18.66712767157034 	idx: 3 4 2 16 512 64
1.0577658302335728 18.480456394854638 	idx: 3 3 3 16 256 64
1.031018723235924 18.295651830906092 	idx: 3 2 4 8 512 128
1.1202417160813614 18.11269531259703 	idx: 3 2 3 16 512 128
1.1202417160813614 17.931568359471058 	idx: 3 2 3 16 512 128
1.1725802872331461 17.752252675876345 	idx: 3 3 3 8 512 64
1.1725802872331461 17.57473014911758 	idx: 3 3 3 8 512 64
1.0526690714095561 17.398982847626407 	idx: 3 2 4 16 512 64
1.0526690714095561 17.22499301915014 	idx: 3 2 4 16 512 64
1.0962930087634497 17.05274308895864 	idx: 3 2 3 16 1024 32
1.1379327306140539 16.882215658069054 	idx: 3 2 3 32 512 32
1.1379327306140539 16.713393501488362 	idx: 3 2 3 32 512 32
0.8773041214904619 16.546259566473477 	idx: 4 1 3 256 512 32
0.8773041214904619 16.380796970808742 	idx: 4 1 3 256 512 32
1.029183175126149 16.216989001100654 	idx: 3 2 4 8 512 16
1.029183175126149 16.054819111089646 	idx: 3 2 4 8 512 16
1.029183175126149 15.89427091997875 	idx: 3 2 4 8 512 16
1.029183175126149 15.735328210778961 	idx: 3 2 4 8 512 16
1.1021023411874915 15.577974928671171 	idx: 3 2 3 8 512 32
1.1021023411874915 15.42219517938446 	idx: 3 2 3 8 512 32
1.1021023411874915 15.267973227590614 	idx: 3 2 3 8 512 32
1.1021023411874915 15.115293495314708 	idx: 3 2 3 8 512 32
1.1021023411874915 14.96414056036156 	idx: 3 2 3 8 512 32
1.0526690714095561 14.814499154757945 	idx: 3 2 4 16 512 64
1.031018723235924 14.666354163210364 	idx: 3 2 4 8 512 128
0.9953492189979519 14.519690621578262 	idx: 3 2 4 4 512 128
0.8511491998450365 14.374493715362478 	idx: 3 1 5 8 1024 128
0.8848101544789616 14.230748778208852 	idx: 3 1 5 16 512 128
0.8595137085862985 14.088441290426763 	idx: 3 1 5 16 1024 64
0.8564705335053673 13.947556877522496 	idx: 3 1 5 16 1024 128
0.8874616122586909 13.808081308747271 	idx: 3 1 5 32 512 128
0.856925724200886 13.670000495659798 	idx: 0 2 3 128 128 4
0.8499155971673782 13.5333004907032 	idx: 3 1 6 16 1024 64
0.8427376561038405 13.397967485796167 	idx: 4 2 2 512 256 4
0.8791988391581239 13.263987810938206 	idx: 4 1 3 256 512 2
0.9022702798521756 13.131347932828824 	idx: 4 2 2 128 512 4
0.9022702798521756 13.000034453500536 	idx: 4 2 2 128 512 4
0.9022702798521756 12.87003410896553 	idx: 4 2 2 128 512 4
0.971840056592858 12.741333767875876 	idx: 3 2 3 4 256 8
0.8536509184970648 12.613920430197117 	idx: 4 3 2 64 256 8
0.8405870887803992 12.487781225895146 	idx: 4 2 2 128 256 8
0.856925724200886 12.362903413636195 	idx: 4 2 3 128 128 4
0.9047630675055206 12.239274379499832 	idx: 1 2 2 256 512 2
0.9047630675055206 12.116881635704834 	idx: 1 2 2 256 512 2
0.9919807323015701 11.995712819347785 	idx: 4 2 4 64 256 8
0.9919807323015701 11.875755691154307 	idx: 4 2 4 64 256 8
0.97521489360194 11.756998134242764 	idx: 3 2 4 16 256 8
0.97521489360194 11.639428152900336 	idx: 3 2 4 16 256 8
0.97521489360194 11.523033871371332 	idx: 3 2 4 16 256 8
1.1642219392425128 11.407803532657619 	idx: 3 2 5 8 512 16
0.9019216438018968 11.293725497331042 	idx: 1 2 2 128 512 8
0.9019216438018968 11.180788242357732 	idx: 1 2 2 128 512 8
1.1298597111192776 11.068980359934155 	idx: 3 2 5 4 512 8
1.1298597111192776 10.958290556334813 	idx: 3 2 5 4 512 8
1.1298597111192776 10.848707650771464 	idx: 3 2 5 4 512 8
1.1298597111192776 10.74022057426375 	idx: 3 2 5 4 512 8
1.1379070961131792 10.632818368521113 	idx: 0 2 3 32 512 2
1.1298597111192776 10.526490184835902 	idx: 3 2 5 4 512 8
1.1298597111192776 10.421225282987542 	idx: 3 2 5 4 512 8
1.0761610771025636 10.317013030157668 	idx: 0 3 3 64 256 4
1.1379070961131792 10.213842899856092 	idx: 4 2 3 32 512 2
0.8804904817015272 10.11170447085753 	idx: 0 4 2 128 256 2
0.8804904817015272 10.010587426148955 	idx: 0 4 2 128 256 2
0.8804904817015272 9.910481551887466 	idx: 0 4 2 128 256 2
1.1501086099388993 9.811376736368592 	idx: 4 2 3 128 512 4
1.1501086099388993 9.713262969004907 	idx: 4 2 3 128 512 4
1.1501086099388993 9.616130339314857 	idx: 4 2 3 128 512 4
1.1501086099388993 9.519969035921708 	idx: 4 2 3 128 512 4
1.1501086099388993 9.42476934556249 	idx: 4 2 3 128 512 4
1.1501086099388993 9.330521652106865 	idx: 4 2 3 128 512 4
1.1501086099388993 9.237216435585797 	idx: 4 2 3 128 512 4
1.1501086099388993 9.144844271229939 	idx: 4 2 3 128 512 4
1.1501086099388993 9.053395828517639 	idx: 4 2 3 128 512 4
1.1501086099388993 8.962861870232462 	idx: 4 2 3 128 512 4
1.1501086099388993 8.873233251530138 	idx: 4 2 3 128 512 4
1.1501086099388993 8.784500919014837 	idx: 4 2 3 128 512 4
1.1164084786125252 8.696655909824688 	idx: 4 2 3 64 1024 4
1.1164084786125252 8.609689350726441 	idx: 4 2 3 64 1024 4
1.1164084786125252 8.523592457219177 	idx: 4 2 3 64 1024 4
1.1393564226366393 8.438356532646985 	idx: 3 2 5 4 512 32
1.1393564226366393 8.353972967320516 	idx: 3 2 5 4 512 32
1.1393564226366393 8.27043323764731 	idx: 3 2 5 4 512 32
1.1393564226366393 8.187728905270838 	idx: 3 2 5 4 512 32
1.1094886390370189 8.105851616218128 	idx: 4 2 3 32 1024 8
1.1388616442007822 8.024793100055946 	idx: 4 2 3 32 512 16
1.1388616442007822 7.944545169055387 	idx: 4 2 3 32 512 16
1.2069145103414245 7.865099717364833 	idx: 2 3 3 32 512 16
1.1452704378375698 7.786448720191185 	idx: 2 2 3 64 512 16
1.1452704378375698 7.708584232989273 	idx: 2 2 3 64 512 16
1.1452704378375698 7.63149839065938 	idx: 2 2 3 64 512 16
1.1452704378375698 7.5551834067527865 	idx: 2 2 3 64 512 16
1.1388616442007822 7.479631572685259 	idx: 2 2 3 32 512 16
1.1388616442007822 7.404835256958406 	idx: 2 2 3 32 512 16
1.073319003341325 7.330786904388821 	idx: 3 2 3 8 1024 128
1.2064899283472046 7.257479035344933 	idx: 4 3 3 32 512 2
1.2064899283472046 7.1849042449914835 	idx: 4 3 3 32 512 2
1.2064899283472046 7.1130552025415685 	idx: 4 3 3 32 512 2
1.1939490016549228 7.041924650516153 	idx: 4 3 3 16 512 2
1.1939490016549228 6.971505404010991 	idx: 4 3 3 16 512 2
1.1939490016549228 6.901790349970882 	idx: 4 3 3 16 512 2
1.1939490016549228 6.832772446471173 	idx: 4 3 3 16 512 2
1.1379070961131792 6.764444722006462 	idx: 4 2 3 32 512 2
1.2056982764943573 6.696800274786397 	idx: 2 3 3 32 512 32
0.9922057443482073 6.6298322720385325 	idx: 4 2 4 64 256 4
1.0688164064116263 6.563533949318147 	idx: 4 3 3 32 256 4
1.1066226376831352 6.497898609824966 	idx: 2 2 3 32 1024 64
1.0958446796294428 6.432919623726716 	idx: 2 2 3 16 1024 64
1.0958446796294428 6.3685904274894485 	idx: 2 2 3 16 1024 64
1.1578276214920478 6.304904523214554 	idx: 3 3 3 8 512 256
1.1578276214920478 6.2418554779824085 	idx: 3 3 3 8 512 256
1.1578276214920478 6.1794369232025845 	idx: 3 3 3 8 512 256
1.1578276214920478 6.117642553970558 	idx: 3 3 3 8 512 256
1.1578276214920478 6.056466128430853 	idx: 3 3 3 8 512 256
1.1578276214920478 5.9959014671465445 	idx: 3 3 3 8 512 256
1.1578276214920478 5.935942452475079 	idx: 3 3 3 8 512 256
1.1578276214920478 5.8765830279503275 	idx: 3 3 3 8 512 256
1.1015948181250461 5.817817197670824 	idx: 2 2 3 32 1024 128
1.1933416247065511 5.759639025694116 	idx: 2 3 3 16 512 64
1.1933416247065511 5.7020426354371745 	idx: 2 3 3 16 512 64
1.1933416247065511 5.645022209082803 	idx: 2 3 3 16 512 64
1.1736572262332594 5.588571986991974 	idx: 2 3 3 8 512 32
1.1736572262332594 5.532686267122054 	idx: 2 3 3 8 512 32
1.1736572262332594 5.477359404450834 	idx: 2 3 3 8 512 32
1.0487142575888304 5.422585810406325 	idx: 1 2 5 4 256 32
1.0487142575888304 5.368359952302262 	idx: 1 2 5 4 256 32
1.0235266781013064 5.314676352779239 	idx: 2 2 3 4 1024 32
1.0235266781013064 5.261529589251447 	idx: 2 2 3 4 1024 32
1.0235266781013064 5.208914293358933 	idx: 2 2 3 4 1024 32
1.168929920466867 5.156825150425344 	idx: 3 3 3 8 512 128
1.168929920466867 5.10525689892109 	idx: 3 3 3 8 512 128
1.060080284242027 5.0542043299318795 	idx: 3 2 3 4 512 128
1.0235266781013064 5.003662286632561 	idx: 2 2 3 4 1024 32
1.0913432441006456 4.953625663766235 	idx: 1 2 3 8 512 256
1.0913432441006456 4.9040894071285726 	idx: 1 2 3 8 512 256
1.1215444089291982 4.8550485130572865 	idx: 3 3 3 4 512 256
1.1215444089291982 4.806498027926714 	idx: 3 3 3 4 512 256
1.1215444089291982 4.758433047647447 	idx: 3 3 3 4 512 256
1.1215444089291982 4.710848717170973 	idx: 3 3 3 4 512 256
1.1215444089291982 4.663740229999263 	idx: 3 3 3 4 512 256
1.1215444089291982 4.61710282769927 	idx: 3 3 3 4 512 256
1.1215444089291982 4.570931799422278 	idx: 3 3 3 4 512 256
1.1215444089291982 4.525222481428055 	idx: 3 3 3 4 512 256
1.1215444089291982 4.4799702566137745 	idx: 3 3 3 4 512 256
1.1215444089291982 4.4351705540476365 	idx: 3 3 3 4 512 256
1.1215444089291982 4.39081884850716 	idx: 3 3 3 4 512 256
1.1215444089291982 4.346910660022088 	idx: 3 3 3 4 512 256
1.1215444089291982 4.303441553421867 	idx: 3 3 3 4 512 256
1.1215444089291982 4.260407137887648 	idx: 3 3 3 4 512 256
1.1215444089291982 4.217803066508771 	idx: 3 3 3 4 512 256
1.1215444089291982 4.175625035843683 	idx: 3 3 3 4 512 256
1.1215444089291982 4.133868785485246 	idx: 3 3 3 4 512 256
1.1215444089291982 4.0925300976303935 	idx: 3 3 3 4 512 256
1.1215444089291982 4.05160479665409 	idx: 3 3 3 4 512 256
1.1215444089291982 4.011088748687548 	idx: 3 3 3 4 512 256
1.1698237889154646 3.970977861200673 	idx: 2 3 3 8 512 8
1.168929920466867 3.9312680825886663 	idx: 3 3 3 8 512 128
1.168929920466867 3.8919554017627798 	idx: 3 3 3 8 512 128
1.0741851454216087 3.853035847745152 	idx: 3 2 3 8 1024 64
1.1004715816716872 3.8145054892677006 	idx: 1 2 3 8 512 128
1.1004715816716872 3.7763604343750234 	idx: 1 2 3 8 512 128
1.1004715816716872 3.7385968300312733 	idx: 1 2 3 8 512 128
1.1004715816716872 3.7012108617309605 	idx: 1 2 3 8 512 128
1.1004715816716872 3.664198753113651 	idx: 1 2 3 8 512 128
1.1089835229271185 3.6275567655825145 	idx: 4 2 3 16 512 256
1.2056982764943573 3.591281197926689 	idx: 3 3 3 32 512 32
1.2056982764943573 3.555368385947422 	idx: 3 3 3 32 512 32
1.1452704378375698 3.519814702087948 	idx: 3 2 3 64 512 16
1.1452704378375698 3.4846165550670687 	idx: 3 2 3 64 512 16
1.1161583770236456 3.449770389516398 	idx: 3 2 3 64 1024 8
1.1161583770236456 3.415272685621234 	idx: 3 2 3 64 1024 8
1.1161583770236456 3.3811199587650216 	idx: 3 2 3 64 1024 8
1.1161583770236456 3.347308759177371 	idx: 3 2 3 64 1024 8
1.1298597111192776 3.3138356715855974 	idx: 0 2 5 4 512 8
1.1298597111192776 3.2806973148697414 	idx: 0 2 5 4 512 8
1.160333555827183 3.247890341721044 	idx: 0 2 5 8 512 4
1.160333555827183 3.2154114383038332 	idx: 0 2 5 8 512 4
1.160333555827183 3.183257323920795 	idx: 0 2 5 8 512 4
1.1879353850857792 3.1514247506815867 	idx: 4 3 3 16 512 128
1.1879353850857792 3.1199105031747707 	idx: 4 3 3 16 512 128
1.1879353850857792 3.088711398143023 	idx: 4 3 3 16 512 128
1.1879353850857792 3.0578242841615926 	idx: 4 3 3 16 512 128
1.1879353850857792 3.0272460413199767 	idx: 4 3 3 16 512 128
1.1879353850857792 2.996973580906777 	idx: 4 3 3 16 512 128
1.1879353850857792 2.967003845097709 	idx: 4 3 3 16 512 128
1.1879353850857792 2.9373338066467323 	idx: 4 3 3 16 512 128
1.1879353850857792 2.907960468580265 	idx: 4 3 3 16 512 128
1.1879353850857792 2.8788808638944623 	idx: 4 3 3 16 512 128
1.1879353850857792 2.8500920552555176 	idx: 4 3 3 16 512 128
1.1879353850857792 2.8215911347029623 	idx: 4 3 3 16 512 128
1.1879353850857792 2.7933752233559326 	idx: 4 3 3 16 512 128
1.1879353850857792 2.765441471122373 	idx: 4 3 3 16 512 128
1.1879353850857792 2.7377870564111495 	idx: 4 3 3 16 512 128
1.1879353850857792 2.710409185847038 	idx: 4 3 3 16 512 128
1.160333555827183 2.6833050939885674 	idx: 0 2 5 8 512 4
1.160333555827183 2.656472043048682 	idx: 0 2 5 8 512 4
1.1497591758777113 2.629907322618195 	idx: 3 2 3 128 512 8
1.1455378343520581 2.603608249392013 	idx: 3 2 3 64 512 4
1.1455378343520581 2.577572166898093 	idx: 3 2 3 64 512 4
1.1956151982330026 2.551796445229112 	idx: 2 3 3 16 512 32
1.1956151982330026 2.526278480776821 	idx: 2 3 3 16 512 32
1.1956151982330026 2.501015695969053 	idx: 2 3 3 16 512 32
1.2066560038760776 2.4760055390093623 	idx: 3 3 3 32 512 4
1.2066560038760776 2.4512454836192688 	idx: 3 3 3 32 512 4
1.2066560038760776 2.426733028783076 	idx: 3 3 3 32 512 4
1.2066560038760776 2.402465698495245 	idx: 3 3 3 32 512 4
1.2066560038760776 2.3784410415102926 	idx: 3 3 3 32 512 4
1.2066560038760776 2.3546566310951897 	idx: 3 3 3 32 512 4
1.2066560038760776 2.3311100647842378 	idx: 3 3 3 32 512 4
1.2064899283472046 2.307798964136395 	idx: 3 3 3 32 512 2
1.1956151982330026 2.2847209744950314 	idx: 2 3 3 16 512 32
1.1956151982330026 2.261873764750081 	idx: 2 3 3 16 512 32
1.1956151982330026 2.23925502710258 	idx: 2 3 3 16 512 32
1.1956151982330026 2.2168624768315546 	idx: 2 3 3 16 512 32
1.1956151982330026 2.194693852063239 	idx: 2 3 3 16 512 32
1.1956151982330026 2.1727469135426065 	idx: 2 3 3 16 512 32
1.1956151982330026 2.1510194444071806 	idx: 2 3 3 16 512 32
1.1956151982330026 2.129509249963109 	idx: 2 3 3 16 512 32
1.1956151982330026 2.108214157463478 	idx: 2 3 3 16 512 32
1.1956151982330026 2.087132015888843 	idx: 2 3 3 16 512 32
1.1956151982330026 2.0662606957299547 	idx: 2 3 3 16 512 32
1.1956151982330026 2.045598088772655 	idx: 2 3 3 16 512 32
1.1956151982330026 2.0251421078849283 	idx: 2 3 3 16 512 32
1.1956151982330026 2.004890686806079 	idx: 2 3 3 16 512 32
1.1964324346950863 1.9848417799380185 	idx: 4 3 3 32 512 128
1.1964324346950863 1.9649933621386382 	idx: 4 3 3 32 512 128
1.1964324346950863 1.9453434285172517 	idx: 4 3 3 32 512 128
1.1964324346950863 1.9258899942320793 	idx: 4 3 3 32 512 128
1.2027675860921943 1.9066310942897584 	idx: 4 3 3 32 512 64
1.2027675860921943 1.8875647833468607 	idx: 4 3 3 32 512 64
1.2027675860921943 1.868689135513392 	idx: 4 3 3 32 512 64
1.2027675860921943 1.8500022441582582 	idx: 4 3 3 32 512 64
1.2027675860921943 1.8315022217166756 	idx: 4 3 3 32 512 64
1.2027675860921943 1.8131871994995088 	idx: 4 3 3 32 512 64
1.2027675860921943 1.7950553275045138 	idx: 4 3 3 32 512 64
1.2027675860921943 1.7771047742294686 	idx: 4 3 3 32 512 64
1.2056982764943573 1.7593337264871738 	idx: 2 3 3 32 512 32
1.2056982764943573 1.741740389222302 	idx: 2 3 3 32 512 32
1.2056982764943573 1.724322985330079 	idx: 2 3 3 32 512 32
1.2056982764943573 1.7070797554767783 	idx: 2 3 3 32 512 32
1.2056982764943573 1.6900089579220106 	idx: 2 3 3 32 512 32
1.2056982764943573 1.6731088683427904 	idx: 2 3 3 32 512 32
1.2056982764943573 1.6563777796593624 	idx: 2 3 3 32 512 32
1.2056982764943573 1.6398140018627687 	idx: 2 3 3 32 512 32
1.2056982764943573 1.623415861844141 	idx: 2 3 3 32 512 32
1.2056982764943573 1.6071817032256996 	idx: 2 3 3 32 512 32
1.2056982764943573 1.5911098861934427 	idx: 2 3 3 32 512 32
1.2069145103414245 1.5751987873315083 	idx: 3 3 3 32 512 16
1.2069145103414245 1.5594467994581933 	idx: 3 3 3 32 512 16
1.2069145103414245 1.5438523314636114 	idx: 3 3 3 32 512 16
1.2069145103414245 1.5284138081489753 	idx: 3 3 3 32 512 16
1.2069145103414245 1.5131296700674854 	idx: 3 3 3 32 512 16
1.2069145103414245 1.4979983733668105 	idx: 3 3 3 32 512 16
1.2069145103414245 1.4830183896331424 	idx: 3 3 3 32 512 16
1.2069145103414245 1.468188205736811 	idx: 3 3 3 32 512 16
1.2069145103414245 1.4535063236794428 	idx: 3 3 3 32 512 16
1.2069145103414245 1.4389712604426483 	idx: 3 3 3 32 512 16
1.2069145103414245 1.4245815478382218 	idx: 3 3 3 32 512 16
1.2069145103414245 1.4103357323598396 	idx: 3 3 3 32 512 16
1.2069145103414245 1.396232375036241 	idx: 3 3 3 32 512 16
1.2069145103414245 1.3822700512858788 	idx: 3 3 3 32 512 16
1.2069145103414245 1.36844735077302 	idx: 3 3 3 32 512 16
1.2069145103414245 1.3547628772652898 	idx: 3 3 3 32 512 16
1.2069145103414245 1.341215248492637 	idx: 3 3 3 32 512 16
1.2069145103414245 1.3278030960077105 	idx: 3 3 3 32 512 16
1.2069145103414245 1.3145250650476334 	idx: 3 3 3 32 512 16
1.2069145103414245 1.301379814397157 	idx: 3 3 3 32 512 16
1.2069145103414245 1.2883660162531856 	idx: 3 3 3 32 512 16
1.2069145103414245 1.2754823560906536 	idx: 3 3 3 32 512 16
1.2069145103414245 1.2627275325297471 	idx: 3 3 3 32 512 16
1.2069145103414245 1.2501002572044497 	idx: 3 3 3 32 512 16
1.2069145103414245 1.2375992546324053 	idx: 3 3 3 32 512 16
1.2069145103414245 1.2252232620860812 	idx: 3 3 3 32 512 16
1.2069145103414245 1.2129710294652205 	idx: 3 3 3 32 512 16
1.2069145103414245 1.2008413191705682 	idx: 3 3 3 32 512 16
1.2069145103414245 1.1888329059788625 	idx: 3 3 3 32 512 16
1.2069145103414245 1.1769445769190738 	idx: 3 3 3 32 512 16
1.2069145103414245 1.165175131149883 	idx: 3 3 3 32 512 16
1.2069145103414245 1.1535233798383842 	idx: 3 3 3 32 512 16
1.2069145103414245 1.1419881460400003 	idx: 3 3 3 32 512 16
1.2069145103414245 1.1305682645796002 	idx: 3 3 3 32 512 16
1.2069145103414245 1.1192625819338042 	idx: 3 3 3 32 512 16
1.2069145103414245 1.1080699561144662 	idx: 3 3 3 32 512 16
1.2069145103414245 1.0969892565533215 	idx: 3 3 3 32 512 16
1.2069145103414245 1.0860193639877882 	idx: 3 3 3 32 512 16
1.2069145103414245 1.0751591703479102 	idx: 3 3 3 32 512 16
1.2069145103414245 1.0644075786444311 	idx: 3 3 3 32 512 16
1.2069145103414245 1.0537635028579868 	idx: 3 3 3 32 512 16
1.2069145103414245 1.0432258678294068 	idx: 3 3 3 32 512 16
1.1964324346950863 1.0327936091511127 	idx: 4 3 3 32 512 128
1.1964324346950863 1.0224656730596016 	idx: 4 3 3 32 512 128
1.1964324346950863 1.0122410163290056 	idx: 4 3 3 32 512 128
1.2056982764943573 1.0021186061657157 	idx: 1 3 3 32 512 32
###### ACC Parameters ######
cim type:    LccCIM
bus_width:   25.6
macros_row:  3
macros_col:  3
scr:         32
is_size:     512
os_size:     32
best=1.2056982764943573, area=4819342.405749231 459
resnet_18_LCC-CIM@ISSCC20_ee_running start at 1757786825.0393772
1.3204124242463955 100 	idx: 3 4 2 2 32 128
1.4580791231561199 99.0 	idx: 2 3 3 2 256 128
1.484519346157752 98.01 	idx: 2 4 2 4 128 64
1.6244998180719215 97.0299 	idx: 1 3 3 4 128 128
1.6244998180719215 96.059601 	idx: 1 3 3 4 128 128
1.7782995788516323 95.09900499 	idx: 4 3 3 32 32 256
1.466961012193427 94.1480149401 	idx: 1 3 3 2 64 256
1.8845049177699913 93.206534790699 	idx: 1 4 3 2 128 128
1.6021588596096619 92.27446944279201 	idx: 1 3 3 4 128 64
1.4822965518462805 91.35172474836409 	idx: 3 2 4 4 16 128
1.7747273378364432 90.43820750088045 	idx: 1 3 3 16 512 128
1.8887018636152622 89.53382542587164 	idx: 3 2 5 8 16 64
1.8887018636152622 88.63848717161292 	idx: 3 2 5 8 16 64
2.0167363318050375 87.75210229989679 	idx: 3 2 6 8 32 64
2.0167363318050375 86.87458127689783 	idx: 3 2 6 8 32 64
1.9051548379179528 86.00583546412885 	idx: 1 2 5 32 256 64
1.9051548379179528 85.14577710948755 	idx: 1 2 5 32 256 64
1.9051548379179528 84.29431933839268 	idx: 1 2 5 32 256 64
1.7414892881534614 83.45137614500875 	idx: 3 2 4 128 8 64
1.7414892881534614 82.61686238355867 	idx: 3 2 4 128 8 64
1.7505212420514764 81.79069375972308 	idx: 3 2 4 128 4 32
1.7505212420514764 80.97278682212585 	idx: 3 2 4 128 4 32
1.3611944715585287 80.1630589539046 	idx: 2 6 2 4 128 16
1.6642738976013929 79.36142836436555 	idx: 4 5 2 64 4 8
1.2485384709359915 78.56781408072189 	idx: 1 1 5 8 32 512
1.8592431922187005 77.78213593991467 	idx: 1 2 5 8 16 512
1.5643670217590684 77.00431458051553 	idx: 1 2 4 8 32 512
1.5643670217590684 76.23427143471037 	idx: 1 2 4 8 32 512
1.3833102277090803 75.47192872036327 	idx: 0 6 2 4 16 128
1.4180808562597589 74.71720943315964 	idx: 0 5 2 4 16 64
1.4180808562597589 73.97003733882804 	idx: 0 5 2 4 16 64
1.50435772694546 73.23033696543976 	idx: 1 2 4 4 8 512
2.2703820014084313 72.49803359578536 	idx: 0 4 3 8 16 128
1.6376986701413487 71.7730532598275 	idx: 2 5 2 16 256 8
1.1629068459820613 71.05532272722922 	idx: 4 1 3 256 32 256
1.2722354661055955 70.34476949995693 	idx: 1 1 6 4 16 512
1.164996553953112 69.64132180495736 	idx: 1 1 5 4 8 512
1.7719468862402061 68.94490858690779 	idx: 2 4 2 64 512 2
1.7719468862402061 68.25545950103871 	idx: 2 4 2 64 512 2
1.7719468862402061 67.57290490602833 	idx: 2 4 2 64 512 2
1.736222104678359 66.89717585696805 	idx: 3 4 2 128 128 8
2.0259907451197092 66.22820409839836 	idx: 1 2 6 8 16 128
1.4278887599719248 65.56592205741438 	idx: 4 1 7 128 64 64
1.668176767710512 64.91026283684023 	idx: 3 4 2 16 64 32
1.8760245280978585 64.26116020847184 	idx: 1 2 5 8 32 256
1.7628165122022939 63.618548606387115 	idx: 2 4 2 128 256 4
1.7719468862402061 62.98236312032324 	idx: 2 4 2 64 512 2
1.6270321163582941 62.35253948912001 	idx: 1 3 3 4 64 256
1.7928551551830116 61.72901409422881 	idx: 2 3 3 32 512 4
1.8035800674133036 61.11172395328652 	idx: 2 3 3 32 256 4
1.6220865943936174 60.500606713753655 	idx: 2 2 4 16 128 4
1.963816400845421 59.89560064661612 	idx: 4 2 5 64 32 32
1.4932428224489214 59.29664464014996 	idx: 4 1 6 128 64 16
1.945750130197424 58.70367819374846 	idx: 4 2 5 64 128 16
1.945750130197424 58.116641411810974 	idx: 4 2 5 64 128 16
1.582485011005872 57.535474997692866 	idx: 3 4 2 8 64 32
1.769666542676439 56.960120247715935 	idx: 3 3 3 16 32 32
1.6227404257179043 56.390519045238776 	idx: 4 2 4 16 128 8
2.3081172406022747 55.82661385478639 	idx: 3 4 3 16 32 16
1.6474438588874187 55.26834771623852 	idx: 3 5 2 32 16 16
1.6474438588874187 54.71566423907614 	idx: 3 5 2 32 16 16
1.6474438588874187 54.16850759668538 	idx: 3 5 2 32 16 16
1.6474438588874187 53.62682252071853 	idx: 3 5 2 32 16 16
1.6860199004592775 53.09055429551134 	idx: 2 3 3 8 32 4
1.6837312504028115 52.55964875255623 	idx: 3 4 2 32 16 16
1.3268287327009607 52.03405226503067 	idx: 4 1 6 32 256 32
1.7013810668771923 51.51371174238036 	idx: 0 3 3 8 2 64
2.316303303752346 50.998574624956554 	idx: 0 4 3 16 4 64
2.316303303752346 50.488588878706985 	idx: 0 4 3 16 4 64
1.6932061469548048 49.98370298991991 	idx: 0 3 3 8 4 32
1.6932061469548048 49.483865960020715 	idx: 0 3 3 8 4 32
1.7063004048160886 48.98902730042051 	idx: 3 4 2 64 32 8
1.5775829432603266 48.4991370274163 	idx: 2 3 3 4 32 32
1.6635370201234805 48.01414565714214 	idx: 2 3 4 4 32 32
2.1019166041400905 47.53400420057071 	idx: 2 4 3 4 16 64
2.1019166041400905 47.05866415856501 	idx: 2 4 3 4 16 64
1.6464498015277915 46.58807751697936 	idx: 3 5 2 32 8 32
1.8940832947863098 46.12219674180957 	idx: 2 4 3 2 16 128
1.8940832947863098 45.66097477439147 	idx: 2 4 3 2 16 128
1.6729865325456 45.20436502664755 	idx: 1 4 2 32 32 256
1.6328787358560624 44.752321376381076 	idx: 1 5 2 32 16 256
1.6458994227960362 44.30479816261727 	idx: 3 5 2 32 4 32
1.6328787358560624 43.861750180991095 	idx: 1 5 2 32 16 256
1.690597709626142 43.42313267918119 	idx: 1 4 2 64 8 128
1.571470168288117 42.98890135238938 	idx: 4 2 3 32 512 128
1.6813986588271586 42.559012338865486 	idx: 1 4 2 32 2 64
1.569357615085807 42.133422215476834 	idx: 0 2 5 2 2 32
1.569357615085807 41.712087993322065 	idx: 0 2 5 2 2 32
1.569357615085807 41.29496711338884 	idx: 0 2 5 2 2 32
2.0803132199770618 40.882017442254956 	idx: 1 4 3 4 8 32
1.7482172506910099 40.473197267832404 	idx: 0 2 5 4 4 16
1.6204218425277208 40.06846529515408 	idx: 1 5 2 16 8 64
2.311804887765681 39.66778064220254 	idx: 1 4 3 16 16 32
2.311804887765681 39.27110283578051 	idx: 1 4 3 16 16 32
1.6607522822594316 38.8783918074227 	idx: 1 4 2 16 32 32
1.6458780581650316 38.48960788934848 	idx: 3 5 2 32 4 8
1.6503027182177343 38.104711810454994 	idx: 3 4 2 16 8 4
1.7639112450745225 37.72366469235045 	idx: 0 3 3 16 4 2
1.681135073459194 37.34642804542694 	idx: 3 4 2 32 8 8
1.5195211849069938 36.97296376497267 	idx: 4 2 3 32 256 512
1.5193393642345896 36.60323412732294 	idx: 1 2 3 16 32 64
1.5745672864444311 36.23720178604971 	idx: 4 2 3 64 128 256
1.6266153380072241 35.874829768189215 	idx: 1 2 4 16 32 32
1.6266695227730699 35.516081470507324 	idx: 2 2 4 16 8 512
1.6297999745926612 35.16092065580225 	idx: 4 2 4 32 256 256
1.8827055590040107 34.80931144924423 	idx: 4 2 5 16 128 256
1.560471013044518 34.461218334751784 	idx: 4 2 4 8 64 512
1.8760245280978585 34.11660615140427 	idx: 4 2 5 8 32 256
2.0282925805057728 33.775440089890225 	idx: 2 2 6 8 8 128
2.0282925805057728 33.43768568899132 	idx: 2 2 6 8 8 128
2.0282925805057728 33.10330883210141 	idx: 2 2 6 8 8 128
2.302901463083976 32.7722757437804 	idx: 0 4 3 16 64 2
2.3031110694973926 32.44455298634259 	idx: 0 4 3 16 64 4
2.2442451386048092 32.12010745647917 	idx: 0 4 3 8 64 8
2.2466099073563437 31.798906381914374 	idx: 0 4 3 8 64 16
2.2466099073563437 31.48091731809523 	idx: 0 4 3 8 64 16
2.2466099073563437 31.16610814491428 	idx: 0 4 3 8 64 16
2.2466099073563437 30.854447063465138 	idx: 0 4 3 8 64 16
1.8867410351157716 30.545902592830487 	idx: 4 3 4 16 8 16
1.7032218013709588 30.240443566902183 	idx: 0 4 2 16 256 8
1.7032218013709588 29.93803913123316 	idx: 0 4 2 16 256 8
1.6865193646027763 29.638658739920828 	idx: 4 3 3 8 16 8
2.0688330513918314 29.34227215252162 	idx: 1 4 3 4 8 16
2.0688330513918314 29.048849430996402 	idx: 1 4 3 4 8 16
2.0688330513918314 28.758360936686437 	idx: 1 4 3 4 8 16
2.0688330513918314 28.47077732731957 	idx: 1 4 3 4 8 16
2.0688330513918314 28.186069554046373 	idx: 1 4 3 4 8 16
2.0688330513918314 27.90420885850591 	idx: 1 4 3 4 8 16
1.5652853263394293 27.625166769920853 	idx: 0 3 3 4 512 8
2.3108288615317343 27.348915102221643 	idx: 4 4 3 16 8 16
2.3108288615317343 27.075425951199424 	idx: 4 4 3 16 8 16
2.3108288615317343 26.804671691687428 	idx: 4 4 3 16 8 16
2.3108288615317343 26.536624974770554 	idx: 4 4 3 16 8 16
2.3108288615317343 26.271258725022847 	idx: 4 4 3 16 8 16
2.3108288615317343 26.00854613777262 	idx: 4 4 3 16 8 16
2.0691855780461887 25.748460676394892 	idx: 3 4 3 4 2 16
2.311804887765681 25.490976069630943 	idx: 4 4 3 16 16 32
2.311804887765681 25.23606630893463 	idx: 4 4 3 16 16 32
2.0691855780461887 24.983705645845284 	idx: 3 4 3 4 2 16
2.0691855780461887 24.73386858938683 	idx: 3 4 3 4 2 16
2.0691855780461887 24.48652990349296 	idx: 3 4 3 4 2 16
2.0691855780461887 24.24166460445803 	idx: 3 4 3 4 2 16
2.0691855780461887 23.99924795841345 	idx: 3 4 3 4 2 16
2.063396705063635 23.759255478829314 	idx: 3 4 3 4 2 8
2.063396705063635 23.52166292404102 	idx: 3 4 3 4 2 8
2.063396705063635 23.28644629480061 	idx: 3 4 3 4 2 8
1.6844436671844225 23.053581831852604 	idx: 3 3 3 8 4 4
2.053520978135927 22.82304601353408 	idx: 0 2 6 16 32 2
2.2495611532310744 22.59481555339874 	idx: 4 4 3 8 16 8
2.2495611532310744 22.36886739786475 	idx: 4 4 3 8 16 8
2.2495611532310744 22.145178723886104 	idx: 4 4 3 8 16 8
2.3081172406022747 21.923726936647242 	idx: 4 4 3 16 32 16
2.3081172406022747 21.704489667280768 	idx: 4 4 3 16 32 16
2.3081172406022747 21.48744477060796 	idx: 4 4 3 16 32 16
2.3081172406022747 21.27257032290188 	idx: 4 4 3 16 32 16
2.053520978135927 21.059844619672862 	idx: 0 2 6 16 32 2
2.3081172406022747 20.849246173476132 	idx: 4 4 3 16 32 16
2.3081172406022747 20.64075371174137 	idx: 4 4 3 16 32 16
2.3081172406022747 20.434346174623958 	idx: 4 4 3 16 32 16
2.3081172406022747 20.230002712877717 	idx: 4 4 3 16 32 16
2.3081172406022747 20.027702685748938 	idx: 4 4 3 16 32 16
2.3081172406022747 19.82742565889145 	idx: 4 4 3 16 32 16
2.3081172406022747 19.629151402302536 	idx: 4 4 3 16 32 16
2.3081172406022747 19.43285988827951 	idx: 4 4 3 16 32 16
2.3081172406022747 19.238531289396715 	idx: 4 4 3 16 32 16
2.3081172406022747 19.046145976502746 	idx: 4 4 3 16 32 16
2.3081172406022747 18.855684516737718 	idx: 4 4 3 16 32 16
2.3081172406022747 18.66712767157034 	idx: 4 4 3 16 32 16
2.3081172406022747 18.480456394854638 	idx: 4 4 3 16 32 16
2.3081172406022747 18.295651830906092 	idx: 4 4 3 16 32 16
2.3081172406022747 18.11269531259703 	idx: 4 4 3 16 32 16
2.3081172406022747 17.931568359471058 	idx: 4 4 3 16 32 16
1.768852573790874 17.752252675876345 	idx: 4 3 3 16 16 32
1.599568553385529 17.57473014911758 	idx: 2 2 3 64 32 16
2.309463372369607 17.398982847626407 	idx: 1 4 3 16 8 4
2.309463372369607 17.22499301915014 	idx: 1 4 3 16 8 4
2.309463372369607 17.05274308895864 	idx: 1 4 3 16 8 4
2.2434179967014285 16.882215658069054 	idx: 4 4 3 8 128 32
2.2434179967014285 16.713393501488362 	idx: 4 4 3 8 128 32
2.2434179967014285 16.546259566473477 	idx: 4 4 3 8 128 32
1.7752827389910344 16.380796970808742 	idx: 4 3 3 16 128 32
2.260028714141833 16.216989001100654 	idx: 4 4 3 8 64 64
2.260028714141833 16.054819111089646 	idx: 4 4 3 8 64 64
2.260028714141833 15.89427091997875 	idx: 4 4 3 8 64 64
1.9612013953662604 15.735328210778961 	idx: 0 2 5 64 64 8
1.9612013953662604 15.577974928671171 	idx: 0 2 5 64 64 8
1.9612013953662604 15.42219517938446 	idx: 0 2 5 64 64 8
1.9612013953662604 15.267973227590614 	idx: 0 2 5 64 64 8
1.9612013953662604 15.115293495314708 	idx: 0 2 5 64 64 8
1.9612013953662604 14.96414056036156 	idx: 0 2 5 64 64 8
1.94980409383363 14.814499154757945 	idx: 0 2 5 32 64 4
1.94980409383363 14.666354163210364 	idx: 0 2 5 32 64 4
1.94980409383363 14.519690621578262 	idx: 0 2 5 32 64 4
2.1025745955349278 14.374493715362478 	idx: 3 4 3 4 8 64
2.1025745955349278 14.230748778208852 	idx: 3 4 3 4 8 64
2.1025745955349278 14.088441290426763 	idx: 3 4 3 4 8 64
2.1025745955349278 13.947556877522496 	idx: 3 4 3 4 8 64
2.1025745955349278 13.808081308747271 	idx: 3 4 3 4 8 64
2.1025745955349278 13.670000495659798 	idx: 3 4 3 4 8 64
2.1025745955349278 13.5333004907032 	idx: 3 4 3 4 8 64
2.1025745955349278 13.397967485796167 	idx: 3 4 3 4 8 64
2.1025745955349278 13.263987810938206 	idx: 3 4 3 4 8 64
2.1025745955349278 13.131347932828824 	idx: 3 4 3 4 8 64
2.1025745955349278 13.000034453500536 	idx: 3 4 3 4 8 64
2.1025745955349278 12.87003410896553 	idx: 3 4 3 4 8 64
2.1025745955349278 12.741333767875876 	idx: 3 4 3 4 8 64
2.1025745955349278 12.613920430197117 	idx: 3 4 3 4 8 64
2.1025745955349278 12.487781225895146 	idx: 3 4 3 4 8 64
2.1025745955349278 12.362903413636195 	idx: 3 4 3 4 8 64
2.2703820014084313 12.239274379499832 	idx: 3 4 3 8 16 128
2.2703820014084313 12.116881635704834 	idx: 3 4 3 8 16 128
2.2703820014084313 11.995712819347785 	idx: 3 4 3 8 16 128
2.2703820014084313 11.875755691154307 	idx: 3 4 3 8 16 128
2.2703820014084313 11.756998134242764 	idx: 3 4 3 8 16 128
2.2703820014084313 11.639428152900336 	idx: 3 4 3 8 16 128
2.2703820014084313 11.523033871371332 	idx: 3 4 3 8 16 128
2.2703820014084313 11.407803532657619 	idx: 3 4 3 8 16 128
2.2703820014084313 11.293725497331042 	idx: 3 4 3 8 16 128
2.2703820014084313 11.180788242357732 	idx: 3 4 3 8 16 128
2.2703820014084313 11.068980359934155 	idx: 3 4 3 8 16 128
2.2703820014084313 10.958290556334813 	idx: 3 4 3 8 16 128
2.3159505807312297 10.848707650771464 	idx: 3 4 3 16 8 64
2.3159505807312297 10.74022057426375 	idx: 3 4 3 16 8 64
2.3159505807312297 10.632818368521113 	idx: 3 4 3 16 8 64
2.3159505807312297 10.526490184835902 	idx: 3 4 3 16 8 64
2.3159505807312297 10.421225282987542 	idx: 3 4 3 16 8 64
2.3159505807312297 10.317013030157668 	idx: 3 4 3 16 8 64
2.3159505807312297 10.213842899856092 	idx: 3 4 3 16 8 64
2.3159505807312297 10.11170447085753 	idx: 3 4 3 16 8 64
2.3159505807312297 10.010587426148955 	idx: 3 4 3 16 8 64
2.3159505807312297 9.910481551887466 	idx: 3 4 3 16 8 64
2.3159505807312297 9.811376736368592 	idx: 3 4 3 16 8 64
2.3159505807312297 9.713262969004907 	idx: 3 4 3 16 8 64
2.3159505807312297 9.616130339314857 	idx: 3 4 3 16 8 64
2.3159505807312297 9.519969035921708 	idx: 3 4 3 16 8 64
1.892076233762255 9.42476934556249 	idx: 3 3 4 16 8 64
1.892076233762255 9.330521652106865 	idx: 3 3 4 16 8 64
1.892076233762255 9.237216435585797 	idx: 3 3 4 16 8 64
1.8100975743310455 9.144844271229939 	idx: 4 3 3 64 16 32
1.8109012888934841 9.053395828517639 	idx: 4 3 3 64 16 16
1.8111488515596759 8.962861870232462 	idx: 4 3 3 64 32 8
1.8100531659894425 8.873233251530138 	idx: 1 3 3 64 8 32
1.8100531659894425 8.784500919014837 	idx: 1 3 3 64 8 32
1.7942875430433805 8.696655909824688 	idx: 1 3 3 32 16 32
1.9538994282283415 8.609689350726441 	idx: 3 2 5 32 4 64
2.303552394199917 8.523592457219177 	idx: 4 4 3 16 64 8
2.303552394199917 8.438356532646985 	idx: 4 4 3 16 64 8
2.3067631048423807 8.353972967320516 	idx: 4 4 3 16 32 4
2.3067631048423807 8.27043323764731 	idx: 4 4 3 16 32 4
2.3072076031161006 8.187728905270838 	idx: 4 4 3 16 32 8
2.3072076031161006 8.105851616218128 	idx: 4 4 3 16 32 8
2.3072076031161006 8.024793100055946 	idx: 4 4 3 16 32 8
2.3072076031161006 7.944545169055387 	idx: 4 4 3 16 32 8
2.3072076031161006 7.865099717364833 	idx: 4 4 3 16 32 8
2.3072076031161006 7.786448720191185 	idx: 4 4 3 16 32 8
2.3072076031161006 7.708584232989273 	idx: 4 4 3 16 32 8
2.3072076031161006 7.63149839065938 	idx: 4 4 3 16 32 8
2.3072076031161006 7.5551834067527865 	idx: 4 4 3 16 32 8
2.3072076031161006 7.479631572685259 	idx: 4 4 3 16 32 8
2.3072076031161006 7.404835256958406 	idx: 4 4 3 16 32 8
2.3072076031161006 7.330786904388821 	idx: 4 4 3 16 32 8
2.3072076031161006 7.257479035344933 	idx: 4 4 3 16 32 8
2.3072076031161006 7.1849042449914835 	idx: 4 4 3 16 32 8
2.3072076031161006 7.1130552025415685 	idx: 4 4 3 16 32 8
2.3072076031161006 7.041924650516153 	idx: 4 4 3 16 32 8
2.3072076031161006 6.971505404010991 	idx: 4 4 3 16 32 8
2.3072076031161006 6.901790349970882 	idx: 4 4 3 16 32 8
2.308659018669208 6.832772446471173 	idx: 4 4 3 16 16 4
2.308659018669208 6.764444722006462 	idx: 4 4 3 16 16 4
2.308659018669208 6.696800274786397 	idx: 4 4 3 16 16 4
2.308659018669208 6.6298322720385325 	idx: 4 4 3 16 16 4
2.308659018669208 6.563533949318147 	idx: 4 4 3 16 16 4
2.308659018669208 6.497898609824966 	idx: 4 4 3 16 16 4
2.308659018669208 6.432919623726716 	idx: 4 4 3 16 16 4
2.308659018669208 6.3685904274894485 	idx: 4 4 3 16 16 4
2.308659018669208 6.304904523214554 	idx: 4 4 3 16 16 4
2.308659018669208 6.2418554779824085 	idx: 4 4 3 16 16 4
2.308659018669208 6.1794369232025845 	idx: 4 4 3 16 16 4
2.308659018669208 6.117642553970558 	idx: 4 4 3 16 16 4
2.308659018669208 6.056466128430853 	idx: 4 4 3 16 16 4
2.308659018669208 5.9959014671465445 	idx: 4 4 3 16 16 4
2.308659018669208 5.935942452475079 	idx: 4 4 3 16 16 4
2.308659018669208 5.8765830279503275 	idx: 4 4 3 16 16 4
2.308659018669208 5.817817197670824 	idx: 4 4 3 16 16 4
2.3072076031161006 5.759639025694116 	idx: 4 4 3 16 32 8
2.303552394199917 5.7020426354371745 	idx: 4 4 3 16 64 8
2.303552394199917 5.645022209082803 	idx: 4 4 3 16 64 8
2.303552394199917 5.588571986991974 	idx: 4 4 3 16 64 8
2.303552394199917 5.532686267122054 	idx: 4 4 3 16 64 8
2.303552394199917 5.477359404450834 	idx: 4 4 3 16 64 8
2.303552394199917 5.422585810406325 	idx: 4 4 3 16 64 8
2.303552394199917 5.368359952302262 	idx: 4 4 3 16 64 8
2.303552394199917 5.314676352779239 	idx: 4 4 3 16 64 8
2.303552394199917 5.261529589251447 	idx: 4 4 3 16 64 8
2.303552394199917 5.208914293358933 	idx: 4 4 3 16 64 8
2.303552394199917 5.156825150425344 	idx: 4 4 3 16 64 8
2.303552394199917 5.10525689892109 	idx: 4 4 3 16 64 8
2.303552394199917 5.0542043299318795 	idx: 4 4 3 16 64 8
2.2466099073563437 5.003662286632561 	idx: 4 4 3 8 64 16
2.2466099073563437 4.953625663766235 	idx: 4 4 3 8 64 16
2.2466099073563437 4.9040894071285726 	idx: 4 4 3 8 64 16
2.2466099073563437 4.8550485130572865 	idx: 4 4 3 8 64 16
2.302901463083976 4.806498027926714 	idx: 0 4 3 16 64 2
2.303552394199917 4.758433047647447 	idx: 3 4 3 16 64 8
2.303552394199917 4.710848717170973 	idx: 3 4 3 16 64 8
2.303552394199917 4.663740229999263 	idx: 3 4 3 16 64 8
2.303552394199917 4.61710282769927 	idx: 3 4 3 16 64 8
2.303552394199917 4.570931799422278 	idx: 3 4 3 16 64 8
2.303552394199917 4.525222481428055 	idx: 3 4 3 16 64 8
2.303552394199917 4.4799702566137745 	idx: 3 4 3 16 64 8
2.303552394199917 4.4351705540476365 	idx: 3 4 3 16 64 8
2.303552394199917 4.39081884850716 	idx: 3 4 3 16 64 8
2.303552394199917 4.346910660022088 	idx: 3 4 3 16 64 8
2.3031110694973926 4.303441553421867 	idx: 0 4 3 16 64 4
2.3031110694973926 4.260407137887648 	idx: 0 4 3 16 64 4
2.304449369705129 4.217803066508771 	idx: 4 4 3 16 64 16
2.304449369705129 4.175625035843683 	idx: 4 4 3 16 64 16
2.304449369705129 4.133868785485246 	idx: 4 4 3 16 64 16
2.304449369705129 4.0925300976303935 	idx: 4 4 3 16 64 16
2.304449369705129 4.05160479665409 	idx: 4 4 3 16 64 16
2.304449369705129 4.011088748687548 	idx: 4 4 3 16 64 16
2.3031110694973926 3.970977861200673 	idx: 0 4 3 16 64 4
2.3031110694973926 3.9312680825886663 	idx: 0 4 3 16 64 4
2.3031110694973926 3.8919554017627798 	idx: 0 4 3 16 64 4
2.3031110694973926 3.853035847745152 	idx: 0 4 3 16 64 4
2.3031110694973926 3.8145054892677006 	idx: 0 4 3 16 64 4
2.3031110694973926 3.7763604343750234 	idx: 0 4 3 16 64 4
2.304449369705129 3.7385968300312733 	idx: 4 4 3 16 64 16
2.304449369705129 3.7012108617309605 	idx: 4 4 3 16 64 16
2.304449369705129 3.664198753113651 	idx: 4 4 3 16 64 16
2.304449369705129 3.6275567655825145 	idx: 4 4 3 16 64 16
2.3067631048423807 3.591281197926689 	idx: 3 4 3 16 32 4
2.3067631048423807 3.555368385947422 	idx: 3 4 3 16 32 4
2.3067631048423807 3.519814702087948 	idx: 3 4 3 16 32 4
2.3067631048423807 3.4846165550670687 	idx: 3 4 3 16 32 4
2.3067631048423807 3.449770389516398 	idx: 3 4 3 16 32 4
2.3067631048423807 3.415272685621234 	idx: 3 4 3 16 32 4
2.3067631048423807 3.3811199587650216 	idx: 3 4 3 16 32 4
2.3067631048423807 3.347308759177371 	idx: 3 4 3 16 32 4
2.3067631048423807 3.3138356715855974 	idx: 3 4 3 16 32 4
2.3067631048423807 3.2806973148697414 	idx: 3 4 3 16 32 4
2.3067631048423807 3.247890341721044 	idx: 3 4 3 16 32 4
2.3067631048423807 3.2154114383038332 	idx: 3 4 3 16 32 4
2.3067631048423807 3.183257323920795 	idx: 3 4 3 16 32 4
2.3067631048423807 3.1514247506815867 	idx: 3 4 3 16 32 4
2.3067631048423807 3.1199105031747707 	idx: 3 4 3 16 32 4
2.3067631048423807 3.088711398143023 	idx: 3 4 3 16 32 4
2.3067631048423807 3.0578242841615926 	idx: 3 4 3 16 32 4
2.3067631048423807 3.0272460413199767 	idx: 3 4 3 16 32 4
2.3067631048423807 2.996973580906777 	idx: 3 4 3 16 32 4
2.3067631048423807 2.967003845097709 	idx: 3 4 3 16 32 4
2.3067631048423807 2.9373338066467323 	idx: 3 4 3 16 32 4
2.3072076031161006 2.907960468580265 	idx: 4 4 3 16 32 8
2.3081172406022747 2.8788808638944623 	idx: 4 4 3 16 32 16
2.3081172406022747 2.8500920552555176 	idx: 4 4 3 16 32 16
2.3081172406022747 2.8215911347029623 	idx: 4 4 3 16 32 16
2.3081172406022747 2.7933752233559326 	idx: 4 4 3 16 32 16
2.3081172406022747 2.765441471122373 	idx: 4 4 3 16 32 16
2.3081172406022747 2.7377870564111495 	idx: 4 4 3 16 32 16
2.31297886175104 2.710409185847038 	idx: 2 4 3 16 8 128
2.316303303752346 2.6833050939885674 	idx: 2 4 3 16 4 64
2.316303303752346 2.656472043048682 	idx: 2 4 3 16 4 64
2.316303303752346 2.629907322618195 	idx: 2 4 3 16 4 64
2.316303303752346 2.603608249392013 	idx: 2 4 3 16 4 64
2.316303303752346 2.577572166898093 	idx: 2 4 3 16 4 64
2.303552394199917 2.551796445229112 	idx: 0 4 3 16 64 8
2.303552394199917 2.526278480776821 	idx: 0 4 3 16 64 8
2.309896016888577 2.501015695969053 	idx: 4 4 3 16 32 32
2.309896016888577 2.4760055390093623 	idx: 4 4 3 16 32 32
2.309896016888577 2.4512454836192688 	idx: 4 4 3 16 32 32
2.309896016888577 2.426733028783076 	idx: 4 4 3 16 32 32
2.3100220822724067 2.402465698495245 	idx: 4 4 3 16 16 16
2.3100220822724067 2.3784410415102926 	idx: 4 4 3 16 16 16
2.3100220822724067 2.3546566310951897 	idx: 4 4 3 16 16 16
2.3100220822724067 2.3311100647842378 	idx: 4 4 3 16 16 16
2.3100220822724067 2.307798964136395 	idx: 4 4 3 16 16 16
2.3100220822724067 2.2847209744950314 	idx: 4 4 3 16 16 16
2.3100220822724067 2.261873764750081 	idx: 4 4 3 16 16 16
2.3100220822724067 2.23925502710258 	idx: 4 4 3 16 16 16
2.3100220822724067 2.2168624768315546 	idx: 4 4 3 16 16 16
2.3100220822724067 2.194693852063239 	idx: 4 4 3 16 16 16
2.3108288615317343 2.1727469135426065 	idx: 4 4 3 16 8 16
2.3108288615317343 2.1510194444071806 	idx: 4 4 3 16 8 16
2.3108288615317343 2.129509249963109 	idx: 4 4 3 16 8 16
2.3108288615317343 2.108214157463478 	idx: 4 4 3 16 8 16
2.3108288615317343 2.087132015888843 	idx: 4 4 3 16 8 16
2.3108288615317343 2.0662606957299547 	idx: 4 4 3 16 8 16
2.3108288615317343 2.045598088772655 	idx: 4 4 3 16 8 16
2.3108288615317343 2.0251421078849283 	idx: 4 4 3 16 8 16
2.3108288615317343 2.004890686806079 	idx: 4 4 3 16 8 16
2.3108288615317343 1.9848417799380185 	idx: 4 4 3 16 8 16
2.3108288615317343 1.9649933621386382 	idx: 4 4 3 16 8 16
2.3108288615317343 1.9453434285172517 	idx: 4 4 3 16 8 16
2.3108288615317343 1.9258899942320793 	idx: 4 4 3 16 8 16
2.3164029008411102 1.9066310942897584 	idx: 2 4 3 16 2 64
2.3164029008411102 1.8875647833468607 	idx: 2 4 3 16 2 64
2.3164029008411102 1.868689135513392 	idx: 2 4 3 16 2 64
2.3164029008411102 1.8500022441582582 	idx: 2 4 3 16 2 64
2.3164029008411102 1.8315022217166756 	idx: 2 4 3 16 2 64
2.3164029008411102 1.8131871994995088 	idx: 2 4 3 16 2 64
2.3164029008411102 1.7950553275045138 	idx: 2 4 3 16 2 64
2.3164029008411102 1.7771047742294686 	idx: 2 4 3 16 2 64
2.3164029008411102 1.7593337264871738 	idx: 2 4 3 16 2 64
2.3164029008411102 1.741740389222302 	idx: 2 4 3 16 2 64
2.3164029008411102 1.724322985330079 	idx: 2 4 3 16 2 64
2.3159505807312297 1.7070797554767783 	idx: 4 4 3 16 8 64
2.3159505807312297 1.6900089579220106 	idx: 4 4 3 16 8 64
2.3159505807312297 1.6731088683427904 	idx: 4 4 3 16 8 64
2.3159505807312297 1.6563777796593624 	idx: 4 4 3 16 8 64
2.3159505807312297 1.6398140018627687 	idx: 4 4 3 16 8 64
2.3159505807312297 1.623415861844141 	idx: 4 4 3 16 8 64
2.3159505807312297 1.6071817032256996 	idx: 4 4 3 16 8 64
2.3159505807312297 1.5911098861934427 	idx: 4 4 3 16 8 64
2.3159505807312297 1.5751987873315083 	idx: 4 4 3 16 8 64
2.3159505807312297 1.5594467994581933 	idx: 4 4 3 16 8 64
2.3159505807312297 1.5438523314636114 	idx: 4 4 3 16 8 64
2.316303303752346 1.5284138081489753 	idx: 2 4 3 16 4 64
2.316303303752346 1.5131296700674854 	idx: 2 4 3 16 4 64
2.316303303752346 1.4979983733668105 	idx: 2 4 3 16 4 64
2.316303303752346 1.4830183896331424 	idx: 2 4 3 16 4 64
2.316303303752346 1.468188205736811 	idx: 2 4 3 16 4 64
2.316303303752346 1.4535063236794428 	idx: 2 4 3 16 4 64
2.316303303752346 1.4389712604426483 	idx: 2 4 3 16 4 64
2.316303303752346 1.4245815478382218 	idx: 2 4 3 16 4 64
2.316303303752346 1.4103357323598396 	idx: 2 4 3 16 4 64
2.316303303752346 1.396232375036241 	idx: 2 4 3 16 4 64
2.316303303752346 1.3822700512858788 	idx: 2 4 3 16 4 64
2.316303303752346 1.36844735077302 	idx: 2 4 3 16 4 64
2.316303303752346 1.3547628772652898 	idx: 2 4 3 16 4 64
2.316303303752346 1.341215248492637 	idx: 2 4 3 16 4 64
2.316303303752346 1.3278030960077105 	idx: 2 4 3 16 4 64
2.316303303752346 1.3145250650476334 	idx: 2 4 3 16 4 64
2.316303303752346 1.301379814397157 	idx: 2 4 3 16 4 64
2.316303303752346 1.2883660162531856 	idx: 2 4 3 16 4 64
2.316303303752346 1.2754823560906536 	idx: 2 4 3 16 4 64
2.316303303752346 1.2627275325297471 	idx: 2 4 3 16 4 64
2.316303303752346 1.2501002572044497 	idx: 2 4 3 16 4 64
2.316303303752346 1.2375992546324053 	idx: 2 4 3 16 4 64
2.316303303752346 1.2252232620860812 	idx: 2 4 3 16 4 64
2.316303303752346 1.2129710294652205 	idx: 2 4 3 16 4 64
2.316303303752346 1.2008413191705682 	idx: 2 4 3 16 4 64
2.313331309623274 1.1888329059788625 	idx: 4 4 3 16 4 128
2.313331309623274 1.1769445769190738 	idx: 4 4 3 16 4 128
2.313331309623274 1.165175131149883 	idx: 4 4 3 16 4 128
2.313331309623274 1.1535233798383842 	idx: 4 4 3 16 4 128
2.313331309623274 1.1419881460400003 	idx: 4 4 3 16 4 128
2.313331309623274 1.1305682645796002 	idx: 4 4 3 16 4 128
2.313331309623274 1.1192625819338042 	idx: 4 4 3 16 4 128
2.313331309623274 1.1080699561144662 	idx: 4 4 3 16 4 128
2.313331309623274 1.0969892565533215 	idx: 4 4 3 16 4 128
2.313331309623274 1.0860193639877882 	idx: 4 4 3 16 4 128
2.313331309623274 1.0751591703479102 	idx: 4 4 3 16 4 128
2.313331309623274 1.0644075786444311 	idx: 4 4 3 16 4 128
2.313331309623274 1.0537635028579868 	idx: 4 4 3 16 4 128
2.313331309623274 1.0432258678294068 	idx: 4 4 3 16 4 128
2.313331309623274 1.0327936091511127 	idx: 4 4 3 16 4 128
2.313331309623274 1.0224656730596016 	idx: 4 4 3 16 4 128
2.313331309623274 1.0122410163290056 	idx: 4 4 3 16 4 128
2.313331309623274 1.0021186061657157 	idx: 4 4 3 16 4 128
###### ACC Parameters ######
cim type:    LccCIM
bus_width:   25.6
macros_row:  4
macros_col:  3
scr:         16
is_size:     4
os_size:     128
best=2.313331309623274, area=4992606.133940753 459
resnet_18_LCC-CIM@ISSCC20_ee_running end at 1757789337.1764462
39.22014655749698 100 	idx: 1 4 2 2 64 128
99.66514764203863 99.0 	idx: 1 4 3 2 128 128
95.14914952339154 98.01 	idx: 1 3 3 2 128 64
61.22999226168209 97.0299 	idx: 1 2 3 4 64 32
65.3891430652355 96.059601 	idx: 3 2 2 16 128 64
157.7044147916259 95.09900499 	idx: 3 1 3 16 256 128
157.85595980749798 94.1480149401 	idx: 3 1 3 32 256 128
157.85595980749798 93.206534790699 	idx: 3 1 3 32 256 128
200.95307862778122 92.27446944279201 	idx: 3 1 4 64 512 128
183.44660013180194 91.35172474836409 	idx: 3 2 3 32 1024 128
151.04181547203865 90.43820750088045 	idx: 0 2 3 8 256 16
95.48102534781479 89.53382542587164 	idx: 0 3 3 8 128 8
101.52721458717862 88.63848717161292 	idx: 0 2 3 16 128 8
108.82626095576649 87.75210229989679 	idx: 3 4 2 64 512 16
61.38836053770797 86.87458127689783 	idx: 3 4 1 32 1024 8
108.51081610118 86.00583546412885 	idx: 3 4 2 16 512 4
89.27359272091637 85.14577710948755 	idx: 3 5 2 8 256 4
35.59210460957606 84.29431933839268 	idx: 4 1 1 2 128 256
20.44870442642817 83.45137614500875 	idx: 4 2 1 2 64 256
19.12034666593709 82.61686238355867 	idx: 3 3 1 32 64 8
42.96244766090592 81.79069375972308 	idx: 4 1 2 2 64 512
39.01493250064135 80.97278682212585 	idx: 0 4 2 2 64 4
61.360268818923295 80.1630589539046 	idx: 1 2 3 4 64 256
76.37158769833675 79.36142836436555 	idx: 1 2 4 2 64 128
81.07891185811067 78.56781408072189 	idx: 1 1 4 2 64 64
76.37982183698314 77.78213593991467 	idx: 1 2 4 4 64 32
94.12059868744221 77.00431458051553 	idx: 1 1 5 4 64 32
121.98040402498177 76.23427143471037 	idx: 1 1 6 4 64 64
155.09850102176821 75.47192872036327 	idx: 1 1 5 8 128 128
155.09850102176821 74.71720943315964 	idx: 1 1 5 16 128 128
76.56043738657218 73.97003733882804 	idx: 1 2 4 8 64 64
87.56798089841661 73.23033696543976 	idx: 1 2 5 4 64 64
129.7965368721345 72.49803359578536 	idx: 1 1 4 8 128 64
94.12059868744221 71.7730532598275 	idx: 1 1 5 16 64 64
122.10902071339285 71.05532272722922 	idx: 1 1 6 32 64 128
146.5543789670266 70.34476949995693 	idx: 1 2 5 16 128 128
76.61729882777597 69.64132180495736 	idx: 1 2 4 16 64 64
66.0356206701433 68.94490858690779 	idx: 1 1 3 32 64 128
42.88842644055956 68.25545950103871 	idx: 1 1 4 16 32 256
82.09664822968539 67.57290490602833 	idx: 1 1 4 32 64 512
123.86999138369404 66.89717585696805 	idx: 1 2 4 32 128 256
146.5543789670266 66.22820409839836 	idx: 1 2 5 16 128 128
96.20994671629344 65.56592205741438 	idx: 2 2 2 256 256 512
76.52761395097419 64.91026283684023 	idx: 3 2 4 8 64 32
42.85800004891815 64.26116020847184 	idx: 3 1 4 16 32 32
64.42475432565531 63.618548606387115 	idx: 1 4 2 64 128 512
65.95516814998648 62.98236312032324 	idx: 3 1 3 16 64 32
91.9754732253163 62.35253948912001 	idx: 1 3 2 16 256 1024
69.08069575068102 61.72901409422881 	idx: 3 1 2 16 128 128
99.7659468285019 61.11172395328652 	idx: 1 1 2 8 256 512
174.93800873551154 60.500606713753655 	idx: 1 2 3 8 512 256
114.49547267321944 59.89560064661612 	idx: 1 2 2 4 1024 256
108.05237601431594 59.29664464014996 	idx: 1 1 2 8 1024 128
109.02108234705705 58.70367819374846 	idx: 2 1 2 128 512 1024
151.8938214765657 58.116641411810974 	idx: 1 2 3 16 256 256
101.55353703456903 57.535474997692866 	idx: 1 2 3 8 128 128
61.74375502704326 56.960120247715935 	idx: 3 3 2 64 128 64
95.70651122646635 56.390519045238776 	idx: 3 3 3 32 128 64
65.0801899695926 55.82661385478639 	idx: 1 2 2 4 128 64
95.37755792274864 55.26834771623852 	idx: 1 3 3 4 128 32
109.0126942145581 54.71566423907614 	idx: 2 1 2 256 512 256
100.16717958149927 54.16850759668538 	idx: 1 2 3 2 128 16
58.8235157660178 53.62682252071853 	idx: 2 2 1 64 512 256
96.17558378885043 53.09055429551134 	idx: 2 2 2 64 256 128
95.48102534781479 52.55964875255623 	idx: 1 3 3 8 128 8
39.265253504551616 52.03405226503067 	idx: 0 4 2 8 64 32
94.5785085366798 51.51371174238036 	idx: 1 3 3 2 128 8
99.78779477258396 50.998574624956554 	idx: 2 1 2 64 256 128
99.69097908236829 50.488588878706985 	idx: 2 1 2 32 256 64
65.36771906275918 49.98370298991991 	idx: 2 2 2 16 128 32
107.17497526814999 49.483865960020715 	idx: 1 3 2 4 512 64
59.65874261322442 48.98902730042051 	idx: 1 3 1 4 1024 32
57.28718558856683 48.4991370274163 	idx: 1 3 1 8 512 16
94.68076766355243 48.01414565714214 	idx: 1 4 2 16 256 32
31.951071394971652 47.53400420057071 	idx: 1 3 1 8 128 32
33.4527676455997 47.05866415856501 	idx: 1 4 1 16 128 64
58.52475629628112 46.58807751697936 	idx: 1 5 2 32 128 128
40.055449444046516 46.12219674180957 	idx: 3 2 2 256 64 4
35.232454335834845 45.66097477439147 	idx: 3 1 3 512 32 4
39.303431603397904 45.20436502664755 	idx: 1 4 2 128 64 64
60.580424816924534 44.752321376381076 	idx: 4 3 2 2 128 4
94.82083697798673 44.30479816261727 	idx: 1 4 2 64 256 64
65.48810164594 43.861750180991095 	idx: 3 2 2 512 128 4
69.22530189856423 43.42313267918119 	idx: 3 1 2 256 128 8
157.93940626894164 42.98890135238938 	idx: 3 1 3 128 256 4
96.1153357735433 42.559012338865486 	idx: 3 2 2 64 256 2
88.52392598507909 42.133422215476834 	idx: 4 5 2 2 256 16
57.84904967768627 41.712087993322065 	idx: 4 5 1 4 512 32
88.97554243930942 41.29496711338884 	idx: 4 5 2 2 256 64
64.01836945592227 40.882017442254956 	idx: 4 4 2 2 128 64
33.4527676455997 40.473197267832404 	idx: 2 4 1 16 128 64
94.58627760433346 40.06846529515408 	idx: 2 4 2 8 256 64
58.326003641271996 39.66778064220254 	idx: 2 5 1 16 512 64
108.82423659094933 39.27110283578051 	idx: 2 4 2 32 512 128
94.12059868744221 38.8783918074227 	idx: 0 1 5 4 64 32
94.75714927259955 38.48960788934848 	idx: 2 4 2 16 256 128
101.43743443285891 38.104711810454994 	idx: 0 2 3 8 128 32
65.88891232656833 37.72366469235045 	idx: 0 1 3 8 64 64
82.01910521471908 37.34642804542694 	idx: 0 1 4 16 64 128
130.24991149984865 36.97296376497267 	idx: 0 1 4 16 128 128
179.18707485883382 36.60323412732294 	idx: 0 2 4 32 256 128
179.18707485883382 36.23720178604971 	idx: 0 2 4 32 256 128
179.2465813836953 35.874829768189215 	idx: 0 2 4 64 256 64
230.60962220593183 35.516081470507324 	idx: 0 1 5 64 256 64
230.60962220593183 35.16092065580225 	idx: 0 1 5 64 256 64
222.7309742784209 34.80931144924423 	idx: 0 2 5 32 256 64
190.80408486838542 34.461218334751784 	idx: 0 1 6 64 128 32
101.72836131165968 34.11660615140427 	idx: 1 2 3 128 128 256
130.4954626028197 33.775440089890225 	idx: 1 1 4 128 128 256
130.4954626028197 33.43768568899132 	idx: 1 1 4 128 128 256
82.10185147333546 33.10330883210141 	idx: 1 1 4 128 64 512
82.09902677351779 32.7722757437804 	idx: 0 1 4 256 64 128
130.48541623871512 32.44455298634259 	idx: 0 1 4 128 128 128
101.72368239053506 32.12010745647917 	idx: 0 2 3 128 128 64
95.03613944660287 31.798906381914374 	idx: 2 3 3 4 128 4
82.09412117786933 31.48091731809523 	idx: 1 1 4 128 64 128
82.09092542335826 31.16610814491428 	idx: 1 1 4 64 64 256
76.07289008688628 30.854447063465138 	idx: 2 2 4 4 64 2
92.89750470938817 30.545902592830487 	idx: 2 1 5 2 64 2
123.8860685657334 30.240443566902183 	idx: 1 2 4 128 128 64
157.98240117287185 29.93803913123316 	idx: 1 1 3 256 256 32
151.99050491658195 29.638658739920828 	idx: 0 2 3 256 256 2
69.19828076610418 29.34227215252162 	idx: 0 1 2 128 128 4
157.83926735814202 29.048849430996402 	idx: 0 1 3 64 256 8
107.66409724170173 28.758360936686437 	idx: 0 1 3 64 128 16
108.98858552204578 28.47077732731957 	idx: 1 1 2 128 512 128
151.98897637399338 28.186069554046373 	idx: 1 2 3 128 256 256
99.83690521017063 27.90420885850591 	idx: 1 1 2 64 256 512
151.9917787255583 27.625166769920853 	idx: 1 2 3 64 256 512
101.73075799893084 27.348915102221643 	idx: 1 2 3 128 128 512
123.60354992927199 27.075425951199424 	idx: 0 2 4 16 128 8
69.17612228597322 26.804671691687428 	idx: 2 1 8 32 32 128
180.04379517695517 26.536624974770554 	idx: 2 1 9 32 64 256
203.24820142352982 26.271258725022847 	idx: 2 1 8 64 128 256
117.02694781006979 26.00854613777262 	idx: 2 1 7 128 64 128
60.26591352607472 25.748460676394892 	idx: 2 1 7 128 32 64
99.71981214709535 25.490976069630943 	idx: 0 4 3 8 128 2
116.14645960612728 25.23606630893463 	idx: 0 3 4 4 128 4
108.92639767631545 24.983705645845284 	idx: 1 1 2 8 1024 512
65.48810164594 24.73386858938683 	idx: 4 2 2 512 128 64
110.06195935825761 24.48652990349296 	idx: 1 2 2 2 512 1024
175.0993107296958 24.24166460445803 	idx: 1 2 3 4 512 512
182.951932632386 23.99924795841345 	idx: 1 2 3 4 1024 256
107.18960801314957 23.759255478829314 	idx: 1 1 2 2 1024 256
100.65683336043696 23.52166292404102 	idx: 0 2 3 4 128 4
109.01007318785524 23.28644629480061 	idx: 4 1 2 512 512 16
107.37485754884547 23.053581831852604 	idx: 1 1 2 4 512 128
172.21447350303822 22.82304601353408 	idx: 1 1 3 8 1024 128
182.951932632386 22.59481555339874 	idx: 1 2 3 4 1024 256
109.60067927762088 22.36886739786475 	idx: 1 2 2 4 512 256
109.83475948151995 22.145178723886104 	idx: 1 2 2 8 512 256
109.82787517047423 21.923726936647242 	idx: 1 2 2 16 512 128
174.74946861481402 21.704489667280768 	idx: 1 2 3 16 512 64
182.85066430469442 21.48744477060796 	idx: 1 2 3 16 1024 32
171.5123543352809 21.27257032290188 	idx: 0 2 3 4 512 8
183.04583046098534 21.059844619672862 	idx: 0 1 4 2 512 4
179.24073524266606 20.849246173476132 	idx: 0 1 4 4 256 8
179.24073524266606 20.64075371174137 	idx: 0 1 4 4 256 8
145.33389354642372 20.434346174623958 	idx: 0 2 5 2 128 8
174.5633507329295 20.230002712877717 	idx: 1 2 3 16 512 32
127.33640311228149 20.027702685748938 	idx: 0 1 4 4 128 4
127.33640311228149 19.82742565889145 	idx: 0 1 4 4 128 4
127.33640311228149 19.629151402302536 	idx: 0 1 4 4 128 4
109.81158241402925 19.43285988827951 	idx: 1 2 2 32 512 32
67.433665755621 19.238531289396715 	idx: 0 1 2 4 128 4
108.04542365510041 19.046145976502746 	idx: 1 1 2 16 512 32
183.24835693369735 18.855684516737718 	idx: 1 2 3 32 1024 32
200.39362938874552 18.66712767157034 	idx: 1 1 4 32 1024 32
173.0813735525146 18.480456394854638 	idx: 1 1 3 32 512 64
190.76284084490302 18.295651830906092 	idx: 2 1 6 16 128 128
190.76284084490302 18.11269531259703 	idx: 2 1 6 16 128 128
155.09850102176821 17.931568359471058 	idx: 2 1 5 8 128 256
152.54817440456915 17.752252675876345 	idx: 0 1 3 4 256 4
169.98578522621827 17.57473014911758 	idx: 0 1 4 2 256 2
190.76284084490302 17.398982847626407 	idx: 2 1 6 16 128 128
198.32762418432526 17.22499301915014 	idx: 0 2 4 4 512 4
166.43712647554807 17.05274308895864 	idx: 0 1 3 4 512 8
150.05093318429414 16.882215658069054 	idx: 0 1 3 2 256 16
64.98709328673962 16.713393501488362 	idx: 0 2 2 4 128 32
37.27422789619021 16.546259566473477 	idx: 0 3 2 4 64 16
34.052044898360386 16.380796970808742 	idx: 1 2 1 128 128 128
65.46707359445034 16.216989001100654 	idx: 1 2 2 64 128 64
61.750429923038446 16.054819111089646 	idx: 1 3 2 128 128 32
96.20412854792114 15.89427091997875 	idx: 1 2 2 256 256 16
151.97426572348323 15.735328210778961 	idx: 1 2 3 128 256 32
107.74158720238395 15.577974928671171 	idx: 1 1 3 256 128 64
82.10185147333546 15.42219517938446 	idx: 1 1 4 512 64 32
47.20460072466437 15.267973227590614 	idx: 1 1 5 256 32 32
47.20460072466437 15.115293495314708 	idx: 1 1 5 256 32 64
42.89290992474305 14.96414056036156 	idx: 1 1 4 256 32 128
76.66512062141668 14.814499154757945 	idx: 0 2 4 16 64 512
123.88302204237155 14.666354163210364 	idx: 0 2 4 16 128 512
66.06325990669495 14.519690621578262 	idx: 0 1 3 8 64 1024
69.21860407954202 14.374493715362478 	idx: 0 1 2 16 128 512
99.69267790706878 14.230748778208852 	idx: 0 1 2 16 256 256
108.93123923338067 14.088441290426763 	idx: 0 1 2 32 512 256
108.93123923338067 13.947556877522496 	idx: 0 1 2 32 512 256
96.04005553029819 13.808081308747271 	idx: 0 2 2 16 256 128
40.054529387898704 13.670000495659798 	idx: 1 2 2 128 64 128
42.99851683251417 13.5333004907032 	idx: 0 1 2 32 64 128
69.20047231015873 13.397967485796167 	idx: 1 1 2 64 128 128
123.88843818749865 13.263987810938206 	idx: 0 2 4 128 128 128
123.88843818749865 13.131347932828824 	idx: 0 2 4 128 128 128
123.88843818749865 13.000034453500536 	idx: 0 2 4 128 128 128
123.88488378884335 12.87003410896553 	idx: 0 2 4 64 128 256
114.85640230743678 12.741333767875876 	idx: 3 2 2 64 1024 16
58.182575269055235 12.613920430197117 	idx: 3 1 1 128 2048 8
108.98206883455627 12.487781225895146 	idx: 3 1 2 256 1024 4
58.52333985775776 12.362903413636195 	idx: 1 5 2 16 128 256
110.01058480158274 12.239274379499832 	idx: 3 2 2 128 512 2
151.9682803864481 12.116881635704834 	idx: 3 2 3 128 256 4
151.9682803864481 11.995712819347785 	idx: 3 2 3 128 256 4
185.28680876105707 11.875755691154307 	idx: 3 1 4 128 256 4
185.3285594066008 11.756998134242764 	idx: 3 1 4 256 256 2
157.93940626894164 11.639428152900336 	idx: 3 1 3 128 256 4
157.82855307833591 11.523033871371332 	idx: 4 1 3 64 256 4
179.21274991106367 11.407803532657619 	idx: 4 2 4 64 256 2
184.73098476059124 11.293725497331042 	idx: 4 1 4 32 256 4
190.45692825997463 11.180788242357732 	idx: 3 1 6 16 128 8
190.45692825997463 11.068980359934155 	idx: 3 1 6 16 128 8
222.7309742784209 10.958290556334813 	idx: 3 2 5 32 256 8
230.60962220593183 10.848707650771464 	idx: 3 1 5 16 256 16
222.7309742784209 10.74022057426375 	idx: 3 2 5 8 256 32
222.7309742784209 10.632818368521113 	idx: 3 2 5 8 256 32
190.19885978932533 10.526490184835902 	idx: 3 1 6 8 128 16
265.4077011728911 10.421225282987542 	idx: 3 1 6 16 256 32
265.62714211853 10.317013030157668 	idx: 4 1 6 16 256 64
190.64162048831406 10.213842899856092 	idx: 3 1 6 16 128 32
262.24284065833956 10.11170447085753 	idx: 4 1 8 8 256 16
262.24284065833956 10.010587426148955 	idx: 4 1 8 8 256 16
284.4331399274316 9.910481551887466 	idx: 4 1 7 16 512 16
285.11954948390155 9.811376736368592 	idx: 4 1 7 32 512 8
285.42872966871084 9.713262969004907 	idx: 4 1 7 64 512 8
287.0385687017464 9.616130339314857 	idx: 4 1 6 128 512 8
287.0385687017464 9.519969035921708 	idx: 4 1 6 128 512 8
251.6568540696331 9.42476934556249 	idx: 4 1 5 64 1024 16
251.52858521863593 9.330521652106865 	idx: 4 1 5 32 512 16
222.7309742784209 9.237216435585797 	idx: 4 2 5 16 256 16
251.12161005947925 9.144844271229939 	idx: 4 1 5 8 512 32
284.27285885589333 9.053395828517639 	idx: 4 1 6 4 1024 64
253.3078489255208 8.962861870232462 	idx: 4 2 5 4 512 32
253.3078489255208 8.873233251530138 	idx: 4 2 5 4 512 32
174.72943327820735 8.784500919014837 	idx: 4 2 4 2 256 32
169.150252201164 8.696655909824688 	idx: 4 2 3 2 512 32
105.68416125686181 8.609689350726441 	idx: 4 2 2 2 512 32
165.47024615318642 8.523592457219177 	idx: 4 1 3 2 512 64
195.90650212589443 8.438356532646985 	idx: 4 2 4 2 512 32
248.3906982987148 8.353972967320516 	idx: 4 2 5 2 512 16
253.3078489255208 8.27043323764731 	idx: 4 2 5 4 512 32
222.7309742784209 8.187728905270838 	idx: 4 2 5 8 256 64
184.951027521944 8.105851616218128 	idx: 4 1 4 16 256 128
251.7705729235357 8.024793100055946 	idx: 4 1 5 32 512 256
230.60962220593183 7.944545169055387 	idx: 4 1 5 32 256 512
155.09850102176821 7.865099717364833 	idx: 4 1 5 32 128 1024
179.30293647443128 7.786448720191185 	idx: 4 2 4 32 256 512
181.26667929376853 7.708584232989273 	idx: 3 1 7 8 128 512
261.05319475262684 7.63149839065938 	idx: 3 1 7 8 256 512
261.05319475262684 7.5551834067527865 	idx: 3 1 7 4 256 512
287.08786934500745 7.479631572685259 	idx: 3 1 6 2 512 512
261.05319475262684 7.404835256958406 	idx: 3 1 7 2 256 256
261.05319475262684 7.330786904388821 	idx: 3 1 7 2 256 256
203.1280031630222 7.257479035344933 	idx: 3 1 8 4 128 256
180.04379517695517 7.1849042449914835 	idx: 3 1 9 2 64 512
180.04379517695517 7.1130552025415685 	idx: 3 1 9 2 64 512
180.04379517695517 7.041924650516153 	idx: 3 1 9 2 64 256
190.68010554078614 6.971505404010991 	idx: 4 1 6 8 128 128
180.04379517695517 6.901790349970882 	idx: 3 1 9 2 64 256
180.04379517695517 6.832772446471173 	idx: 3 1 9 2 64 256
94.52544172926453 6.764444722006462 	idx: 3 1 9 4 32 256
47.375022569966895 6.696800274786397 	idx: 3 1 9 2 16 128
47.375022569966895 6.6298322720385325 	idx: 3 1 9 2 16 64
76.37982183698314 6.563533949318147 	idx: 0 2 4 4 64 32
123.39233721063145 6.497898609824966 	idx: 2 2 4 4 128 128
94.12059868744221 6.432919623726716 	idx: 2 1 5 2 64 256
154.7578289580632 6.3685904274894485 	idx: 2 1 5 2 128 128
190.51214824463727 6.304904523214554 	idx: 2 1 6 4 128 128
190.51214824463727 6.2418554779824085 	idx: 2 1 6 4 128 128
155.09850102176821 6.1794369232025845 	idx: 2 1 5 4 128 128
81.89416092030841 6.117642553970558 	idx: 2 1 4 4 64 256
117.020151756485 6.056466128430853 	idx: 0 1 7 2 64 128
202.53015587091443 5.9959014671465445 	idx: 0 1 8 2 128 128
180.37893153839076 5.935942452475079 	idx: 0 1 7 2 128 64
180.37893153839076 5.8765830279503275 	idx: 0 1 7 2 128 64
116.93583312431532 5.817817197670824 	idx: 0 1 7 4 64 64
181.16971076762013 5.759639025694116 	idx: 0 1 7 8 128 128
265.4902648078829 5.7020426354371745 	idx: 0 1 6 8 256 64
265.4902648078829 5.645022209082803 	idx: 0 1 6 8 256 64
265.4902648078829 5.588571986991974 	idx: 0 1 6 8 256 64
261.0419220441619 5.532686267122054 	idx: 0 1 7 8 256 128
265.6580757103568 5.477359404450834 	idx: 2 1 6 16 256 256
265.6415379883113 5.422585810406325 	idx: 0 1 6 4 256 128
265.6415379883113 5.368359952302262 	idx: 0 1 6 4 256 128
265.6415379883113 5.314676352779239 	idx: 0 1 6 4 256 128
281.90372136077093 5.261529589251447 	idx: 0 1 6 2 512 64
281.14266154885996 5.208914293358933 	idx: 0 1 6 2 1024 64
249.59951114007447 5.156825150425344 	idx: 0 1 5 2 1024 128
199.8099852034335 5.10525689892109 	idx: 0 1 4 4 512 256
199.57064809572464 5.0542043299318795 	idx: 0 1 4 4 1024 256
170.95231821789534 5.003662286632561 	idx: 0 1 3 4 1024 128
182.47874363081678 4.953625663766235 	idx: 0 2 3 8 1024 64
172.12376015291778 4.9040894071285726 	idx: 0 1 3 16 1024 32
109.13484265496503 4.8550485130572865 	idx: 4 2 2 2 512 256
130.5082340462049 4.806498027926714 	idx: 2 1 4 16 128 1024
156.0766358124166 4.758433047647447 	idx: 0 1 3 4 256 64
190.83600854234527 4.710848717170973 	idx: 2 1 6 64 128 512
200.90677443369137 4.663740229999263 	idx: 4 1 4 8 1024 512
251.7705729235357 4.61710282769927 	idx: 4 1 5 8 512 256
251.7705729235357 4.570931799422278 	idx: 4 1 5 8 512 256
251.7705729235357 4.525222481428055 	idx: 4 1 5 8 1024 256
287.08786934500745 4.4799702566137745 	idx: 4 1 6 16 512 512
230.60962220593183 4.4351705540476365 	idx: 4 1 5 8 256 1024
230.60962220593183 4.39081884850716 	idx: 4 1 5 16 256 1024
201.06536581904618 4.346910660022088 	idx: 4 1 4 32 512 1024
251.7705729235357 4.303441553421867 	idx: 4 1 5 16 512 512
261.2613510507725 4.260407137887648 	idx: 3 1 10 2 128 8
261.2613510507725 4.217803066508771 	idx: 3 1 10 2 128 8
362.56253047491384 4.175625035843683 	idx: 3 1 9 2 256 16
366.7260858091815 4.133868785485246 	idx: 3 1 9 4 256 8
284.93678011118993 4.0925300976303935 	idx: 3 1 8 8 512 4
367.3854112308565 4.05160479665409 	idx: 3 1 9 16 256 8
367.3854112308565 4.011088748687548 	idx: 3 1 9 16 256 8
367.3854112308565 3.970977861200673 	idx: 3 1 9 16 256 8
405.41277470900013 3.9312680825886663 	idx: 3 1 9 8 512 4
403.37981122863755 3.8919554017627798 	idx: 3 1 9 4 512 2
403.37981122863755 3.853035847745152 	idx: 3 1 9 4 512 2
367.3854112308565 3.8145054892677006 	idx: 4 1 9 8 256 256
367.3854112308565 3.7763604343750234 	idx: 4 1 9 8 256 256
366.07651194477245 3.7385968300312733 	idx: 3 1 9 4 256 4
395.59620319018404 3.7012108617309605 	idx: 3 1 9 2 512 8
395.59620319018404 3.664198753113651 	idx: 3 1 9 2 512 8
367.3854112308565 3.6275567655825145 	idx: 4 1 9 8 256 128
403.62894189809356 3.591281197926689 	idx: 3 1 9 4 512 8
403.62894189809356 3.555368385947422 	idx: 3 1 9 4 512 8
403.62894189809356 3.519814702087948 	idx: 3 1 9 4 512 8
365.50067343765585 3.4846165550670687 	idx: 4 1 9 2 256 128
365.50067343765585 3.449770389516398 	idx: 4 1 9 2 256 128
365.50067343765585 3.415272685621234 	idx: 4 1 9 2 256 128
367.3854112308565 3.3811199587650216 	idx: 3 1 9 8 256 16
367.3854112308565 3.347308759177371 	idx: 3 1 9 8 256 16
367.3854112308565 3.3138356715855974 	idx: 3 1 9 8 256 16
364.26110702707916 3.2806973148697414 	idx: 4 1 9 2 256 64
364.26110702707916 3.247890341721044 	idx: 4 1 9 2 256 64
364.26110702707916 3.2154114383038332 	idx: 4 1 9 2 256 64
353.2721309176194 3.183257323920795 	idx: 4 1 10 2 256 32
404.4661147587782 3.1514247506815867 	idx: 4 1 9 4 512 32
366.89635483048687 3.1199105031747707 	idx: 4 1 9 4 256 32
262.9409159052488 3.088711398143023 	idx: 4 1 8 8 256 64
287.64521055599215 3.0578242841615926 	idx: 4 1 8 8 512 128
366.89635483048687 3.0272460413199767 	idx: 4 1 9 4 256 64
399.227183953085 2.996973580906777 	idx: 4 1 9 2 512 32
403.93505273696553 2.967003845097709 	idx: 4 1 9 4 512 16
403.93505273696553 2.9373338066467323 	idx: 4 1 9 4 512 16
403.93505273696553 2.907960468580265 	idx: 4 1 9 4 512 16
404.4661147587782 2.8788808638944623 	idx: 4 1 9 4 512 32
404.4661147587782 2.8500920552555176 	idx: 4 1 9 4 512 32
404.4661147587782 2.8215911347029623 	idx: 4 1 9 4 512 32
403.93505273696553 2.7933752233559326 	idx: 4 1 9 4 512 16
357.41889496556007 2.765441471122373 	idx: 4 1 10 8 256 16
366.7260858091815 2.7377870564111495 	idx: 4 1 9 4 256 8
366.7260858091815 2.710409185847038 	idx: 4 1 9 4 256 8
405.41277470900013 2.6833050939885674 	idx: 4 1 9 8 512 4
366.7260858091815 2.656472043048682 	idx: 4 1 9 4 256 8
367.3854112308565 2.629907322618195 	idx: 4 1 9 8 256 4
357.41889496556007 2.603608249392013 	idx: 4 1 10 8 256 2
357.41889496556007 2.577572166898093 	idx: 4 1 10 8 256 2
403.4632693991192 2.551796445229112 	idx: 4 1 9 4 512 4
403.4632693991192 2.526278480776821 	idx: 4 1 9 4 512 4
357.41889496556007 2.501015695969053 	idx: 4 1 10 8 256 4
357.41889496556007 2.4760055390093623 	idx: 4 1 10 8 256 4
367.3854112308565 2.4512454836192688 	idx: 4 1 9 8 256 2
367.3854112308565 2.426733028783076 	idx: 4 1 9 8 256 2
367.3854112308565 2.402465698495245 	idx: 4 1 9 8 256 2
367.3854112308565 2.3784410415102926 	idx: 4 1 9 8 256 2
367.3854112308565 2.3546566310951897 	idx: 4 1 9 8 256 2
367.3854112308565 2.3311100647842378 	idx: 4 1 9 8 256 2
367.3854112308565 2.307798964136395 	idx: 4 1 9 16 256 4
286.628689557728 2.2847209744950314 	idx: 3 1 6 16 1024 64
286.628689557728 2.261873764750081 	idx: 3 1 6 16 1024 64
286.628689557728 2.23925502710258 	idx: 3 1 6 16 1024 64
287.08786934500745 2.2168624768315546 	idx: 3 1 6 32 512 128
265.65515713919507 2.194693852063239 	idx: 3 1 6 32 256 64
280.6505958690744 2.1727469135426065 	idx: 4 1 9 8 128 16
280.6505958690744 2.1510194444071806 	idx: 4 1 9 8 128 16
265.65515713919507 2.129509249963109 	idx: 3 1 6 32 256 64
265.65515713919507 2.108214157463478 	idx: 3 1 6 32 256 64
366.89635483048687 2.087132015888843 	idx: 4 1 9 4 256 64
366.89635483048687 2.0662606957299547 	idx: 4 1 9 4 256 64
366.89635483048687 2.045598088772655 	idx: 4 1 9 4 256 64
402.6199591510523 2.0251421078849283 	idx: 4 1 9 2 512 64
402.6199591510523 2.004890686806079 	idx: 4 1 9 2 512 64
402.6199591510523 1.9848417799380185 	idx: 4 1 9 2 512 64
402.6199591510523 1.9649933621386382 	idx: 4 1 9 2 512 64
402.6199591510523 1.9453434285172517 	idx: 4 1 9 2 512 64
402.6199591510523 1.9258899942320793 	idx: 4 1 9 2 512 64
402.6199591510523 1.9066310942897584 	idx: 4 1 9 2 512 64
402.6199591510523 1.8875647833468607 	idx: 4 1 9 2 512 64
356.89137054638843 1.868689135513392 	idx: 4 1 10 4 256 32
356.89137054638843 1.8500022441582582 	idx: 4 1 10 4 256 32
367.3854112308565 1.8315022217166756 	idx: 3 1 9 32 256 8
367.3854112308565 1.8131871994995088 	idx: 3 1 9 32 256 8
367.3854112308565 1.7950553275045138 	idx: 3 1 9 32 256 8
367.3854112308565 1.7771047742294686 	idx: 3 1 9 32 256 8
367.3854112308565 1.7593337264871738 	idx: 3 1 9 32 256 8
367.3854112308565 1.741740389222302 	idx: 3 1 9 32 256 8
367.3854112308565 1.724322985330079 	idx: 3 1 9 32 256 8
396.9022198197094 1.7070797554767783 	idx: 4 1 9 2 512 16
367.3854112308565 1.6900089579220106 	idx: 3 1 9 32 256 8
403.93505273696553 1.6731088683427904 	idx: 4 1 9 4 512 16
403.93505273696553 1.6563777796593624 	idx: 4 1 9 4 512 16
403.93505273696553 1.6398140018627687 	idx: 4 1 9 4 512 16
403.93505273696553 1.623415861844141 	idx: 4 1 9 4 512 16
405.41277470900013 1.6071817032256996 	idx: 4 1 9 8 512 8
367.3854112308565 1.5911098861934427 	idx: 3 1 9 32 256 8
367.3854112308565 1.5751987873315083 	idx: 3 1 9 32 256 8
367.3854112308565 1.5594467994581933 	idx: 3 1 9 32 256 8
367.3854112308565 1.5438523314636114 	idx: 4 1 9 8 256 2
367.3854112308565 1.5284138081489753 	idx: 4 1 9 8 256 2
367.3854112308565 1.5131296700674854 	idx: 4 1 9 8 256 2
367.3854112308565 1.4979983733668105 	idx: 4 1 9 8 256 2
367.3854112308565 1.4830183896331424 	idx: 4 1 9 8 256 2
405.41277470900013 1.468188205736811 	idx: 4 1 9 8 512 2
405.41277470900013 1.4535063236794428 	idx: 4 1 9 8 512 2
405.41277470900013 1.4389712604426483 	idx: 4 1 9 8 512 2
367.3854112308565 1.4245815478382218 	idx: 4 1 9 8 256 2
367.3854112308565 1.4103357323598396 	idx: 4 1 9 8 256 2
367.3854112308565 1.396232375036241 	idx: 4 1 9 8 256 2
367.3854112308565 1.3822700512858788 	idx: 4 1 9 8 256 2
367.3854112308565 1.36844735077302 	idx: 4 1 9 8 256 2
367.3854112308565 1.3547628772652898 	idx: 4 1 9 8 256 2
367.3854112308565 1.341215248492637 	idx: 4 1 9 8 256 2
367.3854112308565 1.3278030960077105 	idx: 4 1 9 8 256 4
367.3854112308565 1.3145250650476334 	idx: 4 1 9 8 256 4
356.8071111111111 1.301379814397157 	idx: 4 1 10 4 256 8
352.6631328300089 1.2883660162531856 	idx: 4 1 10 2 256 16
351.82094772138896 1.2754823560906536 	idx: 4 1 10 2 256 8
366.07651194477245 1.2627275325297471 	idx: 4 1 9 4 256 4
367.3854112308565 1.2501002572044497 	idx: 0 1 9 8 256 16
367.3854112308565 1.2375992546324053 	idx: 0 1 9 8 256 16
367.3854112308565 1.2252232620860812 	idx: 0 1 9 8 256 16
367.3854112308565 1.2129710294652205 	idx: 0 1 9 8 256 16
405.41277470900013 1.2008413191705682 	idx: 0 1 9 8 512 8
405.41277470900013 1.1888329059788625 	idx: 0 1 9 8 512 8
405.41277470900013 1.1769445769190738 	idx: 0 1 9 8 512 8
403.4632693991192 1.165175131149883 	idx: 0 1 9 4 512 4
403.4632693991192 1.1535233798383842 	idx: 0 1 9 4 512 4
403.4632693991192 1.1419881460400003 	idx: 0 1 9 4 512 4
403.4632693991192 1.1305682645796002 	idx: 0 1 9 4 512 4
403.4632693991192 1.1192625819338042 	idx: 0 1 9 4 512 4
403.4632693991192 1.1080699561144662 	idx: 0 1 9 4 512 4
403.4632693991192 1.0969892565533215 	idx: 0 1 9 4 512 4
403.4632693991192 1.0860193639877882 	idx: 0 1 9 4 512 4
403.4632693991192 1.0751591703479102 	idx: 0 1 9 4 512 4
403.4632693991192 1.0644075786444311 	idx: 0 1 9 4 512 4
403.4632693991192 1.0537635028579868 	idx: 0 1 9 4 512 4
403.4632693991192 1.0432258678294068 	idx: 0 1 9 4 512 4
367.3854112308565 1.0327936091511127 	idx: 4 1 9 32 256 2
367.3854112308565 1.0224656730596016 	idx: 4 1 9 32 256 2
367.3854112308565 1.0122410163290056 	idx: 4 1 9 16 256 2
366.89635483048687 1.0021186061657157 	idx: 3 1 9 4 256 128
###### ACC Parameters ######
cim type:    LccCIM
bus_width:   25.6
macros_row:  1
macros_col:  9
scr:         4
is_size:     256
os_size:     128
best=366.89635483048687, area=4670778.60245675 459
resnet_18_LCC-CIM@ISSCC20_tt_running start at 1757790653.102452
409.8193655980313 100 	idx: 2 3 2 2 128 256
416.5214217059231 99.0 	idx: 1 3 2 2 32 256
519.3221819098154 98.01 	idx: 3 2 3 8 256 16
393.76710532886636 97.0299 	idx: 2 3 2 4 256 64
394.54022314100825 96.059601 	idx: 2 3 2 4 128 32
339.95723150894855 95.09900499 	idx: 4 2 2 4 16 128
291.9984259828752 94.1480149401 	idx: 1 4 1 8 64 512
380.70835262876153 93.206534790699 	idx: 2 3 2 2 64 64
617.0192002667366 92.27446944279201 	idx: 3 3 3 2 256 128
602.3139711523453 91.35172474836409 	idx: 3 3 3 4 512 64
546.4575154575806 90.43820750088045 	idx: 4 2 3 8 32 128
625.7640961232232 89.53382542587164 	idx: 0 2 4 32 256 256
540.1547122325193 88.63848717161292 	idx: 4 2 3 4 16 128
483.5460830359321 87.75210229989679 	idx: 0 1 6 8 128 256
417.58599113739115 86.87458127689783 	idx: 0 1 5 4 64 256
433.047910408558 86.00583546412885 	idx: 4 3 2 8 8 512
608.0134854740484 85.14577710948755 	idx: 3 3 3 4 256 8
610.1213621041157 84.29431933839268 	idx: 3 3 3 8 512 4
627.7677334491789 83.45137614500875 	idx: 0 2 4 4 64 128
602.7073035285516 82.61686238355867 	idx: 0 3 3 2 128 64
549.9248276520808 81.79069375972308 	idx: 4 2 3 8 16 512
481.6793651130919 80.97278682212585 	idx: 3 2 3 4 512 8
643.915178628491 80.1630589539046 	idx: 4 2 4 16 32 512
545.7692932022649 79.36142836436555 	idx: 4 2 3 16 64 256
482.5476761465608 78.56781408072189 	idx: 3 2 3 8 1024 16
482.5476761465608 77.78213593991467 	idx: 3 2 3 8 1024 16
482.83995175757383 77.00431458051553 	idx: 2 4 2 2 64 32
548.4936499679413 76.23427143471037 	idx: 4 2 3 128 32 512
860.5885799701047 75.47192872036327 	idx: 0 4 3 8 64 64
860.5885799701047 74.71720943315964 	idx: 0 4 3 8 64 64
783.6090789286069 73.97003733882804 	idx: 2 3 4 8 64 64
821.4467318759016 73.23033696543976 	idx: 0 4 3 4 128 32
748.6383144546085 72.49803359578536 	idx: 0 3 4 4 64 32
760.6327042125924 71.7730532598275 	idx: 0 2 5 2 32 64
563.1845773075502 71.05532272722922 	idx: 0 2 4 2 32 32
616.9415376241666 70.34476949995693 	idx: 0 2 4 4 32 64
784.4649377445287 69.64132180495736 	idx: 0 2 5 2 64 128
646.1681384146168 68.94490858690779 	idx: 2 2 4 64 8 32
646.5424762434426 68.25545950103871 	idx: 2 2 4 64 4 16
893.9899113434535 67.57290490602833 	idx: 0 2 6 2 16 64
473.283630185784 66.89717585696805 	idx: 0 1 6 4 16 32
463.45898239247657 66.22820409839836 	idx: 0 1 7 2 16 32
551.0435119745741 65.56592205741438 	idx: 2 2 3 128 4 32
480.58992345536046 64.91026283684023 	idx: 0 1 6 2 4 128
801.1226133339223 64.26116020847184 	idx: 0 2 5 2 4 256
801.1226133339223 63.618548606387115 	idx: 0 2 5 2 4 256
576.0428115401596 62.98236312032324 	idx: 3 2 4 2 128 64
590.0763621160038 62.35253948912001 	idx: 3 2 4 4 256 32
564.7964322640922 61.72901409422881 	idx: 2 4 2 32 4 8
659.8451659380781 61.11172395328652 	idx: 1 3 3 4 128 256
675.8458385738961 60.500606713753655 	idx: 2 3 3 32 8 8
675.8458385738961 59.89560064661612 	idx: 2 3 3 32 8 8
794.9840521993376 59.29664464014996 	idx: 2 3 4 16 8 8
802.1608487092216 58.70367819374846 	idx: 2 2 5 32 8 4
858.527153346178 58.116641411810974 	idx: 0 2 6 2 4 16
676.2389721962761 57.535474997692866 	idx: 2 3 3 64 16 4
677.3566035833137 56.960120247715935 	idx: 2 3 3 64 8 2
566.7290648583615 56.390519045238776 	idx: 2 4 2 128 4 2
678.1836228028023 55.82661385478639 	idx: 2 3 3 128 2 2
551.2101576070355 55.26834771623852 	idx: 2 2 3 256 2 4
627.849232654672 54.71566423907614 	idx: 0 2 4 8 4 8
796.5343446876448 54.16850759668538 	idx: 0 3 4 16 2 16
802.8479859755369 53.62682252071853 	idx: 0 2 5 32 2 32
646.5424762434426 53.09055429551134 	idx: 0 2 4 64 4 32
528.0269446223723 52.55964875255623 	idx: 1 2 3 4 256 256
626.0838181708338 52.03405226503067 	idx: 4 3 3 4 64 4
739.720373539015 51.51371174238036 	idx: 4 3 4 4 32 2
658.2369732649047 50.998574624956554 	idx: 4 3 3 8 32 4
791.5765935205089 50.488588878706985 	idx: 4 3 4 16 32 8
801.2464932569005 49.98370298991991 	idx: 4 2 5 32 16 4
791.2226098337769 49.483865960020715 	idx: 4 3 4 16 32 4
791.2226098337769 48.98902730042051 	idx: 4 3 4 16 32 4
776.092513431916 48.4991370274163 	idx: 4 3 4 8 32 4
821.2495812380139 48.01414565714214 	idx: 4 4 3 4 64 2
646.786893512913 47.53400420057071 	idx: 3 3 3 8 128 4
848.9978765237908 47.05866415856501 	idx: 3 4 3 16 128 8
654.9990407396706 46.58807751697936 	idx: 1 3 3 8 128 64
842.1401030408425 46.12219674180957 	idx: 1 4 3 8 128 32
873.0776904542402 45.66097477439147 	idx: 4 4 3 16 16 16
554.5372343792283 45.20436502664755 	idx: 4 5 2 16 8 32
551.6225988803671 44.752321376381076 	idx: 2 5 2 16 16 4
523.5303091712133 44.30479816261727 	idx: 4 5 2 4 4 32
556.1246290328021 43.861750180991095 	idx: 2 5 2 32 16 2
562.8603399393863 43.42313267918119 	idx: 2 4 2 32 16 2
557.8789761952003 42.98890135238938 	idx: 2 4 2 16 16 4
636.722698475393 42.559012338865486 	idx: 1 3 3 4 8 16
538.1184277444298 42.133422215476834 	idx: 1 2 3 8 8 16
548.4173528077656 41.712087993322065 	idx: 2 4 2 8 8 4
670.1071891367604 41.29496711338884 	idx: 2 3 3 16 16 4
674.733183025649 40.882017442254956 	idx: 1 3 3 32 16 8
638.0600758891111 40.473197267832404 	idx: 1 2 4 16 16 4
556.5120117834786 40.06846529515408 	idx: 2 4 2 32 64 4
544.2926517725302 39.66778064220254 	idx: 1 2 3 16 16 8
408.6977089138609 39.27110283578051 	idx: 0 1 5 32 512 128
671.1325951802949 38.8783918074227 	idx: 1 3 3 16 16 16
870.782522519062 38.48960788934848 	idx: 1 4 3 16 32 32
791.2933812412872 38.104711810454994 	idx: 1 3 4 16 64 64
538.5426859705987 37.72366469235045 	idx: 1 2 3 8 128 128
538.5426859705987 37.34642804542694 	idx: 1 2 3 8 128 128
451.25364996740433 36.97296376497267 	idx: 0 1 8 16 512 32
578.23301157224 36.60323412732294 	idx: 0 1 9 16 256 32
496.50972288384776 36.23720178604971 	idx: 3 2 3 4 512 64
452.71917981592287 35.874829768189215 	idx: 0 1 8 32 512 16
538.52029783159 35.516081470507324 	idx: 3 2 3 16 128 64
591.8006787448442 35.16092065580225 	idx: 0 1 9 32 256 4
578.9168839460143 34.80931144924423 	idx: 0 1 9 32 128 4
472.09165687243024 34.461218334751784 	idx: 1 2 3 2 1024 128
542.9206689059329 34.11660615140427 	idx: 3 4 2 8 128 64
543.7810149336076 33.775440089890225 	idx: 0 1 9 16 64 8
556.3122801743574 33.43768568899132 	idx: 3 4 2 16 64 64
666.7443659525188 33.10330883210141 	idx: 3 3 3 8 32 64
666.7443659525188 32.7722757437804 	idx: 3 3 3 8 32 64
580.3990629440455 32.44455298634259 	idx: 0 1 9 32 32 2
560.178578952083 32.12010745647917 	idx: 3 4 2 16 16 32
454.0117646028001 31.798906381914374 	idx: 0 1 8 64 128 2
788.9954815385217 31.48091731809523 	idx: 1 2 5 16 128 256
788.9954815385217 31.16610814491428 	idx: 1 2 5 16 128 256
641.0031418164853 30.854447063465138 	idx: 1 2 4 32 64 512
662.0733837979129 30.545902592830487 	idx: 1 3 3 32 128 256
580.8340360114529 30.240443566902183 	idx: 0 1 10 32 64 4
539.8178772346544 29.93803913123316 	idx: 0 1 9 16 128 4
566.9797723091256 29.638658739920828 	idx: 3 4 2 128 2 4
538.3372646802144 29.34227215252162 	idx: 0 1 9 16 128 2
563.0665501348241 29.048849430996402 	idx: 0 1 9 16 256 4
625.7640961232232 28.758360936686437 	idx: 1 2 4 16 256 512
625.7640961232232 28.47077732731957 	idx: 1 2 4 16 256 512
530.9968536536092 28.186069554046373 	idx: 1 2 3 16 256 512
635.5813064460168 27.90420885850591 	idx: 1 2 4 8 128 512
540.3100067927496 27.625166769920853 	idx: 1 2 3 8 128 256
494.4622224282222 27.348915102221643 	idx: 4 4 2 4 256 4
494.4622224282222 27.075425951199424 	idx: 4 4 2 4 256 4
540.5201586187472 26.804671691687428 	idx: 1 2 3 4 128 1024
545.7692932022649 26.536624974770554 	idx: 1 2 3 8 64 512
749.4628076939766 26.271258725022847 	idx: 0 2 5 4 256 8
748.7573129873106 26.00854613777262 	idx: 0 2 5 8 512 16
754.3822548340603 25.748460676394892 	idx: 2 4 3 2 16 4
754.3822548340603 25.490976069630943 	idx: 2 4 3 2 16 4
810.1988880524835 25.23606630893463 	idx: 4 4 3 4 128 4
757.7232488034979 24.983705645845284 	idx: 2 4 3 2 16 8
828.2463528251219 24.73386858938683 	idx: 2 4 3 4 32 4
625.9379584793 24.48652990349296 	idx: 4 2 4 8 16 4
625.9379584793 24.24166460445803 	idx: 4 2 4 8 16 4
638.8073688437397 23.99924795841345 	idx: 4 2 4 16 8 4
802.1608487092216 23.759255478829314 	idx: 4 2 5 32 8 8
514.9822080872331 23.52166292404102 	idx: 2 5 2 4 16 4
516.1202344447022 23.28644629480061 	idx: 2 4 2 4 32 2
516.1202344447022 23.053581831852604 	idx: 2 4 2 4 32 2
516.1202344447022 22.82304601353408 	idx: 2 4 2 4 32 2
415.88337405649725 22.59481555339874 	idx: 0 1 5 4 128 512
521.5962127672425 22.36886739786475 	idx: 4 2 3 4 2 32
521.5962127672425 22.145178723886104 	idx: 4 2 3 4 2 32
621.7597740004526 21.923726936647242 	idx: 0 2 4 2 128 256
621.7597740004526 21.704489667280768 	idx: 0 2 4 2 128 256
635.4064989007331 21.48744477060796 	idx: 0 3 3 2 256 256
635.4064989007331 21.27257032290188 	idx: 0 3 3 2 256 256
759.126727807753 21.059844619672862 	idx: 2 4 3 2 8 8
690.8897238629849 20.849246173476132 	idx: 2 3 4 2 4 16
600.2596052355033 20.64075371174137 	idx: 1 2 4 4 256 64
767.1627967182533 20.434346174623958 	idx: 1 2 5 4 256 64
767.1627967182533 20.230002712877717 	idx: 1 2 5 4 256 64
743.5431982550798 20.027702685748938 	idx: 2 3 4 4 8 4
754.3822548340603 19.82742565889145 	idx: 2 4 3 2 16 4
754.3822548340603 19.629151402302536 	idx: 2 4 3 2 16 4
754.3822548340603 19.43285988827951 	idx: 2 4 3 2 16 4
649.0913901216893 19.238531289396715 	idx: 0 3 3 2 128 256
551.0435119745741 19.046145976502746 	idx: 4 2 3 128 4 128
454.5841877230076 18.855684516737718 	idx: 1 1 8 8 64 256
536.3622190182552 18.66712767157034 	idx: 0 4 2 16 256 512
551.2101576070355 18.480456394854638 	idx: 4 2 3 256 2 64
551.2101576070355 18.295651830906092 	idx: 4 2 3 256 2 64
550.5115908594187 18.11269531259703 	idx: 0 4 2 16 128 512
550.5115908594187 17.931568359471058 	idx: 0 4 2 16 128 512
428.56870786238056 17.752252675876345 	idx: 0 3 2 32 64 1024
428.56870786238056 17.57473014911758 	idx: 0 3 2 32 64 1024
788.9954815385217 17.398982847626407 	idx: 1 2 5 8 128 256
625.7640961232232 17.22499301915014 	idx: 1 2 4 8 256 256
551.0435119745741 17.05274308895864 	idx: 4 2 3 128 4 256
677.3566035833137 16.882215658069054 	idx: 4 3 3 64 8 128
677.3566035833137 16.713393501488362 	idx: 4 3 3 64 8 64
550.3428621716187 16.546259566473477 	idx: 4 2 3 32 8 64
677.3566035833137 16.380796970808742 	idx: 4 3 3 64 8 128
550.6637023632042 16.216989001100654 	idx: 4 2 3 64 8 256
677.3566035833137 16.054819111089646 	idx: 4 3 3 32 8 128
677.3566035833137 15.89427091997875 	idx: 4 3 3 32 8 128
677.3566035833137 15.735328210778961 	idx: 4 3 3 32 8 128
677.3566035833137 15.577974928671171 	idx: 4 3 3 32 8 256
677.3566035833137 15.42219517938446 	idx: 4 3 3 32 8 256
677.3566035833137 15.267973227590614 	idx: 0 3 3 32 8 512
646.1681384146168 15.115293495314708 	idx: 4 2 4 16 8 256
505.82335243413155 14.96414056036156 	idx: 2 6 2 4 4 128
550.6637023632042 14.814499154757945 	idx: 4 2 3 4 8 1024
799.4821699685243 14.666354163210364 	idx: 0 2 5 8 32 256
799.4821699685243 14.519690621578262 	idx: 0 2 5 8 32 256
795.8597140092463 14.374493715362478 	idx: 0 2 5 4 64 512
795.8597140092463 14.230748778208852 	idx: 0 2 5 4 64 512
795.8597140092463 14.088441290426763 	idx: 0 2 5 4 64 512
795.8597140092463 13.947556877522496 	idx: 0 2 5 4 64 512
646.7188531692966 13.808081308747271 	idx: 2 2 4 16 2 512
799.7360074083873 13.670000495659798 	idx: 0 2 5 2 16 256
799.7360074083873 13.5333004907032 	idx: 0 2 5 2 16 256
799.7360074083873 13.397967485796167 	idx: 0 2 5 2 16 256
798.3067507131035 13.263987810938206 	idx: 4 3 4 8 8 128
675.512285824965 13.131347932828824 	idx: 4 3 3 8 4 128
802.6383465368444 13.000034453500536 	idx: 2 2 5 16 4 256
803.3779022069442 12.87003410896553 	idx: 0 4 3 2 32 64
802.6383465368444 12.741333767875876 	idx: 2 2 5 8 4 256
834.1300315749047 12.613920430197117 	idx: 0 4 3 4 128 64
930.9265801732435 12.487781225895146 	idx: 2 2 6 4 4 128
930.9265801732435 12.362903413636195 	idx: 2 2 6 4 4 128
844.3966476701307 12.239274379499832 	idx: 4 4 3 2 8 128
873.9212336160371 12.116881635704834 	idx: 4 4 3 4 4 128
935.6308492361982 11.995712819347785 	idx: 2 2 6 8 4 128
795.9243311565199 11.875755691154307 	idx: 3 3 4 16 16 32
802.1608487092216 11.756998134242764 	idx: 2 2 5 8 8 128
930.713982048374 11.639428152900336 	idx: 2 2 6 8 4 64
930.713982048374 11.523033871371332 	idx: 2 2 6 8 4 64
930.713982048374 11.407803532657619 	idx: 2 2 6 8 4 64
931.1607893676177 11.293725497331042 	idx: 2 2 6 4 2 128
792.9038246970148 11.180788242357732 	idx: 2 2 5 4 2 64
802.6383465368444 11.068980359934155 	idx: 2 2 5 8 4 128
802.1608487092216 10.958290556334813 	idx: 4 2 5 2 8 512
796.5168527778327 10.848707650771464 	idx: 0 2 5 8 16 32
796.5168527778327 10.74022057426375 	idx: 0 2 5 8 16 32
788.9954815385217 10.632818368521113 	idx: 1 2 5 32 128 64
788.9954815385217 10.526490184835902 	idx: 1 2 5 32 128 64
788.9954815385217 10.421225282987542 	idx: 1 2 5 32 128 64
797.1400382842838 10.317013030157668 	idx: 0 3 4 8 16 128
797.8923086399113 10.213842899856092 	idx: 2 2 5 8 4 32
799.1791863498555 10.11170447085753 	idx: 0 3 4 16 8 64
799.1791863498555 10.010587426148955 	idx: 0 3 4 16 8 64
870.9665283540802 9.910481551887466 	idx: 0 4 3 8 16 64
870.9665283540802 9.811376736368592 	idx: 0 4 3 8 16 64
870.9665283540802 9.713262969004907 	idx: 0 4 3 8 16 64
870.9665283540802 9.616130339314857 	idx: 0 4 3 8 16 64
870.9665283540802 9.519969035921708 	idx: 0 4 3 8 16 64
870.9665283540802 9.42476934556249 	idx: 0 4 3 8 16 64
870.9665283540802 9.330521652106865 	idx: 0 4 3 8 16 64
871.1108600577838 9.237216435585797 	idx: 0 4 3 4 16 128
794.1729097011935 9.144844271229939 	idx: 2 2 5 8 16 16
676.1356043165333 9.053395828517639 	idx: 3 3 3 2 2 512
676.1356043165333 8.962861870232462 	idx: 3 3 3 2 2 512
676.1356043165333 8.873233251530138 	idx: 3 3 3 2 2 512
676.1356043165333 8.784500919014837 	idx: 3 3 3 2 2 512
674.0761154309332 8.696655909824688 	idx: 1 3 3 64 32 256
613.7834634356835 8.609689350726441 	idx: 4 1 10 8 64 128
564.9539015078946 8.523592457219177 	idx: 1 4 2 64 16 128
677.3566035833137 8.438356532646985 	idx: 1 3 3 64 8 256
865.3416249358829 8.353972967320516 	idx: 0 4 3 8 64 128
803.3779022069442 8.27043323764731 	idx: 2 4 3 2 32 64
803.3779022069442 8.187728905270838 	idx: 2 4 3 2 32 64
803.3779022069442 8.105851616218128 	idx: 2 4 3 2 32 64
795.9243311565199 8.024793100055946 	idx: 0 3 4 16 16 32
860.5885799701047 7.944545169055387 	idx: 1 4 3 8 64 64
860.5885799701047 7.865099717364833 	idx: 1 4 3 8 64 64
860.5885799701047 7.786448720191185 	idx: 1 4 3 8 64 64
860.5885799701047 7.708584232989273 	idx: 1 4 3 8 64 64
793.6620098859764 7.63149839065938 	idx: 0 3 4 16 32 32
793.6620098859764 7.5551834067527865 	idx: 1 3 4 16 32 32
675.0245077531209 7.479631572685259 	idx: 3 3 3 4 8 256
801.2464932569005 7.404835256958406 	idx: 0 2 5 32 16 8
675.0245077531209 7.330786904388821 	idx: 3 3 3 4 8 256
675.0245077531209 7.257479035344933 	idx: 3 3 3 4 8 256
675.0245077531209 7.1849042449914835 	idx: 3 3 3 4 8 256
798.3067507131035 7.1130552025415685 	idx: 3 3 4 8 8 128
801.2464932569005 7.041924650516153 	idx: 3 2 5 16 16 256
801.2464932569005 6.971505404010991 	idx: 3 2 5 16 16 256
801.2464932569005 6.901790349970882 	idx: 3 2 5 16 16 256
801.2464932569005 6.832772446471173 	idx: 3 2 5 16 16 256
771.8661820410456 6.764444722006462 	idx: 0 3 4 8 64 4
791.2933812412872 6.696800274786397 	idx: 1 3 4 16 64 64
793.4710258334227 6.6298322720385325 	idx: 0 3 4 16 16 4
791.2933812412872 6.563533949318147 	idx: 1 3 4 16 64 64
800.3695406471145 6.497898609824966 	idx: 0 2 5 16 4 8
793.9017381197839 6.432919623726716 	idx: 0 2 5 8 8 8
793.9017381197839 6.3685904274894485 	idx: 0 2 5 8 8 8
896.8236870149169 6.304904523214554 	idx: 0 2 6 4 4 4
896.8236870149169 6.2418554779824085 	idx: 0 2 6 4 4 4
896.8236870149169 6.1794369232025845 	idx: 0 2 6 4 4 4
896.8236870149169 6.117642553970558 	idx: 0 2 6 4 4 4
896.8236870149169 6.056466128430853 	idx: 0 2 6 4 4 4
896.8236870149169 5.9959014671465445 	idx: 0 2 6 4 4 4
896.8236870149169 5.935942452475079 	idx: 0 2 6 4 4 4
896.8236870149169 5.8765830279503275 	idx: 0 2 6 4 4 4
896.8236870149169 5.817817197670824 	idx: 0 2 6 4 4 4
896.8236870149169 5.759639025694116 	idx: 0 2 6 4 4 4
895.9752109558722 5.7020426354371745 	idx: 0 2 6 4 4 2
793.3183047577803 5.645022209082803 	idx: 0 2 5 8 8 4
793.3183047577803 5.588571986991974 	idx: 0 2 5 8 8 4
793.3183047577803 5.532686267122054 	idx: 0 2 5 8 8 4
793.3183047577803 5.477359404450834 	idx: 0 2 5 8 8 4
793.3183047577803 5.422585810406325 	idx: 0 2 5 8 8 4
793.3183047577803 5.368359952302262 	idx: 0 2 5 8 8 4
794.3694509903548 5.314676352779239 	idx: 0 2 5 8 4 8
800.3695406471145 5.261529589251447 	idx: 0 2 5 16 4 8
802.6383465368444 5.208914293358933 	idx: 0 2 5 32 4 16
802.6383465368444 5.156825150425344 	idx: 0 2 5 32 4 16
802.6383465368444 5.10525689892109 	idx: 0 2 5 32 4 16
802.8479859755369 5.0542043299318795 	idx: 0 2 5 32 2 32
802.8479859755369 5.003662286632561 	idx: 0 2 5 32 2 32
802.8479859755369 4.953625663766235 	idx: 0 2 5 32 2 32
802.8479859755369 4.9040894071285726 	idx: 0 2 5 16 2 64
802.8479859755369 4.8550485130572865 	idx: 0 2 5 16 2 64
799.1474920352344 4.806498027926714 	idx: 0 3 4 8 2 128
799.1474920352344 4.758433047647447 	idx: 0 3 4 8 2 128
880.4678891332527 4.710848717170973 	idx: 0 4 3 16 4 128
880.4678891332527 4.663740229999263 	idx: 0 4 3 16 4 128
880.4678891332527 4.61710282769927 	idx: 0 4 3 16 4 128
880.4678891332527 4.570931799422278 	idx: 0 4 3 16 4 128
880.4678891332527 4.525222481428055 	idx: 0 4 3 16 4 128
880.4678891332527 4.4799702566137745 	idx: 0 4 3 16 4 128
880.4678891332527 4.4351705540476365 	idx: 0 4 3 16 4 128
880.4678891332527 4.39081884850716 	idx: 0 4 3 16 4 128
880.4678891332527 4.346910660022088 	idx: 0 4 3 16 4 128
880.4678891332527 4.303441553421867 	idx: 0 4 3 16 4 128
880.4678891332527 4.260407137887648 	idx: 0 4 3 16 4 128
880.4678891332527 4.217803066508771 	idx: 0 4 3 16 4 128
880.4678891332527 4.175625035843683 	idx: 0 4 3 16 4 128
880.4678891332527 4.133868785485246 	idx: 0 4 3 16 4 128
880.4678891332527 4.0925300976303935 	idx: 0 4 3 16 4 128
880.4678891332527 4.05160479665409 	idx: 0 4 3 16 4 128
880.4678891332527 4.011088748687548 	idx: 0 4 3 16 4 128
880.4678891332527 3.970977861200673 	idx: 0 4 3 16 4 128
880.4678891332527 3.9312680825886663 	idx: 0 4 3 16 4 128
880.4678891332527 3.8919554017627798 	idx: 0 4 3 16 4 128
880.4678891332527 3.853035847745152 	idx: 0 4 3 16 4 128
880.4678891332527 3.8145054892677006 	idx: 0 4 3 16 4 128
880.4678891332527 3.7763604343750234 	idx: 0 4 3 16 4 128
880.4678891332527 3.7385968300312733 	idx: 0 4 3 16 4 128
880.4678891332527 3.7012108617309605 	idx: 0 4 3 16 4 128
880.4678891332527 3.664198753113651 	idx: 0 4 3 16 4 128
880.4678891332527 3.6275567655825145 	idx: 0 4 3 16 4 128
880.4678891332527 3.591281197926689 	idx: 0 4 3 16 4 128
880.4678891332527 3.555368385947422 	idx: 0 4 3 16 4 128
880.4678891332527 3.519814702087948 	idx: 0 4 3 16 4 128
880.4678891332527 3.4846165550670687 	idx: 0 4 3 16 4 128
929.3237426882605 3.449770389516398 	idx: 1 2 6 4 16 128
919.4367184291776 3.415272685621234 	idx: 1 2 6 2 32 128
919.4367184291776 3.3811199587650216 	idx: 1 2 6 2 32 128
919.4367184291776 3.347308759177371 	idx: 1 2 6 2 32 128
919.4367184291776 3.3138356715855974 	idx: 1 2 6 2 32 128
919.4367184291776 3.2806973148697414 	idx: 1 2 6 2 32 128
919.4367184291776 3.247890341721044 	idx: 1 2 6 2 32 128
929.3237426882605 3.2154114383038332 	idx: 1 2 6 4 16 128
929.3237426882605 3.183257323920795 	idx: 1 2 6 4 16 128
929.3237426882605 3.1514247506815867 	idx: 1 2 6 4 16 128
929.3237426882605 3.1199105031747707 	idx: 1 2 6 4 16 128
929.3237426882605 3.088711398143023 	idx: 1 2 6 4 16 128
929.3237426882605 3.0578242841615926 	idx: 1 2 6 4 16 128
930.1745622403447 3.0272460413199767 	idx: 1 2 6 8 8 64
930.1745622403447 2.996973580906777 	idx: 1 2 6 8 8 64
930.1745622403447 2.967003845097709 	idx: 1 2 6 8 8 64
930.1745622403447 2.9373338066467323 	idx: 1 2 6 8 8 64
930.1745622403447 2.907960468580265 	idx: 1 2 6 8 8 64
930.1745622403447 2.8788808638944623 	idx: 1 2 6 8 8 64
930.1745622403447 2.8500920552555176 	idx: 1 2 6 8 8 64
930.1745622403447 2.8215911347029623 	idx: 1 2 6 8 8 64
930.1745622403447 2.7933752233559326 	idx: 1 2 6 8 8 64
918.7357205638369 2.765441471122373 	idx: 1 2 6 4 8 64
918.7357205638369 2.7377870564111495 	idx: 1 2 6 4 8 64
929.3237426882605 2.710409185847038 	idx: 1 2 6 4 16 128
929.3237426882605 2.6833050939885674 	idx: 1 2 6 4 16 128
929.3237426882605 2.656472043048682 	idx: 1 2 6 4 16 128
929.3237426882605 2.629907322618195 	idx: 1 2 6 4 16 128
929.3237426882605 2.603608249392013 	idx: 1 2 6 4 16 128
929.3237426882605 2.577572166898093 	idx: 1 2 6 4 16 128
929.3237426882605 2.551796445229112 	idx: 1 2 6 4 16 128
929.3237426882605 2.526278480776821 	idx: 1 2 6 4 16 128
929.3237426882605 2.501015695969053 	idx: 1 2 6 4 16 128
929.3237426882605 2.4760055390093623 	idx: 1 2 6 4 16 128
929.3237426882605 2.4512454836192688 	idx: 1 2 6 4 16 128
929.3237426882605 2.426733028783076 	idx: 1 2 6 4 16 128
929.3237426882605 2.402465698495245 	idx: 1 2 6 4 16 128
917.698995802561 2.3784410415102926 	idx: 2 2 6 4 16 64
922.4953808121347 2.3546566310951897 	idx: 1 2 6 2 8 128
922.4953808121347 2.3311100647842378 	idx: 1 2 6 2 8 128
922.4953808121347 2.307798964136395 	idx: 1 2 6 2 8 128
922.4953808121347 2.2847209744950314 	idx: 1 2 6 2 8 128
921.4501585236973 2.261873764750081 	idx: 1 2 6 2 16 128
921.4501585236973 2.23925502710258 	idx: 1 2 6 2 16 128
921.4501585236973 2.2168624768315546 	idx: 1 2 6 2 16 128
921.4501585236973 2.194693852063239 	idx: 1 2 6 2 16 128
921.4501585236973 2.1727469135426065 	idx: 1 2 6 2 16 128
921.4501585236973 2.1510194444071806 	idx: 2 2 6 2 16 128
915.7018977387195 2.129509249963109 	idx: 2 2 6 4 32 64
915.7018977387195 2.108214157463478 	idx: 2 2 6 4 32 64
929.3237426882605 2.087132015888843 	idx: 1 2 6 4 16 128
929.3237426882605 2.0662606957299547 	idx: 1 2 6 4 16 128
929.3237426882605 2.045598088772655 	idx: 1 2 6 4 16 128
929.3237426882605 2.0251421078849283 	idx: 1 2 6 4 16 128
929.3237426882605 2.004890686806079 	idx: 1 2 6 4 16 128
929.3237426882605 1.9848417799380185 	idx: 1 2 6 4 16 128
929.3237426882605 1.9649933621386382 	idx: 1 2 6 4 16 128
929.3237426882605 1.9453434285172517 	idx: 1 2 6 4 16 128
929.3237426882605 1.9258899942320793 	idx: 1 2 6 4 16 128
929.3237426882605 1.9066310942897584 	idx: 1 2 6 4 16 128
929.3237426882605 1.8875647833468607 	idx: 1 2 6 4 16 128
930.3869139748263 1.868689135513392 	idx: 2 2 6 4 8 128
930.3869139748263 1.8500022441582582 	idx: 2 2 6 4 8 128
930.3869139748263 1.8315022217166756 	idx: 2 2 6 4 8 128
930.1745622403447 1.8131871994995088 	idx: 2 2 6 8 8 64
930.1745622403447 1.7950553275045138 	idx: 2 2 6 8 8 64
930.1745622403447 1.7771047742294686 	idx: 2 2 6 8 8 64
930.1745622403447 1.7593337264871738 	idx: 2 2 6 8 8 64
930.1745622403447 1.741740389222302 	idx: 2 2 6 8 8 64
930.1745622403447 1.724322985330079 	idx: 2 2 6 8 8 64
935.6308492361982 1.7070797554767783 	idx: 2 2 6 8 4 128
935.7756814909986 1.6900089579220106 	idx: 2 2 6 16 4 64
935.7756814909986 1.6731088683427904 	idx: 2 2 6 16 4 64
935.7756814909986 1.6563777796593624 	idx: 2 2 6 16 4 64
935.7756814909986 1.6398140018627687 	idx: 2 2 6 16 4 64
935.7756814909986 1.623415861844141 	idx: 2 2 6 16 4 64
935.7756814909986 1.6071817032256996 	idx: 2 2 6 16 4 64
935.7756814909986 1.5911098861934427 	idx: 2 2 6 16 4 64
935.7756814909986 1.5751987873315083 	idx: 2 2 6 16 4 64
935.7756814909986 1.5594467994581933 	idx: 2 2 6 16 4 64
935.7756814909986 1.5438523314636114 	idx: 2 2 6 16 4 64
933.9612801557322 1.5284138081489753 	idx: 2 2 6 16 2 32
933.9612801557322 1.5131296700674854 	idx: 2 2 6 16 2 32
933.9612801557322 1.4979983733668105 	idx: 2 2 6 16 2 32
933.9612801557322 1.4830183896331424 	idx: 2 2 6 16 2 32
933.9612801557322 1.468188205736811 	idx: 2 2 6 16 2 32
933.9612801557322 1.4535063236794428 	idx: 2 2 6 16 2 32
933.9612801557322 1.4389712604426483 	idx: 2 2 6 16 2 32
933.9612801557322 1.4245815478382218 	idx: 2 2 6 16 2 32
933.9612801557322 1.4103357323598396 	idx: 2 2 6 16 2 32
933.9612801557322 1.396232375036241 	idx: 2 2 6 16 2 32
933.9612801557322 1.3822700512858788 	idx: 2 2 6 16 2 32
925.69493373351 1.36844735077302 	idx: 2 2 6 8 2 32
925.69493373351 1.3547628772652898 	idx: 2 2 6 8 2 32
925.69493373351 1.341215248492637 	idx: 2 2 6 8 2 32
925.69493373351 1.3278030960077105 	idx: 2 2 6 8 2 32
925.69493373351 1.3145250650476334 	idx: 2 2 6 8 2 32
925.69493373351 1.301379814397157 	idx: 2 2 6 8 2 32
925.69493373351 1.2883660162531856 	idx: 2 2 6 8 2 32
925.69493373351 1.2754823560906536 	idx: 2 2 6 8 2 32
925.69493373351 1.2627275325297471 	idx: 2 2 6 8 2 32
925.69493373351 1.2501002572044497 	idx: 2 2 6 8 2 32
925.69493373351 1.2375992546324053 	idx: 2 2 6 8 2 32
925.69493373351 1.2252232620860812 	idx: 2 2 6 8 2 32
925.69493373351 1.2129710294652205 	idx: 2 2 6 8 2 32
930.713982048374 1.2008413191705682 	idx: 2 2 6 8 4 64
930.713982048374 1.1888329059788625 	idx: 2 2 6 8 4 64
930.713982048374 1.1769445769190738 	idx: 2 2 6 8 4 64
930.713982048374 1.165175131149883 	idx: 2 2 6 8 4 64
930.713982048374 1.1535233798383842 	idx: 2 2 6 8 4 64
930.713982048374 1.1419881460400003 	idx: 2 2 6 8 4 64
930.713982048374 1.1305682645796002 	idx: 2 2 6 8 4 64
930.713982048374 1.1192625819338042 	idx: 2 2 6 8 4 64
930.713982048374 1.1080699561144662 	idx: 2 2 6 8 4 64
936.0123372936816 1.0969892565533215 	idx: 2 2 6 16 2 64
936.0123372936816 1.0860193639877882 	idx: 2 2 6 16 2 64
936.0123372936816 1.0751591703479102 	idx: 2 2 6 16 2 64
936.0123372936816 1.0644075786444311 	idx: 2 2 6 16 2 64
936.0123372936816 1.0537635028579868 	idx: 2 2 6 16 2 64
936.0123372936816 1.0432258678294068 	idx: 2 2 6 16 2 64
936.0123372936816 1.0327936091511127 	idx: 2 2 6 16 2 64
936.0123372936816 1.0224656730596016 	idx: 2 2 6 16 2 64
936.0123372936816 1.0122410163290056 	idx: 2 2 6 16 2 64
936.0123372936816 1.0021186061657157 	idx: 2 2 6 16 2 64
###### ACC Parameters ######
cim type:    LccCIM
bus_width:   25.6
macros_row:  2
macros_col:  6
scr:         16
is_size:     2
os_size:     64
best=936.0123372936816, area=4984771.954824655 459
resnet_18_LCC-CIM@ISSCC20_tt_running end at 1757793339.833476
