1.4435925956109288 100 	idx: 2 3 2 2 128 256
1.429741098684177 99.0 	idx: 0 2 1 2 128 128
1.5140352724433799 98.01 	idx: 0 2 1 4 128 64
1.0437497451948947 97.0299 	idx: 4 3 3 4 64 128
1.2546795644594988 96.059601 	idx: 3 3 3 32 128 256
1.770237475760922 95.09900499 	idx: 4 4 2 4 128 256
2.0794049019367584 94.1480149401 	idx: 4 4 2 4 256 128
1.5981862615711433 93.206534790699 	idx: 1 3 1 2 1024 128
1.7401156114250929 92.27446944279201 	idx: 4 3 1 16 256 512
1.9221494959337757 91.35172474836409 	idx: 4 4 1 8 512 256
1.651281135277379 90.43820750088045 	idx: 4 3 2 8 256 256
1.6781035137936642 89.53382542587164 	idx: 3 3 2 32 256 64
1.5425537150606896 88.63848717161292 	idx: 0 2 1 4 1024 16
1.6900739817126589 87.75210229989679 	idx: 3 2 2 32 1024 64
1.3669564364298503 86.87458127689783 	idx: 1 2 3 2 1024 512
1.3669564364298503 86.00583546412885 	idx: 1 2 3 2 1024 512
1.4560021830452112 85.14577710948755 	idx: 1 2 3 2 2048 256
1.5474560237069401 84.29431933839268 	idx: 0 2 2 2 512 32
1.6944034708907691 83.45137614500875 	idx: 1 3 2 4 512 512
1.7747369326733515 82.61686238355867 	idx: 0 3 2 2 1024 16
1.4645312474771468 81.79069375972308 	idx: 0 2 3 2 2048 8
1.2944525646442513 80.97278682212585 	idx: 3 2 3 16 512 128
1.6170495022484335 80.1630589539046 	idx: 3 2 2 16 512 64
1.6170495022484335 79.36142836436555 	idx: 3 2 2 16 512 64
1.611206481922361 78.56781408072189 	idx: 1 4 1 8 128 256
2.2070719981826787 77.78213593991467 	idx: 0 4 2 32 2048 2
2.2068752469326567 77.00431458051553 	idx: 0 4 2 64 2048 4
2.0237971992686847 76.23427143471037 	idx: 0 5 2 64 1024 8
2.079913917515444 75.47192872036327 	idx: 0 5 2 32 2048 8
1.960778129677733 74.71720943315964 	idx: 0 4 3 16 2048 8
1.6800306512681165 73.97003733882804 	idx: 3 2 2 4 1024 8
1.7541336241538434 73.23033696543976 	idx: 0 5 3 4 2048 16
1.9019673962179255 72.49803359578536 	idx: 0 6 2 4 2048 32
1.9019673962179255 71.7730532598275 	idx: 0 6 2 4 2048 32
1.5618959736370615 71.05532272722922 	idx: 0 5 1 4 2048 32
1.5571959676625573 70.34476949995693 	idx: 0 5 1 4 2048 64
1.987478396798235 69.64132180495736 	idx: 0 5 2 2 2048 32
1.8349010041784741 68.94490858690779 	idx: 0 6 2 2 2048 64
1.9019673962179255 68.25545950103871 	idx: 0 6 2 4 2048 32
1.7717802765192776 67.57290490602833 	idx: 0 6 2 2 1024 16
1.7766013128876048 66.89717585696805 	idx: 2 2 1 512 256 64
1.635013946625589 66.22820409839836 	idx: 0 5 3 4 1024 16
1.536131154345611 65.56592205741438 	idx: 2 2 2 128 256 128
1.617052837423122 64.91026283684023 	idx: 2 2 2 64 512 64
1.8505497819480992 64.26116020847184 	idx: 2 3 2 32 1024 128
2.188357422884451 63.618548606387115 	idx: 2 4 2 32 512 128
2.188357422884451 62.98236312032324 	idx: 2 4 2 32 512 128
1.8152141720040553 62.35253948912001 	idx: 2 4 1 16 1024 128
1.8152141720040553 61.72901409422881 	idx: 2 4 1 16 1024 128
2.1660538202938775 61.11172395328652 	idx: 2 4 2 8 512 256
2.1660538202938775 60.500606713753655 	idx: 2 4 2 8 512 256
2.0790763141224664 59.89560064661612 	idx: 0 5 2 32 2048 16
1.6058900931848037 59.29664464014996 	idx: 2 4 3 2 512 512
1.4757173302481825 58.70367819374846 	idx: 2 3 3 2 1024 512
1.2428393774040825 58.116641411810974 	idx: 0 4 1 4 4096 16
1.5345725499780714 57.535474997692866 	idx: 4 2 3 64 2048 4
1.89701142400666 56.960120247715935 	idx: 0 3 2 8 2048 16
1.8445144584664561 56.390519045238776 	idx: 0 3 2 4 1024 32
2.125267173292165 55.82661385478639 	idx: 0 4 2 2 1024 64
2.177919732598642 55.26834771623852 	idx: 0 4 2 4 512 64
1.8339826479869965 54.71566423907614 	idx: 0 3 2 4 1024 128
1.9449431348667399 54.16850759668538 	idx: 0 4 3 8 2048 128
1.7531892443040373 53.62682252071853 	idx: 1 3 2 32 512 128
1.908779546380307 53.09055429551134 	idx: 3 4 1 4 256 2
1.8505497819480992 52.55964875255623 	idx: 1 3 2 32 1024 128
2.198115297353852 52.03405226503067 	idx: 1 4 2 32 2048 64
2.077350161848125 51.51371174238036 	idx: 1 5 2 16 2048 32
2.072630648529426 50.998574624956554 	idx: 1 5 2 8 2048 16
1.6738009298295957 50.488588878706985 	idx: 3 5 1 2 256 8
2.2061333009260893 49.98370298991991 	idx: 4 4 2 4 1024 8
1.976660977344274 49.483865960020715 	idx: 4 4 1 8 512 8
2.0748848875331403 48.98902730042051 	idx: 2 4 2 4 1024 1024
1.9867154414677226 48.4991370274163 	idx: 4 4 1 16 512 4
1.8451560740140278 48.01414565714214 	idx: 1 3 2 8 1024 128
2.088892216988005 47.53400420057071 	idx: 2 4 2 8 1024 1024
2.088892216988005 47.05866415856501 	idx: 2 4 2 8 1024 1024
2.088892216988005 46.58807751697936 	idx: 2 4 2 8 1024 1024
2.088892216988005 46.12219674180957 	idx: 2 4 2 8 1024 1024
1.9502454958961093 45.66097477439147 	idx: 4 4 3 8 2048 64
2.2123039894580714 45.20436502664755 	idx: 4 4 2 8 1024 64
2.2123039894580714 44.752321376381076 	idx: 4 4 2 8 1024 64
2.177919732598642 44.30479816261727 	idx: 4 4 2 4 512 64
2.1113866500516245 43.861750180991095 	idx: 3 4 2 64 256 8
1.7675099318198475 43.42313267918119 	idx: 3 3 2 64 512 8
1.6646622752800828 42.98890135238938 	idx: 2 6 2 16 512 512
1.6882388339958285 42.559012338865486 	idx: 2 6 1 16 512 1024
1.7040254439170173 42.133422215476834 	idx: 1 3 2 8 512 512
1.7051830253116846 41.712087993322065 	idx: 2 5 2 8 256 1024
1.7040254439170173 41.29496711338884 	idx: 1 3 2 8 512 512
1.9111608194230336 40.882017442254956 	idx: 2 5 1 32 512 256
2.140660722080212 40.473197267832404 	idx: 2 4 2 64 512 512
2.140660722080212 40.06846529515408 	idx: 2 4 2 64 512 512
2.140660722080212 39.66778064220254 	idx: 2 4 2 64 512 512
2.140660722080212 39.27110283578051 	idx: 2 4 2 64 512 512
1.7891411946478735 38.8783918074227 	idx: 3 2 1 128 256 8
1.3395934374109002 38.48960788934848 	idx: 3 1 1 256 512 16
1.4853315040815962 38.104711810454994 	idx: 4 2 2 8 128 8
1.5509269197827442 37.72366469235045 	idx: 3 2 2 256 256 16
1.520566092216994 37.34642804542694 	idx: 4 2 1 4 128 4
1.6212473685685336 36.97296376497267 	idx: 3 2 2 64 512 32
1.8188305237594602 36.60323412732294 	idx: 2 3 2 4 1024 256
1.6584389313427952 36.23720178604971 	idx: 2 3 1 8 1024 512
1.5728081240971135 35.874829768189215 	idx: 3 3 3 64 1024 32
1.867476998399087 35.516081470507324 	idx: 3 4 3 32 1024 32
2.198115297353852 35.16092065580225 	idx: 3 4 2 32 2048 64
2.202822172692105 34.80931144924423 	idx: 3 4 2 64 2048 32
1.7456972463654978 34.461218334751784 	idx: 2 3 2 16 1024 1024
1.7605389838542416 34.11660615140427 	idx: 3 3 1 256 1024 16
1.9885633210702747 33.775440089890225 	idx: 3 4 1 128 512 16
1.7620796290843148 33.43768568899132 	idx: 3 3 1 64 1024 8
1.6249343610006812 33.10330883210141 	idx: 3 2 2 32 512 4
1.7701799520437473 32.7722757437804 	idx: 3 2 1 32 512 4
1.3862485905185373 32.44455298634259 	idx: 3 1 1 32 256 2
1.6865591995583462 32.12010745647917 	idx: 2 5 2 2 256 512
1.6865591995583462 31.798906381914374 	idx: 2 5 2 2 256 512
2.083730585695426 31.48091731809523 	idx: 2 4 2 2 512 256
1.8171181338106444 31.16610814491428 	idx: 2 4 1 4 512 512
1.8171181338106444 30.854447063465138 	idx: 2 4 1 4 512 512
2.2262489122103735 30.545902592830487 	idx: 3 4 2 64 1024 8
2.206781933184961 30.240443566902183 	idx: 3 4 2 32 2048 4
2.206781933184961 29.93803913123316 	idx: 3 4 2 32 2048 4
2.1990521059574992 29.638658739920828 	idx: 2 4 2 4 1024 64
2.024256607401237 29.34227215252162 	idx: 3 5 2 64 1024 4
2.024256607401237 29.048849430996402 	idx: 3 5 2 64 1024 4
1.956341104674219 28.758360936686437 	idx: 2 4 1 16 256 64
1.9172755018222656 28.47077732731957 	idx: 2 5 2 16 512 64
2.045167335110873 28.186069554046373 	idx: 4 9 2 4 256 16
2.045167335110873 27.90420885850591 	idx: 4 9 2 4 256 16
2.1839844963891153 27.625166769920853 	idx: 4 8 2 2 256 32
2.1802593152239202 27.348915102221643 	idx: 4 8 2 2 256 64
2.1802593152239202 27.075425951199424 	idx: 4 8 2 2 256 64
2.1802593152239202 26.804671691687428 	idx: 4 8 2 2 256 64
2.1802593152239202 26.536624974770554 	idx: 4 8 2 2 256 64
2.1802593152239202 26.271258725022847 	idx: 4 8 2 2 256 64
1.9516739448723879 26.00854613777262 	idx: 2 5 1 128 512 64
1.9746158508682554 25.748460676394892 	idx: 3 4 1 256 256 2
2.043363105106073 25.490976069630943 	idx: 4 9 2 4 256 32
2.043363105106073 25.23606630893463 	idx: 4 9 2 4 256 32
2.043363105106073 24.983705645845284 	idx: 4 9 2 4 256 32
2.0569093407957384 24.73386858938683 	idx: 4 9 2 8 256 16
2.2841531519591323 24.48652990349296 	idx: 4 9 2 8 512 16
2.2841531519591323 24.24166460445803 	idx: 4 9 2 8 512 16
2.141052699369527 23.99924795841345 	idx: 4 10 2 4 512 32
2.141052699369527 23.759255478829314 	idx: 4 10 2 4 512 32
2.141052699369527 23.52166292404102 	idx: 4 10 2 4 512 32
1.6559850215147736 23.28644629480061 	idx: 4 9 1 4 256 32
1.6944034708907691 23.053581831852604 	idx: 1 3 2 4 512 512
1.7130824250765762 22.82304601353408 	idx: 2 2 2 128 2048 32
1.979474849177506 22.59481555339874 	idx: 1 4 2 8 256 1024
1.979474849177506 22.36886739786475 	idx: 1 4 2 8 256 1024
1.7513155518018249 22.145178723886104 	idx: 3 3 1 128 1024 64
1.8965592279119134 21.923726936647242 	idx: 1 4 2 2 256 1024
1.8624877133543563 21.704489667280768 	idx: 2 3 2 16 1024 32
1.8389607020551806 21.48744477060796 	idx: 4 8 1 8 256 32
2.218624170369776 21.27257032290188 	idx: 2 4 2 32 1024 64
2.261031619231636 21.059844619672862 	idx: 4 8 2 8 256 32
2.261031619231636 20.849246173476132 	idx: 4 8 2 8 256 32
2.261031619231636 20.64075371174137 	idx: 4 8 2 8 256 32
2.261031619231636 20.434346174623958 	idx: 4 8 2 8 256 32
2.261031619231636 20.230002712877717 	idx: 4 8 2 8 256 32
2.261031619231636 20.027702685748938 	idx: 4 8 2 8 256 32
2.261031619231636 19.82742565889145 	idx: 4 8 2 8 256 32
2.261031619231636 19.629151402302536 	idx: 4 8 2 8 256 32
1.9016435098254905 19.43285988827951 	idx: 2 3 2 64 2048 32
1.7574477154756094 19.238531289396715 	idx: 2 3 1 128 1024 32
1.8872454040066644 19.046145976502746 	idx: 4 8 2 8 128 32
1.9181369539757227 18.855684516737718 	idx: 2 3 1 32 512 8
1.8872454040066644 18.66712767157034 	idx: 4 8 2 8 128 32
1.9692571158702665 18.480456394854638 	idx: 2 4 1 16 256 8
1.8660589984604277 18.295651830906092 	idx: 3 3 2 32 1024 4
1.6981126312326784 18.11269531259703 	idx: 3 2 2 64 1024 2
1.8123535418941628 17.931568359471058 	idx: 2 5 2 16 256 8
1.8663425170867518 17.752252675876345 	idx: 3 3 2 128 1024 2
1.8663425170867518 17.57473014911758 	idx: 3 3 2 128 1024 2
1.8663425170867518 17.398982847626407 	idx: 3 3 2 128 1024 2
1.843471059238686 17.22499301915014 	idx: 3 4 1 256 1024 2
1.843471059238686 17.05274308895864 	idx: 3 4 1 256 1024 2
2.0569093407957384 16.882215658069054 	idx: 4 9 2 8 256 16
2.0569093407957384 16.713393501488362 	idx: 4 9 2 8 256 16
1.9917757847674196 16.546259566473477 	idx: 3 4 1 256 512 2
1.9180353501022689 16.380796970808742 	idx: 0 4 1 32 256 256
1.8587130425213307 16.216989001100654 	idx: 0 3 1 16 512 256
1.796334359880172 16.054819111089646 	idx: 4 8 1 4 256 32
1.7401156114250929 15.89427091997875 	idx: 0 3 1 16 256 512
1.6217866186229144 15.735328210778961 	idx: 0 3 2 8 256 512
1.670418722132947 15.577974928671171 	idx: 4 7 1 4 512 64
2.257041448493737 15.42219517938446 	idx: 4 8 2 8 256 64
2.257041448493737 15.267973227590614 	idx: 4 8 2 8 256 64
2.257041448493737 15.115293495314708 	idx: 4 8 2 8 256 64
2.257041448493737 14.96414056036156 	idx: 4 8 2 8 256 64
2.0513975630107644 14.814499154757945 	idx: 4 9 2 8 256 64
1.8881978542614615 14.666354163210364 	idx: 4 8 2 16 128 64
2.2673300235762914 14.519690621578262 	idx: 4 8 2 16 256 32
2.269327143181661 14.374493715362478 	idx: 4 8 2 16 256 16
2.269327143181661 14.230748778208852 	idx: 4 8 2 16 256 16
2.269327143181661 14.088441290426763 	idx: 4 8 2 16 256 16
2.269327143181661 13.947556877522496 	idx: 4 8 2 16 256 16
2.2267017681537906 13.808081308747271 	idx: 3 4 2 16 1024 4
2.2267017681537906 13.670000495659798 	idx: 3 4 2 16 1024 4
2.2669280029589114 13.5333004907032 	idx: 4 9 2 8 1024 16
2.2669280029589114 13.397967485796167 	idx: 4 9 2 8 1024 16
1.7632414249488146 13.263987810938206 	idx: 3 3 1 32 1024 2
2.207165323032902 13.131347932828824 	idx: 3 4 2 64 2048 2
2.207165323032902 13.000034453500536 	idx: 3 4 2 64 2048 2
2.207165323032902 12.87003410896553 	idx: 3 4 2 64 2048 2
2.2669280029589114 12.741333767875876 	idx: 4 9 2 8 1024 16
2.2669280029589114 12.613920430197117 	idx: 4 9 2 8 1024 16
2.2669280029589114 12.487781225895146 	idx: 4 9 2 8 1024 16
2.2669280029589114 12.362903413636195 	idx: 4 9 2 8 1024 16
2.2907104238499816 12.239274379499832 	idx: 4 9 2 16 512 8
2.2907104238499816 12.116881635704834 	idx: 4 9 2 16 512 8
2.2907104238499816 11.995712819347785 	idx: 4 9 2 16 512 8
2.2907104238499816 11.875755691154307 	idx: 4 9 2 16 512 8
1.715665151188776 11.756998134242764 	idx: 3 2 2 16 2048 8
1.8547221943134449 11.639428152900336 	idx: 4 8 1 32 256 4
1.8547221943134449 11.523033871371332 	idx: 4 8 1 32 256 4
1.8624877133543563 11.407803532657619 	idx: 3 3 2 16 1024 32
2.27082729324603 11.293725497331042 	idx: 4 8 2 16 256 4
2.27082729324603 11.180788242357732 	idx: 4 8 2 16 256 4
2.27082729324603 11.068980359934155 	idx: 4 8 2 16 256 4
2.27082729324603 10.958290556334813 	idx: 4 8 2 16 256 4
2.27082729324603 10.848707650771464 	idx: 4 8 2 16 256 4
2.27082729324603 10.74022057426375 	idx: 4 8 2 16 256 4
2.27082729324603 10.632818368521113 	idx: 4 8 2 16 256 4
2.27082729324603 10.526490184835902 	idx: 4 8 2 16 256 4
2.27082729324603 10.421225282987542 	idx: 4 8 2 16 256 4
2.27082729324603 10.317013030157668 	idx: 4 8 2 16 256 4
2.27082729324603 10.213842899856092 	idx: 4 8 2 16 256 4
2.27082729324603 10.11170447085753 	idx: 4 8 2 16 256 4
2.27082729324603 10.010587426148955 	idx: 4 8 2 16 256 4
2.2913700129732297 9.910481551887466 	idx: 4 9 2 16 512 2
2.270879772911068 9.811376736368592 	idx: 4 8 2 32 256 4
2.270879772911068 9.713262969004907 	idx: 4 8 2 32 256 4
2.270879772911068 9.616130339314857 	idx: 4 8 2 32 256 4
2.270879772911068 9.519969035921708 	idx: 4 8 2 32 256 4
2.270879772911068 9.42476934556249 	idx: 4 8 2 32 256 4
2.270879772911068 9.330521652106865 	idx: 4 8 2 32 256 4
2.407206937375094 9.237216435585797 	idx: 2 8 2 16 1024 4
2.407206937375094 9.144844271229939 	idx: 2 8 2 16 1024 4
2.407206937375094 9.053395828517639 	idx: 2 8 2 16 1024 4
2.407206937375094 8.962861870232462 	idx: 2 8 2 16 1024 4
2.407206937375094 8.873233251530138 	idx: 2 8 2 16 1024 4
2.407206937375094 8.784500919014837 	idx: 2 8 2 16 1024 4
2.407206937375094 8.696655909824688 	idx: 2 8 2 16 1024 4
2.407206937375094 8.609689350726441 	idx: 2 8 2 16 1024 4
2.4065856792952163 8.523592457219177 	idx: 2 8 2 16 1024 8
2.4065856792952163 8.438356532646985 	idx: 2 8 2 16 1024 8
2.3974488227020934 8.353972967320516 	idx: 2 8 2 8 1024 16
2.3974488227020934 8.27043323764731 	idx: 2 8 2 8 1024 16
2.3974488227020934 8.187728905270838 	idx: 2 8 2 8 1024 16
2.3974488227020934 8.105851616218128 	idx: 2 8 2 8 1024 16
2.3974488227020934 8.024793100055946 	idx: 2 8 2 8 1024 16
2.3974488227020934 7.944545169055387 	idx: 2 8 2 8 1024 16
2.3974488227020934 7.865099717364833 	idx: 2 8 2 8 1024 16
2.3974488227020934 7.786448720191185 	idx: 2 8 2 8 1024 16
2.3974488227020934 7.708584232989273 	idx: 2 8 2 8 1024 16
2.3974488227020934 7.63149839065938 	idx: 2 8 2 8 1024 16
2.3974488227020934 7.5551834067527865 	idx: 2 8 2 8 1024 16
2.4888539811431256 7.479631572685259 	idx: 0 8 2 8 512 2
2.4888539811431256 7.404835256958406 	idx: 0 8 2 8 512 2
2.470208718661453 7.330786904388821 	idx: 2 8 2 4 512 4
2.470208718661453 7.257479035344933 	idx: 2 8 2 4 512 4
2.470208718661453 7.1849042449914835 	idx: 2 8 2 4 512 4
2.470208718661453 7.1130552025415685 	idx: 2 8 2 4 512 4
2.470208718661453 7.041924650516153 	idx: 2 8 2 4 512 4
2.470208718661453 6.971505404010991 	idx: 2 8 2 4 512 4
2.470208718661453 6.901790349970882 	idx: 2 8 2 4 512 4
2.470208718661453 6.832772446471173 	idx: 2 8 2 4 512 4
2.470208718661453 6.764444722006462 	idx: 2 8 2 4 512 4
2.470208718661453 6.696800274786397 	idx: 2 8 2 4 512 4
2.470208718661453 6.6298322720385325 	idx: 2 8 2 4 512 4
2.470208718661453 6.563533949318147 	idx: 2 8 2 4 512 4
2.470208718661453 6.497898609824966 	idx: 2 8 2 4 512 4
2.470208718661453 6.432919623726716 	idx: 2 8 2 4 512 4
2.470208718661453 6.3685904274894485 	idx: 2 8 2 4 512 4
2.470208718661453 6.304904523214554 	idx: 2 8 2 4 512 4
2.470208718661453 6.2418554779824085 	idx: 2 8 2 4 512 4
2.470208718661453 6.1794369232025845 	idx: 2 8 2 4 512 4
2.470208718661453 6.117642553970558 	idx: 2 8 2 4 512 4
2.470208718661453 6.056466128430853 	idx: 2 8 2 4 512 4
2.470208718661453 5.9959014671465445 	idx: 2 8 2 4 512 4
2.470208718661453 5.935942452475079 	idx: 2 8 2 4 512 4
2.470208718661453 5.8765830279503275 	idx: 2 8 2 4 512 4
2.470208718661453 5.817817197670824 	idx: 2 8 2 4 512 4
2.470208718661453 5.759639025694116 	idx: 2 8 2 4 512 4
2.470208718661453 5.7020426354371745 	idx: 2 8 2 4 512 4
2.477159135802865 5.645022209082803 	idx: 0 8 2 8 512 64
2.477159135802865 5.588571986991974 	idx: 0 8 2 8 512 64
2.477159135802865 5.532686267122054 	idx: 0 8 2 8 512 64
2.477159135802865 5.477359404450834 	idx: 0 8 2 8 512 64
2.477159135802865 5.422585810406325 	idx: 0 8 2 8 512 64
2.477159135802865 5.368359952302262 	idx: 0 8 2 8 512 64
2.477159135802865 5.314676352779239 	idx: 0 8 2 8 512 64
2.4896261451170707 5.261529589251447 	idx: 0 8 2 16 512 32
2.4896261451170707 5.208914293358933 	idx: 0 8 2 16 512 32
2.4896261451170707 5.156825150425344 	idx: 0 8 2 16 512 32
2.4896261451170707 5.10525689892109 	idx: 0 8 2 16 512 32
2.470208718661453 5.0542043299318795 	idx: 2 8 2 4 512 4
2.470208718661453 5.003662286632561 	idx: 2 8 2 4 512 4
2.470208718661453 4.953625663766235 	idx: 2 8 2 4 512 4
2.470208718661453 4.9040894071285726 	idx: 2 8 2 4 512 4
2.470208718661453 4.8550485130572865 	idx: 2 8 2 4 512 4
2.470208718661453 4.806498027926714 	idx: 2 8 2 4 512 4
2.470208718661453 4.758433047647447 	idx: 2 8 2 4 512 4
2.4874723563843113 4.710848717170973 	idx: 2 8 2 8 512 8
2.4874723563843113 4.663740229999263 	idx: 2 8 2 8 512 8
2.4874723563843113 4.61710282769927 	idx: 2 8 2 8 512 8
2.4874723563843113 4.570931799422278 	idx: 2 8 2 8 512 8
2.4874723563843113 4.525222481428055 	idx: 2 8 2 8 512 8
2.4874723563843113 4.4799702566137745 	idx: 2 8 2 8 512 8
2.4874723563843113 4.4351705540476365 	idx: 2 8 2 8 512 8
2.4874723563843113 4.39081884850716 	idx: 2 8 2 8 512 8
2.4874723563843113 4.346910660022088 	idx: 2 8 2 8 512 8
2.470208718661453 4.303441553421867 	idx: 4 8 2 4 512 4
2.470208718661453 4.260407137887648 	idx: 4 8 2 4 512 4
2.470208718661453 4.217803066508771 	idx: 4 8 2 4 512 4
2.470208718661453 4.175625035843683 	idx: 4 8 2 4 512 4
2.470208718661453 4.133868785485246 	idx: 4 8 2 4 512 4
2.470208718661453 4.0925300976303935 	idx: 4 8 2 4 512 4
2.470208718661453 4.05160479665409 	idx: 4 8 2 4 512 4
2.470208718661453 4.011088748687548 	idx: 4 8 2 4 512 4
2.470208718661453 3.970977861200673 	idx: 4 8 2 4 512 4
2.470208718661453 3.9312680825886663 	idx: 4 8 2 4 512 4
2.470208718661453 3.8919554017627798 	idx: 4 8 2 4 512 4
2.470208718661453 3.853035847745152 	idx: 4 8 2 4 512 4
2.470208718661453 3.8145054892677006 	idx: 4 8 2 4 512 4
2.470208718661453 3.7763604343750234 	idx: 4 8 2 4 512 4
2.470208718661453 3.7385968300312733 	idx: 4 8 2 4 512 4
2.470208718661453 3.7012108617309605 	idx: 4 8 2 4 512 4
2.470208718661453 3.664198753113651 	idx: 4 8 2 4 512 4
2.470208718661453 3.6275567655825145 	idx: 4 8 2 4 512 4
2.488393453646318 3.591281197926689 	idx: 0 8 2 8 512 4
2.488393453646318 3.555368385947422 	idx: 0 8 2 8 512 4
2.488393453646318 3.519814702087948 	idx: 0 8 2 8 512 4
2.488393453646318 3.4846165550670687 	idx: 0 8 2 8 512 4
2.488393453646318 3.449770389516398 	idx: 0 8 2 8 512 4
2.488393453646318 3.415272685621234 	idx: 0 8 2 8 512 4
2.488393453646318 3.3811199587650216 	idx: 0 8 2 8 512 4
2.4687334991102525 3.347308759177371 	idx: 2 8 2 4 512 16
2.4687334991102525 3.3138356715855974 	idx: 2 8 2 4 512 16
2.4687334991102525 3.2806973148697414 	idx: 2 8 2 4 512 16
2.4687334991102525 3.247890341721044 	idx: 2 8 2 4 512 16
2.4687334991102525 3.2154114383038332 	idx: 2 8 2 4 512 16
2.4687334991102525 3.183257323920795 	idx: 2 8 2 4 512 16
2.4687334991102525 3.1514247506815867 	idx: 2 8 2 4 512 16
2.4687334991102525 3.1199105031747707 	idx: 2 8 2 4 512 16
2.4687334991102525 3.088711398143023 	idx: 2 8 2 4 512 16
2.4687334991102525 3.0578242841615926 	idx: 2 8 2 4 512 16
2.4687334991102525 3.0272460413199767 	idx: 2 8 2 4 512 16
2.4687334991102525 2.996973580906777 	idx: 2 8 2 4 512 16
2.4687334991102525 2.967003845097709 	idx: 2 8 2 4 512 16
2.4687334991102525 2.9373338066467323 	idx: 2 8 2 4 512 16
2.4687334991102525 2.907960468580265 	idx: 2 8 2 4 512 16
2.4687334991102525 2.8788808638944623 	idx: 2 8 2 4 512 16
2.4687334991102525 2.8500920552555176 	idx: 2 8 2 4 512 16
2.4687334991102525 2.8215911347029623 	idx: 2 8 2 4 512 16
2.470208718661453 2.7933752233559326 	idx: 0 8 2 4 512 4
2.470208718661453 2.765441471122373 	idx: 0 8 2 4 512 4
2.470208718661453 2.7377870564111495 	idx: 0 8 2 4 512 4
2.470208718661453 2.710409185847038 	idx: 0 8 2 4 512 4
2.47045285947932 2.6833050939885674 	idx: 0 8 2 4 512 2
2.47045285947932 2.656472043048682 	idx: 0 8 2 4 512 2
2.47045285947932 2.629907322618195 	idx: 0 8 2 4 512 2
2.47045285947932 2.603608249392013 	idx: 0 8 2 4 512 2
2.47045285947932 2.577572166898093 	idx: 0 8 2 4 512 2
2.47045285947932 2.551796445229112 	idx: 0 8 2 4 512 2
2.47045285947932 2.526278480776821 	idx: 0 8 2 4 512 2
2.47045285947932 2.501015695969053 	idx: 0 8 2 4 512 2
2.47045285947932 2.4760055390093623 	idx: 0 8 2 4 512 2
2.47045285947932 2.4512454836192688 	idx: 0 8 2 4 512 2
2.47045285947932 2.426733028783076 	idx: 0 8 2 4 512 2
2.47045285947932 2.402465698495245 	idx: 0 8 2 4 512 2
2.47045285947932 2.3784410415102926 	idx: 0 8 2 4 512 2
2.47045285947932 2.3546566310951897 	idx: 0 8 2 4 512 2
2.47045285947932 2.3311100647842378 	idx: 0 8 2 4 512 2
2.47045285947932 2.307798964136395 	idx: 0 8 2 4 512 2
2.47045285947932 2.2847209744950314 	idx: 0 8 2 4 512 2
2.4888539811431256 2.261873764750081 	idx: 4 8 2 8 512 2
2.4888539811431256 2.23925502710258 	idx: 4 8 2 8 512 2
2.4888539811431256 2.2168624768315546 	idx: 4 8 2 8 512 2
2.4888539811431256 2.194693852063239 	idx: 4 8 2 8 512 2
2.4888539811431256 2.1727469135426065 	idx: 4 8 2 8 512 2
2.4888539811431256 2.1510194444071806 	idx: 4 8 2 8 512 2
2.4888539811431256 2.129509249963109 	idx: 4 8 2 8 512 2
2.4888539811431256 2.108214157463478 	idx: 4 8 2 8 512 2
2.4888539811431256 2.087132015888843 	idx: 4 8 2 8 512 2
2.4888539811431256 2.0662606957299547 	idx: 4 8 2 8 512 2
2.4888539811431256 2.045598088772655 	idx: 4 8 2 8 512 2
2.4888539811431256 2.0251421078849283 	idx: 4 8 2 8 512 2
2.4938241579296982 2.004890686806079 	idx: 4 8 2 16 512 4
2.4938241579296982 1.9848417799380185 	idx: 4 8 2 16 512 4
2.4938241579296982 1.9649933621386382 	idx: 4 8 2 16 512 4
2.4938241579296982 1.9453434285172517 	idx: 4 8 2 16 512 4
2.4938241579296982 1.9258899942320793 	idx: 4 8 2 16 512 4
2.494124557790091 1.9066310942897584 	idx: 4 8 2 16 512 2
2.494124557790091 1.8875647833468607 	idx: 4 8 2 16 512 2
2.494124557790091 1.868689135513392 	idx: 4 8 2 16 512 2
2.494124557790091 1.8500022441582582 	idx: 4 8 2 16 512 2
2.494124557790091 1.8315022217166756 	idx: 4 8 2 16 512 2
2.494124557790091 1.8131871994995088 	idx: 4 8 2 16 512 2
2.494124557790091 1.7950553275045138 	idx: 4 8 2 16 512 2
2.494124557790091 1.7771047742294686 	idx: 4 8 2 16 512 2
2.494124557790091 1.7593337264871738 	idx: 4 8 2 16 512 2
2.494124557790091 1.741740389222302 	idx: 4 8 2 16 512 2
2.494124557790091 1.724322985330079 	idx: 4 8 2 16 512 2
2.494124557790091 1.7070797554767783 	idx: 4 8 2 16 512 2
2.494124557790091 1.6900089579220106 	idx: 4 8 2 16 512 2
2.494124557790091 1.6731088683427904 	idx: 4 8 2 16 512 2
2.494124557790091 1.6563777796593624 	idx: 4 8 2 16 512 2
2.494124557790091 1.6398140018627687 	idx: 4 8 2 16 512 2
2.494124557790091 1.623415861844141 	idx: 4 8 2 16 512 2
2.494124557790091 1.6071817032256996 	idx: 4 8 2 16 512 2
2.494124557790091 1.5911098861934427 	idx: 4 8 2 16 512 2
2.494124557790091 1.5751987873315083 	idx: 4 8 2 16 512 2
2.494124557790091 1.5594467994581933 	idx: 4 8 2 16 512 2
2.494124557790091 1.5438523314636114 	idx: 4 8 2 16 512 2
2.494124557790091 1.5284138081489753 	idx: 4 8 2 16 512 2
2.488393453646318 1.5131296700674854 	idx: 4 8 2 8 512 4
2.488393453646318 1.4979983733668105 	idx: 4 8 2 8 512 4
2.488393453646318 1.4830183896331424 	idx: 4 8 2 8 512 4
2.488393453646318 1.468188205736811 	idx: 4 8 2 8 512 4
2.488393453646318 1.4535063236794428 	idx: 4 8 2 8 512 4
2.488393453646318 1.4389712604426483 	idx: 4 8 2 8 512 4
2.488393453646318 1.4245815478382218 	idx: 4 8 2 8 512 4
2.488393453646318 1.4103357323598396 	idx: 4 8 2 8 512 4
2.488393453646318 1.396232375036241 	idx: 4 8 2 8 512 4
2.488393453646318 1.3822700512858788 	idx: 4 8 2 8 512 4
2.488393453646318 1.36844735077302 	idx: 4 8 2 8 512 4
2.488393453646318 1.3547628772652898 	idx: 4 8 2 8 512 4
2.488393453646318 1.341215248492637 	idx: 4 8 2 8 512 4
2.488393453646318 1.3278030960077105 	idx: 4 8 2 8 512 4
2.488393453646318 1.3145250650476334 	idx: 4 8 2 8 512 4
2.488393453646318 1.301379814397157 	idx: 4 8 2 8 512 4
2.488393453646318 1.2883660162531856 	idx: 4 8 2 8 512 4
2.488393453646318 1.2754823560906536 	idx: 4 8 2 8 512 4
2.488393453646318 1.2627275325297471 	idx: 4 8 2 8 512 4
2.488393453646318 1.2501002572044497 	idx: 4 8 2 8 512 4
2.488393453646318 1.2375992546324053 	idx: 4 8 2 8 512 4
2.4874723563843113 1.2252232620860812 	idx: 0 8 2 8 512 8
2.4874723563843113 1.2129710294652205 	idx: 0 8 2 8 512 8
2.4874723563843113 1.2008413191705682 	idx: 0 8 2 8 512 8
2.4874723563843113 1.1888329059788625 	idx: 0 8 2 8 512 8
2.4874723563843113 1.1769445769190738 	idx: 0 8 2 8 512 8
2.4874723563843113 1.165175131149883 	idx: 0 8 2 8 512 8
2.4874723563843113 1.1535233798383842 	idx: 0 8 2 8 512 8
2.4874723563843113 1.1419881460400003 	idx: 0 8 2 8 512 8
2.4874723563843113 1.1305682645796002 	idx: 0 8 2 8 512 8
2.4874723563843113 1.1192625819338042 	idx: 0 8 2 8 512 8
2.4874723563843113 1.1080699561144662 	idx: 0 8 2 8 512 8
2.4874723563843113 1.0969892565533215 	idx: 0 8 2 8 512 8
2.4874723563843113 1.0860193639877882 	idx: 0 8 2 8 512 8
2.4874723563843113 1.0751591703479102 	idx: 0 8 2 8 512 8
2.4874723563843113 1.0644075786444311 	idx: 0 8 2 8 512 8
2.4874723563843113 1.0537635028579868 	idx: 0 8 2 8 512 8
2.4874723563843113 1.0432258678294068 	idx: 0 8 2 8 512 8
2.4874723563843113 1.0327936091511127 	idx: 0 8 2 8 512 8
2.4874723563843113 1.0224656730596016 	idx: 0 8 2 8 512 8
2.4874723563843113 1.0122410163290056 	idx: 0 8 2 8 512 8
2.4874723563843113 1.0021186061657157 	idx: 0 8 2 8 512 8
###### ACC Parameters ######
cim type:    FPCIM
bus_width:   25.6
macros_row:  8
macros_col:  2
scr:         8
is_size:     512
os_size:     8
best=2.4874723563843113, area=4074401.2542670243 459
bert_large_sl64_FPCIM@ISSCC23_ee_running start at 1757778032.0150073
2.8466338931935713 100 	idx: 0 4 2 2 32 128
3.260858100522986 99.0 	idx: 0 4 1 2 16 64
2.691567064766402 98.01 	idx: 2 4 3 8 64 128
3.263237561918667 97.0299 	idx: 0 4 1 4 64 64
3.263237561918667 96.059601 	idx: 0 4 1 4 64 64
2.5901987560143906 95.09900499 	idx: 4 3 3 4 256 512
2.639764892099105 94.1480149401 	idx: 4 4 2 4 128 1024
2.361813324139683 93.206534790699 	idx: 4 3 3 4 128 1024
2.5335206590215713 92.27446944279201 	idx: 3 2 4 4 32 128
2.7514642967592446 91.35172474836409 	idx: 3 2 3 4 32 128
2.7514642967592446 90.43820750088045 	idx: 3 2 3 4 32 128
2.7514642967592446 89.53382542587164 	idx: 3 2 3 4 32 128
2.5572393075040054 88.63848717161292 	idx: 4 5 3 8 128 512
2.8299459821581117 87.75210229989679 	idx: 4 4 2 8 128 256
2.9004035804998454 86.87458127689783 	idx: 1 2 2 4 64 32
2.7795544383149666 86.00583546412885 	idx: 2 5 1 8 2 1024
2.798348906858101 85.14577710948755 	idx: 4 4 3 8 256 128
2.798348906858101 84.29431933839268 	idx: 4 4 3 8 256 128
2.744408988033244 83.45137614500875 	idx: 0 2 4 8 512 128
3.2552556679401756 82.61686238355867 	idx: 4 4 1 4 128 64
3.3714406201571436 81.79069375972308 	idx: 4 4 1 8 256 128
2.973319914554211 80.97278682212585 	idx: 1 2 2 8 64 8
2.973319914554211 80.1630589539046 	idx: 1 2 2 8 64 8
4.10735693307331 79.36142836436555 	idx: 2 8 1 8 2 1024
4.10735693307331 78.56781408072189 	idx: 2 8 1 8 2 1024
4.10735693307331 77.78213593991467 	idx: 2 8 1 8 2 1024
4.10735693307331 77.00431458051553 	idx: 2 8 1 8 2 1024
4.10735693307331 76.23427143471037 	idx: 2 8 1 8 2 1024
2.8264196267673016 75.47192872036327 	idx: 4 3 2 32 2048 64
2.814974439534481 74.71720943315964 	idx: 4 3 3 32 1024 32
3.030107600193775 73.97003733882804 	idx: 4 4 2 16 2048 16
3.030107600193775 73.23033696543976 	idx: 4 4 2 16 2048 16
2.7519332313606952 72.49803359578536 	idx: 0 2 4 16 512 128
3.216969987163114 71.7730532598275 	idx: 3 4 1 4 512 8
4.111677689950938 71.05532272722922 	idx: 2 8 1 4 4 256
4.111677689950938 70.34476949995693 	idx: 2 8 1 4 4 256
3.223086731664953 69.64132180495736 	idx: 3 4 1 2 128 32
3.085969793666128 68.94490858690779 	idx: 4 4 2 64 512 4
2.8616152159320314 68.25545950103871 	idx: 3 4 2 2 128 64
3.1754754065364414 67.57290490602833 	idx: 4 2 2 64 512 8
4.316344728142483 66.89717585696805 	idx: 2 8 1 8 16 256
4.400591242972052 66.22820409839836 	idx: 2 8 1 16 8 128
3.0723774173439073 65.56592205741438 	idx: 4 4 2 16 512 32
2.737203208265281 64.91026283684023 	idx: 0 5 3 32 256 128
4.4137585145511 64.26116020847184 	idx: 2 8 1 16 64 32
4.4137585145511 63.618548606387115 	idx: 2 8 1 16 64 32
4.4137585145511 62.98236312032324 	idx: 2 8 1 16 64 32
4.4137585145511 62.35253948912001 	idx: 2 8 1 16 64 32
4.4137585145511 61.72901409422881 	idx: 2 8 1 16 64 32
4.4137585145511 61.11172395328652 	idx: 2 8 1 16 64 32
4.4137585145511 60.500606713753655 	idx: 2 8 1 16 64 32
4.418931740252286 59.89560064661612 	idx: 2 8 1 16 64 16
4.418931740252286 59.29664464014996 	idx: 2 8 1 16 64 16
3.0873549666552105 58.70367819374846 	idx: 0 4 2 8 1024 256
2.9997632326491686 58.116641411810974 	idx: 4 2 3 64 1024 8
4.200878357851364 57.535474997692866 	idx: 2 8 1 4 32 16
4.200878357851364 56.960120247715935 	idx: 2 8 1 4 32 16
4.021541870926135 56.390519045238776 	idx: 2 9 1 8 32 8
3.742063333180875 55.82661385478639 	idx: 2 10 1 16 32 16
3.742063333180875 55.26834771623852 	idx: 2 10 1 16 32 16
3.742063333180875 54.71566423907614 	idx: 2 10 1 16 32 16
3.742063333180875 54.16850759668538 	idx: 2 10 1 16 32 16
4.070967408209631 53.62682252071853 	idx: 2 9 1 32 16 32
4.062819809210597 53.09055429551134 	idx: 2 9 1 32 16 64
3.163823151169095 52.55964875255623 	idx: 0 4 1 4 512 256
4.042779244132839 52.03405226503067 	idx: 2 9 1 64 32 128
4.062819809210597 51.51371174238036 	idx: 2 9 1 32 16 64
4.0606754693272595 50.998574624956554 	idx: 2 9 1 16 8 32
4.0606754693272595 50.488588878706985 	idx: 2 9 1 16 8 32
4.0606754693272595 49.98370298991991 	idx: 2 9 1 16 8 32
2.8306348224774402 49.483865960020715 	idx: 1 3 2 32 128 64
4.438227295021002 48.98902730042051 	idx: 2 8 1 32 2 64
4.438227295021002 48.4991370274163 	idx: 2 8 1 32 2 64
4.438227295021002 48.01414565714214 	idx: 2 8 1 32 2 64
4.438227295021002 47.53400420057071 	idx: 2 8 1 32 2 64
4.438227295021002 47.05866415856501 	idx: 2 8 1 32 2 64
4.44700802911762 46.58807751697936 	idx: 2 8 1 64 4 32
4.44700802911762 46.12219674180957 	idx: 2 8 1 64 4 32
4.447774273103747 45.66097477439147 	idx: 2 8 1 128 2 32
4.073379922137854 45.20436502664755 	idx: 2 9 1 64 4 32
4.077011650294736 44.752321376381076 	idx: 2 9 1 64 8 16
4.4526008179216685 44.30479816261727 	idx: 2 8 1 32 8 8
4.4526008179216685 43.861750180991095 	idx: 2 8 1 32 8 8
4.078069512614531 43.42313267918119 	idx: 2 9 1 32 16 4
3.755433109019409 42.98890135238938 	idx: 2 10 1 32 32 4
4.074614733924531 42.559012338865486 	idx: 2 9 1 32 32 2
4.074614733924531 42.133422215476834 	idx: 2 9 1 32 32 2
4.439128107691176 41.712087993322065 	idx: 2 8 1 16 16 2
4.3931468082772085 41.29496711338884 	idx: 2 8 1 8 16 2
4.3931468082772085 40.882017442254956 	idx: 2 8 1 8 16 2
4.3931468082772085 40.473197267832404 	idx: 2 8 1 8 16 2
4.2056670676236525 40.06846529515408 	idx: 2 8 1 4 32 4
4.2056670676236525 39.66778064220254 	idx: 2 8 1 4 32 4
4.2056670676236525 39.27110283578051 	idx: 2 8 1 4 32 4
2.899613755694512 38.8783918074227 	idx: 3 3 2 64 256 32
3.0363695224914085 38.48960788934848 	idx: 3 2 1 128 512 64
3.0590724083553105 38.104711810454994 	idx: 4 2 2 8 512 256
4.392540040675923 37.72366469235045 	idx: 2 8 1 8 16 4
4.392540040675923 37.34642804542694 	idx: 2 8 1 8 16 4
4.392540040675923 36.97296376497267 	idx: 2 8 1 8 16 4
4.439730662122959 36.60323412732294 	idx: 2 8 1 16 8 8
4.453790259178434 36.23720178604971 	idx: 2 8 1 32 8 4
4.453790259178434 35.874829768189215 	idx: 2 8 1 32 8 4
4.453790259178434 35.516081470507324 	idx: 2 8 1 32 8 4
4.453790259178434 35.16092065580225 	idx: 2 8 1 32 8 4
4.453790259178434 34.80931144924423 	idx: 2 8 1 32 8 4
4.067941940197192 34.461218334751784 	idx: 2 9 1 16 4 8
4.067941940197192 34.11660615140427 	idx: 2 9 1 16 4 8
3.7595058362551854 33.775440089890225 	idx: 2 10 1 32 2 4
4.081039715459738 33.43768568899132 	idx: 2 9 1 64 4 2
4.453790259178434 33.10330883210141 	idx: 2 8 1 128 8 4
4.4541737884195545 32.7722757437804 	idx: 2 8 1 128 4 8
4.4541737884195545 32.44455298634259 	idx: 2 8 1 128 4 8
4.4541737884195545 32.12010745647917 	idx: 2 8 1 128 4 8
4.454961504121699 31.798906381914374 	idx: 2 8 1 128 2 8
4.454961504121699 31.48091731809523 	idx: 2 8 1 128 2 8
4.454961504121699 31.16610814491428 	idx: 2 8 1 128 2 8
4.4553703274242915 30.854447063465138 	idx: 2 8 1 64 4 4
4.4541737884195545 30.545902592830487 	idx: 2 8 1 64 4 8
4.4541737884195545 30.240443566902183 	idx: 2 8 1 64 4 8
4.4541737884195545 29.93803913123316 	idx: 2 8 1 64 4 8
4.4541737884195545 29.638658739920828 	idx: 2 8 1 64 4 8
4.4541737884195545 29.34227215252162 	idx: 2 8 1 64 4 8
4.4541737884195545 29.048849430996402 	idx: 2 8 1 64 4 8
4.4541737884195545 28.758360936686437 	idx: 2 8 1 64 4 8
4.4541737884195545 28.47077732731957 	idx: 2 8 1 64 4 8
4.4541737884195545 28.186069554046373 	idx: 2 8 1 64 4 8
4.188370900078475 27.90420885850591 	idx: 3 8 1 16 512 256
4.188370900078475 27.625166769920853 	idx: 3 8 1 16 512 256
4.188370900078475 27.348915102221643 	idx: 3 8 1 16 512 256
4.188370900078475 27.075425951199424 	idx: 3 8 1 16 512 256
4.013629863047806 26.804671691687428 	idx: 3 8 1 16 1024 128
4.078069512614531 26.536624974770554 	idx: 2 9 1 32 16 4
4.078069512614531 26.271258725022847 	idx: 2 9 1 32 16 4
4.078069512614531 26.00854613777262 	idx: 2 9 1 32 16 4
4.433949491968861 25.748460676394892 	idx: 2 8 1 16 32 2
4.3880571463614375 25.490976069630943 	idx: 2 8 1 8 32 2
4.3880571463614375 25.23606630893463 	idx: 2 8 1 8 32 2
4.422817661110031 24.983705645845284 	idx: 2 8 1 16 64 4
4.422817661110031 24.73386858938683 	idx: 2 8 1 16 64 4
4.422817661110031 24.48652990349296 	idx: 2 8 1 16 64 4
4.422817661110031 24.24166460445803 	idx: 2 8 1 16 64 4
4.422817661110031 23.99924795841345 	idx: 2 8 1 16 64 4
4.053581686615103 23.759255478829314 	idx: 2 9 1 16 64 8
4.053581686615103 23.52166292404102 	idx: 2 9 1 16 64 8
4.446004331822918 23.28644629480061 	idx: 2 8 1 32 32 4
4.446004331822918 23.053581831852604 	idx: 2 8 1 32 32 4
4.422817661110031 22.82304601353408 	idx: 2 8 1 16 64 4
4.422817661110031 22.59481555339874 	idx: 2 8 1 16 64 4
4.422817661110031 22.36886739786475 	idx: 2 8 1 16 64 4
4.422817661110031 22.145178723886104 	idx: 2 8 1 16 64 4
4.422817661110031 21.923726936647242 	idx: 2 8 1 16 64 4
4.422817661110031 21.704489667280768 	idx: 2 8 1 16 64 4
4.422817661110031 21.48744477060796 	idx: 2 8 1 16 64 4
4.354892657918831 21.27257032290188 	idx: 2 8 1 8 128 8
4.354892657918831 21.059844619672862 	idx: 2 8 1 8 128 8
4.354892657918831 20.849246173476132 	idx: 2 8 1 8 128 8
4.354892657918831 20.64075371174137 	idx: 2 8 1 8 128 8
4.354892657918831 20.434346174623958 	idx: 2 8 1 8 128 8
4.354892657918831 20.230002712877717 	idx: 2 8 1 8 128 8
4.354892657918831 20.027702685748938 	idx: 2 8 1 8 128 8
4.242736793788751 19.82742565889145 	idx: 3 8 1 16 512 64
4.242736793788751 19.629151402302536 	idx: 3 8 1 16 512 64
4.3478225314318335 19.43285988827951 	idx: 2 8 1 8 128 32
4.3478225314318335 19.238531289396715 	idx: 2 8 1 8 128 32
4.3478225314318335 19.046145976502746 	idx: 2 8 1 8 128 32
4.3478225314318335 18.855684516737718 	idx: 2 8 1 8 128 32
4.3478225314318335 18.66712767157034 	idx: 2 8 1 8 128 32
4.3478225314318335 18.480456394854638 	idx: 2 8 1 8 128 32
3.9851117199056105 18.295651830906092 	idx: 3 9 1 32 256 128
4.224502363840769 18.11269531259703 	idx: 3 8 1 16 512 128
4.224502363840769 17.931568359471058 	idx: 3 8 1 16 512 128
4.224502363840769 17.752252675876345 	idx: 3 8 1 16 512 128
4.224502363840769 17.57473014911758 	idx: 3 8 1 16 512 128
4.318543060640163 17.398982847626407 	idx: 3 8 1 16 256 128
4.318543060640163 17.22499301915014 	idx: 3 8 1 16 256 128
4.318543060640163 17.05274308895864 	idx: 3 8 1 16 256 128
4.318543060640163 16.882215658069054 	idx: 3 8 1 16 256 128
4.318543060640163 16.713393501488362 	idx: 3 8 1 16 256 128
4.165530485702202 16.546259566473477 	idx: 2 8 1 4 128 32
4.3422818048455625 16.380796970808742 	idx: 3 8 1 16 64 256
4.3422818048455625 16.216989001100654 	idx: 3 8 1 16 64 256
4.362085391109571 16.054819111089646 	idx: 3 8 1 16 128 128
4.362085391109571 15.89427091997875 	idx: 3 8 1 16 128 128
3.9315912972015714 15.735328210778961 	idx: 3 9 1 8 128 256
3.9911550830556486 15.577974928671171 	idx: 2 9 1 8 128 32
3.9911550830556486 15.42219517938446 	idx: 2 9 1 8 128 32
3.9911550830556486 15.267973227590614 	idx: 2 9 1 8 128 32
4.117441713436735 15.115293495314708 	idx: 3 8 1 16 128 1024
4.117441713436735 14.96414056036156 	idx: 3 8 1 16 128 1024
4.117441713436735 14.814499154757945 	idx: 3 8 1 16 128 1024
4.117441713436735 14.666354163210364 	idx: 3 8 1 16 128 1024
4.117441713436735 14.519690621578262 	idx: 3 8 1 16 128 1024
4.117441713436735 14.374493715362478 	idx: 3 8 1 16 128 1024
4.117441713436735 14.230748778208852 	idx: 3 8 1 16 128 1024
4.21129999474832 14.088441290426763 	idx: 3 8 1 8 128 512
4.21129999474832 13.947556877522496 	idx: 3 8 1 8 128 512
4.21129999474832 13.808081308747271 	idx: 3 8 1 8 128 512
4.21129999474832 13.670000495659798 	idx: 3 8 1 8 128 512
4.21129999474832 13.5333004907032 	idx: 3 8 1 8 128 512
4.21129999474832 13.397967485796167 	idx: 3 8 1 8 128 512
4.21129999474832 13.263987810938206 	idx: 3 8 1 8 128 512
4.21129999474832 13.131347932828824 	idx: 3 8 1 8 128 512
4.21129999474832 13.000034453500536 	idx: 3 8 1 8 128 512
4.21129999474832 12.87003410896553 	idx: 3 8 1 8 128 512
4.21129999474832 12.741333767875876 	idx: 3 8 1 8 128 512
4.21129999474832 12.613920430197117 	idx: 3 8 1 8 128 512
4.21129999474832 12.487781225895146 	idx: 3 8 1 8 128 512
4.21129999474832 12.362903413636195 	idx: 3 8 1 8 128 512
4.21129999474832 12.239274379499832 	idx: 3 8 1 8 128 512
4.21129999474832 12.116881635704834 	idx: 3 8 1 8 128 512
3.9695061781558163 11.995712819347785 	idx: 3 9 1 16 128 256
3.9695061781558163 11.875755691154307 	idx: 3 9 1 16 128 256
3.9695061781558163 11.756998134242764 	idx: 3 9 1 16 128 256
3.946785726854687 11.639428152900336 	idx: 3 9 1 8 64 256
3.946785726854687 11.523033871371332 	idx: 3 9 1 8 64 256
3.946785726854687 11.407803532657619 	idx: 3 9 1 8 64 256
3.946785726854687 11.293725497331042 	idx: 3 9 1 8 64 256
3.946785726854687 11.180788242357732 	idx: 3 9 1 8 64 256
3.856419711106234 11.068980359934155 	idx: 2 9 1 4 32 16
3.9888328760543983 10.958290556334813 	idx: 3 9 1 8 32 128
4.316344728142483 10.848707650771464 	idx: 3 8 1 8 16 256
4.156033937033393 10.74022057426375 	idx: 3 8 1 4 32 128
4.1863848782665745 10.632818368521113 	idx: 3 8 1 4 16 64
4.19450916447784 10.526490184835902 	idx: 2 8 1 4 32 32
4.19450916447784 10.421225282987542 	idx: 2 8 1 4 32 32
4.19450916447784 10.317013030157668 	idx: 2 8 1 4 32 32
4.19450916447784 10.213842899856092 	idx: 2 8 1 4 32 32
4.19450916447784 10.11170447085753 	idx: 2 8 1 4 32 32
4.19450916447784 10.010587426148955 	idx: 2 8 1 4 32 32
4.19450916447784 9.910481551887466 	idx: 2 8 1 4 32 32
4.19450916447784 9.811376736368592 	idx: 2 8 1 4 32 32
4.388900074288366 9.713262969004907 	idx: 2 8 1 8 16 16
4.388900074288366 9.616130339314857 	idx: 2 8 1 8 16 16
4.391326596613544 9.519969035921708 	idx: 2 8 1 8 16 8
4.388900074288366 9.42476934556249 	idx: 2 8 1 8 16 16
4.388900074288366 9.330521652106865 	idx: 2 8 1 8 16 16
4.388900074288366 9.237216435585797 	idx: 2 8 1 8 16 16
4.388900074288366 9.144844271229939 	idx: 2 8 1 8 16 16
4.388900074288366 9.053395828517639 	idx: 2 8 1 8 16 16
4.388900074288366 8.962861870232462 	idx: 2 8 1 8 16 16
4.388900074288366 8.873233251530138 	idx: 2 8 1 8 16 16
4.388900074288366 8.784500919014837 	idx: 2 8 1 8 16 16
4.388900074288366 8.696655909824688 	idx: 2 8 1 8 16 16
4.1863848782665745 8.609689350726441 	idx: 3 8 1 4 16 64
4.1863848782665745 8.523592457219177 	idx: 3 8 1 4 16 64
4.1863848782665745 8.438356532646985 	idx: 3 8 1 4 16 64
4.376842501382884 8.353972967320516 	idx: 3 8 1 8 8 64
4.376842501382884 8.27043323764731 	idx: 3 8 1 8 8 64
4.376842501382884 8.187728905270838 	idx: 3 8 1 8 8 64
4.376842501382884 8.105851616218128 	idx: 3 8 1 8 8 64
4.376842501382884 8.024793100055946 	idx: 3 8 1 8 8 64
4.398096813478414 7.944545169055387 	idx: 3 8 1 16 16 128
4.398096813478414 7.865099717364833 	idx: 3 8 1 16 16 128
4.398096813478414 7.786448720191185 	idx: 3 8 1 16 16 128
4.398096813478414 7.708584232989273 	idx: 3 8 1 16 16 128
4.398096813478414 7.63149839065938 	idx: 3 8 1 16 16 128
4.398096813478414 7.5551834067527865 	idx: 3 8 1 16 16 128
4.398096813478414 7.479631572685259 	idx: 3 8 1 16 16 128
4.384048502721619 7.404835256958406 	idx: 2 8 1 8 16 32
4.384048502721619 7.330786904388821 	idx: 2 8 1 8 16 32
4.384048502721619 7.257479035344933 	idx: 2 8 1 8 16 32
4.442459566259724 7.1849042449914835 	idx: 3 8 1 64 32 16
4.442459566259724 7.1130552025415685 	idx: 3 8 1 64 32 16
4.442459566259724 7.041924650516153 	idx: 3 8 1 64 32 16
4.442459566259724 6.971505404010991 	idx: 3 8 1 64 32 16
4.434302049199754 6.901790349970882 	idx: 3 8 1 32 64 8
4.434302049199754 6.832772446471173 	idx: 3 8 1 32 64 8
4.434302049199754 6.764444722006462 	idx: 3 8 1 32 64 8
4.434302049199754 6.696800274786397 	idx: 3 8 1 32 64 8
4.431958806797007 6.6298322720385325 	idx: 3 8 1 64 64 16
4.431958806797007 6.563533949318147 	idx: 3 8 1 64 64 16
4.374351330600337 6.497898609824966 	idx: 2 8 1 8 16 64
4.374351330600337 6.432919623726716 	idx: 2 8 1 8 16 64
4.374351330600337 6.3685904274894485 	idx: 2 8 1 8 16 64
4.374351330600337 6.304904523214554 	idx: 2 8 1 8 16 64
4.374351330600337 6.2418554779824085 	idx: 2 8 1 8 16 64
4.374351330600337 6.1794369232025845 	idx: 2 8 1 8 16 64
4.374351330600337 6.117642553970558 	idx: 2 8 1 8 16 64
4.374351330600337 6.056466128430853 	idx: 2 8 1 8 16 64
4.374351330600337 5.9959014671465445 	idx: 2 8 1 8 16 64
4.398096813478414 5.935942452475079 	idx: 2 8 1 16 16 128
4.398096813478414 5.8765830279503275 	idx: 2 8 1 16 16 128
4.398096813478414 5.817817197670824 	idx: 2 8 1 16 16 128
4.398096813478414 5.759639025694116 	idx: 2 8 1 16 16 128
4.4146995975802685 5.7020426354371745 	idx: 2 8 1 32 16 128
4.413765783609475 5.645022209082803 	idx: 2 8 1 16 32 64
4.413765783609475 5.588571986991974 	idx: 2 8 1 16 32 64
4.413765783609475 5.532686267122054 	idx: 2 8 1 16 32 64
4.413765783609475 5.477359404450834 	idx: 2 8 1 16 32 64
4.413765783609475 5.422585810406325 	idx: 2 8 1 16 32 64
4.413765783609475 5.368359952302262 	idx: 2 8 1 16 32 64
4.413765783609475 5.314676352779239 	idx: 2 8 1 16 32 64
4.427279743661898 5.261529589251447 	idx: 2 8 1 32 64 32
4.427279743661898 5.208914293358933 	idx: 2 8 1 32 64 32
4.427279743661898 5.156825150425344 	idx: 2 8 1 32 64 32
4.427279743661898 5.10525689892109 	idx: 2 8 1 32 64 32
4.427279743661898 5.0542043299318795 	idx: 2 8 1 32 64 32
4.427279743661898 5.003662286632561 	idx: 2 8 1 32 64 32
4.427279743661898 4.953625663766235 	idx: 2 8 1 32 64 32
4.427279743661898 4.9040894071285726 	idx: 2 8 1 32 64 32
4.427279743661898 4.8550485130572865 	idx: 2 8 1 32 64 32
4.427279743661898 4.806498027926714 	idx: 2 8 1 32 64 32
4.413765783609475 4.758433047647447 	idx: 2 8 1 16 32 64
4.413765783609475 4.710848717170973 	idx: 2 8 1 16 32 64
4.413765783609475 4.663740229999263 	idx: 2 8 1 16 32 64
4.413765783609475 4.61710282769927 	idx: 2 8 1 16 32 64
4.413765783609475 4.570931799422278 	idx: 2 8 1 16 32 64
4.413765783609475 4.525222481428055 	idx: 2 8 1 16 32 64
4.413765783609475 4.4799702566137745 	idx: 2 8 1 16 32 64
4.413765783609475 4.4351705540476365 	idx: 2 8 1 16 32 64
4.428336848608899 4.39081884850716 	idx: 2 8 1 32 32 64
4.428336848608899 4.346910660022088 	idx: 2 8 1 32 32 64
4.428336848608899 4.303441553421867 	idx: 2 8 1 32 32 64
4.428336848608899 4.260407137887648 	idx: 2 8 1 32 32 64
4.428336848608899 4.217803066508771 	idx: 2 8 1 32 32 64
4.418866016066293 4.175625035843683 	idx: 2 8 1 16 16 64
4.418866016066293 4.133868785485246 	idx: 2 8 1 16 16 64
4.418866016066293 4.0925300976303935 	idx: 2 8 1 16 16 64
4.418866016066293 4.05160479665409 	idx: 2 8 1 16 16 64
4.418866016066293 4.011088748687548 	idx: 2 8 1 16 16 64
4.418866016066293 3.970977861200673 	idx: 2 8 1 16 16 64
4.386244340317574 3.9312680825886663 	idx: 3 8 1 8 32 8
4.386244340317574 3.8919554017627798 	idx: 3 8 1 8 32 8
4.386244340317574 3.853035847745152 	idx: 3 8 1 8 32 8
4.386244340317574 3.8145054892677006 	idx: 3 8 1 8 32 8
4.386244340317574 3.7763604343750234 	idx: 3 8 1 8 32 8
4.386244340317574 3.7385968300312733 	idx: 3 8 1 8 32 8
4.413765783609475 3.7012108617309605 	idx: 2 8 1 16 32 64
4.413765783609475 3.664198753113651 	idx: 2 8 1 16 32 64
4.413765783609475 3.6275567655825145 	idx: 2 8 1 16 32 64
4.413765783609475 3.591281197926689 	idx: 2 8 1 16 32 64
4.413765783609475 3.555368385947422 	idx: 2 8 1 16 32 64
4.413765783609475 3.519814702087948 	idx: 2 8 1 16 32 64
4.424165795544 3.4846165550670687 	idx: 3 8 1 16 32 32
4.424165795544 3.449770389516398 	idx: 3 8 1 16 32 32
4.424165795544 3.415272685621234 	idx: 3 8 1 16 32 32
4.424165795544 3.3811199587650216 	idx: 3 8 1 16 32 32
4.424165795544 3.347308759177371 	idx: 3 8 1 16 32 32
4.424165795544 3.3138356715855974 	idx: 3 8 1 16 32 32
4.424165795544 3.2806973148697414 	idx: 3 8 1 16 32 32
4.424165795544 3.247890341721044 	idx: 3 8 1 16 32 32
4.424165795544 3.2154114383038332 	idx: 3 8 1 16 32 32
4.424165795544 3.183257323920795 	idx: 3 8 1 16 32 32
4.424165795544 3.1514247506815867 	idx: 3 8 1 16 32 32
4.424165795544 3.1199105031747707 	idx: 3 8 1 16 32 32
4.424165795544 3.088711398143023 	idx: 3 8 1 16 32 32
4.424165795544 3.0578242841615926 	idx: 3 8 1 16 32 32
4.442459566259724 3.0272460413199767 	idx: 3 8 1 32 32 16
4.427279743661898 2.996973580906777 	idx: 3 8 1 32 64 32
4.427279743661898 2.967003845097709 	idx: 3 8 1 32 64 32
4.427279743661898 2.9373338066467323 	idx: 3 8 1 32 64 32
4.427279743661898 2.907960468580265 	idx: 3 8 1 32 64 32
4.427279743661898 2.8788808638944623 	idx: 3 8 1 32 64 32
4.427279743661898 2.8500920552555176 	idx: 3 8 1 32 64 32
4.428336848608899 2.8215911347029623 	idx: 3 8 1 64 32 64
4.428336848608899 2.7933752233559326 	idx: 3 8 1 64 32 64
4.409645647039297 2.765441471122373 	idx: 3 8 1 32 32 128
4.409645647039297 2.7377870564111495 	idx: 3 8 1 32 32 128
4.409645647039297 2.710409185847038 	idx: 3 8 1 32 32 128
4.433466337231251 2.6833050939885674 	idx: 3 8 1 64 16 64
4.433466337231251 2.656472043048682 	idx: 3 8 1 64 16 64
4.433466337231251 2.629907322618195 	idx: 3 8 1 64 16 64
4.433466337231251 2.603608249392013 	idx: 3 8 1 64 16 64
4.433466337231251 2.577572166898093 	idx: 3 8 1 64 16 64
4.433466337231251 2.551796445229112 	idx: 3 8 1 64 16 64
4.433466337231251 2.526278480776821 	idx: 3 8 1 64 16 64
4.433466337231251 2.501015695969053 	idx: 3 8 1 64 16 64
4.433466337231251 2.4760055390093623 	idx: 3 8 1 64 16 64
4.433466337231251 2.4512454836192688 	idx: 3 8 1 64 16 64
4.433466337231251 2.426733028783076 	idx: 3 8 1 64 16 64
4.433466337231251 2.402465698495245 	idx: 3 8 1 64 16 64
4.433466337231251 2.3784410415102926 	idx: 3 8 1 64 16 64
4.437741995506314 2.3546566310951897 	idx: 3 8 1 32 32 32
4.428336848608899 2.3311100647842378 	idx: 3 8 1 64 32 64
4.44290966708553 2.307798964136395 	idx: 3 8 1 32 16 32
4.44290966708553 2.2847209744950314 	idx: 3 8 1 32 16 32
4.44290966708553 2.261873764750081 	idx: 3 8 1 32 16 32
4.44290966708553 2.23925502710258 	idx: 3 8 1 32 16 32
4.44290966708553 2.2168624768315546 	idx: 3 8 1 32 16 32
4.450223840323045 2.194693852063239 	idx: 3 8 1 32 8 16
4.450223840323045 2.1727469135426065 	idx: 3 8 1 32 8 16
4.450223840323045 2.1510194444071806 	idx: 3 8 1 32 8 16
4.450223840323045 2.129509249963109 	idx: 3 8 1 32 8 16
4.450223840323045 2.108214157463478 	idx: 3 8 1 32 8 16
4.450223840323045 2.087132015888843 	idx: 3 8 1 32 8 16
4.450223840323045 2.0662606957299547 	idx: 3 8 1 32 8 16
4.450223840323045 2.045598088772655 	idx: 3 8 1 32 8 16
4.450223840323045 2.0251421078849283 	idx: 3 8 1 32 8 16
4.439730662122959 2.004890686806079 	idx: 3 8 1 16 8 8
4.439730662122959 1.9848417799380185 	idx: 3 8 1 16 8 8
4.439730662122959 1.9649933621386382 	idx: 3 8 1 16 8 8
4.439730662122959 1.9453434285172517 	idx: 3 8 1 16 8 8
4.439730662122959 1.9258899942320793 	idx: 3 8 1 16 8 8
4.439730662122959 1.9066310942897584 	idx: 3 8 1 16 8 8
4.439730662122959 1.8875647833468607 	idx: 3 8 1 16 8 8
4.4410443808891715 1.868689135513392 	idx: 3 8 1 16 8 4
4.4410443808891715 1.8500022441582582 	idx: 3 8 1 16 8 4
4.4410443808891715 1.8315022217166756 	idx: 3 8 1 16 8 4
4.4517993978347965 1.8131871994995088 	idx: 3 8 1 32 16 2
4.441701461134446 1.7950553275045138 	idx: 3 8 1 16 8 2
4.441701461134446 1.7771047742294686 	idx: 3 8 1 16 8 2
4.441701461134446 1.7593337264871738 	idx: 3 8 1 16 8 2
4.441701461134446 1.741740389222302 	idx: 3 8 1 16 8 2
4.441701461134446 1.724322985330079 	idx: 3 8 1 16 8 2
4.441701461134446 1.7070797554767783 	idx: 3 8 1 16 8 2
4.441701461134446 1.6900089579220106 	idx: 3 8 1 16 8 2
4.441701461134446 1.6731088683427904 	idx: 3 8 1 16 8 2
4.405857201465861 1.6563777796593624 	idx: 2 8 1 32 128 32
4.405857201465861 1.6398140018627687 	idx: 2 8 1 32 128 32
4.405857201465861 1.623415861844141 	idx: 2 8 1 32 128 32
4.405857201465861 1.6071817032256996 	idx: 2 8 1 32 128 32
4.3931468082772085 1.5911098861934427 	idx: 3 8 1 8 16 2
4.3931468082772085 1.5751987873315083 	idx: 3 8 1 8 16 2
4.3931468082772085 1.5594467994581933 	idx: 3 8 1 8 16 2
4.3931468082772085 1.5438523314636114 	idx: 3 8 1 8 16 2
4.3931468082772085 1.5284138081489753 	idx: 3 8 1 8 16 2
4.4179511946078325 1.5131296700674854 	idx: 2 8 1 32 64 64
4.4179511946078325 1.4979983733668105 	idx: 2 8 1 32 64 64
4.4179511946078325 1.4830183896331424 	idx: 2 8 1 32 64 64
4.437741995506314 1.468188205736811 	idx: 2 8 1 32 32 32
4.437741995506314 1.4535063236794428 	idx: 2 8 1 32 32 32
4.442459566259724 1.4389712604426483 	idx: 2 8 1 64 32 16
4.442459566259724 1.4245815478382218 	idx: 2 8 1 64 32 16
4.44290966708553 1.4103357323598396 	idx: 2 8 1 32 16 32
4.441701461134446 1.396232375036241 	idx: 3 8 1 16 8 2
4.441701461134446 1.3822700512858788 	idx: 3 8 1 16 8 2
4.439128107691176 1.36844735077302 	idx: 3 8 1 16 16 2
4.439128107691176 1.3547628772652898 	idx: 3 8 1 16 16 2
4.439128107691176 1.341215248492637 	idx: 3 8 1 16 16 2
4.439128107691176 1.3278030960077105 	idx: 3 8 1 16 16 2
4.439128107691176 1.3145250650476334 	idx: 3 8 1 16 16 2
4.439128107691176 1.301379814397157 	idx: 3 8 1 16 16 2
4.439128107691176 1.2883660162531856 	idx: 3 8 1 16 16 2
4.439128107691176 1.2754823560906536 	idx: 3 8 1 16 16 2
4.453790259178434 1.2627275325297471 	idx: 3 8 1 32 8 4
4.453790259178434 1.2501002572044497 	idx: 3 8 1 32 8 4
4.453790259178434 1.2375992546324053 	idx: 3 8 1 32 8 4
4.453790259178434 1.2252232620860812 	idx: 3 8 1 32 8 4
4.453790259178434 1.2129710294652205 	idx: 3 8 1 32 8 4
4.4500186068573315 1.2008413191705682 	idx: 3 8 1 32 16 8
4.4500186068573315 1.1888329059788625 	idx: 3 8 1 32 16 8
4.442459566259724 1.1769445769190738 	idx: 3 8 1 32 32 16
4.442459566259724 1.165175131149883 	idx: 3 8 1 32 32 16
4.447646433890066 1.1535233798383842 	idx: 3 8 1 64 16 16
4.447646433890066 1.1419881460400003 	idx: 3 8 1 64 16 16
4.447646433890066 1.1305682645796002 	idx: 3 8 1 64 16 16
4.450223840323045 1.1192625819338042 	idx: 3 8 1 128 8 16
4.450223840323045 1.1080699561144662 	idx: 3 8 1 128 8 16
4.447646433890066 1.0969892565533215 	idx: 3 8 1 64 16 16
4.447646433890066 1.0860193639877882 	idx: 3 8 1 64 16 16
4.442459566259724 1.0751591703479102 	idx: 3 8 1 128 32 16
4.447646433890066 1.0644075786444311 	idx: 3 8 1 64 16 16
4.447646433890066 1.0537635028579868 	idx: 3 8 1 64 16 16
4.447646433890066 1.0432258678294068 	idx: 3 8 1 64 16 16
4.447646433890066 1.0327936091511127 	idx: 3 8 1 64 16 16
4.447646433890066 1.0224656730596016 	idx: 3 8 1 64 16 16
4.447646433890066 1.0122410163290056 	idx: 3 8 1 64 16 16
4.447646433890066 1.0021186061657157 	idx: 3 8 1 64 16 16
###### ACC Parameters ######
cim type:    FPCIM
bus_width:   25.6
macros_row:  8
macros_col:  1
scr:         64
is_size:     16
os_size:     16
best=4.447646433890066, area=3520550.9569235356 459
bert_large_sl64_FPCIM@ISSCC23_ee_running end at 1757779305.3991032
331.8256829852343 100 	idx: 0 4 2 2 128 256
328.88138654047543 99.0 	idx: 0 4 3 4 128 512
433.70880940147066 98.01 	idx: 0 4 2 8 256 1024
297.4218320742386 97.0299 	idx: 2 5 2 2 128 32
293.8205852615767 96.059601 	idx: 1 3 2 4 256 256
293.3855962178732 95.09900499 	idx: 1 3 2 2 256 256
331.8256829852343 94.1480149401 	idx: 1 4 2 2 128 256
270.72738379312136 93.206534790699 	idx: 2 6 2 8 128 32
298.3780980249793 92.27446944279201 	idx: 1 5 2 8 128 256
298.3780980249793 91.35172474836409 	idx: 1 5 2 8 128 256
212.62776193069394 90.43820750088045 	idx: 0 2 2 16 128 256
378.2931634374169 89.53382542587164 	idx: 1 6 2 8 256 512
307.26794028006606 88.63848717161292 	idx: 1 6 3 4 128 512
406.37527992472747 87.75210229989679 	idx: 1 5 2 8 256 256
444.12973668080156 86.87458127689783 	idx: 1 5 2 4 512 128
421.925414616744 86.00583546412885 	idx: 2 4 4 32 256 16
398.2596167541225 85.14577710948755 	idx: 2 4 3 16 256 32
472.9987246336374 84.29431933839268 	idx: 1 5 2 4 1024 256
472.76073522678945 83.45137614500875 	idx: 1 5 2 2 1024 512
479.20787750294465 82.61686238355867 	idx: 1 4 2 2 1024 256
459.79468517685564 81.79069375972308 	idx: 2 7 2 32 1024 8
480.0209164639283 80.97278682212585 	idx: 1 4 2 8 1024 1024
470.04069975668875 80.1630589539046 	idx: 2 6 2 8 2048 8
247.8437962216152 79.36142836436555 	idx: 4 2 2 128 512 256
462.22899250840163 78.56781408072189 	idx: 2 7 2 4 2048 32
502.14911273277073 77.78213593991467 	idx: 2 6 3 8 1024 16
479.6462821141585 77.00431458051553 	idx: 2 5 2 16 2048 32
466.1523182298362 76.23427143471037 	idx: 0 6 2 8 1024 128
252.34169577643695 75.47192872036327 	idx: 2 4 1 64 1024 32
250.2752755905512 74.71720943315964 	idx: 2 3 1 64 512 32
490.03599922913855 73.97003733882804 	idx: 0 8 2 16 512 128
464.60881774397535 73.23033696543976 	idx: 1 4 3 4 512 512
490.03599922913855 72.49803359578536 	idx: 0 8 2 16 512 128
490.03599922913855 71.7730532598275 	idx: 0 8 2 16 512 128
444.62068272126805 71.05532272722922 	idx: 2 5 2 32 512 128
468.37296002947136 70.34476949995693 	idx: 0 8 2 16 256 128
247.62355874104082 69.64132180495736 	idx: 0 8 1 8 256 128
406.37527992472747 68.94490858690779 	idx: 1 5 2 8 256 128
406.37527992472747 68.25545950103871 	idx: 1 5 2 8 256 128
324.6275959496503 67.57290490602833 	idx: 1 5 3 16 128 256
468.21772114605585 66.89717585696805 	idx: 0 8 2 4 256 64
298.3780980249793 66.22820409839836 	idx: 1 5 2 8 128 128
452.82760278699106 65.56592205741438 	idx: 0 7 2 2 1024 16
426.57397489504655 64.91026283684023 	idx: 0 7 2 2 512 16
324.6275959496503 64.26116020847184 	idx: 1 5 3 16 128 256
378.2931634374169 63.618548606387115 	idx: 1 6 2 8 256 128
298.31990121689756 62.98236312032324 	idx: 2 5 2 4 128 256
298.31990121689756 62.35253948912001 	idx: 2 5 2 4 128 512
438.72053485738934 61.72901409422881 	idx: 0 6 2 16 512 128
489.866070740541 61.11172395328652 	idx: 1 8 2 4 1024 256
489.9793433019886 60.500606713753655 	idx: 1 8 2 8 512 256
433.70927174556135 59.89560064661612 	idx: 1 7 2 8 512 128
502.46322492361423 59.29664464014996 	idx: 1 6 3 8 1024 128
479.5024128484104 58.70367819374846 	idx: 1 5 2 8 2048 128
479.5024128484104 58.116641411810974 	idx: 1 5 2 8 2048 128
479.6462821141585 57.535474997692866 	idx: 1 5 2 16 2048 256
480.0594316891919 56.960120247715935 	idx: 1 4 2 16 1024 256
515.9653983363706 56.390519045238776 	idx: 0 4 3 4 1024 64
602.1429049263985 55.82661385478639 	idx: 0 4 3 4 2048 128
358.8547870606846 55.26834771623852 	idx: 0 3 4 4 1024 128
432.84111170157024 54.71566423907614 	idx: 1 3 2 8 2048 128
479.9427722071488 54.16850759668538 	idx: 1 4 2 4 1024 256
479.9427722071488 53.62682252071853 	idx: 1 4 2 4 1024 256
479.9427722071488 53.09055429551134 	idx: 1 4 2 4 1024 256
393.007531282134 52.55964875255623 	idx: 2 5 3 8 256 512
489.9793433019886 52.03405226503067 	idx: 1 4 2 16 2048 128
473.2171380451016 51.51371174238036 	idx: 1 5 2 32 1024 128
466.2442018505488 50.998574624956554 	idx: 1 6 2 16 1024 128
438.6997198601673 50.488588878706985 	idx: 1 6 2 8 512 256
467.83868118928467 49.98370298991991 	idx: 0 1 4 8 4096 64
447.761221888874 49.483865960020715 	idx: 0 1 3 4 4096 32
428.769621192321 48.98902730042051 	idx: 0 1 2 8 4096 32
353.3343013864234 48.4991370274163 	idx: 2 7 2 4 256 128
489.3340373404408 48.01414565714214 	idx: 1 8 2 4 512 64
360.68423422944215 47.53400420057071 	idx: 2 6 4 4 256 128
489.6273080982462 47.05866415856501 	idx: 1 8 2 4 1024 128
501.21005432221654 46.58807751697936 	idx: 2 6 3 2 1024 256
489.3340373404408 46.12219674180957 	idx: 1 8 2 4 512 64
374.9338671001679 45.66097477439147 	idx: 0 2 3 2 2048 32
387.7071608815973 45.20436502664755 	idx: 1 6 3 4 256 128
392.7317278709967 44.752321376381076 	idx: 1 5 3 4 256 64
433.70880940147066 44.30479816261727 	idx: 2 4 2 8 256 256
332.35426724764693 43.861750180991095 	idx: 1 4 2 16 128 128
277.6474432358121 43.42313267918119 	idx: 4 2 8 2 256 128
246.7088035898369 42.98890135238938 	idx: 4 3 8 2 128 128
247.62355874104082 42.559012338865486 	idx: 2 2 1 4 256 1024
187.72123789274747 42.133422215476834 	idx: 2 2 1 4 128 2048
234.5850212344432 41.712087993322065 	idx: 3 4 3 16 64 16
237.25154358784164 41.29496711338884 	idx: 0 2 5 2 1024 256
368.6227801858483 40.882017442254956 	idx: 0 2 4 2 2048 256
368.8500330004279 40.473197267832404 	idx: 0 2 4 4 2048 256
283.7017699655002 40.06846529515408 	idx: 0 3 5 2 1024 128
253.8842552724132 39.66778064220254 	idx: 2 3 2 2 128 1024
265.6669109933627 39.27110283578051 	idx: 0 3 5 4 512 64
294.77953202328257 38.8783918074227 	idx: 0 2 4 2 1024 64
169.58472348370063 38.48960788934848 	idx: 0 1 4 2 1024 64
375.7514271438559 38.104711810454994 	idx: 0 2 3 2 2048 64
212.08132797040798 37.72366469235045 	idx: 0 1 3 4 2048 32
211.94681422722286 37.34642804542694 	idx: 0 1 3 4 2048 16
467.83868118928467 36.97296376497267 	idx: 0 1 4 8 4096 32
377.8175023866215 36.60323412732294 	idx: 0 2 3 4 2048 64
169.84021854565614 36.23720178604971 	idx: 0 1 4 4 1024 32
247.78613460987984 35.874829768189215 	idx: 3 7 2 16 128 128
323.308075917671 35.516081470507324 	idx: 0 3 4 4 512 8
464.36276332076494 35.16092065580225 	idx: 0 4 3 8 512 8
398.2451927147647 34.80931144924423 	idx: 0 4 3 16 256 16
421.8816629405494 34.461218334751784 	idx: 0 4 4 8 256 8
258.66255533607267 34.11660615140427 	idx: 0 3 3 4 128 4
247.62355874104082 33.775440089890225 	idx: 2 2 1 64 256 2048
176.3088528954959 33.43768568899132 	idx: 2 3 1 32 128 2048
169.4513000995431 33.10330883210141 	idx: 2 2 2 16 64 1024
254.12561634509078 32.7722757437804 	idx: 2 3 2 32 128 512
287.2079858219963 32.44455298634259 	idx: 2 3 3 64 256 512
324.8464888257228 32.12010745647917 	idx: 2 3 2 32 512 256
450.6557316762481 31.798906381914374 	idx: 2 4 2 16 512 128
460.3130827137426 31.48091731809523 	idx: 2 5 3 32 512 128
406.40125941715996 31.16610814491428 	idx: 2 5 2 16 256 64
433.53134210666525 30.854447063465138 	idx: 2 4 2 8 256 32
392.7317278709967 30.545902592830487 	idx: 2 5 3 4 256 64
270.15410399718985 30.240443566902183 	idx: 2 6 2 2 128 128
270.15410399718985 29.93803913123316 	idx: 2 6 2 2 128 128
324.47820814506343 29.638658739920828 	idx: 2 5 3 4 128 64
262.00759398457507 29.34227215252162 	idx: 2 6 4 2 128 128
386.6494981888612 29.048849430996402 	idx: 2 6 3 2 256 128
386.6494981888612 28.758360936686437 	idx: 2 6 3 2 256 128
406.3192729451713 28.47077732731957 	idx: 2 5 2 4 256 64
270.72738379312136 28.186069554046373 	idx: 2 6 2 8 128 32
270.6794725426796 27.90420885850591 	idx: 2 6 2 4 128 16
353.3343013864234 27.625166769920853 	idx: 2 7 2 4 256 32
186.0258613436925 27.348915102221643 	idx: 0 4 1 2 128 2
165.112118659063 27.075425951199424 	idx: 0 5 1 2 128 4
405.6063326221761 26.804671691687428 	idx: 0 5 2 4 256 2
270.69568121785534 26.536624974770554 	idx: 0 6 2 8 128 4
196.82279936625426 26.271258725022847 	idx: 2 6 3 32 64 16
298.3780980249793 26.00854613777262 	idx: 0 5 2 8 128 8
393.0086702005627 25.748460676394892 	idx: 2 5 3 32 256 8
437.7017402207726 25.490976069630943 	idx: 0 6 2 4 512 4
451.42903998752837 25.23606630893463 	idx: 0 7 3 8 512 4
352.21353353256296 24.983705645845284 	idx: 0 7 2 4 256 2
359.74149736857 24.73386858938683 	idx: 0 8 2 8 128 2
110.64875026108751 24.48652990349296 	idx: 0 9 1 4 64 4
165.75818101222916 24.24166460445803 	idx: 0 10 1 8 128 8
217.10296779481575 23.99924795841345 	idx: 0 11 1 8 256 16
244.0163522253997 23.759255478829314 	idx: 0 11 1 4 512 32
225.89536291173343 23.52166292404102 	idx: 0 10 1 4 256 64
318.19563775605974 23.28644629480061 	idx: 0 10 2 4 128 64
334.6726529994456 23.053581831852604 	idx: 0 9 2 4 128 64
466.16460289542886 22.82304601353408 	idx: 0 8 2 2 256 32
283.2818056898322 22.59481555339874 	idx: 0 7 3 2 128 16
283.2818056898322 22.36886739786475 	idx: 0 7 3 2 128 16
209.81296851728848 22.145178723886104 	idx: 4 2 4 64 128 32
248.7834320279231 21.923726936647242 	idx: 4 3 4 32 128 16
421.925414616744 21.704489667280768 	idx: 4 4 4 32 256 16
324.616199314061 21.48744477060796 	idx: 4 5 3 32 128 8
324.616199314061 21.27257032290188 	idx: 4 5 3 32 128 8
234.68664539081755 21.059844619672862 	idx: 4 4 3 64 64 8
298.4201188553389 20.849246173476132 	idx: 4 5 2 32 128 8
207.26561952348737 20.64075371174137 	idx: 0 3 3 64 64 16
270.7619768907535 20.434346174623958 	idx: 4 6 2 32 128 4
259.3546838240661 20.230002712877717 	idx: 0 3 3 64 128 8
259.31352272441177 20.027702685748938 	idx: 3 3 3 8 128 128
209.4974953862378 19.82742565889145 	idx: 4 6 1 64 256 4
248.6830675644618 19.629151402302536 	idx: 3 3 4 4 128 64
421.1427577697359 19.43285988827951 	idx: 3 4 4 2 256 64
425.9478410901652 19.238531289396715 	idx: 3 5 4 2 512 32
453.97940258686725 19.046145976502746 	idx: 3 5 4 2 1024 64
471.9972713667529 18.855684516737718 	idx: 4 5 2 4 1024 2
478.6843693322438 18.66712767157034 	idx: 4 5 2 4 2048 4
515.341903629139 18.480456394854638 	idx: 4 4 3 4 1024 8
357.8839528717979 18.295651830906092 	idx: 4 3 4 2 1024 4
479.2191665292469 18.11269531259703 	idx: 3 4 2 4 1024 64
479.2191665292469 17.931568359471058 	idx: 3 4 2 4 1024 64
489.6986177378276 17.752252675876345 	idx: 3 4 2 8 2048 64
480.0594316891919 17.57473014911758 	idx: 3 4 2 16 1024 128
480.0594316891919 17.398982847626407 	idx: 3 4 2 16 1024 128
248.08741804558227 17.22499301915014 	idx: 3 5 1 32 512 256
473.2259448293189 17.05274308895864 	idx: 3 5 2 64 1024 128
473.2259448293189 16.882215658069054 	idx: 3 5 2 64 1024 128
248.08741804558227 16.713393501488362 	idx: 3 5 1 64 2048 256
248.08741804558227 16.546259566473477 	idx: 3 5 1 128 1024 128
473.2259448293189 16.380796970808742 	idx: 3 5 2 64 1024 64
265.5738728788555 16.216989001100654 	idx: 4 2 9 8 256 32
490.03599922913855 16.054819111089646 	idx: 3 4 2 32 2048 32
252.34169577643695 15.89427091997875 	idx: 3 4 1 32 1024 64
250.2752755905512 15.735328210778961 	idx: 3 3 1 64 2048 128
263.8303382444491 15.577974928671171 	idx: 4 2 8 4 128 64
263.8303382444491 15.42219517938446 	idx: 4 2 8 4 128 64
364.62141156901544 15.267973227590614 	idx: 3 3 2 16 1024 512
296.5684936399752 15.115293495314708 	idx: 3 2 2 16 1024 1024
241.79037592885726 14.96414056036156 	idx: 3 2 3 16 512 1024
241.79037592885726 14.814499154757945 	idx: 3 2 3 16 512 1024
178.79319364365068 14.666354163210364 	idx: 4 2 8 16 64 256
110.67474142523886 14.519690621578262 	idx: 3 1 3 16 256 256
223.19943734851586 14.374493715362478 	idx: 3 2 2 32 256 512
207.95168396669072 14.230748778208852 	idx: 3 2 3 32 128 512
178.24018785759972 14.088441290426763 	idx: 1 2 3 64 64 256
124.08244846970643 13.947556877522496 	idx: 3 2 1 64 64 512
212.62842867744666 13.808081308747271 	idx: 3 2 2 64 128 1024
169.47840568927754 13.670000495659798 	idx: 1 2 2 64 64 512
187.72123789274747 13.5333004907032 	idx: 3 2 1 128 128 1024
124.08244846970643 13.397967485796167 	idx: 3 2 1 256 64 1024
92.30422535211268 13.263987810938206 	idx: 4 2 8 16 32 64
124.08244846970643 13.131347932828824 	idx: 1 2 1 64 64 512
187.72123789274747 13.000034453500536 	idx: 1 2 1 32 128 256
254.13577561705685 12.87003410896553 	idx: 1 3 2 64 128 128
332.3716441979815 12.741333767875876 	idx: 1 4 2 64 128 256
230.4163252546007 12.613920430197117 	idx: 1 4 2 32 64 128
99.18387343391635 12.487781225895146 	idx: 1 5 2 64 32 256
116.11514263828019 12.362903413636195 	idx: 2 2 4 32 32 1024
134.36462593661162 12.239274379499832 	idx: 1 4 3 64 32 128
219.00938244463566 12.116881635704834 	idx: 1 5 3 32 64 64
134.3550416227455 11.995712819347785 	idx: 1 4 3 32 32 64
184.9548886399674 11.875755691154307 	idx: 4 2 10 4 128 128
184.9548886399674 11.756998134242764 	idx: 4 2 10 4 128 128
118.30696783926554 11.639428152900336 	idx: 4 1 10 2 128 64
116.62065676022748 11.523033871371332 	idx: 4 1 11 4 64 128
169.46936952923173 11.407803532657619 	idx: 2 2 2 32 64 256
124.08244846970643 11.293725497331042 	idx: 2 2 1 64 64 128
96.32973693781064 11.180788242357732 	idx: 2 1 1 64 64 128
187.72123789274747 11.068980359934155 	idx: 2 2 1 128 128 128
124.08244846970643 10.958290556334813 	idx: 2 2 1 64 64 128
169.47840568927754 10.848707650771464 	idx: 2 2 2 128 64 64
124.08244846970643 10.74022057426375 	idx: 2 2 1 128 64 32
254.13577561705685 10.632818368521113 	idx: 2 3 2 128 128 64
110.67186629526462 10.526490184835902 	idx: 2 3 1 256 64 128
176.3088528954959 10.421225282987542 	idx: 2 3 1 128 128 64
332.3716441979815 10.317013030157668 	idx: 2 4 2 64 128 32
247.62355874104082 10.213842899856092 	idx: 2 4 1 128 256 16
166.1350616767719 10.11170447085753 	idx: 2 5 1 256 128 16
226.84099343419925 10.010587426148955 	idx: 2 5 1 256 256 8
247.62355874104082 9.910481551887466 	idx: 2 4 1 256 256 16
250.2752755905512 9.811376736368592 	idx: 2 3 1 256 512 16
250.2752755905512 9.713262969004907 	idx: 2 3 1 128 512 16
252.34169577643695 9.616130339314857 	idx: 2 4 1 128 1024 16
248.08741804558227 9.519969035921708 	idx: 2 5 1 128 2048 32
248.08741804558227 9.42476934556249 	idx: 2 5 1 64 1024 16
450.6806921151162 9.330521652106865 	idx: 2 4 2 64 512 8
287.2079858219963 9.237216435585797 	idx: 2 3 3 64 256 16
287.2079858219963 9.144844271229939 	idx: 2 3 3 64 256 16
209.81296851728848 9.053395828517639 	idx: 2 2 4 128 128 16
264.0495119418484 8.962861870232462 	idx: 4 2 8 8 128 256
264.0495119418484 8.873233251530138 	idx: 4 2 8 8 128 256
264.0495119418484 8.784500919014837 	idx: 4 2 8 8 128 256
178.74292141150008 8.696655909824688 	idx: 4 2 8 8 64 512
127.00263746321552 8.609689350726441 	idx: 2 2 3 16 32 8
108.56631485466407 8.523592457219177 	idx: 2 3 4 32 32 4
114.88349439994217 8.438356532646985 	idx: 2 3 5 32 64 2
209.81253571244392 8.353972967320516 	idx: 2 2 4 16 128 4
216.6967446552511 8.27043323764731 	idx: 2 3 5 8 256 2
252.9774784297827 8.187728905270838 	idx: 2 4 6 4 256 4
252.9774784297827 8.105851616218128 	idx: 2 4 6 4 256 4
209.6163345638526 8.024793100055946 	idx: 2 4 5 2 128 4
420.81866776996276 7.944545169055387 	idx: 2 4 4 2 256 2
420.81866776996276 7.865099717364833 	idx: 2 4 4 2 256 2
420.81866776996276 7.786448720191185 	idx: 2 4 4 2 256 2
390.3302722015205 7.708584232989273 	idx: 2 5 4 4 256 4
390.5310986964618 7.63149839065938 	idx: 2 5 4 8 256 2
390.5310986964618 7.5551834067527865 	idx: 2 5 4 8 256 2
435.94227546450077 7.479631572685259 	idx: 2 4 4 4 512 2
509.1327707830945 7.404835256958406 	idx: 2 5 3 8 1024 2
472.8959146004101 7.330786904388821 	idx: 2 5 2 8 1024 2
472.8959146004101 7.257479035344933 	idx: 2 5 2 8 1024 2
479.7356432164478 7.1849042449914835 	idx: 2 4 2 8 1024 2
472.89948746143176 7.1130552025415685 	idx: 2 5 2 8 1024 4
472.89948746143176 7.041924650516153 	idx: 2 5 2 8 1024 4
472.89948746143176 6.971505404010991 	idx: 2 5 2 8 1024 4
601.8418352554127 6.901790349970882 	idx: 2 4 3 8 2048 8
601.8418352554127 6.832772446471173 	idx: 2 4 3 8 2048 8
601.8418352554127 6.764444722006462 	idx: 2 4 3 8 2048 8
435.8082538961616 6.696800274786397 	idx: 2 3 4 4 2048 16
435.8082538961616 6.6298322720385325 	idx: 2 3 4 4 2048 16
467.76767950846437 6.563533949318147 	idx: 2 4 4 8 1024 16
383.3605222441876 6.497898609824966 	idx: 2 3 3 4 1024 16
390.5310986964618 6.432919623726716 	idx: 4 5 4 8 256 256
460.3026668529687 6.3685904274894485 	idx: 4 5 3 4 512 512
501.21005432221654 6.304904523214554 	idx: 4 6 3 2 1024 256
501.21005432221654 6.2418554779824085 	idx: 4 6 3 2 1024 256
463.81088574347 6.1794369232025845 	idx: 4 6 2 2 1024 128
463.81088574347 6.117642553970558 	idx: 4 6 2 2 1024 128
444.12973668080156 6.056466128430853 	idx: 4 5 2 4 512 128
487.48858016351966 5.9959014671465445 	idx: 2 2 2 4 4096 8
487.48858016351966 5.935942452475079 	idx: 2 2 2 4 4096 8
487.48858016351966 5.8765830279503275 	idx: 2 2 2 4 4096 8
487.48858016351966 5.817817197670824 	idx: 2 2 2 4 4096 8
487.48858016351966 5.759639025694116 	idx: 2 2 2 4 4096 8
586.7716155681127 5.7020426354371745 	idx: 4 5 3 2 2048 16
586.7716155681127 5.645022209082803 	idx: 4 5 3 2 2048 16
586.7716155681127 5.588571986991974 	idx: 4 5 3 2 2048 16
590.7860734228848 5.532686267122054 	idx: 4 5 3 4 2048 8
487.48858016351966 5.477359404450834 	idx: 2 2 2 4 4096 8
487.48858016351966 5.422585810406325 	idx: 2 2 2 4 4096 8
487.48858016351966 5.368359952302262 	idx: 2 2 2 4 4096 8
250.07429007137165 5.314676352779239 	idx: 2 2 1 4 2048 8
432.60523637925735 5.261529589251447 	idx: 2 3 2 8 2048 16
461.8082062411747 5.208914293358933 	idx: 2 3 3 8 2048 8
474.6813519139046 5.156825150425344 	idx: 4 4 2 2 1024 2
489.866070740541 5.10525689892109 	idx: 2 2 2 16 4096 16
489.866070740541 5.0542043299318795 	idx: 2 2 2 16 4096 16
489.866070740541 5.003662286632561 	idx: 2 2 2 16 4096 16
445.9130373786706 4.953625663766235 	idx: 4 4 2 2 512 2
445.9130373786706 4.9040894071285726 	idx: 4 4 2 2 512 2
445.9130373786706 4.8550485130572865 	idx: 4 4 2 2 512 2
364.64363382149963 4.806498027926714 	idx: 2 3 2 64 1024 32
446.053835966074 4.758433047647447 	idx: 4 4 2 2 512 8
364.64363382149963 4.710848717170973 	idx: 2 3 2 64 1024 32
364.64363382149963 4.663740229999263 	idx: 2 3 2 64 1024 32
364.64363382149963 4.61710282769927 	idx: 2 3 2 64 1024 32
364.64363382149963 4.570931799422278 	idx: 2 3 2 64 1024 32
332.3716441979815 4.525222481428055 	idx: 3 4 2 64 128 8
332.3716441979815 4.4799702566137745 	idx: 3 4 2 64 128 8
433.7115834808008 4.4351705540476365 	idx: 3 4 2 64 256 4
464.61942940019355 4.39081884850716 	idx: 3 4 3 64 512 4
464.61942940019355 4.346910660022088 	idx: 3 4 3 64 512 4
446.23974799391044 4.303441553421867 	idx: 4 4 2 2 512 16
468.3438448982035 4.260407137887648 	idx: 4 5 2 2 1024 8
516.9448516752369 4.217803066508771 	idx: 2 4 3 16 1024 64
462.6231903174307 4.175625035843683 	idx: 2 3 3 32 2048 64
508.4284396767832 4.133868785485246 	idx: 4 5 3 4 1024 32
478.97403211270824 4.0925300976303935 	idx: 4 5 2 4 2048 64
478.97403211270824 4.05160479665409 	idx: 4 5 2 4 2048 64
478.97403211270824 4.011088748687548 	idx: 4 5 2 4 2048 64
478.97403211270824 3.970977861200673 	idx: 4 5 2 4 2048 64
506.15386376246886 3.9312680825886663 	idx: 4 5 3 2 1024 64
602.549559396336 3.8919554017627798 	idx: 2 4 3 16 2048 16
602.549559396336 3.853035847745152 	idx: 2 4 3 16 2048 16
602.549559396336 3.8145054892677006 	idx: 2 4 3 16 2048 16
602.549559396336 3.7763604343750234 	idx: 2 4 3 16 2048 16
479.3806578107068 3.7385968300312733 	idx: 2 5 2 8 2048 32
509.67108004334455 3.7012108617309605 	idx: 2 5 3 16 1024 64
509.67108004334455 3.664198753113651 	idx: 2 5 3 16 1024 64
509.67108004334455 3.6275567655825145 	idx: 2 5 3 16 1024 64
509.67108004334455 3.591281197926689 	idx: 2 5 3 16 1024 64
460.31204110645285 3.555368385947422 	idx: 4 5 3 16 512 16
508.28520366827144 3.519814702087948 	idx: 2 5 3 4 1024 16
480.07869161966346 3.4846165550670687 	idx: 3 4 2 32 1024 8
468.3438448982035 3.449770389516398 	idx: 2 5 2 2 1024 8
484.8779222760383 3.415272685621234 	idx: 4 4 2 2 2048 8
484.8779222760383 3.3811199587650216 	idx: 4 4 2 2 2048 8
475.8327715544161 3.347308759177371 	idx: 2 5 2 2 2048 16
475.8327715544161 3.3138356715855974 	idx: 2 5 2 2 2048 16
475.8327715544161 3.2806973148697414 	idx: 2 5 2 2 2048 16
515.4359194605024 3.247890341721044 	idx: 4 4 3 4 1024 16
484.8779222760383 3.2154114383038332 	idx: 2 4 2 2 2048 8
488.7456128548638 3.183257323920795 	idx: 2 4 2 4 2048 4
488.7456128548638 3.1514247506815867 	idx: 2 4 2 4 2048 4
488.7456128548638 3.1199105031747707 	idx: 2 4 2 4 2048 4
480.07869161966346 3.088711398143023 	idx: 4 4 2 32 1024 8
480.08775565111085 3.0578242841615926 	idx: 4 4 2 64 1024 4
480.08775565111085 3.0272460413199767 	idx: 4 4 2 64 1024 4
590.7376069207548 2.996973580906777 	idx: 2 5 3 4 2048 4
464.61942940019355 2.967003845097709 	idx: 3 4 3 32 512 2
464.61942940019355 2.9373338066467323 	idx: 3 4 3 64 512 4
464.61942940019355 2.907960468580265 	idx: 3 4 3 64 512 4
515.4359194605024 2.8788808638944623 	idx: 2 4 3 4 1024 16
509.62256006593753 2.8500920552555176 	idx: 3 5 3 16 1024 2
590.8821721244512 2.8215911347029623 	idx: 2 5 3 4 2048 16
509.62256006593753 2.7933752233559326 	idx: 3 5 3 16 1024 2
509.62256006593753 2.765441471122373 	idx: 3 5 3 16 1024 2
488.7737967092111 2.7377870564111495 	idx: 2 4 2 4 2048 8
479.6462821141585 2.710409185847038 	idx: 3 5 2 16 2048 2
602.5299274915881 2.6833050939885674 	idx: 3 4 3 16 2048 4
602.5299274915881 2.656472043048682 	idx: 3 4 3 16 2048 4
602.5299274915881 2.629907322618195 	idx: 3 4 3 16 2048 4
602.5299274915881 2.603608249392013 	idx: 3 4 3 16 2048 4
602.5299274915881 2.577572166898093 	idx: 3 4 3 16 2048 4
602.5299274915881 2.551796445229112 	idx: 3 4 3 16 2048 4
602.5299274915881 2.526278480776821 	idx: 3 4 3 16 2048 4
516.9921481769513 2.501015695969053 	idx: 3 4 3 32 1024 8
516.9921481769513 2.4760055390093623 	idx: 3 4 3 32 1024 8
516.9921481769513 2.4512454836192688 	idx: 3 4 3 32 1024 8
516.9921481769513 2.426733028783076 	idx: 3 4 3 32 1024 8
516.9921481769513 2.402465698495245 	idx: 3 4 3 32 1024 8
516.9921481769513 2.3784410415102926 	idx: 3 4 3 32 1024 8
602.5299274915881 2.3546566310951897 	idx: 3 4 3 16 2048 4
602.5299274915881 2.3311100647842378 	idx: 3 4 3 16 2048 4
602.5299274915881 2.307798964136395 	idx: 3 4 3 16 2048 4
602.5299274915881 2.2847209744950314 	idx: 3 4 3 16 2048 4
602.5299274915881 2.261873764750081 	idx: 3 4 3 16 2048 4
602.5370662180254 2.23925502710258 	idx: 3 4 3 16 2048 8
602.5370662180254 2.2168624768315546 	idx: 3 4 3 16 2048 8
602.5370662180254 2.194693852063239 	idx: 3 4 3 16 2048 8
602.5370662180254 2.1727469135426065 	idx: 3 4 3 16 2048 8
602.5370662180254 2.1510194444071806 	idx: 3 4 3 16 2048 8
602.5370662180254 2.129509249963109 	idx: 3 4 3 16 2048 8
590.7860734228848 2.108214157463478 	idx: 4 5 3 4 2048 8
590.7860734228848 2.087132015888843 	idx: 4 5 3 4 2048 8
590.7860734228848 2.0662606957299547 	idx: 4 5 3 4 2048 8
602.0074753853849 2.045598088772655 	idx: 3 4 3 8 2048 32
602.0074753853849 2.0251421078849283 	idx: 3 4 3 8 2048 32
602.0074753853849 2.004890686806079 	idx: 3 4 3 8 2048 32
602.0074753853849 1.9848417799380185 	idx: 3 4 3 8 2048 32
602.0074753853849 1.9649933621386382 	idx: 3 4 3 8 2048 32
602.0074753853849 1.9453434285172517 	idx: 3 4 3 8 2048 32
602.0074753853849 1.9258899942320793 	idx: 3 4 3 8 2048 32
602.2142081097003 1.9066310942897584 	idx: 3 4 3 8 2048 64
602.2142081097003 1.8875647833468607 	idx: 3 4 3 8 2048 64
602.2142081097003 1.868689135513392 	idx: 3 4 3 8 2048 64
602.2142081097003 1.8500022441582582 	idx: 3 4 3 8 2048 64
602.2142081097003 1.8315022217166756 	idx: 3 4 3 8 2048 64
602.2142081097003 1.8131871994995088 	idx: 3 4 3 8 2048 64
602.2142081097003 1.7950553275045138 	idx: 3 4 3 8 2048 64
602.2142081097003 1.7771047742294686 	idx: 3 4 3 8 2048 64
602.2142081097003 1.7593337264871738 	idx: 3 4 3 8 2048 64
602.2142081097003 1.741740389222302 	idx: 3 4 3 8 2048 64
602.2142081097003 1.724322985330079 	idx: 3 4 3 8 2048 64
602.2142081097003 1.7070797554767783 	idx: 3 4 3 8 2048 64
602.2142081097003 1.6900089579220106 	idx: 3 4 3 8 2048 64
602.2142081097003 1.6731088683427904 	idx: 3 4 3 8 2048 64
602.2142081097003 1.6563777796593624 	idx: 3 4 3 8 2048 64
602.2142081097003 1.6398140018627687 	idx: 3 4 3 8 2048 64
602.2142081097003 1.623415861844141 	idx: 3 4 3 8 2048 64
602.2142081097003 1.6071817032256996 	idx: 3 4 3 8 2048 64
602.2142081097003 1.5911098861934427 	idx: 3 4 3 8 2048 64
602.2142081097003 1.5751987873315083 	idx: 3 4 3 8 2048 64
602.2142081097003 1.5594467994581933 	idx: 3 4 3 8 2048 64
602.2142081097003 1.5438523314636114 	idx: 3 4 3 8 2048 64
602.2142081097003 1.5284138081489753 	idx: 3 4 3 8 2048 64
602.2142081097003 1.5131296700674854 	idx: 3 4 3 8 2048 64
602.2142081097003 1.4979983733668105 	idx: 3 4 3 8 2048 64
602.2142081097003 1.4830183896331424 	idx: 3 4 3 8 2048 64
602.2142081097003 1.468188205736811 	idx: 3 4 3 8 2048 64
602.2142081097003 1.4535063236794428 	idx: 3 4 3 8 2048 64
602.2142081097003 1.4389712604426483 	idx: 3 4 3 8 2048 64
602.2142081097003 1.4245815478382218 	idx: 3 4 3 8 2048 64
602.0074753853849 1.4103357323598396 	idx: 3 4 3 8 2048 32
602.583472063415 1.396232375036241 	idx: 0 4 3 8 2048 128
602.583472063415 1.3822700512858788 	idx: 0 4 3 8 2048 128
602.6173885480512 1.36844735077302 	idx: 0 4 3 16 2048 64
602.0074753853849 1.3547628772652898 	idx: 0 4 3 8 2048 32
602.0074753853849 1.341215248492637 	idx: 0 4 3 8 2048 32
602.0074753853849 1.3278030960077105 	idx: 0 4 3 8 2048 32
601.2868045661722 1.3145250650476334 	idx: 3 4 3 4 2048 64
601.2868045661722 1.301379814397157 	idx: 3 4 3 4 2048 64
601.2868045661722 1.2883660162531856 	idx: 3 4 3 4 2048 64
597.7618693599053 1.2754823560906536 	idx: 3 4 3 2 2048 64
597.7618693599053 1.2627275325297471 	idx: 3 4 3 2 2048 64
597.7618693599053 1.2501002572044497 	idx: 3 4 3 2 2048 64
596.7168096683827 1.2375992546324053 	idx: 0 4 3 2 2048 32
596.7168096683827 1.2252232620860812 	idx: 0 4 3 2 2048 32
596.7168096683827 1.2129710294652205 	idx: 0 4 3 2 2048 32
596.7168096683827 1.2008413191705682 	idx: 0 4 3 2 2048 32
596.7168096683827 1.1888329059788625 	idx: 0 4 3 2 2048 32
596.7168096683827 1.1769445769190738 	idx: 0 4 3 2 2048 32
601.2868045661722 1.165175131149883 	idx: 3 4 3 4 2048 64
601.2868045661722 1.1535233798383842 	idx: 3 4 3 4 2048 64
602.0074753853849 1.1419881460400003 	idx: 3 4 3 8 2048 32
602.0074753853849 1.1305682645796002 	idx: 3 4 3 8 2048 32
602.0074753853849 1.1192625819338042 	idx: 3 4 3 8 2048 32
602.0074753853849 1.1080699561144662 	idx: 3 4 3 8 2048 32
602.0074753853849 1.0969892565533215 	idx: 3 4 3 8 2048 32
602.0074753853849 1.0860193639877882 	idx: 3 4 3 8 2048 32
602.0074753853849 1.0751591703479102 	idx: 3 4 3 8 2048 32
602.0074753853849 1.0644075786444311 	idx: 3 4 3 8 2048 32
602.0074753853849 1.0537635028579868 	idx: 3 4 3 8 2048 32
602.0074753853849 1.0432258678294068 	idx: 3 4 3 8 2048 32
602.0074753853849 1.0327936091511127 	idx: 3 4 3 8 2048 32
602.0074753853849 1.0224656730596016 	idx: 3 4 3 8 2048 32
602.0074753853849 1.0122410163290056 	idx: 3 4 3 8 2048 32
602.0074753853849 1.0021186061657157 	idx: 3 4 3 8 2048 32
###### ACC Parameters ######
cim type:    FPCIM
bus_width:   25.6
macros_row:  4
macros_col:  3
scr:         8
is_size:     2048
os_size:     32
best=602.0074753853849, area=4523405.71191656 459
bert_large_sl64_FPCIM@ISSCC23_tt_running start at 1757780044.7002423
705.9010604630504 100 	idx: 4 4 2 2 128 256
880.5098223387057 99.0 	idx: 4 3 3 4 256 512
1113.2781173895198 98.01 	idx: 4 4 3 2 512 1024
884.0820527084347 97.0299 	idx: 4 3 2 2 1024 1024
884.0820527084347 96.059601 	idx: 4 3 2 2 1024 1024
1113.686474175782 95.09900499 	idx: 4 4 3 4 512 512
1113.9853128816214 94.1480149401 	idx: 4 4 3 8 512 1024
879.464877390793 93.206534790699 	idx: 4 4 4 4 256 512
699.5603119798616 92.27446944279201 	idx: 1 4 2 8 128 128
955.6938847898447 91.35172474836409 	idx: 1 4 3 16 256 64
943.4844742102603 90.43820750088045 	idx: 1 3 3 8 512 128
734.0637413394919 89.53382542587164 	idx: 1 2 2 4 1024 64
884.2780499467495 88.63848717161292 	idx: 1 3 2 8 1024 32
734.1909106658197 87.75210229989679 	idx: 1 2 2 16 512 32
650.2526675148159 86.87458127689783 	idx: 3 4 2 32 16 8
961.7234493192133 86.00583546412885 	idx: 1 4 2 16 512 16
1020.3430038922996 85.14577710948755 	idx: 1 5 3 16 512 32
887.3929614482796 84.29431933839268 	idx: 1 5 3 32 256 32
875.0706836068148 83.45137614500875 	idx: 1 5 3 16 256 32
831.3155401898644 82.61686238355867 	idx: 1 5 2 16 256 32
898.7013381753279 81.79069375972308 	idx: 1 6 2 32 512 32
699.7949502993733 80.97278682212585 	idx: 1 6 1 32 1024 32
701.964664310954 80.1630589539046 	idx: 1 7 1 64 512 32
776.5658114241868 79.36142836436555 	idx: 1 6 2 64 256 32
842.4285282412526 78.56781408072189 	idx: 1 5 2 32 256 64
961.7234493192133 77.78213593991467 	idx: 1 4 2 16 512 64
961.7234493192133 77.00431458051553 	idx: 1 4 2 16 512 64
1270.9218043233786 76.23427143471037 	idx: 1 4 3 8 1024 64
884.6049052009045 75.47192872036327 	idx: 1 3 2 8 1024 64
446.9171893639973 74.71720943315964 	idx: 4 2 6 8 4 512
521.6628794532668 73.97003733882804 	idx: 2 2 9 4 8 256
648.9830722603286 73.23033696543976 	idx: 0 1 3 64 128 512
655.5960272424109 72.49803359578536 	idx: 1 1 3 32 2048 64
877.7988720263395 71.7730532598275 	idx: 0 2 3 64 512 512
882.4865690289442 71.05532272722922 	idx: 0 2 4 32 512 1024
687.177375113165 70.34476949995693 	idx: 1 1 4 16 2048 32
908.6325381121052 69.64132180495736 	idx: 1 2 5 16 2048 64
687.1309517375561 68.94490858690779 	idx: 1 1 4 16 1024 32
646.5347177858929 68.25545950103871 	idx: 1 1 5 16 1024 16
687.019561223387 67.57290490602833 	idx: 1 1 4 8 1024 8
734.1909106658197 66.89717585696805 	idx: 0 2 2 16 512 512
649.204168272334 66.22820409839836 	idx: 1 1 3 8 1024 8
687.1309517375561 65.56592205741438 	idx: 1 1 4 16 1024 16
943.4844742102603 64.91026283684023 	idx: 0 3 3 8 512 256
877.7306967091098 64.26116020847184 	idx: 0 2 3 16 512 128
1028.805955656255 63.618548606387115 	idx: 0 2 4 16 1024 256
1028.805955656255 62.98236312032324 	idx: 0 2 4 16 1024 256
1028.805955656255 62.35253948912001 	idx: 0 2 4 16 1024 256
1028.826768626975 61.72901409422881 	idx: 0 2 4 8 2048 128
646.5018417113455 61.11172395328652 	idx: 0 1 5 8 1024 256
649.9711445218205 60.500606713753655 	idx: 4 1 3 2 512 512
1027.6417717426448 59.89560064661612 	idx: 4 2 4 2 1024 1024
1027.6417717426448 59.29664464014996 	idx: 4 2 4 2 1024 1024
1027.6417717426448 58.70367819374846 	idx: 4 2 4 2 1024 1024
1027.6417717426448 58.116641411810974 	idx: 4 2 4 2 1024 1024
877.2915985630312 57.535474997692866 	idx: 4 2 3 4 512 1024
762.9611137782045 56.960120247715935 	idx: 1 4 1 4 1024 16
1137.2587325014536 56.390519045238776 	idx: 1 4 2 8 1024 16
884.7126280813458 55.82661385478639 	idx: 1 3 2 16 2048 8
772.3231685092941 55.26834771623852 	idx: 1 4 1 16 4096 16
1112.6631004342928 54.71566423907614 	idx: 1 5 2 16 2048 32
1112.6631004342928 54.16850759668538 	idx: 1 5 2 16 2048 64
1317.400374320815 53.62682252071853 	idx: 1 4 3 16 2048 64
1147.7304445948996 53.09055429551134 	idx: 1 3 4 8 2048 64
899.5637315597694 52.55964875255623 	idx: 1 2 3 8 1024 64
877.7306967091098 52.03405226503067 	idx: 1 2 3 16 512 64
880.5317375378073 51.51371174238036 	idx: 1 3 3 16 256 32
658.8436570623504 50.998574624956554 	idx: 0 2 3 8 64 1024
633.8294032603819 50.488588878706985 	idx: 0 2 2 4 128 512
646.3257034604096 49.98370298991991 	idx: 2 5 4 4 16 64
660.9994711646643 49.483865960020715 	idx: 2 4 3 8 32 32
650.7066300193766 48.98902730042051 	idx: 0 3 3 8 64 256
651.8090685088644 48.4991370274163 	idx: 2 4 3 4 8 16
659.2338483874313 48.01414565714214 	idx: 0 2 3 32 64 512
577.1541281280146 47.53400420057071 	idx: 0 2 4 64 64 512
639.5012346843342 47.05866415856501 	idx: 1 3 3 8 16 128
633.6906975313401 46.58807751697936 	idx: 1 3 3 16 16 64
662.7000866556773 46.12219674180957 	idx: 1 4 3 16 8 32
646.0275657067365 45.66097477439147 	idx: 2 4 2 2 32 256
650.1513534849271 45.20436502664755 	idx: 2 3 3 4 16 256
658.4251557670211 44.752321376381076 	idx: 2 4 3 4 8 128
634.5921341908997 44.30479816261727 	idx: 1 3 3 16 4 32
652.605768181964 43.861750180991095 	idx: 0 4 2 128 4 128
669.5424800460792 43.42313267918119 	idx: 0 4 3 64 8 64
651.8195112885551 42.98890135238938 	idx: 0 4 2 32 8 64
630.0391839250359 42.559012338865486 	idx: 0 5 1 16 4 128
629.9172486295712 42.133422215476834 	idx: 4 3 3 4 8 8
620.3134870417184 41.712087993322065 	idx: 2 4 5 8 256 256
685.5840062551396 41.29496711338884 	idx: 2 4 4 8 128 128
662.5608668958542 40.882017442254956 	idx: 2 5 4 4 128 256
644.2587819102862 40.473197267832404 	idx: 2 6 4 2 128 256
642.1751348757628 40.06846529515408 	idx: 2 6 4 2 128 128
632.1890689740635 39.66778064220254 	idx: 0 3 3 4 4 16
623.5463785119242 39.27110283578051 	idx: 2 7 3 4 32 128
632.0348790333543 38.8783918074227 	idx: 2 6 2 8 32 256
643.6808424463345 38.48960788934848 	idx: 2 5 1 16 16 512
643.3734387996825 38.104711810454994 	idx: 2 5 2 16 8 1024
881.935627081021 37.72366469235045 	idx: 1 2 4 4 512 256
897.112042124946 37.34642804542694 	idx: 1 2 3 2 1024 128
686.8339906001837 36.97296376497267 	idx: 1 1 4 4 2048 256
646.5018417113455 36.60323412732294 	idx: 1 1 5 8 1024 512
686.6485201987471 36.23720178604971 	idx: 1 1 4 4 1024 1024
899.4125938436779 35.874829768189215 	idx: 1 2 3 4 1024 1024
1056.911435548397 35.516081470507324 	idx: 1 3 3 2 1024 1024
884.4818254547985 35.16092065580225 	idx: 1 3 2 4 1024 1024
898.9118161732214 34.80931144924423 	idx: 1 2 3 2 1024 1024
898.9118161732214 34.461218334751784 	idx: 1 2 3 2 1024 1024
877.2915985630312 34.11660615140427 	idx: 1 2 3 4 512 512
877.2915985630312 33.775440089890225 	idx: 1 2 3 4 512 512
798.867986176563 33.43768568899132 	idx: 1 3 2 4 512 512
804.330955021638 33.10330883210141 	idx: 1 2 3 4 256 512
696.265604249668 32.7722757437804 	idx: 3 2 9 4 512 16
804.7605246552771 32.44455298634259 	idx: 1 2 3 16 256 128
637.092840588788 32.12010745647917 	idx: 1 2 2 16 256 256
620.988563116547 31.798906381914374 	idx: 1 3 2 32 128 256
654.5502471169686 31.48091731809523 	idx: 1 4 1 16 64 256
657.8013245033112 31.16610814491428 	idx: 2 4 1 128 128 128
654.7145661815349 30.854447063465138 	idx: 1 4 2 4 64 512
673.9098908088625 30.545902592830487 	idx: 3 1 8 4 512 4
893.9031146734163 30.240443566902183 	idx: 3 2 8 8 1024 2
799.219512195122 29.93803913123316 	idx: 2 3 2 32 512 16
747.3511221816873 29.638658739920828 	idx: 2 3 2 64 256 8
747.3511221816873 29.34227215252162 	idx: 2 3 2 64 256 8
660.4924347701858 29.048849430996402 	idx: 3 2 8 4 256 8
727.844286695672 28.758360936686437 	idx: 1 2 2 2 512 32
811.3970994144582 28.47077732731957 	idx: 2 2 4 16 256 4
631.5781525545814 28.186069554046373 	idx: 4 1 6 4 1024 256
803.684284551625 27.90420885850591 	idx: 4 2 6 8 1024 128
898.1973860826563 27.625166769920853 	idx: 1 4 2 2 256 64
898.1973860826563 27.348915102221643 	idx: 1 4 2 2 256 64
898.1973860826563 27.075425951199424 	idx: 1 4 2 2 256 64
1108.1490052200581 26.804671691687428 	idx: 1 4 3 2 512 32
1108.1490052200581 26.536624974770554 	idx: 1 4 3 2 512 32
895.3273417075253 26.271258725022847 	idx: 1 3 4 2 512 16
929.5281230544275 26.00854613777262 	idx: 1 3 3 2 512 16
1028.031271951768 25.748460676394892 	idx: 1 2 4 4 1024 32
1028.031271951768 25.490976069630943 	idx: 1 2 4 4 1024 32
898.32431286653 25.23606630893463 	idx: 1 3 4 8 512 64
952.066402858674 24.983705645845284 	idx: 1 4 3 4 256 64
1113.9853128816214 24.73386858938683 	idx: 1 4 3 8 512 32
1114.0402190580503 24.48652990349296 	idx: 1 4 3 16 512 16
1114.0402190580503 24.24166460445803 	idx: 1 4 3 16 512 16
1114.0402190580503 23.99924795841345 	idx: 1 4 3 16 512 16
1138.1495423315355 23.759255478829314 	idx: 1 4 2 32 1024 8
1138.1495423315355 23.52166292404102 	idx: 1 4 2 32 1024 8
1026.1540060230327 23.28644629480061 	idx: 3 2 4 4 1024 4
734.2757146982385 23.053581831852604 	idx: 1 2 2 32 1024 8
877.7988720263395 22.82304601353408 	idx: 1 2 3 64 512 4
877.7988720263395 22.59481555339874 	idx: 1 2 3 64 512 4
656.5752141124601 22.36886739786475 	idx: 1 1 3 128 512 4
729.1448029406124 22.145178723886104 	idx: 3 2 4 2 256 16
687.1309517375561 21.923726936647242 	idx: 1 1 4 128 512 4
821.3101638391163 21.704489667280768 	idx: 1 2 4 64 256 4
656.5852803596919 21.48744477060796 	idx: 1 1 3 128 512 8
508.2915538875455 21.27257032290188 	idx: 3 1 3 4 128 32
593.5566760037349 21.059844619672862 	idx: 3 1 4 8 256 32
726.2825173427018 20.849246173476132 	idx: 3 2 5 8 512 64
806.6992798451826 20.64075371174137 	idx: 3 2 4 8 256 32
771.8198879777663 20.434346174623958 	idx: 3 3 4 16 256 16
1035.1510513138878 20.230002712877717 	idx: 3 4 4 8 512 32
1035.1510513138878 20.027702685748938 	idx: 3 4 4 8 512 32
1184.6729368189945 19.82742565889145 	idx: 3 5 3 4 1024 16
1113.686474175782 19.629151402302536 	idx: 3 4 3 4 512 32
1113.686474175782 19.43285988827951 	idx: 3 4 3 4 512 32
1167.7295592249338 19.238531289396715 	idx: 3 5 3 2 1024 16
1167.7295592249338 19.046145976502746 	idx: 3 5 3 2 1024 16
1013.3907089295255 18.855684516737718 	idx: 3 5 3 2 512 32
949.311754645088 18.66712767157034 	idx: 3 4 3 2 256 32
870.4333002430425 18.480456394854638 	idx: 3 4 4 4 256 16
952.1822696645518 18.295651830906092 	idx: 3 4 3 8 256 8
952.2156980227682 18.11269531259703 	idx: 4 8 1 16 16 256
1026.1540060230327 17.931568359471058 	idx: 0 2 4 4 1024 4
1019.2757623320351 17.752252675876345 	idx: 3 5 3 8 512 4
1233.2299335564285 17.57473014911758 	idx: 0 4 4 16 1024 8
1233.2299335564285 17.398982847626407 	idx: 0 4 4 16 1024 8
1057.25750102647 17.22499301915014 	idx: 0 3 3 16 2048 8
1028.8892125920531 17.05274308895864 	idx: 0 2 4 32 2048 4
1028.8475824398138 16.882215658069054 	idx: 0 2 4 32 1024 8
1028.8475824398138 16.713393501488362 	idx: 0 2 4 32 1024 8
1028.8475824398138 16.546259566473477 	idx: 0 2 4 32 1024 8
877.7647830439436 16.380796970808742 	idx: 0 2 3 32 512 16
973.8785139793183 16.216989001100654 	idx: 3 8 1 8 256 4
943.659542884181 16.054819111089646 	idx: 0 3 3 16 512 16
964.3495145631068 15.89427091997875 	idx: 3 8 1 16 128 4
964.3495145631068 15.735328210778961 	idx: 3 8 1 16 128 4
964.3495145631068 15.577974928671171 	idx: 3 8 1 16 128 4
965.2314944751217 15.42219517938446 	idx: 1 6 3 8 512 64
965.2314944751217 15.267973227590614 	idx: 1 6 3 8 512 64
950.5693591648676 15.115293495314708 	idx: 3 9 1 8 128 4
947.3907600596125 14.96414056036156 	idx: 4 8 1 8 8 32
947.3907600596125 14.814499154757945 	idx: 4 8 1 8 8 32
963.1840264584273 14.666354163210364 	idx: 1 6 3 8 512 16
958.1787496614501 14.519690621578262 	idx: 1 6 3 4 512 8
1393.6187657568782 14.374493715362478 	idx: 0 8 2 8 1024 16
1393.6187657568782 14.230748778208852 	idx: 0 8 2 8 1024 16
1393.6187657568782 14.088441290426763 	idx: 0 8 2 8 1024 16
1393.6187657568782 13.947556877522496 	idx: 0 8 2 8 1024 16
1393.6187657568782 13.808081308747271 	idx: 0 8 2 8 1024 16
1393.6187657568782 13.670000495659798 	idx: 0 8 2 8 1024 16
1393.6187657568782 13.5333004907032 	idx: 0 8 2 8 1024 16
1393.6187657568782 13.397967485796167 	idx: 0 8 2 8 1024 16
1203.626694436391 13.263987810938206 	idx: 0 8 2 16 512 8
1203.626694436391 13.131347932828824 	idx: 0 8 2 16 512 8
1203.626694436391 13.000034453500536 	idx: 0 8 2 16 512 8
1203.626694436391 12.87003410896553 	idx: 0 8 2 16 512 8
994.2072147363997 12.741333767875876 	idx: 0 8 2 16 256 4
994.2072147363997 12.613920430197117 	idx: 0 8 2 16 256 4
994.2072147363997 12.487781225895146 	idx: 0 8 2 16 256 4
954.1093392368016 12.362903413636195 	idx: 4 8 1 32 2 4
950.755954383997 12.239274379499832 	idx: 3 9 1 8 128 16
950.755954383997 12.116881635704834 	idx: 3 9 1 8 128 16
950.755954383997 11.995712819347785 	idx: 3 9 1 8 128 16
950.755954383997 11.875755691154307 	idx: 3 9 1 8 128 16
934.9591818913018 11.756998134242764 	idx: 3 10 1 8 64 8
957.378313253012 11.639428152900336 	idx: 0 8 1 16 64 8
957.378313253012 11.523033871371332 	idx: 0 8 1 16 64 8
952.2156980227682 11.407803532657619 	idx: 3 8 1 16 16 2
955.0769230769231 11.293725497331042 	idx: 0 9 1 32 128 16
942.3350133412392 11.180788242357732 	idx: 3 9 1 16 8 4
942.3350133412392 11.068980359934155 	idx: 3 9 1 32 8 8
935.9528857479388 10.958290556334813 	idx: 0 10 1 16 32 32
943.1738872403561 10.848707650771464 	idx: 3 9 1 32 16 4
943.1738872403561 10.74022057426375 	idx: 3 9 1 32 16 4
942.3350133412392 10.632818368521113 	idx: 3 9 1 32 8 8
1028.8475824398138 10.526490184835902 	idx: 2 2 4 64 1024 16
1028.8475824398138 10.421225282987542 	idx: 2 2 4 64 1024 16
1028.8475824398138 10.317013030157668 	idx: 2 2 4 64 1024 16
1028.8475824398138 10.213842899856092 	idx: 2 2 4 64 1024 16
908.6609491137793 10.11170447085753 	idx: 3 13 1 32 16 4
908.6609491137793 10.010587426148955 	idx: 3 13 1 32 16 8
943.6989422898497 9.910481551887466 	idx: 2 3 3 32 512 16
931.824192536199 9.811376736368592 	idx: 0 9 1 4 2 2
918.6404624277457 9.713262969004907 	idx: 3 12 1 32 32 8
918.6404624277457 9.616130339314857 	idx: 3 12 1 16 32 4
926.1815814275373 9.519969035921708 	idx: 3 11 1 8 64 4
1028.805955656255 9.42476934556249 	idx: 2 2 4 16 1024 32
1028.8892125920531 9.330521652106865 	idx: 2 2 4 32 2048 64
1028.8892125920531 9.237216435585797 	idx: 2 2 4 32 2048 64
1028.8892125920531 9.144844271229939 	idx: 2 2 4 32 2048 64
1147.7563474689116 9.053395828517639 	idx: 2 3 4 16 2048 32
1028.473062611228 8.962861870232462 	idx: 1 2 4 4 1024 1024
1028.473062611228 8.873233251530138 	idx: 1 2 4 4 1024 1024
1057.6312864265697 8.784500919014837 	idx: 1 3 3 8 1024 512
1138.1622782968723 8.696655909824688 	idx: 1 4 2 16 2048 256
1138.1622782968723 8.609689350726441 	idx: 1 4 2 16 2048 256
1154.819383259912 8.523592457219177 	idx: 3 9 2 4 512 8
1337.3287051646155 8.438356532646985 	idx: 3 9 2 8 1024 4
1337.3287051646155 8.353972967320516 	idx: 3 9 2 8 1024 4
1337.3287051646155 8.27043323764731 	idx: 3 9 2 8 1024 4
1385.0410153058444 8.187728905270838 	idx: 3 8 2 4 1024 8
1203.277833642892 8.105851616218128 	idx: 3 8 3 2 512 4
1203.277833642892 8.024793100055946 	idx: 3 8 3 2 512 4
1203.277833642892 7.944545169055387 	idx: 3 8 3 2 512 4
1203.277833642892 7.865099717364833 	idx: 3 8 3 2 512 4
1028.473062611228 7.786448720191185 	idx: 1 2 4 4 1024 256
1073.0005907671534 7.708584232989273 	idx: 2 3 4 4 1024 128
1073.0005907671534 7.63149839065938 	idx: 2 3 4 4 1024 128
1073.0005907671534 7.5551834067527865 	idx: 2 3 4 4 1024 128
1057.7522735899583 7.479631572685259 	idx: 2 3 3 8 2048 128
1057.8237790165572 7.404835256958406 	idx: 2 3 3 16 2048 256
1155.00297517658 7.330786904388821 	idx: 3 9 2 4 512 16
1155.00297517658 7.257479035344933 	idx: 3 9 2 4 512 16
1155.3768962951603 7.1849042449914835 	idx: 3 9 2 4 512 32
1155.3768962951603 7.1130552025415685 	idx: 3 9 2 4 512 32
1155.3768962951603 7.041924650516153 	idx: 3 9 2 4 512 32
1078.1872455902308 6.971505404010991 	idx: 3 8 1 2 1024 64
1078.1872455902308 6.901790349970882 	idx: 3 8 1 2 1024 64
1078.1872455902308 6.832772446471173 	idx: 3 8 1 2 1024 64
1078.1872455902308 6.764444722006462 	idx: 3 8 1 2 1024 64
1078.1872455902308 6.696800274786397 	idx: 3 8 1 2 1024 64
1078.1872455902308 6.6298322720385325 	idx: 3 8 1 2 1024 64
890.9550326076007 6.563533949318147 	idx: 4 13 1 4 8 32
965.2280595201944 6.497898609824966 	idx: 3 8 1 4 256 16
965.2280595201944 6.432919623726716 	idx: 3 8 1 4 256 16
965.2280595201944 6.3685904274894485 	idx: 3 8 1 4 256 16
965.2280595201944 6.304904523214554 	idx: 3 8 1 4 256 16
1113.686474175782 6.2418554779824085 	idx: 2 4 3 4 512 512
1113.686474175782 6.1794369232025845 	idx: 2 4 3 4 512 512
1113.686474175782 6.117642553970558 	idx: 2 4 3 4 512 512
960.9965230536659 6.056466128430853 	idx: 2 4 2 2 512 256
960.9965230536659 5.9959014671465445 	idx: 2 4 2 2 512 256
960.9965230536659 5.935942452475079 	idx: 2 4 2 2 512 256
1137.6148890479599 5.8765830279503275 	idx: 2 4 2 2 1024 512
1137.6148890479599 5.817817197670824 	idx: 2 4 2 2 1024 512
1137.6148890479599 5.759639025694116 	idx: 2 4 2 2 1024 512
1137.6148890479599 5.7020426354371745 	idx: 2 4 2 2 1024 512
1137.6148890479599 5.645022209082803 	idx: 2 4 2 2 1024 512
1064.7336069005946 5.588571986991974 	idx: 2 5 2 4 1024 256
1064.7336069005946 5.532686267122054 	idx: 2 5 2 4 1024 256
1064.7336069005946 5.477359404450834 	idx: 2 5 2 4 1024 256
1064.7336069005946 5.422585810406325 	idx: 2 5 2 4 1024 256
1064.7336069005946 5.368359952302262 	idx: 2 5 2 4 1024 256
1064.7336069005946 5.314676352779239 	idx: 2 5 2 4 1024 256
1064.7336069005946 5.261529589251447 	idx: 2 5 2 4 1024 256
1115.5063829787234 5.208914293358933 	idx: 2 6 3 4 1024 128
1058.3521185382501 5.156825150425344 	idx: 2 7 2 4 2048 64
1233.888198757764 5.10525689892109 	idx: 2 8 1 4 2048 128
1233.888198757764 5.0542043299318795 	idx: 2 8 1 4 2048 128
1233.888198757764 5.003662286632561 	idx: 2 8 1 4 2048 128
1233.888198757764 4.953625663766235 	idx: 2 8 1 4 2048 128
1233.888198757764 4.9040894071285726 	idx: 2 8 1 4 2048 128
1218.7484662576687 4.8550485130572865 	idx: 2 8 1 2 2048 256
1148.300578034682 4.806498027926714 	idx: 2 8 1 2 1024 512
1148.300578034682 4.758433047647447 	idx: 2 8 1 2 1024 512
1160.6307069093398 4.710848717170973 	idx: 2 9 2 4 512 256
1131.9430199430199 4.663740229999263 	idx: 2 8 1 8 512 128
1131.9430199430199 4.61710282769927 	idx: 2 8 1 8 512 128
1131.9430199430199 4.570931799422278 	idx: 2 8 1 8 512 128
1131.9430199430199 4.525222481428055 	idx: 2 8 1 8 512 128
1131.9430199430199 4.4799702566137745 	idx: 2 8 1 8 512 128
1135.1771428571428 4.4351705540476365 	idx: 2 9 1 16 1024 128
1121.0822857709709 4.39081884850716 	idx: 2 10 1 8 1024 256
1118.2351317923205 4.346910660022088 	idx: 0 10 2 4 512 128
1118.2351317923205 4.303441553421867 	idx: 0 10 2 4 512 128
1135.1771428571428 4.260407137887648 	idx: 2 8 1 8 512 1024
1156.125465323126 4.217803066508771 	idx: 0 9 2 4 512 64
1148.300578034682 4.175625035843683 	idx: 2 8 1 2 1024 1024
1148.300578034682 4.133868785485246 	idx: 2 8 1 2 1024 1024
1148.300578034682 4.0925300976303935 	idx: 2 8 1 2 1024 1024
1135.1771428571428 4.05160479665409 	idx: 2 8 1 2 512 512
1148.300578034682 4.011088748687548 	idx: 2 8 1 4 1024 512
1337.3287051646155 3.970977861200673 	idx: 3 9 2 8 1024 8
1337.3287051646155 3.9312680825886663 	idx: 3 9 2 8 1024 8
1337.3287051646155 3.8919554017627798 	idx: 3 9 2 8 1024 8
1337.3287051646155 3.853035847745152 	idx: 3 9 2 8 1024 8
1337.3287051646155 3.8145054892677006 	idx: 3 9 2 8 1024 8
1337.3287051646155 3.7763604343750234 	idx: 3 9 2 8 1024 8
1329.2889330336138 3.7385968300312733 	idx: 3 9 2 4 1024 8
1393.5423905299501 3.7012108617309605 	idx: 0 8 2 4 1024 64
1393.5423905299501 3.664198753113651 	idx: 0 8 2 4 1024 64
1393.5423905299501 3.6275567655825145 	idx: 0 8 2 4 1024 64
1388.6717273769866 3.591281197926689 	idx: 0 8 2 4 1024 32
1388.6717273769866 3.555368385947422 	idx: 0 8 2 4 1024 32
1393.3133150684932 3.519814702087948 	idx: 2 8 2 2 1024 64
1393.3133150684932 3.4846165550670687 	idx: 2 8 2 2 1024 64
1393.3133150684932 3.449770389516398 	idx: 2 8 2 2 1024 64
1386.2491413618275 3.415272685621234 	idx: 0 8 2 4 1024 16
1386.2491413618275 3.3811199587650216 	idx: 0 8 2 4 1024 16
1386.2491413618275 3.347308759177371 	idx: 0 8 2 4 1024 16
1386.2491413618275 3.3138356715855974 	idx: 0 8 2 4 1024 16
1378.8075046090446 3.2806973148697414 	idx: 0 8 2 2 1024 32
1378.8075046090446 3.247890341721044 	idx: 0 8 2 2 1024 32
1378.8075046090446 3.2154114383038332 	idx: 0 8 2 2 1024 32
1384.1363017799792 3.183257323920795 	idx: 3 8 2 4 1024 2
1384.1363017799792 3.1514247506815867 	idx: 3 8 2 4 1024 2
1384.1363017799792 3.1199105031747707 	idx: 3 8 2 4 1024 2
1384.1363017799792 3.088711398143023 	idx: 3 8 2 4 1024 2
1384.1363017799792 3.0578242841615926 	idx: 3 8 2 4 1024 2
1384.1363017799792 3.0272460413199767 	idx: 3 8 2 4 1024 2
1384.1363017799792 2.996973580906777 	idx: 3 8 2 4 1024 2
1384.1363017799792 2.967003845097709 	idx: 3 8 2 4 1024 2
1393.6187657568782 2.9373338066467323 	idx: 3 8 2 8 1024 2
1393.6187657568782 2.907960468580265 	idx: 3 8 2 8 1024 2
1393.6187657568782 2.8788808638944623 	idx: 3 8 2 8 1024 2
1393.6187657568782 2.8500920552555176 	idx: 3 8 2 8 1024 2
1384.4377416017858 2.8215911347029623 	idx: 3 8 2 4 1024 4
1384.4377416017858 2.7933752233559326 	idx: 3 8 2 4 1024 4
1384.4377416017858 2.765441471122373 	idx: 3 8 2 4 1024 4
1384.4377416017858 2.7377870564111495 	idx: 3 8 2 4 1024 4
1393.3133150684932 2.710409185847038 	idx: 2 8 2 2 1024 64
1393.3133150684932 2.6833050939885674 	idx: 2 8 2 2 1024 64
1393.3133150684932 2.656472043048682 	idx: 2 8 2 2 1024 64
1393.3133150684932 2.629907322618195 	idx: 2 8 2 2 1024 64
1393.3133150684932 2.603608249392013 	idx: 2 8 2 2 1024 64
1393.3133150684932 2.577572166898093 	idx: 2 8 2 2 1024 64
1393.3133150684932 2.551796445229112 	idx: 2 8 2 2 1024 64
1393.3133150684932 2.526278480776821 	idx: 2 8 2 2 1024 64
1393.3133150684932 2.501015695969053 	idx: 2 8 2 2 1024 64
1393.3133150684932 2.4760055390093623 	idx: 2 8 2 2 1024 64
1393.3133150684932 2.4512454836192688 	idx: 2 8 2 2 1024 64
1393.3133150684932 2.426733028783076 	idx: 2 8 2 2 1024 64
1393.3133150684932 2.402465698495245 	idx: 2 8 2 2 1024 64
1393.3133150684932 2.3784410415102926 	idx: 2 8 2 2 1024 64
1393.3133150684932 2.3546566310951897 	idx: 2 8 2 2 1024 64
1393.3133150684932 2.3311100647842378 	idx: 2 8 2 2 1024 64
1393.3133150684932 2.307798964136395 	idx: 2 8 2 2 1024 64
1393.3133150684932 2.2847209744950314 	idx: 2 8 2 2 1024 64
1393.3133150684932 2.261873764750081 	idx: 2 8 2 2 1024 64
1393.3133150684932 2.23925502710258 	idx: 2 8 2 2 1024 64
1393.3133150684932 2.2168624768315546 	idx: 2 8 2 2 1024 64
1393.3133150684932 2.194693852063239 	idx: 2 8 2 2 1024 64
1393.3133150684932 2.1727469135426065 	idx: 2 8 2 2 1024 64
1393.3133150684932 2.1510194444071806 	idx: 2 8 2 2 1024 64
1393.3133150684932 2.129509249963109 	idx: 2 8 2 2 1024 64
1393.3133150684932 2.108214157463478 	idx: 2 8 2 2 1024 64
1393.3133150684932 2.087132015888843 	idx: 2 8 2 2 1024 64
1393.3133150684932 2.0662606957299547 	idx: 2 8 2 2 1024 64
1393.3133150684932 2.045598088772655 	idx: 2 8 2 2 1024 64
1393.3133150684932 2.0251421078849283 	idx: 2 8 2 2 1024 64
1393.3133150684932 2.004890686806079 	idx: 2 8 2 2 1024 64
1393.3133150684932 1.9848417799380185 	idx: 2 8 2 2 1024 64
1393.3133150684932 1.9649933621386382 	idx: 2 8 2 2 1024 64
1393.3133150684932 1.9453434285172517 	idx: 2 8 2 2 1024 64
1393.3133150684932 1.9258899942320793 	idx: 2 8 2 2 1024 64
1393.3133150684932 1.9066310942897584 	idx: 2 8 2 2 1024 64
1393.3133150684932 1.8875647833468607 	idx: 2 8 2 2 1024 64
1393.3133150684932 1.868689135513392 	idx: 2 8 2 2 1024 64
1393.3133150684932 1.8500022441582582 	idx: 2 8 2 2 1024 64
1393.3133150684932 1.8315022217166756 	idx: 2 8 2 2 1024 64
1393.3133150684932 1.8131871994995088 	idx: 2 8 2 2 1024 64
1393.3133150684932 1.7950553275045138 	idx: 2 8 2 2 1024 64
1393.3133150684932 1.7771047742294686 	idx: 2 8 2 2 1024 64
1393.6187657568782 1.7593337264871738 	idx: 3 8 2 8 1024 32
1393.6187657568782 1.741740389222302 	idx: 3 8 2 8 1024 32
1393.6187657568782 1.724322985330079 	idx: 3 8 2 8 1024 32
1393.6187657568782 1.7070797554767783 	idx: 3 8 2 8 1024 32
1393.6187657568782 1.6900089579220106 	idx: 3 8 2 8 1024 32
1393.6187657568782 1.6731088683427904 	idx: 3 8 2 8 1024 32
1393.6187657568782 1.6563777796593624 	idx: 3 8 2 8 1024 32
1393.6187657568782 1.6398140018627687 	idx: 3 8 2 8 1024 32
1393.6187657568782 1.623415861844141 	idx: 3 8 2 8 1024 32
1393.6187657568782 1.6071817032256996 	idx: 3 8 2 8 1024 32
1393.6187657568782 1.5911098861934427 	idx: 3 8 2 8 1024 32
1393.6187657568782 1.5751987873315083 	idx: 3 8 2 8 1024 32
1393.6187657568782 1.5594467994581933 	idx: 3 8 2 8 1024 32
1393.6187657568782 1.5438523314636114 	idx: 3 8 2 8 1024 32
1393.6187657568782 1.5284138081489753 	idx: 3 8 2 8 1024 32
1393.6187657568782 1.5131296700674854 	idx: 3 8 2 8 1024 32
1393.3133150684932 1.4979983733668105 	idx: 2 8 2 2 1024 64
1393.3133150684932 1.4830183896331424 	idx: 2 8 2 2 1024 64
1393.3133150684932 1.468188205736811 	idx: 2 8 2 2 1024 64
1393.3133150684932 1.4535063236794428 	idx: 2 8 2 2 1024 64
1393.3133150684932 1.4389712604426483 	idx: 2 8 2 2 1024 64
1393.3133150684932 1.4245815478382218 	idx: 2 8 2 2 1024 64
1393.3133150684932 1.4103357323598396 	idx: 2 8 2 2 1024 64
1393.3133150684932 1.396232375036241 	idx: 2 8 2 2 1024 64
1393.3133150684932 1.3822700512858788 	idx: 2 8 2 2 1024 64
1393.6187657568782 1.36844735077302 	idx: 0 8 2 8 1024 32
1393.6187657568782 1.3547628772652898 	idx: 0 8 2 8 1024 32
1393.6187657568782 1.341215248492637 	idx: 0 8 2 8 1024 32
1393.6187657568782 1.3278030960077105 	idx: 0 8 2 8 1024 32
1393.6187657568782 1.3145250650476334 	idx: 0 8 2 8 1024 32
1393.6187657568782 1.301379814397157 	idx: 0 8 2 8 1024 32
1393.6187657568782 1.2883660162531856 	idx: 0 8 2 8 1024 16
1393.6187657568782 1.2754823560906536 	idx: 0 8 2 8 1024 16
1393.6187657568782 1.2627275325297471 	idx: 0 8 2 8 1024 16
1393.6187657568782 1.2501002572044497 	idx: 0 8 2 8 1024 16
1393.6187657568782 1.2375992546324053 	idx: 0 8 2 8 1024 16
1393.6187657568782 1.2252232620860812 	idx: 0 8 2 8 1024 16
1393.6187657568782 1.2129710294652205 	idx: 0 8 2 8 1024 16
1393.6187657568782 1.2008413191705682 	idx: 0 8 2 8 1024 16
1393.6187657568782 1.1888329059788625 	idx: 0 8 2 8 1024 16
1393.6187657568782 1.1769445769190738 	idx: 0 8 2 8 1024 16
1393.6187657568782 1.165175131149883 	idx: 0 8 2 8 1024 16
1393.6187657568782 1.1535233798383842 	idx: 0 8 2 8 1024 16
1393.6187657568782 1.1419881460400003 	idx: 0 8 2 8 1024 16
1393.6187657568782 1.1305682645796002 	idx: 0 8 2 8 1024 16
1393.6569565098243 1.1192625819338042 	idx: 4 8 2 16 1024 8
1393.6569565098243 1.1080699561144662 	idx: 4 8 2 16 1024 8
1393.6569565098243 1.0969892565533215 	idx: 4 8 2 16 1024 8
1393.6569565098243 1.0860193639877882 	idx: 4 8 2 16 1024 8
1393.6569565098243 1.0751591703479102 	idx: 4 8 2 16 1024 8
1393.6569565098243 1.0644075786444311 	idx: 4 8 2 16 1024 8
1393.6569565098243 1.0537635028579868 	idx: 4 8 2 16 1024 8
1393.6569565098243 1.0432258678294068 	idx: 4 8 2 16 1024 8
1393.6569565098243 1.0327936091511127 	idx: 4 8 2 16 1024 8
1393.6569565098243 1.0224656730596016 	idx: 4 8 2 16 1024 8
1393.6569565098243 1.0122410163290056 	idx: 4 8 2 16 1024 8
1393.6569565098243 1.0021186061657157 	idx: 4 8 2 16 1024 8
###### ACC Parameters ######
cim type:    FPCIM
bus_width:   25.6
macros_row:  8
macros_col:  2
scr:         16
is_size:     1024
os_size:     8
best=1393.6569565098243, area=4866476.902267025 459
bert_large_sl64_FPCIM@ISSCC23_tt_running end at 1757781339.9372509
0.673710614269328 100 	idx: 0 2 2 2 128 256
0.6665531215975787 99.0 	idx: 1 3 2 2 128 128
0.6906956989505038 98.01 	idx: 1 4 2 2 128 256
0.7550857942974859 97.0299 	idx: 1 3 3 4 128 128
0.7681929947916794 96.059601 	idx: 0 2 2 2 256 256
0.7556341616304265 95.09900499 	idx: 0 2 2 2 512 128
0.7438669741642371 94.1480149401 	idx: 0 3 2 2 1024 64
0.8013020257288814 93.206534790699 	idx: 4 3 2 8 256 1024
0.8074546850574121 92.27446944279201 	idx: 4 3 2 16 256 1024
0.7442827632062176 91.35172474836409 	idx: 4 3 3 16 128 512
0.7375920975212867 90.43820750088045 	idx: 0 2 2 2 512 64
0.9182290381375241 89.53382542587164 	idx: 4 2 4 4 128 512
1.0630423822584567 88.63848717161292 	idx: 4 2 4 4 256 512
1.0630423822584567 87.75210229989679 	idx: 4 2 4 4 256 512
0.8169785219774335 86.87458127689783 	idx: 0 2 3 2 1024 128
0.6997068225520005 86.00583546412885 	idx: 4 1 6 2 256 1024
0.6977441648718087 85.14577710948755 	idx: 4 1 6 4 128 512
0.532549939373154 84.29431933839268 	idx: 4 2 5 2 64 256
0.7246889414305211 83.45137614500875 	idx: 4 1 4 2 128 256
0.8283056672416718 82.61686238355867 	idx: 0 2 2 4 512 8
0.8283056672416718 81.79069375972308 	idx: 0 2 2 4 512 8
0.8108276897930793 80.97278682212585 	idx: 4 1 7 8 512 128
0.9069916064137111 80.1630589539046 	idx: 0 3 2 8 256 8
0.995799777898924 79.36142836436555 	idx: 0 2 3 16 512 4
0.7046500585650012 78.56781408072189 	idx: 0 1 2 16 256 4
0.8100432046895233 77.78213593991467 	idx: 4 1 6 32 256 128
0.8818902772537595 77.00431458051553 	idx: 4 1 6 64 512 256
0.9209174319921289 76.23427143471037 	idx: 0 2 2 64 256 4
0.7881029552267589 75.47192872036327 	idx: 4 1 5 64 1024 128
1.1267544321435152 74.71720943315964 	idx: 0 2 4 64 256 4
0.922327713036383 73.97003733882804 	idx: 0 3 3 64 256 2
0.8234199000715413 73.23033696543976 	idx: 4 1 7 32 512 256
0.7629112856981585 72.49803359578536 	idx: 0 3 2 32 128 2
0.7916385185529048 71.7730532598275 	idx: 4 1 6 32 256 512
0.9177317282216936 71.05532272722922 	idx: 0 3 3 32 256 4
1.1489990836066768 70.34476949995693 	idx: 0 2 4 64 512 2
1.0166053518610416 69.64132180495736 	idx: 0 2 3 64 512 2
1.1155608725763255 68.94490858690779 	idx: 3 2 4 4 512 16
0.7666970225987895 68.25545950103871 	idx: 3 2 3 2 256 32
0.8884220610873501 67.57290490602833 	idx: 3 2 4 2 128 16
0.8884220610873501 66.89717585696805 	idx: 3 2 4 2 128 16
0.9523145428894342 66.22820409839836 	idx: 4 2 4 16 128 256
0.9452402195237621 65.56592205741438 	idx: 0 2 3 64 1024 2
0.7922989714633639 64.91026283684023 	idx: 0 1 3 64 512 2
0.7123950231693676 64.26116020847184 	idx: 0 1 2 32 512 2
0.7123950231693676 63.618548606387115 	idx: 0 1 2 32 512 2
0.9060630774527018 62.98236312032324 	idx: 4 2 2 16 512 64
1.0195752287441846 62.35253948912001 	idx: 0 2 3 128 512 8
0.7619896808583938 61.72901409422881 	idx: 3 2 3 8 128 256
0.7122894616428139 61.11172395328652 	idx: 0 1 2 64 512 4
0.8399796170703371 60.500606713753655 	idx: 0 2 2 32 1024 8
0.8781234123703011 59.89560064661612 	idx: 0 3 2 16 1024 8
0.9570200218520832 59.29664464014996 	idx: 0 4 2 16 512 16
0.6542345281908458 58.70367819374846 	idx: 4 1 2 16 1024 32
0.8529069060127838 58.116641411810974 	idx: 0 2 2 4 256 16
0.9885595446575138 57.535474997692866 	idx: 0 3 3 4 512 16
0.903966484622751 56.960120247715935 	idx: 0 2 3 8 1024 8
0.7047835076853014 56.390519045238776 	idx: 0 1 2 16 512 4
0.7435168386586742 55.82661385478639 	idx: 0 1 3 8 512 8
0.910652933503584 55.26834771623852 	idx: 0 2 2 16 512 16
0.9086368713037846 54.71566423907614 	idx: 0 3 3 16 256 16
0.8142686100449843 54.16850759668538 	idx: 4 2 2 4 256 512
0.7901127734147073 53.62682252071853 	idx: 0 2 2 32 128 32
0.7901127734147073 53.09055429551134 	idx: 0 2 2 32 128 32
0.7622053707265941 52.55964875255623 	idx: 4 2 2 4 256 1024
0.7881815301709578 52.03405226503067 	idx: 1 2 3 32 128 128
0.9049539852701001 51.51371174238036 	idx: 1 3 2 64 256 128
0.7808023368469232 50.998574624956554 	idx: 4 3 2 2 256 256
0.7380884815175892 50.488588878706985 	idx: 4 2 2 4 128 128
0.9382825216701366 49.98370298991991 	idx: 0 2 3 32 1024 16
0.9113949102607921 49.483865960020715 	idx: 0 2 2 16 512 8
0.6887598113883182 48.98902730042051 	idx: 0 1 3 8 1024 4
1.148413500686952 48.4991370274163 	idx: 0 2 4 16 512 8
0.7914682079262879 48.01414565714214 	idx: 0 1 5 32 1024 16
0.8885955260999132 47.53400420057071 	idx: 1 2 2 256 512 256
0.9574399121261001 47.05866415856501 	idx: 0 2 5 32 256 32
1.1429767067253709 46.58807751697936 	idx: 1 2 4 64 512 64
0.8644825534917976 46.12219674180957 	idx: 4 3 3 4 256 64
0.9385812219187638 45.66097477439147 	idx: 4 3 4 8 128 64
0.7091370984644428 45.20436502664755 	idx: 1 1 2 32 512 64
0.7713657951219868 44.752321376381076 	idx: 1 1 3 16 512 128
1.1096434974168554 44.30479816261727 	idx: 1 2 4 8 256 128
1.1096434974168554 43.861750180991095 	idx: 1 2 4 8 256 128
1.1163670213431918 43.42313267918119 	idx: 1 2 4 4 512 64
1.1163670213431918 42.98890135238938 	idx: 1 2 4 4 512 64
0.7892015066460468 42.559012338865486 	idx: 0 3 3 32 128 64
1.098970900330599 42.133422215476834 	idx: 1 2 4 4 256 128
0.9111091862133439 41.712087993322065 	idx: 0 2 2 64 512 64
0.7880100273421627 41.29496711338884 	idx: 1 2 2 16 128 32
0.6596077145909972 40.882017442254956 	idx: 0 1 2 64 1024 32
0.7230132073549906 40.473197267832404 	idx: 3 3 2 4 128 16
0.7725178453247802 40.06846529515408 	idx: 3 3 3 8 128 16
0.7119382750044515 39.66778064220254 	idx: 0 1 2 64 256 8
0.8955911494177103 39.27110283578051 	idx: 0 2 3 32 256 8
0.9209174319921289 38.8783918074227 	idx: 0 2 2 64 256 4
0.7722725725326292 38.48960788934848 	idx: 1 2 3 8 128 128
0.7935867344577668 38.104711810454994 	idx: 0 2 2 128 128 2
0.7933541869336251 37.72366469235045 	idx: 0 2 2 64 128 4
0.7933541869336251 37.34642804542694 	idx: 0 2 2 64 128 4
0.8959882207123142 36.97296376497267 	idx: 0 2 3 32 256 2
0.8959882207123142 36.60323412732294 	idx: 0 2 3 32 256 2
0.9209174319921289 36.23720178604971 	idx: 0 2 2 64 256 4
0.8404950519189798 35.874829768189215 	idx: 4 2 2 4 256 256
0.9221479200988076 35.516081470507324 	idx: 0 3 3 64 256 4
0.9627601715906445 35.16092065580225 	idx: 0 4 2 64 512 4
0.9627601715906445 34.80931144924423 	idx: 0 4 2 64 512 4
0.8379780104519876 34.461218334751784 	idx: 3 2 2 4 512 256
0.8871549358426697 34.11660615140427 	idx: 4 3 2 16 256 256
0.9332587762625212 33.775440089890225 	idx: 4 4 2 32 512 256
0.7069214007327869 33.43768568899132 	idx: 1 2 4 8 64 32
0.7624018743010494 33.10330883210141 	idx: 0 2 2 4 1024 4
0.9361945871533128 32.7722757437804 	idx: 4 4 2 32 256 128
1.119575960633145 32.44455298634259 	idx: 1 2 4 8 256 8
1.1460771256661098 32.12010745647917 	idx: 4 2 4 16 512 32
0.9527948062730573 31.798906381914374 	idx: 4 2 5 16 256 64
0.8319576075594652 31.48091731809523 	idx: 4 1 5 16 512 32
0.898750631312367 31.16610814491428 	idx: 1 1 4 16 512 8
0.8364773727600116 30.854447063465138 	idx: 1 1 5 32 512 8
1.1256119598714736 30.545902592830487 	idx: 1 2 4 64 256 16
1.1159705872752068 30.240443566902183 	idx: 4 2 4 4 512 32
1.1159705872752068 29.93803913123316 	idx: 4 2 4 4 512 32
1.1159705872752068 29.638658739920828 	idx: 4 2 4 4 512 32
1.0134807859108035 29.34227215252162 	idx: 4 2 4 2 512 64
0.8948023830871895 29.048849430996402 	idx: 1 1 4 32 256 16
0.9109126880291842 28.758360936686437 	idx: 0 2 2 8 256 16
1.1240922625833074 28.47077732731957 	idx: 1 2 4 16 256 32
1.1359190610563972 28.186069554046373 	idx: 4 2 4 8 512 32
0.8117894663928118 27.90420885850591 	idx: 4 1 5 4 512 64
0.9037648190694941 27.625166769920853 	idx: 0 3 2 8 256 64
1.0509290265658178 27.348915102221643 	idx: 4 2 5 4 512 32
0.8871549358426697 27.075425951199424 	idx: 0 3 2 16 256 256
0.8868324935896663 26.804671691687428 	idx: 1 1 4 8 512 16
0.890636566748759 26.536624974770554 	idx: 4 1 4 8 256 16
0.938027882059332 26.271258725022847 	idx: 4 2 5 4 256 8
0.9583522617238598 26.00854613777262 	idx: 4 2 4 4 128 4
1.1368004281341704 25.748460676394892 	idx: 1 2 4 8 512 16
0.9086368713037846 25.490976069630943 	idx: 1 3 3 16 256 16
0.9396507487754538 25.23606630893463 	idx: 1 3 2 8 512 32
0.8985855596696578 24.983705645845284 	idx: 1 4 2 4 256 32
0.9448345588780527 24.73386858938683 	idx: 0 4 2 16 512 128
0.8901225162749716 24.48652990349296 	idx: 4 4 2 4 256 4
0.9253484951876733 24.24166460445803 	idx: 0 2 3 16 1024 64
0.9951256557160773 23.99924795841345 	idx: 0 2 3 16 512 32
0.9149728465392846 23.759255478829314 	idx: 0 2 2 32 512 32
0.8375342003997142 23.52166292404102 	idx: 0 2 2 64 1024 32
0.5614435388796997 23.28644629480061 	idx: 4 2 1 8 512 4
0.8399796170703371 23.053581831852604 	idx: 0 2 2 64 1024 8
0.8399796170703371 22.82304601353408 	idx: 0 2 2 64 1024 8
0.8528740261308073 22.59481555339874 	idx: 1 2 2 4 256 32
0.5571044838802593 22.36886739786475 	idx: 0 3 1 64 1024 4
0.6157751880942834 22.145178723886104 	idx: 0 4 1 64 512 2
0.6552974693156529 21.923726936647242 	idx: 4 1 2 16 1024 8
0.9200198475601354 21.704489667280768 	idx: 0 3 2 64 256 2
0.8018707823806022 21.48744477060796 	idx: 0 2 3 64 128 4
0.8958807012342539 21.27257032290188 	idx: 0 2 3 32 256 4
1.1489990836066768 21.059844619672862 	idx: 0 2 4 16 512 2
0.9035150216576545 20.849246173476132 	idx: 0 2 3 8 1024 2
0.9702703731357268 20.64075371174137 	idx: 4 2 3 8 512 16
1.0286555292696604 20.434346174623958 	idx: 4 3 3 8 512 32
1.0286555292696604 20.230002712877717 	idx: 4 3 3 8 512 32
0.9660133669789228 20.027702685748938 	idx: 1 2 3 64 512 512
0.9407618390398171 19.82742565889145 	idx: 4 3 2 8 512 16
0.863996821976843 19.629151402302536 	idx: 1 1 4 16 512 512
0.8765316730450692 19.43285988827951 	idx: 1 1 4 8 512 256
0.9059943165398858 19.238531289396715 	idx: 1 2 3 8 1024 128
0.9474774144629657 19.046145976502746 	idx: 4 4 2 32 256 32
0.9458465027164262 18.855684516737718 	idx: 1 3 2 16 512 64
1.0286555292696604 18.66712767157034 	idx: 1 3 3 8 512 32
0.8604789164602198 18.480456394854638 	idx: 1 3 2 4 256 64
0.9154239713398085 18.295651830906092 	idx: 3 3 2 16 256 8
0.7898658868625417 18.11269531259703 	idx: 3 2 2 16 128 16
0.8955911494177103 17.931568359471058 	idx: 3 2 3 32 256 8
0.8948023830871895 17.752252675876345 	idx: 3 1 4 64 256 16
0.8981771599612381 17.57473014911758 	idx: 3 1 4 128 512 16
0.9429716246017648 17.398982847626407 	idx: 3 2 3 64 1024 32
0.8818684641239436 17.22499301915014 	idx: 3 3 2 32 1024 16
0.959390455136276 17.05274308895864 	idx: 3 4 2 32 512 32
1.1155608725763255 16.882215658069054 	idx: 4 2 4 4 512 16
1.1155608725763255 16.713393501488362 	idx: 4 2 4 4 512 16
1.1155608725763255 16.546259566473477 	idx: 4 2 4 4 512 16
1.1155608725763255 16.380796970808742 	idx: 4 2 4 4 512 16
0.8116229264535622 16.216989001100654 	idx: 4 1 4 4 1024 8
1.0504873607997687 16.054819111089646 	idx: 4 2 5 4 512 16
1.0503190495590757 15.89427091997875 	idx: 1 3 3 16 512 16
1.0503190495590757 15.735328210778961 	idx: 1 3 3 16 512 16
1.0503190495590757 15.577974928671171 	idx: 1 3 3 16 512 16
0.9561156618820957 15.42219517938446 	idx: 1 3 2 32 512 16
0.9561156618820957 15.267973227590614 	idx: 1 3 2 32 512 16
0.7449836488721623 15.115293495314708 	idx: 4 2 3 4 128 16
0.9373498209181615 14.96414056036156 	idx: 2 4 2 8 256 2
0.9111091862133439 14.814499154757945 	idx: 1 2 2 128 512 64
0.7524617814381829 14.666354163210364 	idx: 2 3 2 8 128 2
0.9469244897760001 14.519690621578262 	idx: 2 4 2 16 256 4
0.9174002894537973 14.374493715362478 	idx: 2 3 3 32 256 8
0.7614023624643051 14.230748778208852 	idx: 2 3 2 64 128 16
0.6193459332905247 14.088441290426763 	idx: 2 4 1 32 256 16
0.5967649042950646 13.947556877522496 	idx: 1 2 1 256 512 32
0.9194234293715572 13.808081308747271 	idx: 1 2 2 128 256 16
0.9571092804202667 13.670000495659798 	idx: 1 3 2 64 512 8
0.9571092804202667 13.5333004907032 	idx: 1 3 2 64 512 8
0.962277334991929 13.397967485796167 	idx: 1 4 2 64 512 8
0.962277334991929 13.263987810938206 	idx: 1 4 2 64 512 8
0.962277334991929 13.131347932828824 	idx: 1 4 2 64 512 8
0.962277334991929 13.000034453500536 	idx: 1 4 2 64 512 8
0.9192910595179443 12.87003410896553 	idx: 1 3 2 32 256 8
0.9169169910249348 12.741333767875876 	idx: 1 2 2 64 512 16
0.9194234293715572 12.613920430197117 	idx: 3 2 2 256 256 16
0.9194234293715572 12.487781225895146 	idx: 3 2 2 256 256 16
0.8848143134476407 12.362903413636195 	idx: 1 2 3 16 256 16
0.9571092804202667 12.239274379499832 	idx: 3 3 2 64 512 8
0.9508196477554275 12.116881635704834 	idx: 3 4 2 128 256 4
0.9197805866439559 11.995712819347785 	idx: 3 3 2 256 256 4
0.9472872177333371 11.875755691154307 	idx: 2 4 2 16 256 8
0.9499136811664463 11.756998134242764 	idx: 4 2 5 8 256 8
0.9472872177333371 11.639428152900336 	idx: 2 4 2 16 256 8
0.9472872177333371 11.523033871371332 	idx: 2 4 2 16 256 8
0.9472872177333371 11.407803532657619 	idx: 2 4 2 16 256 8
0.9472872177333371 11.293725497331042 	idx: 2 4 2 16 256 8
0.9472872177333371 11.180788242357732 	idx: 2 4 2 16 256 8
0.9493843791309251 11.068980359934155 	idx: 2 4 2 32 256 16
0.962277334991929 10.958290556334813 	idx: 2 4 2 32 512 8
0.9742660075069091 10.848707650771464 	idx: 1 2 4 128 128 4
0.962277334991929 10.74022057426375 	idx: 2 4 2 32 512 8
0.9233110699746372 10.632818368521113 	idx: 4 2 3 4 512 16
0.9178921647676881 10.526490184835902 	idx: 2 2 2 128 512 8
0.9178921647676881 10.421225282987542 	idx: 2 2 2 128 512 8
0.9178921647676881 10.317013030157668 	idx: 2 2 2 128 512 8
0.9178921647676881 10.213842899856092 	idx: 2 2 2 128 512 8
1.1460771256661098 10.11170447085753 	idx: 1 2 4 64 512 32
1.1460771256661098 10.010587426148955 	idx: 1 2 4 64 512 32
1.1460771256661098 9.910481551887466 	idx: 1 2 4 64 512 32
1.1460771256661098 9.811376736368592 	idx: 1 2 4 64 512 32
1.0076276448332777 9.713262969004907 	idx: 1 2 3 32 512 32
1.1256119598714736 9.616130339314857 	idx: 1 2 4 16 256 16
1.0076276448332777 9.519969035921708 	idx: 1 2 3 32 512 32
0.9200198475601354 9.42476934556249 	idx: 3 3 2 256 256 2
0.9508196477554275 9.330521652106865 	idx: 3 4 2 128 256 4
1.1263733504544022 9.237216435585797 	idx: 4 2 4 64 256 8
1.1263733504544022 9.144844271229939 	idx: 4 2 4 32 256 8
1.1263733504544022 9.053395828517639 	idx: 4 2 4 32 256 8
1.1263733504544022 8.962861870232462 	idx: 4 2 4 32 256 8
1.1263733504544022 8.873233251530138 	idx: 4 2 4 32 256 8
1.1263733504544022 8.784500919014837 	idx: 4 2 4 32 256 8
1.1263733504544022 8.696655909824688 	idx: 4 2 4 32 256 8
1.1263733504544022 8.609689350726441 	idx: 4 2 4 32 256 8
1.0160893714076193 8.523592457219177 	idx: 2 2 3 64 512 8
0.9576127215462524 8.438356532646985 	idx: 2 3 2 64 512 4
0.9571092804202667 8.353972967320516 	idx: 1 3 2 128 512 8
0.9571092804202667 8.27043323764731 	idx: 1 3 2 128 512 8
0.9571092804202667 8.187728905270838 	idx: 1 3 2 128 512 8
0.9571092804202667 8.105851616218128 	idx: 1 3 2 128 512 8
1.0160893714076193 8.024793100055946 	idx: 1 2 3 64 512 8
1.1263733504544022 7.944545169055387 	idx: 3 2 4 64 256 8
1.1263733504544022 7.865099717364833 	idx: 3 2 4 64 256 8
1.1263733504544022 7.786448720191185 	idx: 3 2 4 64 256 8
1.1263733504544022 7.708584232989273 	idx: 3 2 4 64 256 8
0.9217837857175107 7.63149839065938 	idx: 2 2 3 4 512 8
0.9702703731357268 7.5551834067527865 	idx: 2 2 3 8 512 16
1.1256119598714736 7.479631572685259 	idx: 0 2 4 128 256 16
1.1256119598714736 7.404835256958406 	idx: 0 2 4 128 256 16
1.1256119598714736 7.330786904388821 	idx: 0 2 4 128 256 16
1.1256119598714736 7.257479035344933 	idx: 0 2 4 128 256 16
1.1256119598714736 7.1849042449914835 	idx: 0 2 4 128 256 16
1.1256119598714736 7.1130552025415685 	idx: 0 2 4 128 256 16
1.1256119598714736 7.041924650516153 	idx: 0 2 4 128 256 16
1.1256119598714736 6.971505404010991 	idx: 0 2 4 128 256 16
1.1256119598714736 6.901790349970882 	idx: 0 2 4 128 256 16
1.1256119598714736 6.832772446471173 	idx: 0 2 4 128 256 16
1.1256119598714736 6.764444722006462 	idx: 0 2 4 128 256 16
1.1256119598714736 6.696800274786397 	idx: 0 2 4 128 256 16
1.1256119598714736 6.6298322720385325 	idx: 0 2 4 128 256 16
1.1256119598714736 6.563533949318147 	idx: 0 2 4 128 256 16
1.1256119598714736 6.497898609824966 	idx: 0 2 4 128 256 16
1.1256119598714736 6.432919623726716 	idx: 0 2 4 128 256 16
1.1256119598714736 6.3685904274894485 	idx: 0 2 4 128 256 16
1.1256119598714736 6.304904523214554 	idx: 0 2 4 128 256 16
1.1256119598714736 6.2418554779824085 	idx: 0 2 4 128 256 16
1.1256119598714736 6.1794369232025845 	idx: 0 2 4 128 256 16
1.1256119598714736 6.117642553970558 	idx: 0 2 4 128 256 16
1.1256119598714736 6.056466128430853 	idx: 0 2 4 128 256 16
1.1256119598714736 5.9959014671465445 	idx: 0 2 4 128 256 16
1.1256119598714736 5.935942452475079 	idx: 0 2 4 128 256 16
1.1240922625833074 5.8765830279503275 	idx: 0 2 4 64 256 32
1.1240922625833074 5.817817197670824 	idx: 0 2 4 64 256 32
1.1240922625833074 5.759639025694116 	idx: 0 2 4 64 256 32
1.1256119598714736 5.7020426354371745 	idx: 0 2 4 64 256 16
1.1368259223791275 5.645022209082803 	idx: 4 2 4 16 512 128
1.1368259223791275 5.588571986991974 	idx: 4 2 4 16 512 128
1.1368259223791275 5.532686267122054 	idx: 4 2 4 16 512 128
1.1368259223791275 5.477359404450834 	idx: 4 2 4 16 512 128
1.1368259223791275 5.422585810406325 	idx: 4 2 4 16 512 128
1.1368259223791275 5.368359952302262 	idx: 4 2 4 16 512 128
1.1368259223791275 5.314676352779239 	idx: 4 2 4 16 512 128
1.1368259223791275 5.261529589251447 	idx: 4 2 4 16 512 128
1.1368259223791275 5.208914293358933 	idx: 4 2 4 16 512 128
1.1368259223791275 5.156825150425344 	idx: 4 2 4 16 512 128
1.1488038229575477 5.10525689892109 	idx: 1 2 4 64 512 4
1.1488038229575477 5.0542043299318795 	idx: 1 2 4 64 512 4
1.1488038229575477 5.003662286632561 	idx: 1 2 4 64 512 4
1.1488038229575477 4.953625663766235 	idx: 1 2 4 64 512 4
1.1460771256661098 4.9040894071285726 	idx: 3 2 4 16 512 32
1.1460771256661098 4.8550485130572865 	idx: 3 2 4 16 512 32
1.1460771256661098 4.806498027926714 	idx: 3 2 4 16 512 32
1.1460771256661098 4.758433047647447 	idx: 3 2 4 16 512 32
1.1460771256661098 4.710848717170973 	idx: 3 2 4 16 512 32
1.1460771256661098 4.663740229999263 	idx: 3 2 4 16 512 32
1.1460771256661098 4.61710282769927 	idx: 3 2 4 16 512 32
1.1460771256661098 4.570931799422278 	idx: 3 2 4 16 512 32
1.1460771256661098 4.525222481428055 	idx: 3 2 4 16 512 32
1.1460771256661098 4.4799702566137745 	idx: 3 2 4 16 512 32
1.1460771256661098 4.4351705540476365 	idx: 3 2 4 16 512 32
1.1460771256661098 4.39081884850716 	idx: 3 2 4 16 512 32
1.1460771256661098 4.346910660022088 	idx: 3 2 4 16 512 32
1.1460771256661098 4.303441553421867 	idx: 3 2 4 16 512 32
1.1460771256661098 4.260407137887648 	idx: 3 2 4 16 512 32
1.1460771256661098 4.217803066508771 	idx: 3 2 4 16 512 32
1.1460771256661098 4.175625035843683 	idx: 3 2 4 16 512 32
1.1460771256661098 4.133868785485246 	idx: 3 2 4 16 512 32
1.1460771256661098 4.0925300976303935 	idx: 3 2 4 16 512 32
1.1460771256661098 4.05160479665409 	idx: 3 2 4 16 512 32
1.1460771256661098 4.011088748687548 	idx: 3 2 4 16 512 32
1.1157241122022301 3.970977861200673 	idx: 1 2 4 8 256 64
1.1157241122022301 3.9312680825886663 	idx: 1 2 4 8 256 64
1.1157241122022301 3.8919554017627798 	idx: 1 2 4 8 256 64
1.1157241122022301 3.853035847745152 	idx: 1 2 4 8 256 64
1.1157241122022301 3.8145054892677006 	idx: 1 2 4 8 256 64
1.1157241122022301 3.7763604343750234 	idx: 1 2 4 8 256 64
1.1476336513103402 3.7385968300312733 	idx: 3 2 4 16 512 16
1.1476336513103402 3.7012108617309605 	idx: 3 2 4 16 512 16
1.1476336513103402 3.664198753113651 	idx: 3 2 4 16 512 16
1.1476336513103402 3.6275567655825145 	idx: 3 2 4 16 512 16
1.1476336513103402 3.591281197926689 	idx: 3 2 4 16 512 16
1.1476336513103402 3.555368385947422 	idx: 3 2 4 16 512 16
1.1460771256661098 3.519814702087948 	idx: 1 2 4 16 512 32
1.1460771256661098 3.4846165550670687 	idx: 1 2 4 16 512 32
1.1460771256661098 3.449770389516398 	idx: 1 2 4 16 512 32
1.1476336513103402 3.415272685621234 	idx: 0 2 4 32 512 16
1.1476336513103402 3.3811199587650216 	idx: 0 2 4 32 512 16
1.1476336513103402 3.347308759177371 	idx: 0 2 4 32 512 16
1.1476336513103402 3.3138356715855974 	idx: 0 2 4 32 512 16
1.1476336513103402 3.2806973148697414 	idx: 0 2 4 32 512 16
1.1476336513103402 3.247890341721044 	idx: 0 2 4 32 512 16
1.1476336513103402 3.2154114383038332 	idx: 0 2 4 32 512 16
1.1476336513103402 3.183257323920795 	idx: 0 2 4 32 512 16
1.1476336513103402 3.1514247506815867 	idx: 0 2 4 32 512 16
1.1476336513103402 3.1199105031747707 	idx: 0 2 4 32 512 16
1.1476336513103402 3.088711398143023 	idx: 0 2 4 32 512 16
1.1476336513103402 3.0578242841615926 	idx: 0 2 4 32 512 16
1.1476336513103402 3.0272460413199767 	idx: 0 2 4 32 512 16
1.1476336513103402 2.996973580906777 	idx: 0 2 4 32 512 16
1.1476336513103402 2.967003845097709 	idx: 0 2 4 32 512 16
1.1476336513103402 2.9373338066467323 	idx: 0 2 4 32 512 16
1.1476336513103402 2.907960468580265 	idx: 0 2 4 32 512 16
1.1488038229575477 2.8788808638944623 	idx: 2 2 4 16 512 4
1.1488038229575477 2.8500920552555176 	idx: 2 2 4 16 512 4
1.1488038229575477 2.8215911347029623 	idx: 2 2 4 16 512 4
1.1488038229575477 2.7933752233559326 	idx: 2 2 4 16 512 4
1.1488038229575477 2.765441471122373 	idx: 2 2 4 16 512 4
1.1488038229575477 2.7377870564111495 	idx: 2 2 4 16 512 4
1.1488038229575477 2.710409185847038 	idx: 2 2 4 16 512 4
1.1488038229575477 2.6833050939885674 	idx: 2 2 4 16 512 4
1.1488038229575477 2.656472043048682 	idx: 2 2 4 16 512 4
1.1488038229575477 2.629907322618195 	idx: 2 2 4 16 512 4
1.1488038229575477 2.603608249392013 	idx: 2 2 4 16 512 4
1.1488038229575477 2.577572166898093 	idx: 2 2 4 16 512 4
1.1476336513103402 2.551796445229112 	idx: 0 2 4 64 512 16
1.1476336513103402 2.526278480776821 	idx: 0 2 4 64 512 16
1.1476336513103402 2.501015695969053 	idx: 0 2 4 64 512 16
1.1476336513103402 2.4760055390093623 	idx: 0 2 4 64 512 16
1.1476336513103402 2.4512454836192688 	idx: 0 2 4 64 512 16
1.1476336513103402 2.426733028783076 	idx: 0 2 4 64 512 16
1.1476336513103402 2.402465698495245 	idx: 0 2 4 64 512 16
1.1476336513103402 2.3784410415102926 	idx: 0 2 4 64 512 16
1.1476336513103402 2.3546566310951897 	idx: 0 2 4 64 512 16
1.1476336513103402 2.3311100647842378 	idx: 0 2 4 64 512 16
1.1476336513103402 2.307798964136395 	idx: 0 2 4 64 512 16
1.1476336513103402 2.2847209744950314 	idx: 0 2 4 64 512 16
1.1476336513103402 2.261873764750081 	idx: 0 2 4 64 512 16
1.1476336513103402 2.23925502710258 	idx: 0 2 4 64 512 16
1.1476336513103402 2.2168624768315546 	idx: 0 2 4 64 512 16
1.1476336513103402 2.194693852063239 	idx: 0 2 4 64 512 16
1.1476336513103402 2.1727469135426065 	idx: 0 2 4 64 512 16
1.1476336513103402 2.1510194444071806 	idx: 0 2 4 64 512 16
1.1476336513103402 2.129509249963109 	idx: 0 2 4 64 512 16
1.1476336513103402 2.108214157463478 	idx: 0 2 4 64 512 16
1.1476336513103402 2.087132015888843 	idx: 0 2 4 64 512 16
1.1476336513103402 2.0662606957299547 	idx: 0 2 4 64 512 16
1.1476336513103402 2.045598088772655 	idx: 0 2 4 64 512 16
1.1476336513103402 2.0251421078849283 	idx: 0 2 4 64 512 16
1.1476336513103402 2.004890686806079 	idx: 0 2 4 64 512 16
1.1476336513103402 1.9848417799380185 	idx: 0 2 4 64 512 16
1.1476336513103402 1.9649933621386382 	idx: 0 2 4 64 512 16
1.1476336513103402 1.9453434285172517 	idx: 0 2 4 64 512 16
1.148413500686952 1.9258899942320793 	idx: 0 2 4 32 512 8
1.148413500686952 1.9066310942897584 	idx: 0 2 4 32 512 8
1.148413500686952 1.8875647833468607 	idx: 0 2 4 32 512 8
1.148413500686952 1.868689135513392 	idx: 0 2 4 32 512 8
1.148413500686952 1.8500022441582582 	idx: 0 2 4 16 512 8
1.148413500686952 1.8315022217166756 	idx: 0 2 4 16 512 8
1.148413500686952 1.8131871994995088 	idx: 0 2 4 16 512 8
1.148413500686952 1.7950553275045138 	idx: 0 2 4 16 512 8
1.148413500686952 1.7771047742294686 	idx: 0 2 4 16 512 8
1.148413500686952 1.7593337264871738 	idx: 0 2 4 16 512 8
1.148413500686952 1.741740389222302 	idx: 0 2 4 16 512 8
1.148413500686952 1.724322985330079 	idx: 0 2 4 16 512 8
1.148413500686952 1.7070797554767783 	idx: 0 2 4 16 512 8
1.148413500686952 1.6900089579220106 	idx: 0 2 4 16 512 8
1.148413500686952 1.6731088683427904 	idx: 0 2 4 16 512 8
1.148413500686952 1.6563777796593624 	idx: 0 2 4 16 512 8
1.148413500686952 1.6398140018627687 	idx: 0 2 4 16 512 8
1.148413500686952 1.623415861844141 	idx: 0 2 4 16 512 8
1.148413500686952 1.6071817032256996 	idx: 0 2 4 16 512 8
1.148413500686952 1.5911098861934427 	idx: 0 2 4 16 512 8
1.1476336513103402 1.5751987873315083 	idx: 0 2 4 16 512 16
1.1476336513103402 1.5594467994581933 	idx: 0 2 4 16 512 16
1.1476336513103402 1.5438523314636114 	idx: 0 2 4 16 512 16
1.1476336513103402 1.5284138081489753 	idx: 0 2 4 16 512 16
1.1476336513103402 1.5131296700674854 	idx: 0 2 4 16 512 16
1.1476336513103402 1.4979983733668105 	idx: 0 2 4 16 512 16
1.1476336513103402 1.4830183896331424 	idx: 0 2 4 16 512 16
1.1460771256661098 1.468188205736811 	idx: 0 2 4 16 512 32
1.1460771256661098 1.4535063236794428 	idx: 0 2 4 16 512 32
1.1460771256661098 1.4389712604426483 	idx: 0 2 4 16 512 32
1.1460771256661098 1.4245815478382218 	idx: 0 2 4 16 512 32
1.1460771256661098 1.4103357323598396 	idx: 0 2 4 16 512 32
1.1460771256661098 1.396232375036241 	idx: 0 2 4 16 512 32
1.1460771256661098 1.3822700512858788 	idx: 0 2 4 16 512 32
1.1460771256661098 1.36844735077302 	idx: 0 2 4 16 512 32
1.1460771256661098 1.3547628772652898 	idx: 0 2 4 16 512 32
1.1460771256661098 1.341215248492637 	idx: 0 2 4 16 512 32
1.1460771256661098 1.3278030960077105 	idx: 0 2 4 16 512 32
1.1460771256661098 1.3145250650476334 	idx: 0 2 4 16 512 32
1.1460771256661098 1.301379814397157 	idx: 0 2 4 16 512 32
1.1460771256661098 1.2883660162531856 	idx: 0 2 4 16 512 32
1.1460771256661098 1.2754823560906536 	idx: 0 2 4 16 512 32
1.1460771256661098 1.2627275325297471 	idx: 0 2 4 16 512 32
1.1460771256661098 1.2501002572044497 	idx: 0 2 4 16 512 32
1.1460771256661098 1.2375992546324053 	idx: 0 2 4 16 512 32
1.1460771256661098 1.2252232620860812 	idx: 0 2 4 16 512 32
1.1460771256661098 1.2129710294652205 	idx: 0 2 4 16 512 32
1.1460771256661098 1.2008413191705682 	idx: 0 2 4 16 512 32
1.1460771256661098 1.1888329059788625 	idx: 0 2 4 16 512 32
1.1460771256661098 1.1769445769190738 	idx: 0 2 4 16 512 32
1.1460771256661098 1.165175131149883 	idx: 0 2 4 16 512 32
1.1460771256661098 1.1535233798383842 	idx: 0 2 4 16 512 32
1.1460771256661098 1.1419881460400003 	idx: 0 2 4 16 512 32
1.1460771256661098 1.1305682645796002 	idx: 0 2 4 16 512 32
1.1460771256661098 1.1192625819338042 	idx: 0 2 4 16 512 32
1.1460771256661098 1.1080699561144662 	idx: 0 2 4 16 512 32
1.1460771256661098 1.0969892565533215 	idx: 0 2 4 16 512 32
1.1460771256661098 1.0860193639877882 	idx: 0 2 4 16 512 32
1.1460771256661098 1.0751591703479102 	idx: 0 2 4 16 512 32
1.1460771256661098 1.0644075786444311 	idx: 0 2 4 16 512 32
1.1460771256661098 1.0537635028579868 	idx: 0 2 4 16 512 32
1.1460771256661098 1.0432258678294068 	idx: 0 2 4 16 512 32
1.1460771256661098 1.0327936091511127 	idx: 0 2 4 16 512 32
1.1460771256661098 1.0224656730596016 	idx: 0 2 4 16 512 32
1.1460771256661098 1.0122410163290056 	idx: 0 2 4 16 512 32
1.1460771256661098 1.0021186061657157 	idx: 0 2 4 16 512 32
###### ACC Parameters ######
cim type:    LccCIM
bus_width:   25.6
macros_row:  2
macros_col:  4
scr:         16
is_size:     512
os_size:     32
best=1.1460771256661098, area=4301866.066374607 459
bert_large_sl64_LCC-CIM@ISSCC20_ee_running start at 1757781914.3925517
0.9736218056383705 100 	idx: 2 2 2 2 128 64
1.3870150233093528 99.0 	idx: 1 5 2 2 64 64
1.351784438835176 98.01 	idx: 4 3 2 4 32 64
2.174616914060367 97.0299 	idx: 4 4 3 4 16 64
1.8889735803459349 96.059601 	idx: 4 4 2 4 16 128
1.8692524983076975 95.09900499 	idx: 3 3 3 32 64 16
2.0811566067617036 94.1480149401 	idx: 4 4 2 8 64 128
1.874471940711469 93.206534790699 	idx: 3 3 3 32 16 32
1.9771955245366903 92.27446944279201 	idx: 4 2 4 8 64 128
2.369497736473706 91.35172474836409 	idx: 4 3 4 16 32 64
2.373570247902107 90.43820750088045 	idx: 4 4 3 8 16 64
1.5779838394122636 89.53382542587164 	idx: 1 6 2 4 32 8
1.8082320292504284 88.63848717161292 	idx: 4 3 3 16 16 256
2.3929898025033975 87.75210229989679 	idx: 4 4 3 8 16 128
2.3929898025033975 86.87458127689783 	idx: 4 4 3 8 16 128
2.182496709389524 86.00583546412885 	idx: 4 4 3 4 8 64
1.9691770538937001 85.14577710948755 	idx: 1 5 2 16 16 16
2.3539702626735974 84.29431933839268 	idx: 1 4 3 8 32 16
2.248518514115109 83.45137614500875 	idx: 4 3 4 4 16 8
2.248518514115109 82.61686238355867 	idx: 4 3 4 4 16 8
2.0435512789679646 81.79069375972308 	idx: 2 4 2 8 128 512
2.1452124734478355 80.97278682212585 	idx: 1 4 2 32 4 64
1.8437811213727326 80.1630589539046 	idx: 0 3 3 32 256 4
1.6528480414466529 79.36142836436555 	idx: 4 2 3 64 16 16
2.1120729703296544 78.56781408072189 	idx: 4 2 4 128 32 16
1.7324850078999998 77.78213593991467 	idx: 1 3 3 8 4 64
1.6213746233435828 77.00431458051553 	idx: 4 1 6 64 64 64
1.6398350817698129 76.23427143471037 	idx: 1 2 3 32 8 64
1.6494080457642921 75.47192872036327 	idx: 4 1 6 64 128 256
1.8394103289828199 74.71720943315964 	idx: 2 4 2 4 32 32
2.174616914060367 73.97003733882804 	idx: 2 4 3 4 16 64
2.0518503554407372 73.23033696543976 	idx: 4 2 4 64 16 256
2.0518503554407372 72.49803359578536 	idx: 4 2 4 64 16 256
2.189142647011595 71.7730532598275 	idx: 2 4 3 4 4 64
2.0388928843397527 71.05532272722922 	idx: 4 2 5 32 32 128
1.9702381712324875 70.34476949995693 	idx: 2 4 3 2 2 128
2.095236938143896 69.64132180495736 	idx: 1 2 4 128 8 128
1.715082152506895 68.94490858690779 	idx: 2 5 2 4 4 64
2.0938694000099534 68.25545950103871 	idx: 1 2 5 64 2 32
2.118825693772482 67.57290490602833 	idx: 0 2 4 32 16 8
2.0530524877903282 66.89717585696805 	idx: 4 2 5 32 32 64
2.0814821258957803 66.22820409839836 	idx: 4 2 4 16 32 128
2.0814821258957803 65.56592205741438 	idx: 4 2 4 16 32 128
2.0530524877903282 64.91026283684023 	idx: 4 2 5 32 32 64
2.136783651482483 64.26116020847184 	idx: 0 4 3 4 16 8
2.3069922678659034 63.618548606387115 	idx: 3 3 4 8 128 2
1.9386593981259135 62.98236312032324 	idx: 3 2 5 8 128 4
1.553789807989676 62.35253948912001 	idx: 1 1 4 128 2 64
1.4248064534425677 61.72901409422881 	idx: 4 1 7 8 32 512
2.057899969120367 61.11172395328652 	idx: 3 2 5 32 64 2
2.057899969120367 60.500606713753655 	idx: 3 2 5 32 64 2
2.0212748949985344 59.89560064661612 	idx: 3 2 5 16 128 2
2.1068947522864137 59.29664464014996 	idx: 3 2 4 32 64 2
2.1068947522864137 58.70367819374846 	idx: 3 2 4 32 64 2
1.7691734052022219 58.116641411810974 	idx: 4 1 8 8 8 256
1.8543208520912338 57.535474997692866 	idx: 4 1 8 16 16 256
1.8428896845610556 56.960120247715935 	idx: 4 1 8 16 32 256
1.7072848455937086 56.390519045238776 	idx: 2 5 2 4 2 32
1.9273571736725974 55.82661385478639 	idx: 2 5 2 8 4 32
2.3829197422817563 55.26834771623852 	idx: 2 4 3 8 8 64
2.1120729703296544 54.71566423907614 	idx: 3 2 4 32 32 16
2.0120018764562455 54.16850759668538 	idx: 1 2 4 8 8 256
2.0448345096736875 53.62682252071853 	idx: 1 2 5 16 8 128
2.0448345096736875 53.09055429551134 	idx: 1 2 5 16 8 128
2.0448345096736875 52.55964875255623 	idx: 1 2 5 16 8 128
1.8563578345189709 52.03405226503067 	idx: 2 4 2 4 16 64
2.387841899353072 51.51371174238036 	idx: 2 4 3 8 32 128
2.387841899353072 50.998574624956554 	idx: 2 4 3 8 32 128
2.528196483869529 50.488588878706985 	idx: 2 4 3 16 16 64
1.8734585618475574 49.98370298991991 	idx: 2 3 3 32 16 64
1.8741784492560851 49.483865960020715 	idx: 2 3 3 64 32 128
2.0518503554407372 48.98902730042051 	idx: 2 2 4 128 16 256
2.0814821258957803 48.4991370274163 	idx: 2 2 4 64 32 128
2.146022558196539 48.01414565714214 	idx: 0 4 2 64 8 32
1.974965885240457 47.53400420057071 	idx: 4 2 4 64 512 32
2.0388928843397527 47.05866415856501 	idx: 2 2 5 32 32 128
2.151262527429257 46.58807751697936 	idx: 0 4 2 64 4 8
2.151262527429257 46.12219674180957 	idx: 0 4 2 64 4 8
2.1525693659675507 45.66097477439147 	idx: 0 4 2 64 2 8
2.1516959802254956 45.20436502664755 	idx: 0 4 2 128 4 4
2.1516959802254956 44.752321376381076 	idx: 0 4 2 128 4 4
1.5537744268391067 44.30479816261727 	idx: 0 3 2 256 4 2
1.5169438989242454 43.861750180991095 	idx: 1 1 8 4 2 512
1.9825325815296932 43.42313267918119 	idx: 4 5 2 64 128 2
1.902933798884926 42.98890135238938 	idx: 2 2 4 8 512 4
1.987775905936395 42.559012338865486 	idx: 4 5 2 32 64 8
2.1405222057947824 42.133422215476834 	idx: 4 4 2 32 128 4
1.8034841130112995 41.712087993322065 	idx: 2 2 5 4 512 2
1.9883891256979378 41.29496711338884 	idx: 4 5 2 64 64 2
1.9883891256979378 40.882017442254956 	idx: 4 5 2 64 64 2
2.145679033401139 40.473197267832404 	idx: 4 4 2 64 64 2
2.145679033401139 40.06846529515408 	idx: 4 4 2 64 64 2
2.145679033401139 39.66778064220254 	idx: 4 4 2 64 64 2
2.145679033401139 39.27110283578051 	idx: 4 4 2 64 64 2
2.145679033401139 38.8783918074227 	idx: 4 4 2 64 64 2
1.9881846770760827 38.48960788934848 	idx: 4 5 2 64 64 4
2.1475935743926846 38.104711810454994 	idx: 4 4 2 32 32 4
1.6501484365261019 37.72366469235045 	idx: 0 2 3 32 8 16
1.9200462024636238 37.34642804542694 	idx: 4 5 2 8 64 8
2.350327662342987 36.97296376497267 	idx: 4 4 3 8 32 4
1.8254508080881464 36.60323412732294 	idx: 4 4 2 4 32 4
1.823717070596726 36.23720178604971 	idx: 4 4 2 4 64 4
1.973665166437561 35.874829768189215 	idx: 0 2 4 8 64 4
1.973665166437561 35.516081470507324 	idx: 0 2 4 8 64 4
1.973665166437561 35.16092065580225 	idx: 0 2 4 8 64 4
1.9808271268226236 34.80931144924423 	idx: 2 2 4 16 512 8
2.2213248494941715 34.461218334751784 	idx: 0 3 4 4 128 8
2.2213248494941715 34.11660615140427 	idx: 0 3 4 4 128 8
2.2213248494941715 33.775440089890225 	idx: 0 3 4 4 128 8
2.2213248494941715 33.43768568899132 	idx: 0 3 4 4 128 8
2.2213248494941715 33.10330883210141 	idx: 0 3 4 4 128 8
2.2213248494941715 32.7722757437804 	idx: 0 3 4 4 128 8
2.3210173990580873 32.44455298634259 	idx: 0 4 3 8 128 8
2.3210173990580873 32.12010745647917 	idx: 0 4 3 8 128 8
1.6808528142954515 31.798906381914374 	idx: 0 5 2 4 256 16
2.054489667397454 31.48091731809523 	idx: 0 4 2 8 256 8
2.135915996316345 31.16610814491428 	idx: 4 2 4 128 2 8
2.135915996316345 30.854447063465138 	idx: 4 2 4 128 2 8
2.3365206411146158 30.545902592830487 	idx: 2 3 4 8 16 32
2.3365206411146158 30.240443566902183 	idx: 2 3 4 8 16 32
1.9828883951576757 29.93803913123316 	idx: 2 2 4 8 16 64
1.9828883951576757 29.638658739920828 	idx: 2 2 4 8 16 64
2.3328962427075544 29.34227215252162 	idx: 2 3 4 8 32 64
2.0986508066587777 29.048849430996402 	idx: 2 2 4 16 64 32
1.9742797813253206 28.758360936686437 	idx: 2 2 4 8 64 16
2.151262527429257 28.47077732731957 	idx: 4 4 2 32 4 8
2.151262527429257 28.186069554046373 	idx: 4 4 2 32 4 8
2.080716302833076 27.90420885850591 	idx: 2 2 4 16 128 32
1.9164461913568613 27.625166769920853 	idx: 3 2 4 4 8 16
1.9684778312770477 27.348915102221643 	idx: 2 2 4 8 128 128
1.8459052431198268 27.075425951199424 	idx: 3 3 4 2 8 4
1.8416867018522984 26.804671691687428 	idx: 3 4 3 2 16 8
2.14996806166234 26.536624974770554 	idx: 4 4 2 128 2 32
1.9907456360880866 26.271258725022847 	idx: 4 5 2 64 2 64
1.9907456360880866 26.00854613777262 	idx: 4 5 2 64 2 64
1.9829953748437965 25.748460676394892 	idx: 4 5 2 32 4 128
2.1247253100935226 25.490976069630943 	idx: 4 4 2 32 4 256
2.1247253100935226 25.23606630893463 	idx: 4 4 2 32 4 256
2.373528505798951 24.983705645845284 	idx: 3 4 3 8 4 8
2.1248408519958057 24.73386858938683 	idx: 3 4 2 16 8 8
2.1247253100935226 24.48652990349296 	idx: 4 4 2 32 4 256
2.1247253100935226 24.24166460445803 	idx: 4 4 2 32 4 256
2.1247253100935226 23.99924795841345 	idx: 4 4 2 32 4 256
2.1247253100935226 23.759255478829314 	idx: 4 4 2 32 4 256
2.1247253100935226 23.52166292404102 	idx: 4 4 2 32 4 256
2.1477473550034714 23.28644629480061 	idx: 3 4 2 32 8 16
2.1477473550034714 23.053581831852604 	idx: 3 4 2 32 8 16
2.1477473550034714 22.82304601353408 	idx: 3 4 2 32 8 16
2.1245181954144066 22.59481555339874 	idx: 3 4 2 16 8 16
2.1245181954144066 22.36886739786475 	idx: 3 4 2 16 8 16
2.0950396748404376 22.145178723886104 	idx: 4 4 2 32 16 512
1.972455879346672 21.923726936647242 	idx: 3 5 2 16 4 16
2.0950396748404376 21.704489667280768 	idx: 4 4 2 32 16 512
2.1465094202301986 21.48744477060796 	idx: 3 4 2 32 2 64
2.1465094202301986 21.27257032290188 	idx: 3 4 2 32 2 64
2.1465094202301986 21.059844619672862 	idx: 3 4 2 32 2 64
2.1465094202301986 20.849246173476132 	idx: 3 4 2 32 2 64
2.5521436569758644 20.64075371174137 	idx: 3 4 3 16 2 128
2.5521436569758644 20.434346174623958 	idx: 3 4 3 16 2 128
2.08089102976871 20.230002712877717 	idx: 1 4 2 16 8 512
2.387041004156589 20.027702685748938 	idx: 3 3 4 16 8 64
2.387041004156589 19.82742565889145 	idx: 3 3 4 16 8 64
2.387041004156589 19.629151402302536 	idx: 3 3 4 16 8 64
2.373686289788455 19.43285988827951 	idx: 3 3 4 16 16 64
2.373686289788455 19.238531289396715 	idx: 3 3 4 16 16 64
2.373686289788455 19.046145976502746 	idx: 3 3 4 16 16 64
2.373686289788455 18.855684516737718 	idx: 3 3 4 16 16 64
2.5523224981216033 18.66712767157034 	idx: 4 4 3 16 2 64
2.3849750531823433 18.480456394854638 	idx: 4 4 3 8 2 32
2.5388083425555834 18.295651830906092 	idx: 3 4 3 16 8 32
2.5388083425555834 18.11269531259703 	idx: 3 4 3 16 8 32
2.5388083425555834 17.931568359471058 	idx: 3 4 3 16 8 32
2.5388083425555834 17.752252675876345 	idx: 3 4 3 16 8 32
2.5388083425555834 17.57473014911758 	idx: 3 4 3 16 8 32
2.5388083425555834 17.398982847626407 	idx: 3 4 3 16 8 32
2.5388083425555834 17.22499301915014 	idx: 3 4 3 16 8 32
2.5388083425555834 17.05274308895864 	idx: 3 4 3 16 8 32
2.5388083425555834 16.882215658069054 	idx: 3 4 3 16 8 32
2.5388083425555834 16.713393501488362 	idx: 3 4 3 16 8 32
2.3988679295665745 16.546259566473477 	idx: 3 3 4 16 4 16
2.135731674131178 16.380796970808742 	idx: 1 4 2 32 8 128
2.142108961937724 16.216989001100654 	idx: 3 4 2 64 16 64
2.3775319713644194 16.054819111089646 	idx: 4 4 3 8 2 8
2.552381106239482 15.89427091997875 	idx: 4 4 3 16 2 16
2.552381106239482 15.735328210778961 	idx: 4 4 3 16 2 16
2.552381106239482 15.577974928671171 	idx: 4 4 3 16 2 16
2.552381106239482 15.42219517938446 	idx: 4 4 3 16 2 16
2.552381106239482 15.267973227590614 	idx: 4 4 3 16 2 16
2.552381106239482 15.115293495314708 	idx: 4 4 3 16 2 16
2.552381106239482 14.96414056036156 	idx: 4 4 3 16 2 16
2.552381106239482 14.814499154757945 	idx: 4 4 3 16 2 16
2.3560057262967615 14.666354163210364 	idx: 4 3 4 8 4 32
2.3560057262967615 14.519690621578262 	idx: 4 3 4 8 4 32
2.369497736473706 14.374493715362478 	idx: 3 3 4 16 32 64
2.369497736473706 14.230748778208852 	idx: 3 3 4 16 32 64
2.369497736473706 14.088441290426763 	idx: 3 3 4 16 32 64
2.369497736473706 13.947556877522496 	idx: 3 3 4 16 32 64
2.369497736473706 13.808081308747271 	idx: 3 3 4 16 32 64
2.487892108946311 13.670000495659798 	idx: 2 4 3 16 128 8
2.487892108946311 13.5333004907032 	idx: 2 4 3 16 128 8
2.1671464504632305 13.397967485796167 	idx: 4 4 3 4 4 32
2.1279798434635757 13.263987810938206 	idx: 2 4 2 32 256 4
2.233886799909681 13.131347932828824 	idx: 4 4 3 4 4 128
2.233886799909681 13.000034453500536 	idx: 4 4 3 4 4 128
2.233886799909681 12.87003410896553 	idx: 4 4 3 4 4 128
2.233886799909681 12.741333767875876 	idx: 4 4 3 4 4 128
2.233886799909681 12.613920430197117 	idx: 4 4 3 4 4 128
2.364324754162673 12.487781225895146 	idx: 2 3 4 16 64 32
2.364324754162673 12.362903413636195 	idx: 2 3 4 16 64 32
2.233886799909681 12.239274379499832 	idx: 4 4 3 4 4 128
2.166310357715462 12.116881635704834 	idx: 3 2 6 8 32 32
2.166310357715462 11.995712819347785 	idx: 3 2 6 8 32 32
2.166310357715462 11.875755691154307 	idx: 3 2 6 8 32 32
2.166310357715462 11.756998134242764 	idx: 3 2 6 8 32 32
2.0955365263860544 11.639428152900336 	idx: 1 4 2 32 8 512
2.182496709389524 11.523033871371332 	idx: 4 4 3 4 8 64
2.182496709389524 11.407803532657619 	idx: 4 4 3 4 8 64
2.0955365263860544 11.293725497331042 	idx: 1 4 2 32 8 512
2.1076479140092634 11.180788242357732 	idx: 2 2 4 64 32 32
2.1121537202262455 11.068980359934155 	idx: 2 2 4 64 16 32
2.1121537202262455 10.958290556334813 	idx: 2 2 4 64 16 32
2.2600966574978623 10.848707650771464 	idx: 3 3 4 4 64 128
2.387041004156589 10.74022057426375 	idx: 2 3 4 16 8 64
2.373686289788455 10.632818368521113 	idx: 2 3 4 16 16 64
2.373686289788455 10.526490184835902 	idx: 2 3 4 16 16 64
2.373686289788455 10.421225282987542 	idx: 2 3 4 16 16 64
2.373686289788455 10.317013030157668 	idx: 2 3 4 16 16 64
2.373686289788455 10.213842899856092 	idx: 2 3 4 16 16 64
2.373686289788455 10.11170447085753 	idx: 2 3 4 16 16 64
2.373686289788455 10.010587426148955 	idx: 2 3 4 16 16 64
2.373570247902107 9.910481551887466 	idx: 3 4 3 8 16 64
2.373570247902107 9.811376736368592 	idx: 3 4 3 8 16 64
2.121679899049755 9.713262969004907 	idx: 1 4 2 32 16 256
2.121679899049755 9.616130339314857 	idx: 1 4 2 32 16 256
2.122163047645742 9.519969035921708 	idx: 1 4 2 32 8 256
2.122163047645742 9.42476934556249 	idx: 1 4 2 32 8 256
2.124053682393852 9.330521652106865 	idx: 3 4 2 16 16 16
2.122163047645742 9.237216435585797 	idx: 1 4 2 32 8 256
2.0950396748404376 9.144844271229939 	idx: 1 4 2 64 16 512
2.0950396748404376 9.053395828517639 	idx: 1 4 2 64 16 512
2.0950396748404376 8.962861870232462 	idx: 1 4 2 64 16 512
2.0950396748404376 8.873233251530138 	idx: 1 4 2 64 16 512
2.511196634153398 8.784500919014837 	idx: 3 4 3 16 64 16
2.511196634153398 8.696655909824688 	idx: 3 4 3 16 64 16
2.511196634153398 8.609689350726441 	idx: 3 4 3 16 64 16
2.3728081300080244 8.523592457219177 	idx: 2 3 4 16 32 32
2.378674018540888 8.438356532646985 	idx: 2 3 4 16 16 16
2.378674018540888 8.353972967320516 	idx: 2 3 4 16 16 16
2.378674018540888 8.27043323764731 	idx: 2 3 4 16 16 16
2.378674018540888 8.187728905270838 	idx: 2 3 4 16 16 16
2.378674018540888 8.105851616218128 	idx: 2 3 4 16 16 16
2.378674018540888 8.024793100055946 	idx: 2 3 4 16 16 16
2.378674018540888 7.944545169055387 	idx: 2 3 4 16 16 16
2.378674018540888 7.865099717364833 	idx: 2 3 4 16 16 16
2.378674018540888 7.786448720191185 	idx: 2 3 4 16 16 16
2.378674018540888 7.708584232989273 	idx: 2 3 4 16 16 16
2.378674018540888 7.63149839065938 	idx: 2 3 4 16 16 16
2.378674018540888 7.5551834067527865 	idx: 2 3 4 16 16 16
2.3589549161976606 7.479631572685259 	idx: 2 4 3 8 16 16
2.3589549161976606 7.404835256958406 	idx: 2 4 3 8 16 16
2.3589549161976606 7.330786904388821 	idx: 2 4 3 8 16 16
2.3589549161976606 7.257479035344933 	idx: 2 4 3 8 16 16
2.375299437184665 7.1849042449914835 	idx: 2 3 4 16 32 8
2.375299437184665 7.1130552025415685 	idx: 2 3 4 16 32 8
2.332100237338328 7.041924650516153 	idx: 2 3 4 8 32 8
2.332100237338328 6.971505404010991 	idx: 2 3 4 8 32 8
2.332100237338328 6.901790349970882 	idx: 2 3 4 8 32 8
2.332100237338328 6.832772446471173 	idx: 2 3 4 8 32 8
2.350327662342987 6.764444722006462 	idx: 2 4 3 8 32 4
2.350327662342987 6.696800274786397 	idx: 2 4 3 8 32 4
2.350327662342987 6.6298322720385325 	idx: 2 4 3 8 32 4
2.350327662342987 6.563533949318147 	idx: 2 4 3 8 32 4
2.350327662342987 6.497898609824966 	idx: 2 4 3 8 32 4
2.350327662342987 6.432919623726716 	idx: 2 4 3 8 32 4
2.350327662342987 6.3685904274894485 	idx: 2 4 3 8 32 4
2.528246585348729 6.304904523214554 	idx: 2 4 3 16 16 4
2.528246585348729 6.2418554779824085 	idx: 2 4 3 16 16 4
2.528246585348729 6.1794369232025845 	idx: 2 4 3 16 16 4
2.538821105121465 6.117642553970558 	idx: 2 4 3 16 8 2
2.538821105121465 6.056466128430853 	idx: 2 4 3 16 8 2
2.538821105121465 5.9959014671465445 	idx: 2 4 3 16 8 2
2.538821105121465 5.935942452475079 	idx: 2 4 3 16 8 2
2.538821105121465 5.8765830279503275 	idx: 2 4 3 16 8 2
2.538821105121465 5.817817197670824 	idx: 2 4 3 16 8 2
2.538821105121465 5.759639025694116 	idx: 2 4 3 16 8 2
2.538821105121465 5.7020426354371745 	idx: 2 4 3 16 8 2
2.538821105121465 5.645022209082803 	idx: 2 4 3 16 8 2
2.538821105121465 5.588571986991974 	idx: 2 4 3 16 8 2
2.538821105121465 5.532686267122054 	idx: 2 4 3 16 8 2
2.538821105121465 5.477359404450834 	idx: 2 4 3 16 8 2
2.538821105121465 5.422585810406325 	idx: 2 4 3 16 8 2
2.538821105121465 5.368359952302262 	idx: 2 4 3 16 8 2
2.4001477374670945 5.314676352779239 	idx: 2 3 4 16 4 4
2.4001477374670945 5.261529589251447 	idx: 2 3 4 16 4 4
2.4001477374670945 5.208914293358933 	idx: 2 3 4 16 4 4
2.4001477374670945 5.156825150425344 	idx: 2 3 4 16 4 4
2.3775319713644194 5.10525689892109 	idx: 2 4 3 8 2 8
2.3775319713644194 5.0542043299318795 	idx: 2 4 3 8 2 8
2.3775319713644194 5.003662286632561 	idx: 2 4 3 8 2 8
2.3775319713644194 4.953625663766235 	idx: 2 4 3 8 2 8
2.3948839248791685 4.9040894071285726 	idx: 4 4 3 8 2 64
2.3948839248791685 4.8550485130572865 	idx: 4 4 3 8 2 64
2.3948839248791685 4.806498027926714 	idx: 4 4 3 8 2 64
2.3948839248791685 4.758433047647447 	idx: 4 4 3 8 2 64
2.3948839248791685 4.710848717170973 	idx: 4 4 3 8 2 64
2.3948839248791685 4.663740229999263 	idx: 4 4 3 8 2 64
2.3948839248791685 4.61710282769927 	idx: 4 4 3 8 2 64
2.3948839248791685 4.570931799422278 	idx: 4 4 3 8 2 64
2.3948839248791685 4.525222481428055 	idx: 4 4 3 8 2 64
2.3948839248791685 4.4799702566137745 	idx: 4 4 3 8 2 64
2.3948839248791685 4.4351705540476365 	idx: 4 4 3 8 2 64
2.3948839248791685 4.39081884850716 	idx: 4 4 3 8 2 64
2.355777427215457 4.346910660022088 	idx: 2 3 4 8 4 16
2.4024900980698045 4.303441553421867 	idx: 4 4 3 8 8 128
2.4024900980698045 4.260407137887648 	idx: 4 4 3 8 8 128
2.4024900980698045 4.217803066508771 	idx: 4 4 3 8 8 128
2.4024900980698045 4.175625035843683 	idx: 4 4 3 8 8 128
2.3560057262967615 4.133868785485246 	idx: 2 3 4 8 4 32
2.3560057262967615 4.0925300976303935 	idx: 2 3 4 8 4 32
2.3560057262967615 4.05160479665409 	idx: 2 3 4 8 4 32
2.3560057262967615 4.011088748687548 	idx: 2 3 4 8 4 32
2.3560057262967615 3.970977861200673 	idx: 2 3 4 8 4 32
2.5387671488464885 3.9312680825886663 	idx: 2 4 3 16 8 64
2.5387671488464885 3.8919554017627798 	idx: 2 4 3 16 8 64
2.5387671488464885 3.853035847745152 	idx: 2 4 3 16 8 64
2.5387671488464885 3.8145054892677006 	idx: 2 4 3 16 8 64
2.528196483869529 3.7763604343750234 	idx: 2 4 3 16 16 64
2.528196483869529 3.7385968300312733 	idx: 2 4 3 16 16 64
2.528196483869529 3.7012108617309605 	idx: 2 4 3 16 16 64
2.528196483869529 3.664198753113651 	idx: 2 4 3 16 16 64
2.528196483869529 3.6275567655825145 	idx: 2 4 3 16 16 64
2.528196483869529 3.591281197926689 	idx: 2 4 3 16 16 64
2.528196483869529 3.555368385947422 	idx: 2 4 3 16 16 64
2.528196483869529 3.519814702087948 	idx: 2 4 3 16 16 64
2.528196483869529 3.4846165550670687 	idx: 2 4 3 16 16 64
2.528196483869529 3.449770389516398 	idx: 2 4 3 16 16 64
2.528196483869529 3.415272685621234 	idx: 2 4 3 16 16 64
2.528196483869529 3.3811199587650216 	idx: 2 4 3 16 16 64
2.528196483869529 3.347308759177371 	idx: 2 4 3 16 16 64
2.528196483869529 3.3138356715855974 	idx: 2 4 3 16 16 64
2.528196483869529 3.2806973148697414 	idx: 2 4 3 16 16 64
2.3991357485588214 3.247890341721044 	idx: 3 2 6 16 2 4
2.3991357485588214 3.2154114383038332 	idx: 3 2 6 16 2 4
2.387041004156589 3.183257323920795 	idx: 4 3 4 16 8 64
2.387041004156589 3.1514247506815867 	idx: 4 3 4 16 8 64
2.387041004156589 3.1199105031747707 	idx: 4 3 4 16 8 64
2.387041004156589 3.088711398143023 	idx: 4 3 4 16 8 64
2.3942313290600947 3.0578242841615926 	idx: 3 2 6 16 4 16
2.3917238706349417 3.0272460413199767 	idx: 3 2 6 16 4 32
2.3917238706349417 2.996973580906777 	idx: 3 2 6 16 4 32
2.5385993643661244 2.967003845097709 	idx: 4 4 3 16 8 128
2.5385993643661244 2.9373338066467323 	idx: 4 4 3 16 8 128
2.5385993643661244 2.907960468580265 	idx: 4 4 3 16 8 128
2.5385993643661244 2.8788808638944623 	idx: 4 4 3 16 8 128
2.5385993643661244 2.8500920552555176 	idx: 4 4 3 16 8 128
2.5385993643661244 2.8215911347029623 	idx: 4 4 3 16 8 128
2.5385993643661244 2.7933752233559326 	idx: 4 4 3 16 8 128
2.5385993643661244 2.765441471122373 	idx: 4 4 3 16 8 128
2.5385993643661244 2.7377870564111495 	idx: 4 4 3 16 8 128
2.5385993643661244 2.710409185847038 	idx: 4 4 3 16 8 128
2.5385993643661244 2.6833050939885674 	idx: 4 4 3 16 8 128
2.5385993643661244 2.656472043048682 	idx: 4 4 3 16 8 128
2.5385993643661244 2.629907322618195 	idx: 4 4 3 16 8 128
2.5385993643661244 2.603608249392013 	idx: 4 4 3 16 8 128
2.5385993643661244 2.577572166898093 	idx: 4 4 3 16 8 128
2.5385993643661244 2.551796445229112 	idx: 4 4 3 16 8 128
2.5385993643661244 2.526278480776821 	idx: 4 4 3 16 8 128
2.5387671488464885 2.501015695969053 	idx: 1 4 3 16 8 64
2.5387671488464885 2.4760055390093623 	idx: 1 4 3 16 8 64
2.5387671488464885 2.4512454836192688 	idx: 1 4 3 16 8 64
2.5387671488464885 2.426733028783076 	idx: 1 4 3 16 8 64
2.5387671488464885 2.402465698495245 	idx: 1 4 3 16 8 64
2.5387671488464885 2.3784410415102926 	idx: 1 4 3 16 8 64
2.5387671488464885 2.3546566310951897 	idx: 1 4 3 16 8 64
2.5387671488464885 2.3311100647842378 	idx: 1 4 3 16 8 64
2.5387671488464885 2.307798964136395 	idx: 1 4 3 16 8 64
2.5387671488464885 2.2847209744950314 	idx: 1 4 3 16 8 64
2.5387671488464885 2.261873764750081 	idx: 1 4 3 16 8 64
2.5387671488464885 2.23925502710258 	idx: 1 4 3 16 8 64
2.5387671488464885 2.2168624768315546 	idx: 1 4 3 16 8 64
2.5387671488464885 2.194693852063239 	idx: 1 4 3 16 8 64
2.5387671488464885 2.1727469135426065 	idx: 1 4 3 16 8 64
2.5387671488464885 2.1510194444071806 	idx: 1 4 3 16 8 64
2.5387671488464885 2.129509249963109 	idx: 1 4 3 16 8 64
2.5387671488464885 2.108214157463478 	idx: 1 4 3 16 8 64
2.5387671488464885 2.087132015888843 	idx: 1 4 3 16 8 64
2.547547656329518 2.0662606957299547 	idx: 1 4 3 16 4 128
2.547547656329518 2.045598088772655 	idx: 2 4 3 16 4 128
2.547547656329518 2.0251421078849283 	idx: 2 4 3 16 4 128
2.547547656329518 2.004890686806079 	idx: 2 4 3 16 4 128
2.547547656329518 1.9848417799380185 	idx: 2 4 3 16 4 128
2.547547656329518 1.9649933621386382 	idx: 2 4 3 16 4 128
2.547547656329518 1.9453434285172517 	idx: 2 4 3 16 4 128
2.547547656329518 1.9258899942320793 	idx: 2 4 3 16 4 128
2.547547656329518 1.9066310942897584 	idx: 2 4 3 16 4 128
2.547547656329518 1.8875647833468607 	idx: 2 4 3 16 4 128
2.547547656329518 1.868689135513392 	idx: 2 4 3 16 4 128
2.547547656329518 1.8500022441582582 	idx: 2 4 3 16 4 128
2.547547656329518 1.8315022217166756 	idx: 2 4 3 16 4 128
2.547547656329518 1.8131871994995088 	idx: 2 4 3 16 4 128
2.5477224314614397 1.7950553275045138 	idx: 4 4 3 16 4 64
2.5477224314614397 1.7771047742294686 	idx: 4 4 3 16 4 64
2.5477224314614397 1.7593337264871738 	idx: 4 4 3 16 4 64
2.5477224314614397 1.741740389222302 	idx: 4 4 3 16 4 64
2.5477224314614397 1.724322985330079 	idx: 4 4 3 16 4 64
2.5477224314614397 1.7070797554767783 	idx: 4 4 3 16 4 64
2.5477224314614397 1.6900089579220106 	idx: 4 4 3 16 4 64
2.5477224314614397 1.6731088683427904 	idx: 4 4 3 16 4 64
2.5477224314614397 1.6563777796593624 	idx: 4 4 3 16 4 64
2.5477224314614397 1.6398140018627687 	idx: 4 4 3 16 4 64
2.5477224314614397 1.623415861844141 	idx: 4 4 3 16 4 64
2.5477224314614397 1.6071817032256996 	idx: 4 4 3 16 4 64
2.5477224314614397 1.5911098861934427 	idx: 4 4 3 16 4 64
2.5477224314614397 1.5751987873315083 	idx: 4 4 3 16 4 64
2.5477224314614397 1.5594467994581933 	idx: 4 4 3 16 4 64
2.5477224314614397 1.5438523314636114 	idx: 4 4 3 16 4 64
2.5477224314614397 1.5284138081489753 	idx: 4 4 3 16 4 64
2.5477224314614397 1.5131296700674854 	idx: 4 4 3 16 4 64
2.5477224314614397 1.4979983733668105 	idx: 4 4 3 16 4 64
2.5477224314614397 1.4830183896331424 	idx: 4 4 3 16 4 64
2.5477224314614397 1.468188205736811 	idx: 4 4 3 16 4 64
2.5521436569758644 1.4535063236794428 	idx: 2 4 3 16 2 128
2.5521436569758644 1.4389712604426483 	idx: 2 4 3 16 2 128
2.5521436569758644 1.4245815478382218 	idx: 2 4 3 16 2 128
2.5521436569758644 1.4103357323598396 	idx: 2 4 3 16 2 128
2.5521436569758644 1.396232375036241 	idx: 2 4 3 16 2 128
2.5521436569758644 1.3822700512858788 	idx: 2 4 3 16 2 128
2.5521436569758644 1.36844735077302 	idx: 2 4 3 16 2 128
2.5521436569758644 1.3547628772652898 	idx: 2 4 3 16 2 128
2.5521436569758644 1.341215248492637 	idx: 2 4 3 16 2 128
2.5521436569758644 1.3278030960077105 	idx: 2 4 3 16 2 128
2.5521436569758644 1.3145250650476334 	idx: 2 4 3 16 2 128
2.5521436569758644 1.301379814397157 	idx: 2 4 3 16 2 128
2.5521436569758644 1.2883660162531856 	idx: 2 4 3 16 2 128
2.5521436569758644 1.2754823560906536 	idx: 2 4 3 16 2 128
2.5521436569758644 1.2627275325297471 	idx: 2 4 3 16 2 128
2.5521436569758644 1.2501002572044497 	idx: 2 4 3 16 2 128
2.5521436569758644 1.2375992546324053 	idx: 2 4 3 16 2 128
2.5521436569758644 1.2252232620860812 	idx: 2 4 3 16 2 128
2.5521436569758644 1.2129710294652205 	idx: 2 4 3 16 2 128
2.5521436569758644 1.2008413191705682 	idx: 2 4 3 16 2 128
2.5521436569758644 1.1888329059788625 	idx: 2 4 3 16 2 128
2.5521436569758644 1.1769445769190738 	idx: 2 4 3 16 2 128
2.5521436569758644 1.165175131149883 	idx: 2 4 3 16 2 128
2.5521436569758644 1.1535233798383842 	idx: 2 4 3 16 2 128
2.5521436569758644 1.1419881460400003 	idx: 2 4 3 16 2 128
2.5521436569758644 1.1305682645796002 	idx: 2 4 3 16 2 128
2.5521436569758644 1.1192625819338042 	idx: 2 4 3 16 2 128
2.5521436569758644 1.1080699561144662 	idx: 2 4 3 16 2 128
2.5521436569758644 1.0969892565533215 	idx: 2 4 3 16 2 128
2.5521436569758644 1.0860193639877882 	idx: 2 4 3 16 2 128
2.5521436569758644 1.0751591703479102 	idx: 2 4 3 16 2 128
2.5521436569758644 1.0644075786444311 	idx: 2 4 3 16 2 128
2.5521436569758644 1.0537635028579868 	idx: 2 4 3 16 2 128
2.5521436569758644 1.0432258678294068 	idx: 2 4 3 16 2 128
2.5521436569758644 1.0327936091511127 	idx: 2 4 3 16 2 128
2.5521436569758644 1.0224656730596016 	idx: 2 4 3 16 2 128
2.5521436569758644 1.0122410163290056 	idx: 2 4 3 16 2 128
2.5521436569758644 1.0021186061657157 	idx: 2 4 3 16 2 128
###### ACC Parameters ######
cim type:    LccCIM
bus_width:   25.6
macros_row:  4
macros_col:  3
scr:         16
is_size:     2
os_size:     128
best=2.5521436569758644, area=4988933.629940752 459
bert_large_sl64_LCC-CIM@ISSCC20_ee_running end at 1757783339.6375685
49.63297938788257 100 	idx: 2 2 2 2 64 64
24.94894819466248 99.0 	idx: 0 2 1 4 64 128
49.63297938788257 98.01 	idx: 4 2 2 4 64 1024
75.08849515709899 97.0299 	idx: 4 1 2 4 128 1024
100.79002126797776 96.059601 	idx: 0 1 3 2 256 64
132.4295737879942 95.09900499 	idx: 0 2 3 2 512 32
97.57090193985869 94.1480149401 	idx: 0 1 2 4 1024 16
50.55580828438175 93.206534790699 	idx: 0 2 1 8 512 8
99.86885470446332 92.27446944279201 	idx: 0 3 2 8 1024 8
99.0935720914146 91.35172474836409 	idx: 0 2 2 4 512 4
98.2229913473424 90.43820750088045 	idx: 3 2 4 8 64 512
98.2229913473424 89.53382542587164 	idx: 3 1 4 16 64 512
131.4789536233687 88.63848717161292 	idx: 0 1 3 4 512 2
184.16763636116727 87.75210229989679 	idx: 0 1 4 2 512 4
195.8339543083375 86.87458127689783 	idx: 0 1 5 2 1024 2
255.95095978270615 86.00583546412885 	idx: 0 1 6 4 1024 4
246.29286421270245 85.14577710948755 	idx: 0 1 6 2 1024 8
207.29497770871015 84.29431933839268 	idx: 0 1 5 4 1024 16
197.23739316342906 83.45137614500875 	idx: 0 2 4 8 512 32
136.08953432071468 82.61686238355867 	idx: 0 1 3 16 1024 32
136.99398886127778 81.79069375972308 	idx: 0 2 3 32 1024 16
136.71639632373945 80.97278682212585 	idx: 0 1 3 32 512 32
100.93667831057479 80.1630589539046 	idx: 2 2 2 32 512 512
137.26530069670542 79.36142836436555 	idx: 2 2 3 32 512 256
100.11011023622048 78.56781408072189 	idx: 2 3 2 32 512 512
94.73907600596125 77.78213593991467 	idx: 0 3 2 64 256 64
50.661396238444375 77.00431458051553 	idx: 0 3 1 64 512 32
75.08849515709899 76.23427143471037 	idx: 3 1 2 256 128 64
100.11011023622048 75.47192872036327 	idx: 2 3 2 32 1024 128
98.2229913473424 74.71720943315964 	idx: 3 1 4 64 64 32
135.5338313653573 73.97003733882804 	idx: 3 1 5 64 128 16
147.80265054638457 73.23033696543976 	idx: 3 2 4 32 128 32
85.28340909352934 72.49803359578536 	idx: 3 1 3 64 128 32
100.93667831057479 71.7730532598275 	idx: 0 1 2 256 512 64
105.21847496277503 71.05532272722922 	idx: 0 1 3 128 256 32
100.93667831057479 70.34476949995693 	idx: 0 1 2 256 512 64
51.0191974317817 69.64132180495736 	idx: 0 2 1 512 1024 64
51.0191974317817 68.94490858690779 	idx: 0 1 1 256 2048 64
94.73907600596125 68.25545950103871 	idx: 2 3 2 128 256 512
100.93667831057479 67.57290490602833 	idx: 0 1 2 512 512 64
51.0191974317817 66.89717585696805 	idx: 0 1 1 256 512 128
100.93667831057479 66.22820409839836 	idx: 0 1 2 256 512 64
100.93667831057479 65.56592205741438 	idx: 0 1 2 256 1024 64
100.93667831057479 64.91026283684023 	idx: 0 1 2 256 1024 32
97.258583807308 64.26116020847184 	idx: 1 1 2 4 256 16
51.0191974317817 63.618548606387115 	idx: 0 2 1 256 1024 32
100.11011023622048 62.98236312032324 	idx: 0 3 2 128 512 32
105.28736511469174 62.35253948912001 	idx: 0 2 3 256 256 16
94.73907600596125 61.72901409422881 	idx: 0 3 2 256 256 8
103.62181636654104 61.11172395328652 	idx: 1 2 3 4 256 8
94.5383053872179 60.500606713753655 	idx: 1 3 2 8 256 4
70.03918810161383 59.89560064661612 	idx: 1 3 2 4 128 4
74.26826333313862 59.29664464014996 	idx: 1 4 2 2 128 8
35.22132286166683 58.70367819374846 	idx: 1 3 1 4 128 4
98.2229913473424 58.116641411810974 	idx: 4 1 4 32 64 4
47.63587026009334 57.535474997692866 	idx: 4 1 3 64 64 2
75.08849515709899 56.960120247715935 	idx: 1 4 2 16 128 4
49.63297938788257 56.390519045238776 	idx: 4 1 2 32 64 2
50.01985413808196 55.82661385478639 	idx: 2 4 1 8 256 256
94.69144804215465 55.26834771623852 	idx: 4 3 2 16 256 4
99.00314592742563 54.71566423907614 	idx: 1 4 2 16 256 2
99.04942349641632 54.16850759668538 	idx: 2 4 2 8 256 32
100.8736122819371 53.62682252071853 	idx: 1 4 2 16 512 2
50.003870054275154 53.09055429551134 	idx: 1 4 1 16 256 2
70.46393526665096 52.55964875255623 	idx: 1 3 2 8 128 4
51.010114069775895 52.03405226503067 	idx: 2 4 1 32 512 64
87.61014332965821 51.51371174238036 	idx: 1 3 4 8 64 4
99.04942349641632 50.998574624956554 	idx: 2 4 2 64 256 64
66.45402467070876 50.488588878706985 	idx: 2 5 2 32 128 128
99.04942349641632 49.98370298991991 	idx: 2 4 2 16 256 256
147.80265054638457 49.483865960020715 	idx: 4 1 4 4 128 16
147.80265054638457 48.98902730042051 	idx: 4 1 4 4 128 16
105.30051350008283 48.4991370274163 	idx: 2 2 3 16 256 1024
85.34163883807958 48.01414565714214 	idx: 2 2 3 8 128 512
103.9740217954509 47.53400420057071 	idx: 1 3 3 2 256 256
135.3986273685962 47.05866415856501 	idx: 1 3 3 2 512 256
99.04942349641632 46.58807751697936 	idx: 4 1 2 16 256 16
136.6117288365518 46.12219674180957 	idx: 4 1 3 32 512 8
105.08924323524987 45.66097477439147 	idx: 4 2 3 32 256 4
136.5932679935505 45.20436502664755 	idx: 4 1 3 32 512 4
100.81455941213238 44.752321376381076 	idx: 4 2 2 16 1024 4
97.02015902247145 44.30479816261727 	idx: 1 1 2 2 512 128
100.93667831057479 43.861750180991095 	idx: 4 1 2 32 2048 8
100.93667831057479 43.42313267918119 	idx: 4 2 2 64 1024 8
100.93667831057479 42.98890135238938 	idx: 3 1 2 512 512 32
136.97657748348385 42.559012338865486 	idx: 4 2 3 32 1024 8
100.8259896484513 42.133422215476834 	idx: 4 2 2 16 512 16
99.91287818277036 41.712087993322065 	idx: 4 3 2 8 512 32
104.14822443268177 41.29496711338884 	idx: 4 3 3 16 256 32
100.84035919565159 40.882017442254956 	idx: 4 2 2 16 512 32
99.04942349641632 40.473197267832404 	idx: 4 1 2 8 256 32
103.86380010849794 40.06846529515408 	idx: 4 1 3 8 256 32
99.04942349641632 39.66778064220254 	idx: 4 1 2 16 256 32
49.63297938788257 39.27110283578051 	idx: 2 1 2 64 64 32
75.08849515709899 38.8783918074227 	idx: 2 1 2 32 128 64
49.63297938788257 38.48960788934848 	idx: 2 2 2 64 64 64
24.94894819466248 38.104711810454994 	idx: 2 2 1 32 64 64
70.52354115819836 37.72366469235045 	idx: 2 3 2 16 128 64
49.63297938788257 37.34642804542694 	idx: 4 2 2 256 64 64
75.08849515709899 36.97296376497267 	idx: 2 2 2 16 128 128
75.08849515709899 36.60323412732294 	idx: 4 2 2 256 128 64
99.04942349641632 36.23720178604971 	idx: 4 1 2 256 256 64
99.04942349641632 35.874829768189215 	idx: 2 1 2 8 256 512
100.93667831057479 35.516081470507324 	idx: 4 1 2 128 512 32
100.93667831057479 35.16092065580225 	idx: 4 2 2 64 512 64
100.93667831057479 34.80931144924423 	idx: 4 1 2 128 1024 32
51.0191974317817 34.461218334751784 	idx: 4 1 1 128 2048 32
51.0191974317817 34.11660615140427 	idx: 4 2 1 64 1024 32
100.93667831057479 33.775440089890225 	idx: 4 1 2 64 1024 16
100.93667831057479 33.43768568899132 	idx: 4 2 2 128 512 32
47.91220982815798 33.10330883210141 	idx: 4 3 1 64 256 32
94.73907600596125 32.7722757437804 	idx: 4 3 2 64 256 32
100.11011023622048 32.44455298634259 	idx: 4 3 2 32 512 64
50.05505511811024 32.12010745647917 	idx: 4 4 1 16 256 64
90.73639737367971 31.798906381914374 	idx: 4 5 2 32 256 32
90.73639737367971 31.48091731809523 	idx: 4 5 2 32 256 32
53.88419402667804 31.16610814491428 	idx: 1 2 6 4 32 128
100.87661363906851 30.854447063465138 	idx: 4 4 2 16 512 8
104.10118948849116 30.545902592830487 	idx: 4 3 3 16 256 4
85.09651208818215 30.240443566902183 	idx: 4 4 3 8 128 2
133.75782172472546 29.93803913123316 	idx: 1 1 5 2 128 128
193.9881599023497 29.638658739920828 	idx: 1 2 4 4 256 64
200.50835255386679 29.34227215252162 	idx: 1 1 5 2 512 64
164.60612244691535 29.048849430996402 	idx: 1 2 5 4 256 128
144.7093658855834 28.758360936686437 	idx: 1 1 4 2 128 64
135.59413427184984 28.47077732731957 	idx: 1 1 5 4 128 128
201.58503648595251 28.186069554046373 	idx: 1 1 6 4 256 64
131.1203675324822 27.90420885850591 	idx: 1 1 5 2 128 32
163.88801406662108 27.625166769920853 	idx: 1 2 6 2 128 16
75.67171978692379 27.348915102221643 	idx: 0 1 5 64 64 32
93.17895129803765 27.075425951199424 	idx: 1 2 6 2 64 8
53.513535219877404 26.804671691687428 	idx: 1 2 6 2 32 4
53.91454164405582 26.536624974770554 	idx: 0 1 6 256 32 16
83.16001590239445 26.271258725022847 	idx: 4 2 3 2 128 4
93.64753185382285 26.00854613777262 	idx: 4 3 2 4 256 4
70.18632449364313 25.748460676394892 	idx: 4 3 2 4 128 8
98.2229913473424 25.490976069630943 	idx: 0 2 4 128 64 64
147.80265054638457 25.23606630893463 	idx: 0 2 4 128 128 64
47.67437189344943 24.983705645845284 	idx: 0 2 3 128 64 32
50.388332276474316 24.73386858938683 	idx: 0 1 4 128 32 32
25.330698119222188 24.48652990349296 	idx: 2 2 2 4 32 1024
50.388332276474316 24.24166460445803 	idx: 3 1 4 2 32 32
47.67863196579915 23.99924795841345 	idx: 2 2 3 16 64 1024
97.43076422016591 23.759255478829314 	idx: 3 1 4 2 64 8
147.80265054638457 23.52166292404102 	idx: 3 1 4 4 128 8
98.86679460986134 23.28644629480061 	idx: 3 1 3 2 256 8
191.16145360658837 23.053581831852604 	idx: 3 2 4 2 512 16
99.16458180488696 22.82304601353408 	idx: 3 1 3 2 256 16
72.16608465753934 22.59481555339874 	idx: 3 1 2 2 128 32
49.63297938788257 22.36886739786475 	idx: 2 1 2 8 64 512
49.63297938788257 22.145178723886104 	idx: 2 1 2 16 64 256
46.085326968833165 21.923726936647242 	idx: 3 1 1 2 512 8
96.35427329755206 21.704489667280768 	idx: 3 2 2 2 1024 8
49.877999878016674 21.48744477060796 	idx: 3 2 1 4 2048 16
97.39775996935728 21.27257032290188 	idx: 3 1 2 4 2048 8
45.976896480996906 21.059844619672862 	idx: 3 1 1 2 2048 4
49.77580111578742 20.849246173476132 	idx: 3 2 1 4 2048 2
48.35541694547814 20.64075371174137 	idx: 3 2 1 2 1024 4
49.77580111578742 20.434346174623958 	idx: 3 2 1 4 2048 2
96.18325831221394 20.230002712877717 	idx: 3 2 2 2 1024 2
126.21237624146312 20.027702685748938 	idx: 3 1 3 2 1024 4
196.150484051375 19.82742565889145 	idx: 3 2 4 4 512 2
103.54039538245414 19.629151402302536 	idx: 3 2 3 4 256 2
104.43528309490745 19.43285988827951 	idx: 3 2 3 8 256 4
94.73907600596125 19.238531289396715 	idx: 2 3 2 64 256 256
51.0191974317817 19.046145976502746 	idx: 2 4 1 32 512 256
73.37046597341353 18.855684516737718 	idx: 3 1 2 4 128 2
101.84650034264043 18.66712767157034 	idx: 3 1 3 4 256 2
103.58600173641611 18.480456394854638 	idx: 3 1 3 8 256 4
197.15352265389615 18.295651830906092 	idx: 3 2 4 8 512 8
197.18242722234473 18.11269531259703 	idx: 3 2 4 8 512 16
208.74196747637947 17.931568359471058 	idx: 3 1 5 8 512 16
196.22498513894632 17.752252675876345 	idx: 3 2 4 4 512 8
126.94733626586559 17.57473014911758 	idx: 3 1 3 2 512 16
95.64218014269427 17.398982847626407 	idx: 3 2 2 2 256 8
96.94184835184736 17.22499301915014 	idx: 3 3 2 2 512 4
50.388332276474316 17.05274308895864 	idx: 1 2 4 64 32 64
48.85619103086779 16.882215658069054 	idx: 3 3 1 2 512 4
96.24674140610769 16.713393501488362 	idx: 3 2 2 2 1024 4
48.32285209327075 16.546259566473477 	idx: 3 2 1 2 1024 2
49.79279753170126 16.380796970808742 	idx: 3 2 1 4 512 4
99.85972377331446 16.216989001100654 	idx: 3 3 2 8 1024 4
99.85972377331446 16.054819111089646 	idx: 3 3 2 8 1024 4
100.81455941213238 15.89427091997875 	idx: 3 2 2 16 512 4
94.73907600596125 15.735328210778961 	idx: 3 3 2 32 256 8
135.59413427184984 15.577974928671171 	idx: 0 1 5 64 128 128
193.9881599023497 15.42219517938446 	idx: 0 2 4 32 256 128
147.80265054638457 15.267973227590614 	idx: 0 1 4 32 128 64
147.80265054638457 15.115293495314708 	idx: 0 1 4 32 128 64
105.12562971442007 14.96414056036156 	idx: 0 2 3 32 256 32
193.9881599023497 14.814499154757945 	idx: 0 2 4 64 256 64
194.7309542043192 14.666354163210364 	idx: 3 1 4 4 512 2
134.38619564319808 14.519690621578262 	idx: 3 2 3 4 512 4
193.75535193827983 14.374493715362478 	idx: 3 2 4 8 256 4
134.45558964105572 14.230748778208852 	idx: 3 2 3 4 512 8
100.26183520829996 14.088441290426763 	idx: 3 1 2 8 1024 16
49.821562515976886 13.947556877522496 	idx: 3 2 1 4 1024 8
98.8726210944952 13.808081308747271 	idx: 3 3 2 4 512 4
99.0935720914146 13.670000495659798 	idx: 3 2 2 4 512 4
50.388332276474316 13.5333004907032 	idx: 1 2 4 16 32 32
98.90963830964002 13.397967485796167 	idx: 3 3 2 4 512 8
103.82510217336105 13.263987810938206 	idx: 3 3 3 8 256 8
100.03626456847799 13.131347932828824 	idx: 3 3 2 16 512 16
99.04942349641632 13.000034453500536 	idx: 3 4 2 16 256 16
94.73907600596125 12.87003410896553 	idx: 3 3 2 32 256 16
35.56160214813157 12.741333767875876 	idx: 3 3 1 32 128 8
25.5259877931256 12.613920430197117 	idx: 1 2 4 8 16 256
49.63297938788257 12.487781225895146 	idx: 2 4 2 16 64 8
49.63297938788257 12.362903413636195 	idx: 3 2 2 16 64 16
47.6466092936348 12.239274379499832 	idx: 3 2 3 32 64 16
147.80265054638457 12.116881635704834 	idx: 3 2 4 16 128 8
138.70809513419158 11.995712819347785 	idx: 3 3 4 16 128 8
87.61014332965821 11.875755691154307 	idx: 3 3 4 8 64 16
27.098474639857315 11.756998134242764 	idx: 3 4 3 8 32 16
39.950930115636 11.639428152900336 	idx: 3 5 2 8 64 16
47.57782393114417 11.523033871371332 	idx: 3 4 3 4 64 32
85.07191229499027 11.407803532657619 	idx: 3 4 3 4 128 64
47.6334441879756 11.293725497331042 	idx: 3 4 3 4 64 128
20.328063443335893 11.180788242357732 	idx: 3 5 2 2 32 256
24.94894819466248 11.068980359934155 	idx: 3 4 1 4 64 128
70.52354115819836 10.958290556334813 	idx: 3 3 2 8 128 128
94.73907600596125 10.848707650771464 	idx: 3 3 2 8 256 64
94.73907600596125 10.74022057426375 	idx: 3 3 2 16 256 32
51.010114069775895 10.632818368521113 	idx: 3 4 1 32 512 64
94.73907600596125 10.526490184835902 	idx: 3 3 2 64 256 64
70.52354115819836 10.421225282987542 	idx: 3 3 2 128 128 128
87.61014332965821 10.317013030157668 	idx: 4 3 4 16 64 8
100.11011023622048 10.213842899856092 	idx: 3 3 2 64 512 64
103.8521346805988 10.11170447085753 	idx: 4 3 3 8 256 16
99.22788787923317 10.010587426148955 	idx: 4 2 2 4 512 16
96.9714239406608 9.910481551887466 	idx: 4 2 2 2 512 32
96.9714239406608 9.811376736368592 	idx: 4 2 2 2 512 32
102.44989543423436 9.713262969004907 	idx: 4 1 3 4 256 32
135.32724398553418 9.616130339314857 	idx: 4 2 3 4 512 64
135.32724398553418 9.519969035921708 	idx: 4 2 3 4 512 64
99.96461547722741 9.42476934556249 	idx: 4 3 2 8 512 64
75.08849515709899 9.330521652106865 	idx: 3 2 2 256 128 256
93.4364937386139 9.237216435585797 	idx: 4 3 2 2 256 64
103.42602915063534 9.144844271229939 	idx: 4 3 3 2 256 128
99.04942349641632 9.053395828517639 	idx: 3 1 2 128 256 256
93.81894296517886 8.962861870232462 	idx: 4 3 2 2 256 128
49.63297938788257 8.873233251530138 	idx: 3 1 2 128 64 128
98.22494774562273 8.784500919014837 	idx: 4 2 2 2 256 256
136.86345376730043 8.696655909824688 	idx: 4 2 3 2 512 512
99.04942349641632 8.609689350726441 	idx: 3 1 2 64 256 128
94.03948434562874 8.523592457219177 	idx: 1 2 6 2 64 128
193.9881599023497 8.438356532646985 	idx: 3 1 4 16 256 128
137.06633381088704 8.353972967320516 	idx: 3 2 3 8 512 256
137.06633381088704 8.27043323764731 	idx: 3 2 3 8 1024 256
100.93667831057479 8.187728905270838 	idx: 4 2 2 8 1024 512
51.0191974317817 8.105851616218128 	idx: 3 2 1 16 1024 256
100.93667831057479 8.024793100055946 	idx: 3 2 2 16 1024 256
104.0648431440131 7.944545169055387 	idx: 4 1 3 2 256 256
135.07922710366404 7.865099717364833 	idx: 1 2 5 2 128 256
164.43265151055874 7.786448720191185 	idx: 2 2 6 2 128 32
197.34789566229702 7.708584232989273 	idx: 2 1 6 2 256 64
209.37846761908682 7.63149839065938 	idx: 2 1 5 4 512 128
195.43274341278067 7.5551834067527865 	idx: 1 1 4 2 512 256
197.48727646933187 7.479631572685259 	idx: 2 2 4 8 512 128
193.9881599023497 7.404835256958406 	idx: 3 2 4 16 256 64
164.28325782354128 7.330786904388821 	idx: 2 2 5 4 256 64
165.3318953142128 7.257479035344933 	idx: 4 1 6 4 128 64
161.2064058991171 7.1849042449914835 	idx: 4 1 5 2 256 128
197.34789566229702 7.1130552025415685 	idx: 4 1 6 2 256 64
200.50835255386679 7.041924650516153 	idx: 4 1 5 2 512 64
209.26000555492692 6.971505404010991 	idx: 4 2 5 4 512 64
196.85851260463542 6.901790349970882 	idx: 4 1 4 8 1024 32
195.9577535882863 6.832772446471173 	idx: 4 1 4 4 1024 64
204.04301454915668 6.764444722006462 	idx: 4 2 5 2 512 32
190.83887442597882 6.696800274786397 	idx: 2 2 4 2 256 32
205.2403778948417 6.6298322720385325 	idx: 2 2 5 2 512 64
192.94696498501966 6.563533949318147 	idx: 2 2 4 2 512 64
192.94696498501966 6.497898609824966 	idx: 2 2 4 2 512 64
192.94696498501966 6.432919623726716 	idx: 2 2 4 2 512 64
208.33631429098133 6.3685904274894485 	idx: 2 1 5 4 1024 64
209.56774640523548 6.304904523214554 	idx: 2 2 5 8 512 32
208.93009669848868 6.2418554779824085 	idx: 2 1 5 8 1024 32
208.74196747637947 6.1794369232025845 	idx: 2 1 5 8 512 16
193.55624655083827 6.117642553970558 	idx: 2 2 4 4 256 8
193.75535193827983 6.056466128430853 	idx: 2 2 4 8 256 4
193.75535193827983 5.9959014671465445 	idx: 2 2 4 8 256 4
147.25485290711143 5.935942452475079 	idx: 2 2 4 4 128 2
138.28190445115155 5.8765830279503275 	idx: 2 3 4 4 128 2
104.32194178217644 5.817817197670824 	idx: 1 3 3 64 256 8
193.9881599023497 5.759639025694116 	idx: 1 2 4 64 256 4
147.80265054638457 5.7020426354371745 	idx: 1 1 4 128 128 8
164.82585535464517 5.645022209082803 	idx: 1 1 5 256 256 4
197.60621697233447 5.588571986991974 	idx: 1 1 4 256 512 4
210.16396506457733 5.532686267122054 	idx: 1 1 5 256 512 8
210.16396506457733 5.477359404450834 	idx: 1 1 5 256 512 8
210.10752707052214 5.422585810406325 	idx: 1 1 5 128 1024 4
210.16152240841373 5.368359952302262 	idx: 1 1 5 256 512 2
205.79787979073586 5.314676352779239 	idx: 1 1 6 128 256 4
164.730921502812 5.261529589251447 	idx: 1 1 5 64 256 4
196.64347691593844 5.208914293358933 	idx: 2 1 4 8 512 2
196.64347691593844 5.156825150425344 	idx: 2 1 4 8 512 2
205.57378886428432 5.10525689892109 	idx: 1 1 6 64 256 2
205.57378886428432 5.0542043299318795 	idx: 1 1 6 64 256 2
214.08546790868752 5.003662286632561 	idx: 1 1 7 32 256 4
214.08546790868752 4.953625663766235 	idx: 1 1 7 32 256 4
265.4960588095184 4.9040894071285726 	idx: 1 1 6 32 512 8
214.11363486255672 4.8550485130572865 	idx: 1 1 7 32 256 8
205.21967266036904 4.806498027926714 	idx: 1 1 6 32 256 16
205.21967266036904 4.758433047647447 	idx: 1 1 6 32 256 16
273.6958334874991 4.710848717170973 	idx: 1 1 7 64 512 32
376.37608052101837 4.663740229999263 	idx: 1 1 8 32 512 32
376.37608052101837 4.61710282769927 	idx: 1 1 8 16 512 32
376.37608052101837 4.570931799422278 	idx: 1 1 8 16 512 32
273.32900321802634 4.525222481428055 	idx: 1 1 7 32 512 64
376.37608052101837 4.4799702566137745 	idx: 1 1 8 16 512 32
376.37608052101837 4.4351705540476365 	idx: 1 1 8 16 512 32
376.37608052101837 4.39081884850716 	idx: 1 1 8 16 512 32
376.37608052101837 4.346910660022088 	idx: 1 1 8 16 512 32
376.37608052101837 4.303441553421867 	idx: 1 1 8 16 512 32
363.4643796455117 4.260407137887648 	idx: 1 1 8 8 256 32
363.4643796455117 4.217803066508771 	idx: 1 1 8 8 256 32
363.4643796455117 4.175625035843683 	idx: 1 1 8 8 256 32
363.4643796455117 4.133868785485246 	idx: 1 1 8 16 256 32
363.4643796455117 4.0925300976303935 	idx: 1 1 8 16 256 32
363.4643796455117 4.05160479665409 	idx: 1 1 8 16 256 32
376.37608052101837 4.011088748687548 	idx: 1 1 8 8 512 32
376.37608052101837 3.970977861200673 	idx: 1 1 8 8 512 32
376.37608052101837 3.9312680825886663 	idx: 1 1 8 8 512 32
363.4643796455117 3.8919554017627798 	idx: 1 1 8 4 256 32
363.4643796455117 3.853035847745152 	idx: 1 1 8 4 256 32
363.4643796455117 3.8145054892677006 	idx: 1 1 8 4 256 32
363.4643796455117 3.7763604343750234 	idx: 1 1 8 4 256 32
363.4643796455117 3.7385968300312733 	idx: 1 1 8 4 256 32
363.4643796455117 3.7012108617309605 	idx: 1 1 8 4 256 32
374.394935031472 3.664198753113651 	idx: 1 1 8 4 512 64
374.394935031472 3.6275567655825145 	idx: 1 1 8 4 512 64
374.394935031472 3.591281197926689 	idx: 1 1 8 4 512 64
374.394935031472 3.555368385947422 	idx: 1 1 8 4 512 64
376.37608052101837 3.519814702087948 	idx: 1 1 8 8 512 64
376.37608052101837 3.4846165550670687 	idx: 1 1 8 8 512 64
376.37608052101837 3.449770389516398 	idx: 1 1 8 8 512 64
263.42463069497006 3.415272685621234 	idx: 2 1 7 4 1024 2
363.4643796455117 3.3811199587650216 	idx: 1 1 8 4 256 128
363.4643796455117 3.347308759177371 	idx: 1 1 8 4 256 128
363.4643796455117 3.3138356715855974 	idx: 1 1 8 4 256 128
363.4643796455117 3.2806973148697414 	idx: 1 1 8 2 256 64
281.1584254754533 3.247890341721044 	idx: 1 1 8 2 128 32
197.60621697233447 3.2154114383038332 	idx: 2 1 4 16 1024 2
234.106974629863 3.183257323920795 	idx: 1 1 9 4 128 64
234.106974629863 3.1514247506815867 	idx: 1 1 9 4 128 64
281.1584254754533 3.1199105031747707 	idx: 1 1 8 8 128 128
281.1584254754533 3.088711398143023 	idx: 1 1 8 8 128 128
363.4643796455117 3.0578242841615926 	idx: 1 1 8 8 256 256
281.1584254754533 3.0272460413199767 	idx: 1 1 8 4 128 256
281.1584254754533 2.996973580906777 	idx: 1 1 8 4 128 256
363.4643796455117 2.967003845097709 	idx: 1 1 8 4 256 256
363.4643796455117 2.9373338066467323 	idx: 1 1 8 4 256 256
363.4643796455117 2.907960468580265 	idx: 1 1 8 4 256 128
259.8601773076825 2.8788808638944623 	idx: 1 1 7 2 512 64
259.3942041598327 2.8500920552555176 	idx: 1 1 6 4 512 64
209.51594385751696 2.8215911347029623 	idx: 1 1 7 2 256 128
203.601131485807 2.7933752233559326 	idx: 1 1 6 2 256 256
204.24147580876937 2.765441471122373 	idx: 1 1 5 2 512 128
257.7084098592999 2.7377870564111495 	idx: 1 1 6 2 1024 128
265.041611822551 2.710409185847038 	idx: 1 1 7 2 512 128
262.19552682711486 2.6833050939885674 	idx: 1 1 6 4 512 128
265.83129589064816 2.656472043048682 	idx: 1 1 6 8 512 256
210.20061172191453 2.629907322618195 	idx: 1 1 5 8 512 512
197.60621697233447 2.603608249392013 	idx: 1 1 4 4 512 512
281.1584254754533 2.577572166898093 	idx: 2 1 8 64 128 2
281.1584254754533 2.551796445229112 	idx: 2 1 8 64 128 2
281.1584254754533 2.526278480776821 	idx: 2 1 8 64 128 2
234.31596019166975 2.501015695969053 	idx: 2 1 9 64 128 2
186.53145539906103 2.4760055390093623 	idx: 2 1 8 128 64 2
186.53145539906103 2.4512454836192688 	idx: 2 1 8 128 64 2
186.53145539906103 2.426733028783076 	idx: 2 1 8 64 64 2
136.84676599344436 2.402465698495245 	idx: 4 3 4 2 128 4
136.84676599344436 2.3784410415102926 	idx: 4 3 4 2 128 4
193.04927591246417 2.3546566310951897 	idx: 4 2 4 4 256 4
193.04927591246417 2.3311100647842378 	idx: 4 2 4 4 256 4
191.65967325557293 2.307798964136395 	idx: 4 1 4 4 256 2
197.60621697233447 2.2847209744950314 	idx: 1 1 4 8 512 256
197.60621697233447 2.261873764750081 	idx: 1 1 4 8 512 256
197.60621697233447 2.23925502710258 	idx: 1 1 4 8 512 256
208.5670063772633 2.2168624768315546 	idx: 4 1 5 8 1024 2
197.60621697233447 2.194693852063239 	idx: 1 1 4 16 1024 256
197.60621697233447 2.1727469135426065 	idx: 4 2 4 16 512 4
197.60621697233447 2.1510194444071806 	idx: 4 2 4 16 512 4
208.64321482281116 2.129509249963109 	idx: 4 1 5 8 512 8
195.03621171518833 2.108214157463478 	idx: 4 1 4 4 1024 16
214.73575516225355 2.087132015888843 	idx: 2 1 7 128 256 8
207.29497770871015 2.0662606957299547 	idx: 4 1 5 4 512 16
207.29497770871015 2.045598088772655 	idx: 4 1 5 4 512 16
262.1782081747135 2.0251421078849283 	idx: 4 1 6 8 512 32
262.1782081747135 2.004890686806079 	idx: 4 1 6 8 512 32
262.1782081747135 1.9848417799380185 	idx: 4 1 6 8 512 32
210.18269398171708 1.9649933621386382 	idx: 2 1 5 256 512 64
264.5156073949099 1.9453434285172517 	idx: 4 1 6 8 512 128
266.72183694039944 1.9258899942320793 	idx: 2 1 6 128 512 128
264.96781941567997 1.9066310942897584 	idx: 4 1 6 16 512 64
264.96781941567997 1.8875647833468607 	idx: 4 1 6 16 512 64
266.2753861458715 1.868689135513392 	idx: 4 1 6 32 1024 128
266.2753861458715 1.8500022441582582 	idx: 4 1 6 32 1024 128
273.6691384598827 1.8315022217166756 	idx: 4 1 7 32 512 128
273.32900321802634 1.8131871994995088 	idx: 4 1 7 32 512 64
376.37608052101837 1.7950553275045138 	idx: 4 1 8 16 512 128
376.37608052101837 1.7771047742294686 	idx: 4 1 8 16 512 128
363.4643796455117 1.7593337264871738 	idx: 4 1 8 8 256 128
363.4643796455117 1.741740389222302 	idx: 4 1 8 8 256 128
363.4643796455117 1.724322985330079 	idx: 4 1 8 8 256 128
363.4643796455117 1.7070797554767783 	idx: 4 1 8 8 256 128
363.4643796455117 1.6900089579220106 	idx: 4 1 8 8 256 128
363.4643796455117 1.6731088683427904 	idx: 4 1 8 8 256 128
363.4643796455117 1.6563777796593624 	idx: 4 1 8 8 256 128
363.4643796455117 1.6398140018627687 	idx: 4 1 8 8 256 128
287.8985877420325 1.623415861844141 	idx: 4 1 9 4 256 64
303.39337951811723 1.6071817032256996 	idx: 4 1 10 2 256 64
304.3579813576313 1.5911098861934427 	idx: 4 1 10 4 256 32
376.37608052101837 1.5751987873315083 	idx: 4 1 9 8 512 16
376.37608052101837 1.5594467994581933 	idx: 4 1 9 8 512 16
376.37608052101837 1.5438523314636114 	idx: 4 1 9 8 512 16
376.37608052101837 1.5284138081489753 	idx: 4 1 9 8 512 16
376.37608052101837 1.5131296700674854 	idx: 4 1 8 16 512 16
376.37608052101837 1.4979983733668105 	idx: 4 1 8 16 512 16
363.4643796455117 1.4830183896331424 	idx: 4 1 8 8 256 16
363.4643796455117 1.468188205736811 	idx: 4 1 8 8 256 16
373.67281544480977 1.4535063236794428 	idx: 4 1 9 4 512 32
363.4643796455117 1.4389712604426483 	idx: 4 1 8 8 256 32
363.4643796455117 1.4245815478382218 	idx: 4 1 8 8 256 32
363.4643796455117 1.4103357323598396 	idx: 4 1 8 8 256 32
363.4643796455117 1.396232375036241 	idx: 4 1 8 8 256 32
363.4643796455117 1.3822700512858788 	idx: 4 1 8 8 256 32
363.4643796455117 1.36844735077302 	idx: 4 1 8 8 256 64
363.4643796455117 1.3547628772652898 	idx: 4 1 8 8 256 64
363.4643796455117 1.341215248492637 	idx: 4 1 8 8 256 64
363.4643796455117 1.3278030960077105 	idx: 4 1 8 8 256 64
376.37608052101837 1.3145250650476334 	idx: 4 1 8 8 512 128
376.37608052101837 1.301379814397157 	idx: 4 1 8 8 512 128
376.37608052101837 1.2883660162531856 	idx: 4 1 8 8 512 128
363.4643796455117 1.2754823560906536 	idx: 4 1 8 8 256 64
363.4643796455117 1.2627275325297471 	idx: 4 1 8 8 256 64
363.4643796455117 1.2501002572044497 	idx: 4 1 8 8 256 64
363.4643796455117 1.2375992546324053 	idx: 4 1 8 8 256 64
376.37608052101837 1.2252232620860812 	idx: 4 1 8 8 512 128
376.37608052101837 1.2129710294652205 	idx: 4 1 8 8 512 128
376.37608052101837 1.2008413191705682 	idx: 4 1 8 8 512 128
376.37608052101837 1.1888329059788625 	idx: 4 1 8 8 512 128
376.37608052101837 1.1769445769190738 	idx: 4 1 8 8 512 128
376.37608052101837 1.165175131149883 	idx: 4 1 8 8 512 128
376.37608052101837 1.1535233798383842 	idx: 4 1 8 8 512 128
376.37608052101837 1.1419881460400003 	idx: 4 1 8 4 512 256
376.37608052101837 1.1305682645796002 	idx: 4 1 8 4 512 256
376.37608052101837 1.1192625819338042 	idx: 4 1 8 4 512 256
366.0807371148863 1.1080699561144662 	idx: 3 1 8 2 512 2
366.0807371148863 1.0969892565533215 	idx: 3 1 8 2 512 2
376.37608052101837 1.0860193639877882 	idx: 4 1 8 8 512 64
376.37608052101837 1.0751591703479102 	idx: 4 1 8 8 512 64
376.37608052101837 1.0644075786444311 	idx: 0 1 8 16 512 16
376.37608052101837 1.0537635028579868 	idx: 0 1 8 16 512 16
376.37608052101837 1.0432258678294068 	idx: 3 1 8 8 512 4
374.394935031472 1.0327936091511127 	idx: 4 1 8 4 512 64
376.37608052101837 1.0224656730596016 	idx: 0 1 9 8 512 4
376.37608052101837 1.0122410163290056 	idx: 0 1 9 8 512 4
376.37608052101837 1.0021186061657157 	idx: 0 1 9 8 512 4
###### ACC Parameters ######
cim type:    LccCIM
bus_width:   25.6
macros_row:  1
macros_col:  9
scr:         8
is_size:     512
os_size:     4
best=376.37608052101837, area=4952846.990896815 459
bert_large_sl64_LCC-CIM@ISSCC20_tt_running start at 1757784024.6784735
412.2604679441061 100 	idx: 4 3 2 2 128 64
463.3349709880023 99.0 	idx: 4 3 2 4 128 128
328.3570247933884 98.01 	idx: 3 4 1 2 64 128
496.87048191299675 97.0299 	idx: 2 2 3 16 128 32
504.5701026261123 96.059601 	idx: 1 2 3 16 32 512
378.84338498212156 95.09900499 	idx: 1 1 4 32 64 256
734.4513478262832 94.1480149401 	idx: 1 2 5 16 128 128
685.0206896551724 93.206534790699 	idx: 1 2 4 32 256 128
734.4513478262832 92.27446944279201 	idx: 3 2 5 8 128 256
504.55289467075505 91.35172474836409 	idx: 3 1 6 8 64 512
738.5443914481895 90.43820750088045 	idx: 3 2 5 4 64 256
820.2487636213344 89.53382542587164 	idx: 3 3 4 2 32 128
642.4600885885056 88.63848717161292 	idx: 3 2 4 2 16 64
549.3151077776803 87.75210229989679 	idx: 3 3 3 2 16 32
549.3151077776803 86.87458127689783 	idx: 3 3 3 2 16 32
592.3080108023905 86.00583546412885 	idx: 3 3 3 4 16 16
691.3531266992931 85.14577710948755 	idx: 2 4 2 16 64 16
573.7357400722021 84.29431933839268 	idx: 3 4 2 2 16 16
573.7357400722021 83.45137614500875 	idx: 3 4 2 2 16 16
695.5163204164405 82.61686238355867 	idx: 0 2 4 8 64 64
687.6140616549486 81.79069375972308 	idx: 3 4 2 8 32 16
889.5855164044649 80.97278682212585 	idx: 3 4 3 8 64 16
860.602093083517 80.1630589539046 	idx: 0 3 4 8 64 32
768.2238087595238 79.36142836436555 	idx: 3 3 4 2 16 8
719.6828104684998 78.56781408072189 	idx: 3 2 5 4 32 16
690.9773913043479 77.78213593991467 	idx: 1 4 2 8 64 128
735.50358940984 77.00431458051553 	idx: 3 2 5 8 32 64
504.09653040426474 76.23427143471037 	idx: 3 1 6 16 64 128
706.0872752516487 75.47192872036327 	idx: 4 4 2 16 2 64
734.4513478262832 74.71720943315964 	idx: 3 2 5 8 128 256
693.9947598253275 73.97003733882804 	idx: 3 2 4 16 128 512
707.6593056425241 73.23033696543976 	idx: 4 4 2 8 2 256
698.5705494505495 72.49803359578536 	idx: 0 4 2 32 32 4
698.5705494505495 71.7730532598275 	idx: 2 4 2 64 32 128
700.8811466372657 71.05532272722922 	idx: 2 4 2 32 16 256
698.5705494505495 70.34476949995693 	idx: 3 4 2 4 32 512
377.4935866983373 69.64132180495736 	idx: 0 2 2 64 64 4
650.4408316613242 68.94490858690779 	idx: 2 6 2 16 32 32
675.2683421922912 68.25545950103871 	idx: 2 5 2 16 16 64
705.4292256009016 67.57290490602833 	idx: 1 2 4 8 2 64
695.8940339354133 66.89717585696805 	idx: 4 4 2 4 8 256
688.7315276273023 66.22820409839836 	idx: 2 4 2 8 32 32
698.5705494505495 65.56592205741438 	idx: 2 4 2 16 16 32
913.1559186605018 64.91026283684023 	idx: 2 4 3 16 8 64
676.4191014551787 64.26116020847184 	idx: 2 5 2 16 16 128
676.4191014551787 63.618548606387115 	idx: 2 5 2 16 16 128
432.4622256236912 62.98236312032324 	idx: 3 1 6 2 128 8
492.3577139745258 62.35253948912001 	idx: 1 2 3 8 4 16
781.5047935535301 61.72901409422881 	idx: 3 2 6 2 128 4
667.7512605042017 61.11172395328652 	idx: 0 2 4 64 512 8
642.7671275944467 60.500606713753655 	idx: 2 6 2 8 32 16
689.8555558852579 59.89560064661612 	idx: 1 2 4 4 16 64
896.1299721368707 59.29664464014996 	idx: 2 4 3 8 32 32
906.9776247004403 58.70367819374846 	idx: 2 4 3 16 16 32
906.6441324597763 58.116641411810974 	idx: 2 4 3 8 8 64
875.5198071843208 57.535474997692866 	idx: 1 3 4 8 8 128
740.0658268833732 56.960120247715935 	idx: 1 2 5 4 8 128
740.0658268833732 56.390519045238776 	idx: 1 2 5 4 8 128
869.8294174554901 55.82661385478639 	idx: 1 3 4 8 16 128
898.6437717428518 55.26834771623852 	idx: 2 4 3 8 16 32
866.384126663011 54.71566423907614 	idx: 1 2 6 2 8 128
880.6460954030141 54.16850759668538 	idx: 1 2 6 4 16 64
855.0090114324142 53.62682252071853 	idx: 2 3 4 4 16 64
862.7144087024747 53.09055429551134 	idx: 1 2 6 2 16 128
862.7144087024747 52.55964875255623 	idx: 1 2 6 2 16 128
862.7144087024747 52.03405226503067 	idx: 1 2 6 2 16 128
875.8307915031941 51.51371174238036 	idx: 2 3 4 8 2 32
702.9154941257775 50.998574624956554 	idx: 2 2 4 8 4 32
743.6607270317819 50.488588878706985 	idx: 2 2 5 8 2 64
741.7152222561517 49.98370298991991 	idx: 2 2 5 4 4 128
735.061745748549 49.483865960020715 	idx: 2 2 5 2 2 256
470.19171597633135 48.98902730042051 	idx: 0 3 2 128 256 256
707.6100737442605 48.4991370274163 	idx: 1 2 4 16 4 512
707.6100737442605 48.01414565714214 	idx: 1 2 4 8 4 256
640.6265188106963 47.53400420057071 	idx: 1 3 3 4 4 512
701.4128129094545 47.05866415856501 	idx: 2 4 2 4 2 256
644.087432420666 46.58807751697936 	idx: 1 3 3 8 4 512
678.6475139596079 46.12219674180957 	idx: 2 5 2 8 2 128
705.7443241742992 45.66097477439147 	idx: 2 4 2 16 4 256
698.303769593519 45.20436502664755 	idx: 3 2 5 4 512 64
698.303769593519 44.752321376381076 	idx: 3 2 5 4 512 64
701.4128129094545 44.30479816261727 	idx: 1 4 2 4 2 256
486.8008818347427 43.861750180991095 	idx: 1 3 2 8 2 128
486.3804131599082 43.42313267918119 	idx: 2 3 2 16 16 256
529.7493333333333 42.98890135238938 	idx: 3 1 8 4 256 128
512.3975378066328 42.559012338865486 	idx: 3 1 7 8 128 128
676.9227369909737 42.133422215476834 	idx: 1 5 2 8 8 256
581.0778793418647 41.712087993322065 	idx: 3 1 8 16 128 128
622.6240940254652 41.29496711338884 	idx: 4 8 1 8 256 32
705.7443241742992 40.882017442254956 	idx: 1 4 2 32 4 64
705.7443241742992 40.473197267832404 	idx: 1 4 2 32 4 64
678.0791466666667 40.06846529515408 	idx: 1 5 2 64 8 32
667.7512605042017 39.66778064220254 	idx: 2 4 2 8 256 256
630.9669478908189 39.27110283578051 	idx: 4 8 1 16 256 16
685.0206896551724 38.8783918074227 	idx: 2 4 2 4 128 512
685.0206896551724 38.48960788934848 	idx: 2 4 2 4 128 512
537.17394455924 38.104711810454994 	idx: 4 10 1 8 256 8
516.4612166141973 37.72366469235045 	idx: 4 10 1 4 128 4
515.1696303190311 37.34642804542694 	idx: 3 1 7 16 128 64
577.9083636363637 36.97296376497267 	idx: 3 1 8 16 256 128
607.4980036135044 36.60323412732294 	idx: 2 5 2 2 256 256
607.4980036135044 36.23720178604971 	idx: 2 5 2 2 256 256
607.4980036135044 35.874829768189215 	idx: 2 5 2 2 256 256
620.9136926927538 35.516081470507324 	idx: 4 8 1 8 256 2
512.3152713329598 35.16092065580225 	idx: 3 1 7 16 256 64
651.5814990390775 34.80931144924423 	idx: 4 8 1 8 128 4
552.4516430394873 34.461218334751784 	idx: 4 9 1 4 128 4
559.7329444459731 34.11660615140427 	idx: 4 10 1 8 128 4
702.042186637217 33.775440089890225 	idx: 0 2 4 16 16 256
679.5288081239978 33.43768568899132 	idx: 4 8 1 16 64 16
624.8569554833706 33.10330883210141 	idx: 4 9 1 8 32 32
668.805049973698 32.7722757437804 	idx: 4 8 1 8 64 16
669.8621707060063 32.44455298634259 	idx: 4 8 1 8 64 32
699.7239405613649 32.12010745647917 	idx: 0 4 2 16 8 32
906.3310751957584 31.798906381914374 	idx: 0 4 3 16 16 16
906.3310751957584 31.48091731809523 	idx: 0 4 3 16 16 16
662.3591560302162 31.16610814491428 	idx: 4 8 1 16 128 8
685.0206896551724 30.854447063465138 	idx: 1 2 4 32 256 64
667.7512605042017 30.545902592830487 	idx: 1 2 4 32 512 64
679.3472615549025 30.240443566902183 	idx: 4 8 1 16 64 8
679.3472615549025 29.93803913123316 	idx: 4 8 1 16 64 8
615.9875968992249 29.638658739920828 	idx: 4 9 1 32 128 4
685.0206896551724 29.34227215252162 	idx: 4 8 1 32 64 8
624.6698725625672 29.048849430996402 	idx: 0 3 3 8 2 8
549.3002747530935 28.758360936686437 	idx: 3 1 9 8 128 64
548.9630397236615 28.47077732731957 	idx: 3 1 8 8 128 64
518.9381224489796 28.186069554046373 	idx: 2 8 1 2 64 16
504.8393252222684 27.90420885850591 	idx: 0 2 3 16 2 2
612.4085377969112 27.625166769920853 	idx: 2 6 2 4 32 32
792.7389225815566 27.348915102221643 	idx: 3 2 6 2 64 16
792.7389225815566 27.075425951199424 	idx: 3 2 6 2 64 16
861.2670621794838 26.804671691687428 	idx: 3 2 6 4 32 16
861.2670621794838 26.536624974770554 	idx: 3 2 6 4 32 16
506.72880220204513 26.271258725022847 	idx: 3 1 7 8 16 8
866.8687021924871 26.00854613777262 	idx: 3 2 6 4 8 8
734.096854108965 25.748460676394892 	idx: 3 2 5 8 16 16
909.9901317408128 25.490976069630943 	idx: 3 2 6 8 8 32
909.9901317408128 25.23606630893463 	idx: 3 2 6 8 8 32
909.9901317408128 24.983705645845284 	idx: 3 2 6 8 8 32
909.9901317408128 24.73386858938683 	idx: 3 2 6 8 8 32
507.75013322517236 24.48652990349296 	idx: 0 2 3 32 2 2
700.8811466372657 24.24166460445803 	idx: 3 2 4 32 32 128
508.81694858021876 23.99924795841345 	idx: 0 2 3 64 2 2
726.8930432413359 23.759255478829314 	idx: 3 2 5 8 128 32
726.8930432413359 23.52166292404102 	idx: 3 2 5 8 128 32
693.9947598253275 23.28644629480061 	idx: 2 8 1 64 32 32
729.3984026103248 23.053581831852604 	idx: 3 2 5 8 128 64
729.3984026103248 22.82304601353408 	idx: 3 2 5 8 128 64
675.7702649281621 22.59481555339874 	idx: 2 5 2 16 8 32
725.0697058535238 22.36886739786475 	idx: 3 2 5 4 64 64
661.0784134670068 22.145178723886104 	idx: 4 5 2 8 64 32
659.9845697136832 21.923726936647242 	idx: 4 5 2 16 128 32
738.5443914481895 21.704489667280768 	idx: 3 2 5 4 64 512
738.5443914481895 21.48744477060796 	idx: 3 2 5 4 64 512
738.5443914481895 21.27257032290188 	idx: 3 2 5 4 64 512
771.9187341099685 21.059844619672862 	idx: 2 3 4 2 16 16
771.9187341099685 20.849246173476132 	idx: 2 3 4 2 16 16
703.4016044260028 20.64075371174137 	idx: 0 4 2 16 4 32
768.2238087595238 20.434346174623958 	idx: 2 3 4 2 16 8
698.5705494505495 20.230002712877717 	idx: 3 2 4 4 64 256
770.5152986629295 20.027702685748938 	idx: 2 3 4 2 32 16
698.5705494505495 19.82742565889145 	idx: 3 2 4 8 64 512
819.2742335303416 19.629151402302536 	idx: 2 2 6 2 128 64
819.2742335303416 19.43285988827951 	idx: 2 2 6 2 128 64
908.2734950383426 19.238531289396715 	idx: 0 4 3 16 16 64
871.5156840588869 19.046145976502746 	idx: 0 3 4 8 8 32
705.7443241742992 18.855684516737718 	idx: 4 4 2 128 4 2
843.1023872679045 18.66712767157034 	idx: 2 3 4 4 128 64
705.7443241742992 18.480456394854638 	idx: 4 4 2 128 4 2
740.7934887701314 18.295651830906092 	idx: 1 2 5 16 16 32
740.7934887701314 18.11269531259703 	idx: 1 2 5 16 16 32
737.7776552724636 17.931568359471058 	idx: 1 2 5 16 32 16
871.4176833447567 17.752252675876345 	idx: 1 3 4 16 16 32
829.4799800197763 17.57473014911758 	idx: 0 3 4 2 4 128
713.3607820102573 17.398982847626407 	idx: 3 2 5 4 256 64
713.3607820102573 17.22499301915014 	idx: 3 2 5 4 256 64
713.3607820102573 17.05274308895864 	idx: 3 2 5 4 256 64
790.6629638626802 16.882215658069054 	idx: 2 3 4 2 64 64
692.9870301528294 16.713393501488362 	idx: 2 2 4 4 64 128
692.9870301528294 16.546259566473477 	idx: 2 2 4 4 64 128
688.7344424365284 16.380796970808742 	idx: 2 2 4 2 32 256
688.7344424365284 16.216989001100654 	idx: 2 2 4 2 32 256
698.5705494505495 16.054819111089646 	idx: 3 2 4 64 64 32
693.9947598253275 15.89427091997875 	idx: 3 2 4 64 128 16
693.9947598253275 15.735328210778961 	idx: 3 2 4 64 128 8
688.1723410013532 15.577974928671171 	idx: 4 8 1 16 32 8
700.8811466372657 15.42219517938446 	idx: 3 2 4 64 32 4
743.1038278713602 15.267973227590614 	idx: 3 2 5 32 16 8
667.7512605042017 15.115293495314708 	idx: 1 8 1 32 128 4
699.8202284298885 14.96414056036156 	idx: 4 8 1 16 2 8
724.5628740488773 14.814499154757945 	idx: 3 2 5 8 128 2
685.0206896551724 14.666354163210364 	idx: 1 8 1 64 64 4
685.0206896551724 14.519690621578262 	idx: 1 8 1 64 64 4
854.3088171681751 14.374493715362478 	idx: 2 2 6 4 128 16
854.3088171681751 14.230748778208852 	idx: 2 2 6 4 128 16
667.7512605042017 14.088441290426763 	idx: 0 4 2 8 256 512
627.3935872377009 13.947556877522496 	idx: 0 3 3 4 128 512
679.1658119658119 13.808081308747271 	idx: 0 4 2 4 128 256
635.6992 13.670000495659798 	idx: 1 8 1 32 256 32
680.8935064935065 13.5333004907032 	idx: 4 8 1 8 16 4
680.8935064935065 13.397967485796167 	idx: 4 8 1 8 16 4
630.6539682539683 13.263987810938206 	idx: 1 9 1 32 64 64
685.0206896551724 13.131347932828824 	idx: 1 8 1 32 64 64
685.0206896551724 13.000034453500536 	idx: 1 8 1 32 64 64
698.5705494505495 12.87003410896553 	idx: 4 8 1 32 16 2
694.8006831067696 12.741333767875876 	idx: 4 8 1 16 8 2
700.8811466372657 12.613920430197117 	idx: 4 8 1 32 8 4
700.8811466372657 12.487781225895146 	idx: 4 8 1 32 8 4
700.8811466372657 12.362903413636195 	idx: 4 8 1 32 8 4
700.8811466372657 12.239274379499832 	idx: 4 8 1 32 8 4
700.8811466372657 12.116881635704834 	idx: 4 8 1 32 8 4
685.0206896551724 11.995712819347785 	idx: 1 8 1 64 64 64
698.5705494505495 11.875755691154307 	idx: 4 8 1 32 16 8
694.5012064440414 11.756998134242764 	idx: 0 2 4 2 64 512
694.5012064440414 11.639428152900336 	idx: 0 2 4 2 64 512
694.5012064440414 11.523033871371332 	idx: 0 2 4 2 64 512
694.5012064440414 11.407803532657619 	idx: 0 2 4 2 64 512
705.8422761970853 11.293725497331042 	idx: 4 8 1 128 2 2
702.042186637217 11.180788242357732 	idx: 4 8 1 128 4 4
702.042186637217 11.068980359934155 	idx: 3 2 4 128 16 32
898.7479922462211 10.958290556334813 	idx: 2 2 6 8 32 8
907.7871099458916 10.848707650771464 	idx: 2 2 6 16 32 16
907.7871099458916 10.74022057426375 	idx: 2 2 6 16 32 16
907.7871099458916 10.632818368521113 	idx: 2 2 6 16 32 16
907.7871099458916 10.526490184835902 	idx: 2 2 6 16 32 16
907.7871099458916 10.421225282987542 	idx: 2 2 6 16 32 16
907.7871099458916 10.317013030157668 	idx: 2 2 6 16 32 16
907.7871099458916 10.213842899856092 	idx: 2 2 6 16 32 16
907.7871099458916 10.11170447085753 	idx: 2 2 6 16 32 16
707.6593056425241 10.010587426148955 	idx: 4 4 2 32 2 8
707.6593056425241 9.910481551887466 	idx: 4 4 2 32 2 8
702.042186637217 9.811376736368592 	idx: 3 4 2 64 8 32
662.8771637122002 9.713262969004907 	idx: 1 8 1 16 128 32
708.5713330314536 9.616130339314857 	idx: 4 2 4 32 2 4
912.2805764994085 9.519969035921708 	idx: 2 2 6 16 16 2
912.2805764994085 9.42476934556249 	idx: 2 2 6 16 16 2
908.2734950383426 9.330521652106865 	idx: 3 4 3 16 16 64
905.705608797765 9.237216435585797 	idx: 3 4 3 16 32 64
896.1299721368707 9.144844271229939 	idx: 3 4 3 8 32 32
897.0586349454838 9.053395828517639 	idx: 3 4 3 8 16 16
897.0586349454838 8.962861870232462 	idx: 3 4 3 8 16 16
854.2774250783468 8.873233251530138 	idx: 2 3 4 4 4 2
738.6348976961202 8.784500919014837 	idx: 2 2 5 8 2 2
872.8619213378888 8.696655909824688 	idx: 2 3 4 8 4 2
872.8619213378888 8.609689350726441 	idx: 2 3 4 8 4 2
914.8705051663462 8.523592457219177 	idx: 2 4 3 16 4 4
914.8705051663462 8.438356532646985 	idx: 2 4 3 16 4 4
919.7255342115823 8.353972967320516 	idx: 4 2 6 16 2 8
904.4974777959338 8.27043323764731 	idx: 2 4 3 8 4 2
904.4974777959338 8.187728905270838 	idx: 2 4 3 8 4 2
904.4974777959338 8.105851616218128 	idx: 2 4 3 8 4 2
904.4974777959338 8.024793100055946 	idx: 2 4 3 8 4 2
904.4974777959338 7.944545169055387 	idx: 2 4 3 8 4 2
877.1289410141428 7.865099717364833 	idx: 2 3 4 16 8 4
877.1289410141428 7.786448720191185 	idx: 2 3 4 16 8 4
877.1289410141428 7.708584232989273 	idx: 2 3 4 16 8 4
877.1289410141428 7.63149839065938 	idx: 2 3 4 16 8 4
877.1289410141428 7.5551834067527865 	idx: 2 3 4 16 8 4
903.4229426655415 7.479631572685259 	idx: 4 4 3 8 8 32
915.3645123913019 7.404835256958406 	idx: 0 4 3 16 4 16
915.3645123913019 7.330786904388821 	idx: 0 4 3 16 4 16
915.3645123913019 7.257479035344933 	idx: 0 4 3 16 4 16
915.3645123913019 7.1849042449914835 	idx: 0 4 3 16 4 16
915.3645123913019 7.1130552025415685 	idx: 0 4 3 16 4 16
901.0220312707622 7.041924650516153 	idx: 0 4 3 8 8 8
910.8661800922401 6.971505404010991 	idx: 0 4 3 16 8 8
910.8661800922401 6.901790349970882 	idx: 0 4 3 16 8 8
910.8661800922401 6.832772446471173 	idx: 0 4 3 16 8 8
910.8661800922401 6.764444722006462 	idx: 0 4 3 16 8 8
910.8661800922401 6.696800274786397 	idx: 0 4 3 16 8 8
910.8661800922401 6.6298322720385325 	idx: 0 4 3 16 8 8
910.8661800922401 6.563533949318147 	idx: 0 4 3 16 8 8
643.0007752091128 6.497898609824966 	idx: 0 3 3 32 4 16
643.0007752091128 6.432919623726716 	idx: 0 3 3 32 4 16
702.042186637217 6.3685904274894485 	idx: 1 8 1 64 4 256
705.8422761970853 6.304904523214554 	idx: 1 8 1 64 2 128
705.8422761970853 6.2418554779824085 	idx: 1 8 1 64 2 128
702.042186637217 6.1794369232025845 	idx: 1 8 1 64 4 128
693.5688510057961 6.117642553970558 	idx: 2 4 2 8 4 2
693.5688510057961 6.056466128430853 	idx: 2 4 2 8 4 2
693.5688510057961 5.9959014671465445 	idx: 2 4 2 8 4 2
707.6100737442605 5.935942452475079 	idx: 0 2 4 16 4 512
693.5688510057961 5.8765830279503275 	idx: 2 4 2 8 4 2
705.7443241742992 5.817817197670824 	idx: 0 2 4 16 8 512
705.7443241742992 5.759639025694116 	idx: 0 2 4 16 8 512
914.8705051663462 5.7020426354371745 	idx: 2 4 3 16 4 4
914.8705051663462 5.645022209082803 	idx: 2 4 3 16 4 4
705.7443241742992 5.588571986991974 	idx: 0 2 4 16 8 512
705.7443241742992 5.532686267122054 	idx: 0 2 4 16 8 512
705.7443241742992 5.477359404450834 	idx: 0 2 4 16 8 512
705.7443241742992 5.422585810406325 	idx: 0 2 4 16 8 512
705.7443241742992 5.368359952302262 	idx: 0 2 4 16 8 512
705.7443241742992 5.314676352779239 	idx: 0 2 4 16 8 512
705.7443241742992 5.261529589251447 	idx: 0 2 4 16 8 512
670.2456506249871 5.208914293358933 	idx: 2 5 2 8 4 4
707.6100737442605 5.156825150425344 	idx: 0 2 4 16 4 256
900.623119493514 5.10525689892109 	idx: 2 4 3 8 8 4
900.623119493514 5.0542043299318795 	idx: 2 4 3 8 8 4
900.623119493514 5.003662286632561 	idx: 2 4 3 8 8 4
847.2018074860742 4.953625663766235 	idx: 2 4 3 4 4 2
850.4292682417002 4.9040894071285726 	idx: 4 3 4 4 16 32
847.2018074860742 4.8550485130572865 	idx: 2 4 3 4 4 2
847.2018074860742 4.806498027926714 	idx: 2 4 3 4 4 2
847.2018074860742 4.758433047647447 	idx: 2 4 3 4 4 2
900.623119493514 4.710848717170973 	idx: 2 4 3 8 8 4
900.623119493514 4.663740229999263 	idx: 2 4 3 8 8 4
900.623119493514 4.61710282769927 	idx: 2 4 3 8 8 4
905.7661000723549 4.570931799422278 	idx: 2 4 3 16 16 2
905.7661000723549 4.525222481428055 	idx: 2 4 3 16 16 2
905.7661000723549 4.4799702566137745 	idx: 2 4 3 16 16 2
905.7661000723549 4.4351705540476365 	idx: 2 4 3 16 16 2
905.7661000723549 4.39081884850716 	idx: 2 4 3 16 16 2
893.1789727884436 4.346910660022088 	idx: 2 4 3 8 32 2
893.1789727884436 4.303441553421867 	idx: 2 4 3 8 32 2
870.5832376652347 4.260407137887648 	idx: 4 2 6 4 16 32
870.5832376652347 4.217803066508771 	idx: 4 2 6 4 16 32
870.5832376652347 4.175625035843683 	idx: 4 2 6 4 16 32
884.4702884845323 4.133868785485246 	idx: 4 2 6 4 8 64
884.4702884845323 4.0925300976303935 	idx: 4 2 6 4 8 64
884.4702884845323 4.05160479665409 	idx: 4 2 6 4 8 64
884.4702884845323 4.011088748687548 	idx: 4 2 6 4 8 64
884.4702884845323 3.970977861200673 	idx: 4 2 6 4 8 64
884.4702884845323 3.9312680825886663 	idx: 4 2 6 4 8 64
862.6458126381519 3.8919554017627798 	idx: 2 3 4 8 32 2
898.2271313294109 3.853035847745152 	idx: 2 4 3 16 64 4
898.2271313294109 3.8145054892677006 	idx: 2 4 3 16 64 4
898.2271313294109 3.7763604343750234 	idx: 2 4 3 16 64 4
878.9101058543962 3.7385968300312733 	idx: 2 4 3 8 128 8
878.9101058543962 3.7012108617309605 	idx: 2 4 3 8 128 8
878.9101058543962 3.664198753113651 	idx: 2 4 3 8 128 8
878.3930134021342 3.6275567655825145 	idx: 4 3 4 8 4 128
913.1559186605018 3.591281197926689 	idx: 4 4 3 16 8 64
913.1559186605018 3.555368385947422 	idx: 4 4 3 16 8 64
913.1559186605018 3.519814702087948 	idx: 4 4 3 16 8 64
913.1559186605018 3.4846165550670687 	idx: 4 4 3 16 8 64
913.1559186605018 3.449770389516398 	idx: 4 4 3 16 8 64
913.1559186605018 3.415272685621234 	idx: 4 4 3 16 8 64
871.4176833447567 3.3811199587650216 	idx: 4 3 4 16 16 64
901.1367838177559 3.347308759177371 	idx: 2 2 6 8 32 32
901.1367838177559 3.3138356715855974 	idx: 2 2 6 8 32 32
901.1367838177559 3.2806973148697414 	idx: 2 2 6 8 32 32
901.1367838177559 3.247890341721044 	idx: 2 2 6 8 32 32
901.1367838177559 3.2154114383038332 	idx: 2 2 6 8 32 32
880.6460954030141 3.183257323920795 	idx: 2 2 6 4 16 64
871.4176833447567 3.1514247506815867 	idx: 4 3 4 16 16 64
871.4176833447567 3.1199105031747707 	idx: 4 3 4 16 16 64
871.4176833447567 3.088711398143023 	idx: 4 3 4 16 16 64
901.1367838177559 3.0578242841615926 	idx: 2 2 6 8 32 32
901.1367838177559 3.0272460413199767 	idx: 2 2 6 8 32 32
901.1367838177559 2.996973580906777 	idx: 2 2 6 8 32 32
901.1367838177559 2.967003845097709 	idx: 2 2 6 8 32 32
901.1367838177559 2.9373338066467323 	idx: 2 2 6 8 32 32
899.5478199345538 2.907960468580265 	idx: 2 2 6 8 32 16
896.2336103446946 2.8788808638944623 	idx: 2 2 6 8 64 8
896.2336103446946 2.8500920552555176 	idx: 2 2 6 8 64 8
896.2336103446946 2.8215911347029623 	idx: 2 2 6 8 64 8
896.2336103446946 2.7933752233559326 	idx: 2 2 6 8 64 8
903.7741450357091 2.765441471122373 	idx: 0 4 3 16 32 16
890.7882446316457 2.7377870564111495 	idx: 2 2 6 8 128 4
905.0055065871061 2.710409185847038 	idx: 2 2 6 16 64 8
905.0055065871061 2.6833050939885674 	idx: 2 2 6 16 64 8
905.0055065871061 2.656472043048682 	idx: 2 2 6 16 64 8
905.0055065871061 2.629907322618195 	idx: 2 2 6 16 64 8
905.0055065871061 2.603608249392013 	idx: 2 2 6 16 64 8
905.0055065871061 2.577572166898093 	idx: 2 2 6 16 64 8
905.0055065871061 2.551796445229112 	idx: 2 2 6 16 64 8
905.0055065871061 2.526278480776821 	idx: 2 2 6 16 64 8
905.0055065871061 2.501015695969053 	idx: 2 2 6 16 64 8
905.0055065871061 2.4760055390093623 	idx: 2 2 6 16 64 8
905.0055065871061 2.4512454836192688 	idx: 2 2 6 16 64 8
895.843857756248 2.426733028783076 	idx: 2 2 6 8 64 4
895.843857756248 2.402465698495245 	idx: 2 2 6 8 64 4
895.843857756248 2.3784410415102926 	idx: 2 2 6 8 64 4
895.843857756248 2.3546566310951897 	idx: 2 2 6 8 64 4
895.843857756248 2.3311100647842378 	idx: 2 2 6 8 64 4
898.7479922462211 2.307798964136395 	idx: 2 2 6 8 32 8
898.7479922462211 2.2847209744950314 	idx: 2 2 6 8 32 8
903.4530350302559 2.261873764750081 	idx: 0 4 3 16 32 8
903.4530350302559 2.23925502710258 	idx: 0 4 3 16 32 8
907.7871099458916 2.2168624768315546 	idx: 2 2 6 16 32 16
907.7871099458916 2.194693852063239 	idx: 2 2 6 16 32 16
907.7871099458916 2.1727469135426065 	idx: 2 2 6 16 32 16
907.7871099458916 2.1510194444071806 	idx: 2 2 6 16 32 16
907.7871099458916 2.129509249963109 	idx: 2 2 6 16 32 16
907.7871099458916 2.108214157463478 	idx: 2 2 6 16 32 16
907.7871099458916 2.087132015888843 	idx: 2 2 6 16 32 16
907.7871099458916 2.0662606957299547 	idx: 2 2 6 16 32 16
907.7871099458916 2.045598088772655 	idx: 2 2 6 16 32 16
907.7871099458916 2.0251421078849283 	idx: 2 2 6 16 32 16
907.7871099458916 2.004890686806079 	idx: 2 2 6 16 32 16
907.7871099458916 1.9848417799380185 	idx: 2 2 6 16 32 16
907.7871099458916 1.9649933621386382 	idx: 2 2 6 16 32 16
907.7871099458916 1.9453434285172517 	idx: 2 2 6 16 32 16
905.0055065871061 1.9258899942320793 	idx: 2 2 6 16 64 8
905.0055065871061 1.9066310942897584 	idx: 2 2 6 16 64 8
905.0055065871061 1.8875647833468607 	idx: 2 2 6 16 64 8
905.0055065871061 1.868689135513392 	idx: 2 2 6 16 64 8
907.4631425161988 1.8500022441582582 	idx: 2 2 6 16 32 4
907.4631425161988 1.8315022217166756 	idx: 2 2 6 16 32 4
907.4631425161988 1.8131871994995088 	idx: 2 2 6 16 32 4
907.4631425161988 1.7950553275045138 	idx: 2 2 6 16 32 4
907.4631425161988 1.7771047742294686 	idx: 2 2 6 16 32 4
907.4631425161988 1.7593337264871738 	idx: 2 2 6 16 32 4
907.4631425161988 1.741740389222302 	idx: 2 2 6 16 32 4
912.444255557736 1.724322985330079 	idx: 2 2 6 16 16 8
912.444255557736 1.7070797554767783 	idx: 2 2 6 16 16 8
912.444255557736 1.6900089579220106 	idx: 2 2 6 16 16 8
912.444255557736 1.6731088683427904 	idx: 2 2 6 16 16 8
912.444255557736 1.6563777796593624 	idx: 2 2 6 16 16 8
912.444255557736 1.6398140018627687 	idx: 2 2 6 16 16 8
903.1321531238553 1.623415861844141 	idx: 2 2 6 8 16 4
903.1321531238553 1.6071817032256996 	idx: 2 2 6 8 16 4
903.1321531238553 1.5911098861934427 	idx: 2 2 6 8 16 4
898.7033233562695 1.5751987873315083 	idx: 4 4 3 16 64 16
898.7033233562695 1.5594467994581933 	idx: 4 4 3 16 64 16
898.7033233562695 1.5438523314636114 	idx: 4 4 3 16 64 16
898.7033233562695 1.5284138081489753 	idx: 4 4 3 16 64 16
898.7033233562695 1.5131296700674854 	idx: 4 4 3 16 64 16
897.0289670378128 1.4979983733668105 	idx: 2 2 6 8 64 16
897.0289670378128 1.4830183896331424 	idx: 2 2 6 8 64 16
897.0289670378128 1.468188205736811 	idx: 2 2 6 8 64 16
897.0289670378128 1.4535063236794428 	idx: 2 2 6 8 64 16
897.0289670378128 1.4389712604426483 	idx: 2 2 6 8 64 16
897.0289670378128 1.4245815478382218 	idx: 2 2 6 8 64 16
901.1367838177559 1.4103357323598396 	idx: 2 2 6 8 32 32
901.1367838177559 1.396232375036241 	idx: 2 2 6 8 32 32
901.1367838177559 1.3822700512858788 	idx: 2 2 6 8 32 32
908.2177369757513 1.36844735077302 	idx: 2 2 6 16 32 32
908.2177369757513 1.3547628772652898 	idx: 2 2 6 16 32 32
908.2177369757513 1.341215248492637 	idx: 2 2 6 16 32 32
908.2177369757513 1.3278030960077105 	idx: 2 2 6 16 32 32
908.2177369757513 1.3145250650476334 	idx: 2 2 6 16 32 32
908.2177369757513 1.301379814397157 	idx: 2 2 6 16 32 32
908.2177369757513 1.2883660162531856 	idx: 2 2 6 16 32 32
908.2177369757513 1.2754823560906536 	idx: 2 2 6 16 32 32
908.2177369757513 1.2627275325297471 	idx: 2 2 6 16 32 32
908.2177369757513 1.2501002572044497 	idx: 2 2 6 16 32 32
908.2177369757513 1.2375992546324053 	idx: 2 2 6 16 32 32
908.2177369757513 1.2252232620860812 	idx: 2 2 6 16 32 32
908.2177369757513 1.2129710294652205 	idx: 2 2 6 16 32 32
908.2177369757513 1.2008413191705682 	idx: 2 2 6 16 32 32
908.2177369757513 1.1888329059788625 	idx: 2 2 6 16 32 32
908.2177369757513 1.1769445769190738 	idx: 2 2 6 16 32 32
908.2177369757513 1.165175131149883 	idx: 2 2 6 16 32 32
908.2177369757513 1.1535233798383842 	idx: 2 2 6 16 32 32
913.099559550461 1.1419881460400003 	idx: 2 2 6 16 16 32
913.099559550461 1.1305682645796002 	idx: 2 2 6 16 16 32
913.099559550461 1.1192625819338042 	idx: 2 2 6 16 16 32
913.099559550461 1.1080699561144662 	idx: 2 2 6 16 16 32
913.099559550461 1.0969892565533215 	idx: 2 2 6 16 16 32
913.099559550461 1.0860193639877882 	idx: 2 2 6 16 16 32
913.099559550461 1.0751591703479102 	idx: 2 2 6 16 16 32
913.099559550461 1.0644075786444311 	idx: 2 2 6 16 16 32
913.099559550461 1.0537635028579868 	idx: 2 2 6 16 16 32
913.099559550461 1.0432258678294068 	idx: 2 2 6 16 16 32
913.099559550461 1.0327936091511127 	idx: 2 2 6 16 16 32
905.9425791187687 1.0224656730596016 	idx: 2 2 6 8 16 32
905.9425791187687 1.0122410163290056 	idx: 2 2 6 8 16 32
905.9425791187687 1.0021186061657157 	idx: 2 2 6 8 16 32
###### ACC Parameters ######
cim type:    LccCIM
bus_width:   25.6
macros_row:  2
macros_col:  6
scr:         8
is_size:     16
os_size:     32
best=905.9425791187687, area=4826371.188486609 459
bert_large_sl64_LCC-CIM@ISSCC20_tt_running end at 1757785581.9566076
