0.5092058356322291 100 	idx: 0 2 2 2 128 256
0.4574685109558173 99.0 	idx: 1 3 2 2 128 128
0.5003535084187567 98.01 	idx: 1 3 2 4 256 256
0.4915726912588766 97.0299 	idx: 3 3 2 8 256 512
0.5056140460822153 96.059601 	idx: 3 2 2 8 128 512
0.5398328398952756 95.09900499 	idx: 4 2 2 4 256 32
0.48157849232213285 94.1480149401 	idx: 0 3 2 2 256 512
0.45813840386405463 93.206534790699 	idx: 0 3 2 4 128 256
0.3578105208842243 92.27446944279201 	idx: 0 3 1 8 128 256
0.4483796649127754 91.35172474836409 	idx: 0 2 2 16 64 512
0.5077764271437653 90.43820750088045 	idx: 0 1 2 8 64 512
0.4826715580567366 89.53382542587164 	idx: 0 2 2 8 128 1024
0.4696208161832692 88.63848717161292 	idx: 1 3 3 4 1024 256
0.49299076679834763 87.75210229989679 	idx: 0 2 3 8 128 1024
0.43721103531647 86.87458127689783 	idx: 4 5 2 4 1024 32
0.36411461073322443 86.00583546412885 	idx: 1 1 4 8 512 512
0.3576861497129194 85.14577710948755 	idx: 4 7 2 8 512 32
0.32612386189067577 84.29431933839268 	idx: 4 6 3 4 1024 64
0.4271159538007778 83.45137614500875 	idx: 3 1 3 8 32 512
0.431652027302985 82.61686238355867 	idx: 3 1 2 4 32 1024
0.4316287820197003 81.79069375972308 	idx: 4 5 2 2 512 64
0.35291235168250834 80.97278682212585 	idx: 2 5 2 8 128 4
0.34646051947003503 80.1630589539046 	idx: 4 6 2 2 256 64
0.4421133349121003 79.36142836436555 	idx: 4 5 2 4 512 32
0.41618625436074685 78.56781408072189 	idx: 2 4 2 16 128 4
0.42675025348021234 77.78213593991467 	idx: 4 4 2 16 2048 32
0.4694794002050951 77.00431458051553 	idx: 4 4 2 16 1024 16
0.4381773433182404 76.23427143471037 	idx: 4 3 2 16 2048 8
0.440145274363103 75.47192872036327 	idx: 0 2 2 4 128 2048
0.440145274363103 74.71720943315964 	idx: 0 2 2 4 128 2048
0.47170812339752183 73.97003733882804 	idx: 2 4 2 32 256 4
0.47170812339752183 73.23033696543976 	idx: 2 4 2 32 256 4
0.44556359325658906 72.49803359578536 	idx: 4 2 2 4 2048 8
0.4957702477750384 71.7730532598275 	idx: 4 1 3 4 1024 4
0.43338934987372024 71.05532272722922 	idx: 0 5 2 8 1024 256
0.5498535495429561 70.34476949995693 	idx: 4 2 3 8 512 16
0.5511731731327681 69.64132180495736 	idx: 4 2 3 16 512 8
0.38711205942617405 68.94490858690779 	idx: 4 1 4 32 256 4
0.562596013620007 68.25545950103871 	idx: 4 2 3 64 256 2
0.5243503786224655 67.57290490602833 	idx: 4 1 2 128 256 4
0.5069690966021456 66.89717585696805 	idx: 4 1 2 128 512 8
0.5269374980444346 66.22820409839836 	idx: 4 2 2 64 512 8
0.4753677208989639 65.56592205741438 	idx: 4 1 2 32 1024 16
0.5255653090199084 64.91026283684023 	idx: 4 1 3 64 512 32
0.5262175176630117 64.26116020847184 	idx: 4 1 3 64 512 16
0.5269737234305338 63.618548606387115 	idx: 4 2 3 64 1024 32
0.5257042677174012 62.98236312032324 	idx: 4 1 3 128 512 32
0.5256472472760888 62.35253948912001 	idx: 4 2 2 256 512 32
0.52772784279342 61.72901409422881 	idx: 4 2 3 128 1024 16
0.331165644091813 61.11172395328652 	idx: 4 2 4 64 512 8
0.23423256594306793 60.500606713753655 	idx: 4 1 5 32 1024 4
0.28759364011298627 59.89560064661612 	idx: 2 3 1 64 64 512
0.335031451682565 59.29664464014996 	idx: 4 1 4 64 2048 4
0.5014654457124322 58.70367819374846 	idx: 4 1 3 64 1024 8
0.3787462728672503 58.116641411810974 	idx: 4 1 4 64 512 4
0.5263019074031534 57.535474997692866 	idx: 4 1 3 32 512 2
0.5242663919772504 56.960120247715935 	idx: 4 1 2 32 256 4
0.5315065501706695 56.390519045238776 	idx: 4 2 2 16 128 4
0.5334112783115174 55.82661385478639 	idx: 4 1 2 32 128 2
0.4007368127235335 55.26834771623852 	idx: 4 1 1 32 128 4
0.5242663919772504 54.71566423907614 	idx: 4 1 2 32 256 4
0.5242663919772504 54.16850759668538 	idx: 4 1 2 32 256 4
0.5467392637787803 53.62682252071853 	idx: 4 1 3 32 128 4
0.4602068159108076 53.09055429551134 	idx: 4 2 3 32 64 4
0.40068827682937913 52.55964875255623 	idx: 2 3 3 8 128 1024
0.43077889972724703 52.03405226503067 	idx: 2 4 2 4 256 1024
0.3937574516043837 51.51371174238036 	idx: 4 1 4 128 64 4
0.2504749481244497 50.998574624956554 	idx: 4 1 5 64 128 2
0.27742965929207125 50.488588878706985 	idx: 2 3 4 4 512 256
0.4606065901289929 49.98370298991991 	idx: 2 3 3 4 512 512
0.3338167874933522 49.483865960020715 	idx: 3 2 3 32 32 8
0.39363133481186935 48.98902730042051 	idx: 4 1 4 128 64 8
0.21573993088077476 48.4991370274163 	idx: 2 1 5 4 2048 128
0.3167737941618356 48.01414565714214 	idx: 2 2 4 4 1024 128
0.3574850962162153 47.53400420057071 	idx: 4 1 4 64 32 16
0.2516037936772478 47.05866415856501 	idx: 3 1 5 64 64 8
0.34027038804320336 46.58807751697936 	idx: 3 2 4 32 128 4
0.46461858386497534 46.12219674180957 	idx: 3 3 3 64 256 8
0.5146608111898529 45.66097477439147 	idx: 3 3 2 64 256 16
0.36573165777908107 45.20436502664755 	idx: 3 4 1 128 256 16
0.35279409756521896 44.752321376381076 	idx: 3 4 1 128 512 8
0.5111192835157117 44.30479816261727 	idx: 3 3 2 64 512 8
0.4793951038566961 43.861750180991095 	idx: 4 1 2 64 32 32
0.4473507724307472 43.42313267918119 	idx: 3 2 2 64 2048 4
0.4530414030711307 42.98890135238938 	idx: 2 3 3 2 256 16
0.41442410300408217 42.559012338865486 	idx: 2 3 3 2 128 32
0.4239723125111498 42.133422215476834 	idx: 3 1 2 64 2048 2
0.5012192572147286 41.712087993322065 	idx: 3 1 3 32 1024 4
0.33492951226657874 41.29496711338884 	idx: 3 1 4 16 2048 2
0.49894888140336624 40.882017442254956 	idx: 3 1 3 8 1024 2
0.5040489738489795 40.473197267832404 	idx: 3 1 2 4 512 4
0.5040489738489795 40.06846529515408 	idx: 3 1 2 4 512 4
0.5210835180621873 39.66778064220254 	idx: 3 1 2 4 256 4
0.5306395101731588 39.27110283578051 	idx: 3 2 2 8 128 4
0.5152277413295464 38.8783918074227 	idx: 3 3 2 16 256 2
0.5112866312936521 38.48960788934848 	idx: 3 3 2 32 512 4
0.49460621307815256 38.104711810454994 	idx: 3 4 2 64 512 2
0.3114009080911587 37.72366469235045 	idx: 3 5 1 32 1024 2
0.38849688698284934 37.34642804542694 	idx: 2 4 3 64 256 4
0.4627473781227442 36.97296376497267 	idx: 1 3 3 4 256 4
0.48245699034436274 36.60323412732294 	idx: 1 4 2 2 512 8
0.4587207391006125 36.23720178604971 	idx: 1 4 2 2 256 16
0.4843669167972816 35.874829768189215 	idx: 2 3 2 16 1024 4
0.48243280540792177 35.516081470507324 	idx: 3 3 2 4 1024 16
0.42672297568996403 35.16092065580225 	idx: 2 4 2 4 2048 2
0.4108450206940295 34.80931144924423 	idx: 2 4 3 2 1024 4
0.5090982155044034 34.461218334751784 	idx: 3 3 2 4 512 16
0.3862910044514965 34.11660615140427 	idx: 3 4 3 4 256 32
0.21369858208070067 33.775440089890225 	idx: 1 6 2 64 64 16
0.2889090482267854 33.43768568899132 	idx: 3 6 3 8 256 64
0.2521014452867229 33.10330883210141 	idx: 3 6 3 8 128 128
0.25563869101086484 32.7722757437804 	idx: 3 7 3 8 256 64
0.1501668819240861 32.44455298634259 	idx: 3 6 4 4 128 32
0.28875612983477456 32.12010745647917 	idx: 3 6 3 4 256 16
0.1785135011796801 31.798906381914374 	idx: 2 2 6 4 256 4
0.2237921071160237 31.48091731809523 	idx: 2 1 6 4 256 8
0.21328748236968054 31.16610814491428 	idx: 3 5 4 4 512 32
0.24229815061609297 30.854447063465138 	idx: 2 1 5 4 512 2
0.3594650200896435 30.545902592830487 	idx: 2 1 4 2 1024 4
0.3064563278416063 30.240443566902183 	idx: 1 2 2 8 32 2048
0.29328488181592527 29.93803913123316 	idx: 3 5 3 4 128 16
0.359491984194159 29.638658739920828 	idx: 2 1 4 2 1024 16
0.48198769135807773 29.34227215252162 	idx: 2 2 3 4 2048 16
0.48198769135807773 29.048849430996402 	idx: 2 2 3 4 2048 16
0.4601042535287909 28.758360936686437 	idx: 3 2 3 16 64 8
0.4601042535287909 28.47077732731957 	idx: 3 2 3 16 64 8
0.35920061856370855 28.186069554046373 	idx: 2 1 4 2 1024 32
0.3179786722821545 27.90420885850591 	idx: 2 2 4 2 1024 16
0.5436450373943913 27.625166769920853 	idx: 2 2 3 2 512 16
0.5436450373943913 27.348915102221643 	idx: 2 2 3 2 512 16
0.37664155100075636 27.075425951199424 	idx: 2 1 4 4 512 32
0.4435510295418164 26.804671691687428 	idx: 4 1 3 4 32 8
0.5332168579410724 26.536624974770554 	idx: 2 1 3 4 256 64
0.5332168579410724 26.271258725022847 	idx: 2 1 3 4 256 64
0.542600845484373 26.00854613777262 	idx: 2 1 3 8 128 64
0.3012198100404581 25.748460676394892 	idx: 2 2 4 4 64 64
0.3018548652663344 25.490976069630943 	idx: 1 2 4 128 64 64
0.19885878231292262 25.23606630893463 	idx: 1 2 5 64 128 128
0.3344734101250571 24.983705645845284 	idx: 1 2 4 128 256 128
0.34379043461050124 24.73386858938683 	idx: 2 4 3 8 128 256
0.25792689176407846 24.48652990349296 	idx: 3 4 1 4 64 32
0.467795091979958 24.24166460445803 	idx: 2 3 3 8 512 256
0.3733513734812833 23.99924795841345 	idx: 3 3 2 2 64 64
0.47466350392129136 23.759255478829314 	idx: 2 1 3 2 512 1024
0.47466350392129136 23.52166292404102 	idx: 2 1 3 2 512 1024
0.3944368436089515 23.28644629480061 	idx: 3 2 1 4 128 128
0.38016438074393305 23.053581831852604 	idx: 3 3 2 4 64 64
0.542731294136005 22.82304601353408 	idx: 2 2 3 2 256 256
0.542731294136005 22.59481555339874 	idx: 2 2 3 2 256 256
0.5126327621669636 22.36886739786475 	idx: 2 1 3 2 512 128
0.3388324751727382 22.145178723886104 	idx: 1 2 4 16 128 64
0.2713023650294562 21.923726936647242 	idx: 1 3 4 8 128 128
0.4586748907380055 21.704489667280768 	idx: 1 3 3 16 256 256
0.5188489226230311 21.48744477060796 	idx: 1 2 2 16 128 256
0.4610915079049641 21.27257032290188 	idx: 1 3 2 32 128 256
0.3795515520884195 21.059844619672862 	idx: 1 4 3 16 256 512
0.4586748907380055 20.849246173476132 	idx: 1 3 3 16 256 256
0.4586748907380055 20.64075371174137 	idx: 1 3 3 16 256 256
0.48634952276841154 20.434346174623958 	idx: 1 3 2 32 512 512
0.3066600082981554 20.230002712877717 	idx: 1 2 1 16 1024 1024
0.4408438270000094 20.027702685748938 	idx: 1 3 2 8 1024 1024
0.3302067086673098 19.82742565889145 	idx: 1 4 1 16 512 512
0.44138445914802943 19.629151402302536 	idx: 1 3 2 32 1024 1024
0.44138445914802943 19.43285988827951 	idx: 1 3 2 32 1024 1024
0.29361946810584105 19.238531289396715 	idx: 4 2 1 256 32 2
0.39216040142895864 19.046145976502746 	idx: 4 1 2 256 16 2
0.44803542614271663 18.855684516737718 	idx: 4 1 3 128 32 2
0.48083719044424067 18.66712767157034 	idx: 4 1 2 256 32 4
0.48083719044424067 18.480456394854638 	idx: 4 1 2 256 32 4
0.454584708613673 18.295651830906092 	idx: 1 1 2 4 512 1024
0.5130264832549747 18.11269531259703 	idx: 1 2 2 4 256 512
0.4826715580567366 17.931568359471058 	idx: 1 2 2 8 128 1024
0.4826715580567366 17.752252675876345 	idx: 1 2 2 8 128 1024
0.4955732970021405 17.57473014911758 	idx: 1 1 2 8 256 512
0.3698478221280962 17.398982847626407 	idx: 4 2 1 256 64 8
0.38112317448113103 17.22499301915014 	idx: 4 1 1 512 32 8
0.38597995882841546 17.05274308895864 	idx: 2 6 2 4 1024 512
0.38597995882841546 16.882215658069054 	idx: 2 6 2 4 1024 512
0.48063759621767704 16.713393501488362 	idx: 4 1 2 512 32 8
0.5231735760012459 16.546259566473477 	idx: 1 2 2 8 512 64
0.4802277261340811 16.380796970808742 	idx: 4 1 2 256 32 16
0.46774598189937555 16.216989001100654 	idx: 1 3 3 16 2048 128
0.4847913908699676 16.054819111089646 	idx: 1 2 2 8 1024 256
0.4186728563521492 15.89427091997875 	idx: 1 3 2 4 2048 512
0.45443685451048565 15.735328210778961 	idx: 1 4 2 2 1024 256
0.45443685451048565 15.577974928671171 	idx: 1 4 2 2 1024 256
0.46955332078606515 15.42219517938446 	idx: 4 4 2 128 256 64
0.5108180949149086 15.267973227590614 	idx: 1 2 3 2 1024 256
0.5108180949149086 15.115293495314708 	idx: 1 2 3 2 1024 256
0.4655115542028929 14.96414056036156 	idx: 1 2 3 4 2048 512
0.48075829672870973 14.814499154757945 	idx: 2 4 2 2 512 64
0.5602425396510637 14.666354163210364 	idx: 4 2 3 128 256 64
0.546132652469113 14.519690621578262 	idx: 4 1 3 128 128 32
0.5391557731902149 14.374493715362478 	idx: 4 1 3 128 256 32
0.49856619302838523 14.230748778208852 	idx: 1 2 2 4 512 512
0.5505457107644194 14.088441290426763 	idx: 1 2 3 8 256 256
0.5505457107644194 13.947556877522496 	idx: 1 2 3 8 256 256
0.5505457107644194 13.808081308747271 	idx: 1 2 3 8 256 256
0.5505457107644194 13.670000495659798 	idx: 1 2 3 8 256 256
0.5271333824788164 13.5333004907032 	idx: 2 2 2 16 512 2
0.5469390250506151 13.397967485796167 	idx: 4 1 3 256 128 16
0.5431132982739826 13.263987810938206 	idx: 4 2 2 256 256 8
0.46995830278685846 13.131347932828824 	idx: 0 2 2 256 64 32
0.5343896089022626 13.000034453500536 	idx: 0 1 2 256 64 64
0.5343896089022626 12.87003410896553 	idx: 0 1 2 256 64 64
0.5343896089022626 12.741333767875876 	idx: 0 1 2 256 64 64
0.4432079096374126 12.613920430197117 	idx: 0 1 3 256 32 128
0.4214185453363616 12.487781225895146 	idx: 1 1 2 4 2048 16
0.49876618744756845 12.362903413636195 	idx: 1 1 3 8 1024 32
0.5250162763056179 12.239274379499832 	idx: 1 2 3 16 1024 64
0.5250162763056179 12.116881635704834 	idx: 1 2 3 16 1024 64
0.5265293741154042 11.995712819347785 	idx: 4 2 2 256 512 16
0.5250162763056179 11.875755691154307 	idx: 1 2 3 16 1024 64
0.5266962450172776 11.756998134242764 	idx: 4 1 3 128 512 8
0.47859638328872295 11.639428152900336 	idx: 1 3 3 32 1024 32
0.4746550516263982 11.523033871371332 	idx: 1 3 3 64 512 16
0.4746550516263982 11.407803532657619 	idx: 1 3 3 64 512 16
0.5518143185343254 11.293725497331042 	idx: 1 2 3 128 512 16
0.4793052903626459 11.180788242357732 	idx: 1 3 3 64 1024 8
0.4939451769034311 11.068980359934155 	idx: 1 4 2 64 512 16
0.44132070611802793 10.958290556334813 	idx: 3 3 2 16 1024 1024
0.5366777647603479 10.848707650771464 	idx: 2 1 2 8 64 8
0.46545636612698893 10.74022057426375 	idx: 0 2 2 32 64 128
0.46545636612698893 10.632818368521113 	idx: 0 2 2 32 64 128
0.5407904646338124 10.526490184835902 	idx: 0 1 3 16 128 128
0.5255976786572641 10.421225282987542 	idx: 0 2 3 8 128 128
0.5098442265422992 10.317013030157668 	idx: 1 3 2 32 512 32
0.5123898695079772 10.213842899856092 	idx: 1 3 2 16 256 64
0.5196872199239412 10.11170447085753 	idx: 3 1 3 8 512 128
0.5196872199239412 10.010587426148955 	idx: 3 1 3 8 512 128
0.5185865956098785 9.910481551887466 	idx: 3 2 2 4 512 128
0.5278739995819144 9.811376736368592 	idx: 2 2 3 4 128 8
0.5426752030595949 9.713262969004907 	idx: 0 2 3 128 256 512
0.5409480727428576 9.616130339314857 	idx: 2 2 2 4 256 8
0.5409480727428576 9.519969035921708 	idx: 2 2 2 4 256 8
0.5252019310943451 9.42476934556249 	idx: 1 2 2 16 128 128
0.5424692447020886 9.330521652106865 	idx: 2 2 2 16 256 16
0.5424692447020886 9.237216435585797 	idx: 2 2 2 16 256 16
0.5424692447020886 9.144844271229939 	idx: 2 2 2 16 256 16
0.4655305677290196 9.053395828517639 	idx: 3 3 3 16 1024 512
0.5253033975471563 8.962861870232462 	idx: 0 2 2 128 128 128
0.5418059016306067 8.873233251530138 	idx: 0 1 3 256 128 128
0.5446647681650648 8.784500919014837 	idx: 0 1 3 128 128 64
0.5347403665860574 8.696655909824688 	idx: 0 1 3 64 256 128
0.5347403665860574 8.609689350726441 	idx: 0 1 3 64 256 128
0.5479113590445055 8.523592457219177 	idx: 3 2 3 8 512 64
0.5479113590445055 8.438356532646985 	idx: 3 2 3 8 512 64
0.5602425396510637 8.353972967320516 	idx: 0 2 3 128 256 64
0.5602425396510637 8.27043323764731 	idx: 0 2 3 128 256 64
0.5204159395039598 8.187728905270838 	idx: 0 2 2 256 512 128
0.5196872199239412 8.105851616218128 	idx: 3 1 3 8 512 128
0.5196872199239412 8.024793100055946 	idx: 3 1 3 8 512 128
0.4822127255151442 7.944545169055387 	idx: 2 2 3 8 2048 64
0.4822127255151442 7.865099717364833 	idx: 2 2 3 8 2048 64
0.4822127255151442 7.786448720191185 	idx: 2 2 3 8 2048 64
0.5261386962370362 7.708584232989273 	idx: 4 2 3 8 1024 4
0.5261386962370362 7.63149839065938 	idx: 4 2 3 8 1024 4
0.5421929829071909 7.5551834067527865 	idx: 1 2 3 2 512 64
0.5500473973499439 7.479631572685259 	idx: 4 2 3 8 512 8
0.5421929829071909 7.404835256958406 	idx: 1 2 3 2 512 64
0.5421929829071909 7.330786904388821 	idx: 1 2 3 2 512 64
0.56180942155855 7.257479035344933 	idx: 4 2 3 16 256 8
0.5104815428182973 7.1849042449914835 	idx: 4 3 2 8 512 8
0.5267428205151823 7.1130552025415685 	idx: 2 2 3 32 1024 32
0.5241146619728666 7.041924650516153 	idx: 1 2 3 8 1024 64
0.49606304304423576 6.971505404010991 	idx: 2 2 2 16 1024 32
0.5508967391896726 6.901790349970882 	idx: 2 2 3 16 512 16
0.5508967391896726 6.832772446471173 	idx: 2 2 3 16 512 16
0.5609351070394845 6.764444722006462 	idx: 3 2 3 16 256 32
0.5609351070394845 6.696800274786397 	idx: 3 2 3 16 256 32
0.5358273829642815 6.6298322720385325 	idx: 0 1 3 64 128 256
0.5358273829642815 6.563533949318147 	idx: 0 1 3 64 128 256
0.5358273829642815 6.497898609824966 	idx: 0 1 3 64 128 256
0.5379588991949634 6.432919623726716 	idx: 3 2 2 4 256 64
0.5358273829642815 6.3685904274894485 	idx: 0 1 3 64 128 256
0.5358273829642815 6.304904523214554 	idx: 0 1 3 64 128 256
0.5417467251280138 6.2418554779824085 	idx: 3 2 3 16 256 512
0.5243174805193149 6.1794369232025845 	idx: 3 1 3 32 128 512
0.5417400917276478 6.117642553970558 	idx: 0 1 3 128 128 128
0.5187013107994471 6.056466128430853 	idx: 0 1 2 128 128 256
0.5187013107994471 5.9959014671465445 	idx: 0 1 2 128 128 256
0.533402433740785 5.935942452475079 	idx: 0 1 3 256 64 128
0.533402433740785 5.8765830279503275 	idx: 0 1 3 256 64 128
0.5092838805862925 5.817817197670824 	idx: 1 3 2 8 512 32
0.5092838805862925 5.759639025694116 	idx: 1 3 2 8 512 32
0.38713958741218585 5.7020426354371745 	idx: 1 4 3 8 256 32
0.46719093688567187 5.645022209082803 	idx: 1 4 2 4 256 32
0.3893765196423288 5.588571986991974 	idx: 0 1 1 128 64 256
0.46744319984609006 5.532686267122054 	idx: 1 4 2 16 1024 64
0.4930912689329004 5.477359404450834 	idx: 1 4 2 16 512 32
0.47780524095732824 5.422585810406325 	idx: 0 1 2 256 32 64
0.47780524095732824 5.368359952302262 	idx: 0 1 2 256 32 64
0.5327849088080985 5.314676352779239 	idx: 3 1 3 16 64 128
0.5327849088080985 5.261529589251447 	idx: 3 1 3 16 64 128
0.5296946654986281 5.208914293358933 	idx: 3 1 2 8 64 128
0.5294833144816615 5.156825150425344 	idx: 3 2 3 16 128 64
0.5294833144816615 5.10525689892109 	idx: 3 2 3 16 128 64
0.546132652469113 5.0542043299318795 	idx: 0 1 3 128 128 32
0.546132652469113 5.003662286632561 	idx: 0 1 3 128 128 32
0.546132652469113 4.953625663766235 	idx: 0 1 3 128 128 32
0.546132652469113 4.9040894071285726 	idx: 0 1 3 128 128 32
0.546132652469113 4.8550485130572865 	idx: 0 1 3 128 128 32
0.5575755523425139 4.806498027926714 	idx: 3 2 3 4 256 16
0.5575755523425139 4.758433047647447 	idx: 3 2 3 4 256 16
0.5575755523425139 4.710848717170973 	idx: 3 2 3 4 256 16
0.5500473973499439 4.663740229999263 	idx: 3 2 3 8 512 8
0.5621802877753059 4.61710282769927 	idx: 2 2 3 32 256 8
0.5331083882702725 4.570931799422278 	idx: 2 1 2 64 128 8
0.5411136305670269 4.525222481428055 	idx: 3 2 2 4 256 2
0.484926007948783 4.4799702566137745 	idx: 1 2 2 2 1024 128
0.5336556507343753 4.4351705540476365 	idx: 1 2 3 2 512 256
0.5264386315297023 4.39081884850716 	idx: 3 2 2 8 512 2
0.49856619302838523 4.346910660022088 	idx: 1 2 2 4 512 512
0.5110046913178324 4.303441553421867 	idx: 3 3 2 16 512 8
0.5110046913178324 4.260407137887648 	idx: 3 3 2 16 512 8
0.5110046913178324 4.217803066508771 	idx: 3 3 2 16 512 8
0.5317454201462124 4.175625035843683 	idx: 2 2 3 64 128 16
0.5317454201462124 4.133868785485246 	idx: 2 2 3 64 128 16
0.4706112560592275 4.0925300976303935 	idx: 3 4 2 8 256 4
0.5124380699348164 4.05160479665409 	idx: 2 3 2 32 256 64
0.47075079401498504 4.011088748687548 	idx: 2 4 2 32 256 32
0.45047778401545796 3.970977861200673 	idx: 1 1 3 4 2048 128
0.45047778401545796 3.9312680825886663 	idx: 1 1 3 4 2048 128
0.45456532334969835 3.8919554017627798 	idx: 1 1 3 8 2048 64
0.43959929581324336 3.853035847745152 	idx: 2 5 2 16 512 256
0.35105600719939767 3.8145054892677006 	idx: 3 5 2 4 128 16
0.35105600719939767 3.7763604343750234 	idx: 3 5 2 4 128 16
0.47595115156584306 3.7385968300312733 	idx: 1 3 3 32 1024 128
0.42339730412070886 3.7012108617309605 	idx: 1 4 2 16 2048 128
0.4205274326142352 3.664198753113651 	idx: 1 4 3 8 1024 64
0.4665342174300774 3.6275567655825145 	idx: 1 3 3 8 2048 128
0.4665342174300774 3.591281197926689 	idx: 1 3 3 8 2048 128
0.48986290533459387 3.555368385947422 	idx: 1 2 2 4 1024 128
0.5018685895026377 3.519814702087948 	idx: 1 3 2 2 512 64
0.5238454746917709 3.4846165550670687 	idx: 1 2 2 4 512 32
0.4748748695605114 3.449770389516398 	idx: 1 3 3 4 1024 64
0.5034313194532641 3.415272685621234 	idx: 1 3 2 4 512 128
0.502637966575018 3.3811199587650216 	idx: 3 3 2 8 256 256
0.502637966575018 3.347308759177371 	idx: 3 3 2 8 256 256
0.502637966575018 3.3138356715855974 	idx: 3 3 2 8 256 256
0.4615615210941125 3.2806973148697414 	idx: 1 3 3 2 512 32
0.5182456297432291 3.247890341721044 	idx: 1 2 2 2 512 32
0.5460032843379534 3.2154114383038332 	idx: 1 2 3 4 512 64
0.5460032843379534 3.183257323920795 	idx: 1 2 3 4 512 64
0.5593292807891638 3.1514247506815867 	idx: 1 2 3 8 256 32
0.5570858914882538 3.1199105031747707 	idx: 1 2 3 4 256 32
0.5570858914882538 3.088711398143023 	idx: 1 2 3 4 256 32
0.5467392637787803 3.0578242841615926 	idx: 0 1 3 32 128 4
0.5467392637787803 3.0272460413199767 	idx: 0 1 3 32 128 4
0.5467915728473959 2.996973580906777 	idx: 0 1 3 32 128 2
0.5467915728473959 2.967003845097709 	idx: 0 1 3 32 128 2
0.5467915728473959 2.9373338066467323 	idx: 0 1 3 32 128 2
0.5467915728473959 2.907960468580265 	idx: 0 1 3 32 128 2
0.5467915728473959 2.8788808638944623 	idx: 0 1 3 32 128 2
0.5467915728473959 2.8500920552555176 	idx: 0 1 3 32 128 2
0.5467915728473959 2.8215911347029623 	idx: 0 1 3 32 128 2
0.5467915728473959 2.7933752233559326 	idx: 0 1 3 32 128 2
0.5467915728473959 2.765441471122373 	idx: 0 1 3 32 128 2
0.5456917406399168 2.7377870564111495 	idx: 1 1 3 16 128 16
0.5619423405084939 2.710409185847038 	idx: 0 2 3 16 256 4
0.5619423405084939 2.6833050939885674 	idx: 0 2 3 16 256 4
0.5397424649898375 2.656472043048682 	idx: 0 1 3 32 256 4
0.5459011723750705 2.629907322618195 	idx: 0 1 3 16 128 4
0.5459011723750705 2.603608249392013 	idx: 0 1 3 16 128 4
0.5459011723750705 2.577572166898093 	idx: 0 1 3 16 128 4
0.5459011723750705 2.551796445229112 	idx: 0 1 3 16 128 4
0.5458534348526206 2.526278480776821 	idx: 0 1 3 16 128 8
0.5458534348526206 2.501015695969053 	idx: 0 1 3 16 128 8
0.5602361617737839 2.4760055390093623 	idx: 0 2 3 8 256 4
0.538934407929665 2.4512454836192688 	idx: 0 1 3 16 256 2
0.5467392637787803 2.426733028783076 	idx: 0 1 3 32 128 4
0.5467392637787803 2.402465698495245 	idx: 0 1 3 32 128 4
0.5467392637787803 2.3784410415102926 	idx: 0 1 3 32 128 4
0.5593292807891638 2.3546566310951897 	idx: 1 2 3 8 256 32
0.5593292807891638 2.3311100647842378 	idx: 1 2 3 8 256 32
0.5593292807891638 2.307798964136395 	idx: 1 2 3 8 256 32
0.5593292807891638 2.2847209744950314 	idx: 1 2 3 8 256 32
0.543431158425719 2.261873764750081 	idx: 0 2 2 64 256 2
0.5397934437307067 2.23925502710258 	idx: 0 1 3 32 256 2
0.5571854193066021 2.2168624768315546 	idx: 1 2 3 16 256 128
0.5600087367969834 2.194693852063239 	idx: 1 2 3 32 256 64
0.5600087367969834 2.1727469135426065 	idx: 1 2 3 32 256 64
0.5600087367969834 2.1510194444071806 	idx: 1 2 3 32 256 64
0.552078585185818 2.129509249963109 	idx: 3 2 3 2 256 16
0.5577284981000952 2.108214157463478 	idx: 3 2 3 4 256 8
0.5577284981000952 2.087132015888843 	idx: 3 2 3 4 256 8
0.552267639100186 2.0662606957299547 	idx: 2 2 3 64 512 2
0.552267639100186 2.045598088772655 	idx: 2 2 3 64 512 2
0.5397934437307067 2.0251421078849283 	idx: 0 1 3 32 256 2
0.5406532138542596 2.004890686806079 	idx: 3 2 2 4 256 16
0.5402258005458992 1.9848417799380185 	idx: 0 1 3 64 256 2
0.5433135182983208 1.9649933621386382 	idx: 0 2 2 64 256 4
0.5250067544417056 1.9453434285172517 	idx: 3 2 2 4 512 4
0.5317188808136952 1.9258899942320793 	idx: 0 2 2 256 128 2
0.5317188808136952 1.9066310942897584 	idx: 0 2 2 256 128 2
0.5317188808136952 1.8875647833468607 	idx: 0 2 2 256 128 2
0.5317188808136952 1.868689135513392 	idx: 0 2 2 256 128 2
0.5474751044698101 1.8500022441582582 	idx: 0 1 3 256 128 4
0.5378897954237627 1.8315022217166756 	idx: 4 1 3 64 64 16
0.5378897954237627 1.8131871994995088 	idx: 4 1 3 64 64 16
0.5378897954237627 1.7950553275045138 	idx: 4 1 3 64 64 16
0.5378897954237627 1.7771047742294686 	idx: 4 1 3 64 64 16
0.5477696324267389 1.7593337264871738 	idx: 3 2 3 4 512 16
0.5593292807891638 1.741740389222302 	idx: 2 2 3 8 256 32
0.5593292807891638 1.724322985330079 	idx: 2 2 3 8 256 32
0.5436450373943913 1.7070797554767783 	idx: 3 2 3 2 512 16
0.5570858914882538 1.6900089579220106 	idx: 2 2 3 4 256 32
0.5570858914882538 1.6731088683427904 	idx: 2 2 3 4 256 32
0.5570858914882538 1.6563777796593624 	idx: 2 2 3 4 256 32
0.5570858914882538 1.6398140018627687 	idx: 2 2 3 4 256 32
0.537642067904004 1.623415861844141 	idx: 1 2 3 4 512 256
0.5555887199184791 1.6071817032256996 	idx: 2 2 3 8 256 128
0.5555887199184791 1.5911098861934427 	idx: 2 2 3 8 256 128
0.5555887199184791 1.5751987873315083 	idx: 2 2 3 8 256 128
0.5555887199184791 1.5594467994581933 	idx: 2 2 3 8 256 128
0.5575755523425139 1.5438523314636114 	idx: 3 2 3 4 256 16
0.5555887199184791 1.5284138081489753 	idx: 2 2 3 8 256 128
0.5555887199184791 1.5131296700674854 	idx: 2 2 3 8 256 128
0.5555887199184791 1.4979983733668105 	idx: 2 2 3 8 256 128
0.5555887199184791 1.4830183896331424 	idx: 2 2 3 8 256 128
0.5555887199184791 1.468188205736811 	idx: 2 2 3 8 256 128
0.5533918463180585 1.4535063236794428 	idx: 2 2 3 4 256 128
0.5406532138542596 1.4389712604426483 	idx: 3 2 2 4 256 16
0.5380062815838215 1.4245815478382218 	idx: 0 1 2 128 64 4
0.5380062815838215 1.4103357323598396 	idx: 0 1 2 128 64 4
0.5380062815838215 1.396232375036241 	idx: 0 1 2 128 64 4
0.5380062815838215 1.3822700512858788 	idx: 0 1 2 128 64 4
0.5472995389489369 1.36844735077302 	idx: 0 1 3 256 128 8
0.5404648139137787 1.3547628772652898 	idx: 0 1 3 256 256 4
0.5410661674794877 1.341215248492637 	idx: 3 2 2 4 256 4
0.5626901920441725 1.3278030960077105 	idx: 0 2 3 128 256 2
0.5626901920441725 1.3145250650476334 	idx: 0 2 3 128 256 2
0.5410661674794877 1.301379814397157 	idx: 3 2 2 4 256 4
0.540199214959842 1.2883660162531856 	idx: 4 1 3 128 256 8
0.5624558766211202 1.2754823560906536 	idx: 0 2 3 128 256 8
0.5624558766211202 1.2627275325297471 	idx: 0 2 3 128 256 8
0.5624558766211202 1.2501002572044497 	idx: 0 2 3 128 256 8
0.5624558766211202 1.2375992546324053 	idx: 0 2 3 128 256 8
0.5624558766211202 1.2252232620860812 	idx: 0 2 3 128 256 8
0.5624558766211202 1.2129710294652205 	idx: 0 2 3 128 256 8
0.5624558766211202 1.2008413191705682 	idx: 0 2 3 128 256 8
0.5624558766211202 1.1888329059788625 	idx: 0 2 3 128 256 8
0.5624558766211202 1.1769445769190738 	idx: 0 2 3 128 256 8
0.5624558766211202 1.165175131149883 	idx: 0 2 3 128 256 8
0.5518143185343254 1.1535233798383842 	idx: 0 2 3 128 512 16
0.5518143185343254 1.1419881460400003 	idx: 0 2 3 128 512 16
0.5518143185343254 1.1305682645796002 	idx: 0 2 3 128 512 16
0.5518143185343254 1.1192625819338042 	idx: 0 2 3 128 512 16
0.5433484363194124 1.1080699561144662 	idx: 4 2 2 256 256 4
0.5403597915268051 1.0969892565533215 	idx: 4 1 3 128 256 4
0.5521607744941814 1.0860193639877882 	idx: 4 2 3 128 512 8
0.5521607744941814 1.0751591703479102 	idx: 4 2 3 128 512 8
0.5521607744941814 1.0644075786444311 	idx: 4 2 3 128 512 8
0.5521607744941814 1.0537635028579868 	idx: 4 2 3 128 512 8
0.5521607744941814 1.0432258678294068 	idx: 4 2 3 128 512 8
0.5521607744941814 1.0327936091511127 	idx: 4 2 3 128 512 8
0.5521607744941814 1.0224656730596016 	idx: 4 2 3 128 512 8
0.5513560755166897 1.0122410163290056 	idx: 3 2 3 16 512 2
0.5513560755166897 1.0021186061657157 	idx: 3 2 3 16 512 2
###### ACC Parameters ######
cim type:    FPCIM
bus_width:   25.6
macros_row:  2
macros_col:  3
scr:         16
is_size:     512
os_size:     2
best=0.5513560755166897, area=2096281.90245864 459
gpt2_large_sl8_FPCIM@ISSCC23_ee_running start at 1757778055.4663084
1.02749508281214 100 	idx: 3 2 1 2 32 64
0.8579007664655334 99.0 	idx: 3 3 1 2 32 128
0.7941973147726956 98.01 	idx: 3 4 1 4 32 256
1.084154312013391 97.0299 	idx: 4 2 1 8 256 64
1.084154312013391 96.059601 	idx: 4 2 1 8 256 64
1.0757641904284236 95.09900499 	idx: 4 2 1 4 128 32
0.932808424755176 94.1480149401 	idx: 4 3 1 8 256 32
0.72215576064856 93.206534790699 	idx: 4 2 2 4 512 32
0.6431569128005858 92.27446944279201 	idx: 4 2 3 4 512 16
0.7453274545563678 91.35172474836409 	idx: 4 1 4 2 512 16
0.6649735073189958 90.43820750088045 	idx: 3 2 2 4 8 1024
0.725546192140952 89.53382542587164 	idx: 2 4 1 2 64 256
0.8463905873608808 88.63848717161292 	idx: 2 3 1 2 32 256
0.9841794037171174 87.75210229989679 	idx: 3 2 1 4 16 1024
0.7125213062683545 86.87458127689783 	idx: 2 5 1 4 64 64
0.8375204766026529 86.00583546412885 	idx: 0 3 1 4 64 1024
0.9751676256858134 85.14577710948755 	idx: 0 2 1 4 64 1024
0.9555799193160149 84.29431933839268 	idx: 0 2 1 2 128 512
0.6420014888396168 83.45137614500875 	idx: 2 5 1 2 256 16
0.621833115793243 82.61686238355867 	idx: 2 5 1 2 512 8
0.6181821681124641 81.79069375972308 	idx: 0 3 2 4 512 256
0.6181821681124641 80.97278682212585 	idx: 0 3 2 4 512 256
0.5923493386653149 80.1630589539046 	idx: 1 7 1 16 128 256
0.4361483360887751 79.36142836436555 	idx: 0 4 4 4 1024 256
0.5678264865471766 78.56781408072189 	idx: 3 2 3 4 16 512
0.6952900866182676 77.78213593991467 	idx: 3 2 2 4 32 512
0.5850836144906336 77.00431458051553 	idx: 3 2 3 4 32 256
0.527672175639011 76.23427143471037 	idx: 1 8 1 8 512 128
0.5855751118945893 75.47192872036327 	idx: 3 2 3 4 64 256
0.7239774666000067 74.71720943315964 	idx: 4 1 4 64 256 128
0.719498735773956 73.97003733882804 	idx: 3 2 2 4 32 128
0.5662809783638816 73.23033696543976 	idx: 3 3 2 2 32 256
0.5717803553197048 72.49803359578536 	idx: 1 7 1 4 64 64
0.5880834746159844 71.7730532598275 	idx: 1 6 1 2 32 64
0.528537546606396 71.05532272722922 	idx: 3 4 3 2 16 64
0.6816740444277543 70.34476949995693 	idx: 4 1 4 128 32 16
0.5298489127171037 69.64132180495736 	idx: 3 4 3 2 16 32
0.5723801816324235 68.94490858690779 	idx: 4 3 3 64 128 16
0.7242598997216123 68.25545950103871 	idx: 3 2 2 4 16 64
1.1311057892959266 67.57290490602833 	idx: 4 2 1 64 128 32
0.9677340630519675 66.89717585696805 	idx: 4 3 1 64 128 32
0.9646475170533717 66.22820409839836 	idx: 4 3 1 128 128 64
1.0849111597260126 65.56592205741438 	idx: 4 2 1 64 256 128
1.0849111597260126 64.91026283684023 	idx: 4 2 1 64 256 128
1.0923949128652934 64.26116020847184 	idx: 4 2 1 64 256 64
1.0923949128652934 63.618548606387115 	idx: 4 2 1 64 256 64
0.9031911685039428 62.98236312032324 	idx: 4 1 2 32 256 128
0.7580547525043151 62.35253948912001 	idx: 4 1 3 32 128 256
0.8879818907306553 61.72901409422881 	idx: 4 1 2 64 64 512
1.2756147174510069 61.11172395328652 	idx: 4 1 1 32 128 512
1.2756147174510069 60.500606713753655 	idx: 4 1 1 32 128 512
1.103063234036725 59.89560064661612 	idx: 4 2 1 64 128 256
0.721247480955485 59.29664464014996 	idx: 4 2 2 64 256 128
0.6124143029888626 58.70367819374846 	idx: 4 3 2 128 256 256
0.586931295644018 58.116641411810974 	idx: 4 3 2 64 128 256
0.9340246013809457 57.535474997692866 	idx: 4 3 1 64 64 512
1.0299655123368519 56.960120247715935 	idx: 4 2 1 32 64 1024
1.0845646517456315 56.390519045238776 	idx: 4 2 1 16 64 512
0.575734846568218 55.82661385478639 	idx: 4 3 2 16 32 512
0.5542637071472334 55.26834771623852 	idx: 4 3 2 8 64 1024
0.6654371998684744 54.71566423907614 	idx: 4 2 2 4 32 1024
0.5709140334152727 54.16850759668538 	idx: 4 2 3 4 32 512
0.6760834318236246 53.62682252071853 	idx: 4 2 2 2 64 512
0.9811785552734347 53.09055429551134 	idx: 4 2 1 4 32 1024
0.8375204766026529 52.55964875255623 	idx: 4 3 1 4 64 1024
0.8753750076423397 52.03405226503067 	idx: 4 3 1 4 128 512
0.7905528123788784 51.51371174238036 	idx: 4 4 1 4 64 256
0.5123605078026761 50.998574624956554 	idx: 3 1 5 4 4 128
0.4591618450649971 50.488588878706985 	idx: 4 6 3 2 128 512
0.46473511418420876 49.98370298991991 	idx: 4 5 2 4 256 1024
0.6891123702515307 49.483865960020715 	idx: 4 4 1 4 512 1024
0.530375694943421 48.98902730042051 	idx: 4 4 2 8 512 1024
0.8198741613998735 48.4991370274163 	idx: 4 3 1 16 512 1024
0.9816878183003 48.01414565714214 	idx: 4 2 1 32 512 512
0.8457050753848 47.53400420057071 	idx: 4 1 2 64 512 512
0.9429100685675714 47.05866415856501 	idx: 4 1 1 64 1024 1024
0.9834800590188555 46.58807751697936 	idx: 4 1 1 64 512 2048
1.0841877547501741 46.12219674180957 	idx: 4 1 1 128 512 1024
1.0841877547501741 45.66097477439147 	idx: 4 1 1 128 512 1024
1.0841877547501741 45.20436502664755 	idx: 4 1 1 256 512 1024
0.9816878183003 44.752321376381076 	idx: 4 2 1 512 512 512
0.7874216218863528 44.30479816261727 	idx: 4 3 1 256 1024 256
0.670761666174336 43.861750180991095 	idx: 3 2 2 64 32 1024
1.0299655123368519 43.42313267918119 	idx: 3 2 1 64 64 1024
0.9306577472202111 42.98890135238938 	idx: 3 2 1 64 64 2048
0.9306577472202111 42.559012338865486 	idx: 3 2 1 64 64 2048
0.9357063546969113 42.133422215476834 	idx: 3 2 1 128 32 2048
0.7387481117041935 41.712087993322065 	idx: 4 1 4 128 1024 256
0.7449321569748147 41.29496711338884 	idx: 3 1 3 64 32 512
0.8449969107692694 40.882017442254956 	idx: 3 1 2 128 32 1024
0.8449969107692694 40.473197267832404 	idx: 3 1 2 128 32 1024
0.8911936514533686 40.06846529515408 	idx: 3 1 2 64 32 512
0.9162394691488877 39.66778064220254 	idx: 3 1 2 32 32 256
1.1457780664947095 39.27110283578051 	idx: 3 2 1 16 16 128
1.1242516828587392 38.8783918074227 	idx: 3 2 1 8 8 256
1.1195646101260701 38.48960788934848 	idx: 4 2 1 64 64 256
1.3103568497396052 38.104711810454994 	idx: 4 1 1 64 32 512
1.2340996744882744 37.72366469235045 	idx: 4 1 1 32 16 1024
1.0972227905673244 37.34642804542694 	idx: 4 1 1 64 16 2048
1.0972227905673244 36.97296376497267 	idx: 4 1 1 64 16 2048
0.6710163519467407 36.60323412732294 	idx: 4 2 2 64 16 1024
0.7450971477288013 36.23720178604971 	idx: 3 1 3 32 16 512
0.9446482275923647 35.874829768189215 	idx: 4 3 1 64 4 512
0.8485232480159824 35.516081470507324 	idx: 1 1 2 2 512 4
0.9630724099480192 35.16092065580225 	idx: 4 3 1 16 16 256
0.9664137003946163 34.80931144924423 	idx: 4 3 1 32 16 256
1.1087603055787887 34.461218334751784 	idx: 1 1 1 2 256 8
0.9664137003946163 34.11660615140427 	idx: 4 3 1 64 16 256
1.3161523660585879 33.775440089890225 	idx: 1 1 1 4 128 32
1.3161523660585879 33.43768568899132 	idx: 1 1 1 4 128 32
1.1340361051183887 33.10330883210141 	idx: 4 2 1 32 8 256
0.7295249409945875 32.7722757437804 	idx: 3 5 1 32 4 512
0.7284294807398234 32.44455298634259 	idx: 1 2 2 32 16 64
0.6290005345144825 32.12010745647917 	idx: 3 6 1 32 8 1024
0.8486103256914439 31.798906381914374 	idx: 1 4 1 8 4 64
0.812955171816931 31.48091731809523 	idx: 1 4 1 4 8 64
0.812955171816931 31.16610814491428 	idx: 1 4 1 4 8 64
0.7440326703954007 30.854447063465138 	idx: 1 5 1 8 4 128
0.8915924051778839 30.545902592830487 	idx: 4 1 2 128 256 256
0.7632801037484431 30.240443566902183 	idx: 4 1 3 64 512 128
0.7185666587238251 29.93803913123316 	idx: 4 2 2 32 512 256
0.88401563698676 29.638658739920828 	idx: 4 2 1 32 1024 256
0.6604563733698298 29.34227215252162 	idx: 4 2 2 32 2048 128
0.7200699015790436 29.048849430996402 	idx: 1 5 1 8 4 512
0.7200699015790436 28.758360936686437 	idx: 1 5 1 8 4 512
0.5075520125167274 28.47077732731957 	idx: 4 5 2 64 512 64
0.7057715979325015 28.186069554046373 	idx: 4 5 1 64 512 64
0.7057715979325015 27.90420885850591 	idx: 4 5 1 64 512 64
0.7024501477995728 27.625166769920853 	idx: 4 5 1 32 512 128
0.8241630553883426 27.348915102221643 	idx: 4 4 1 32 256 64
0.7448199941996545 27.075425951199424 	idx: 4 5 1 64 128 64
0.6854198803714906 26.804671691687428 	idx: 1 5 1 4 2 512
0.8499787487408125 26.536624974770554 	idx: 4 4 1 32 64 64
0.8499787487408125 26.271258725022847 	idx: 4 4 1 32 64 64
0.8499787487408125 26.00854613777262 	idx: 4 4 1 32 64 64
0.8946472279954597 25.748460676394892 	idx: 1 3 1 4 4 512
0.8946472279954597 25.490976069630943 	idx: 1 3 1 4 4 512
0.8946472279954597 25.23606630893463 	idx: 1 3 1 4 4 512
0.8013104850140085 24.983705645845284 	idx: 2 3 1 64 1024 16
0.7295249409945875 24.73386858938683 	idx: 3 5 1 32 4 512
0.6855310081271717 24.48652990349296 	idx: 2 3 1 128 2048 4
0.7295249409945875 24.24166460445803 	idx: 3 5 1 64 4 512
0.8433706998204564 23.99924795841345 	idx: 3 4 1 64 4 256
0.757685192459701 23.759255478829314 	idx: 4 5 1 128 16 32
0.8020178008377151 23.52166292404102 	idx: 2 3 1 128 1024 4
0.6310069706186945 23.28644629480061 	idx: 2 3 2 64 512 4
0.6445129231549167 23.053581831852604 	idx: 2 2 3 128 1024 2
0.6445129231549167 22.82304601353408 	idx: 2 2 3 64 1024 2
0.6086395011952543 22.59481555339874 	idx: 4 2 3 32 8 32
0.70944720083241 22.36886739786475 	idx: 2 2 2 32 1024 8
0.7786427274993292 22.145178723886104 	idx: 4 1 3 8 8 32
0.7092044465522535 21.923726936647242 	idx: 2 2 2 32 1024 16
0.8830559524045727 21.704489667280768 	idx: 2 1 2 32 512 32
1.0947298817748201 21.48744477060796 	idx: 2 2 1 16 256 16
0.9576074535519783 21.27257032290188 	idx: 2 3 1 8 128 16
0.9342602171855876 21.059844619672862 	idx: 2 3 1 8 256 8
0.7420213335216975 20.849246173476132 	idx: 0 1 4 16 1024 128
0.7436688457469957 20.64075371174137 	idx: 0 1 4 32 1024 64
0.9342602171855876 20.434346174623958 	idx: 2 3 1 8 256 8
0.8406053258578471 20.230002712877717 	idx: 3 4 1 16 2 256
0.8805052769775741 20.027702685748938 	idx: 2 2 1 2 512 4
0.883260661229429 19.82742565889145 	idx: 2 2 1 2 512 8
0.8486103256914439 19.629151402302536 	idx: 3 4 1 8 4 64
1.190890875448781 19.43285988827951 	idx: 0 1 1 128 512 128
1.190890875448781 19.238531289396715 	idx: 0 1 1 128 512 128
1.2985636769777273 19.046145976502746 	idx: 0 1 1 128 256 64
1.2985636769777273 18.855684516737718 	idx: 0 1 1 128 256 64
1.2985636769777273 18.66712767157034 	idx: 0 1 1 128 256 64
1.1189148428186637 18.480456394854638 	idx: 0 2 1 256 128 128
1.3655160838694995 18.295651830906092 	idx: 0 1 1 128 64 128
1.3655160838694995 18.11269531259703 	idx: 0 1 1 128 64 128
1.3907818255651998 17.931568359471058 	idx: 1 1 1 64 32 64
1.4037420365743813 17.752252675876345 	idx: 1 1 1 32 16 32
1.4037420365743813 17.57473014911758 	idx: 1 1 1 64 16 32
1.410306445933137 17.398982847626407 	idx: 1 1 1 64 8 16
1.356583215921872 17.22499301915014 	idx: 2 1 1 16 128 8
1.356583215921872 17.05274308895864 	idx: 2 1 1 16 128 8
1.356583215921872 16.882215658069054 	idx: 2 1 1 16 128 8
1.3076525082951633 16.713393501488362 	idx: 2 1 1 32 256 8
1.3076525082951633 16.546259566473477 	idx: 2 1 1 32 256 8
1.3786933649113668 16.380796970808742 	idx: 1 1 1 64 32 128
1.3786933649113668 16.216989001100654 	idx: 1 1 1 64 32 128
1.3786933649113668 16.054819111089646 	idx: 1 1 1 64 32 128
1.3786933649113668 15.89427091997875 	idx: 1 1 1 64 32 128
1.40920975413844 15.735328210778961 	idx: 4 1 1 512 16 4
1.40920975413844 15.577974928671171 	idx: 4 1 1 512 16 4
1.40920975413844 15.42219517938446 	idx: 4 1 1 512 16 4
1.361411509155424 15.267973227590614 	idx: 2 1 1 32 128 4
1.361411509155424 15.115293495314708 	idx: 2 1 1 32 128 4
1.361411509155424 14.96414056036156 	idx: 2 1 1 32 128 4
1.3523254460231673 14.814499154757945 	idx: 0 1 1 16 32 256
1.394835364222888 14.666354163210364 	idx: 3 1 1 32 2 128
1.410306445933137 14.519690621578262 	idx: 1 1 1 1024 8 16
1.410306445933137 14.374493715362478 	idx: 1 1 1 1024 8 16
1.410306445933137 14.230748778208852 	idx: 1 1 1 1024 8 16
1.4161830433142817 14.088441290426763 	idx: 1 1 1 1024 4 8
1.4118805962178023 13.947556877522496 	idx: 1 1 1 512 8 8
1.4126689898676188 13.808081308747271 	idx: 1 1 1 512 8 4
1.4096019357431178 13.670000495659798 	idx: 1 1 1 512 16 2
1.4130635169638004 13.5333004907032 	idx: 1 1 1 256 8 2
1.4130635169638004 13.397967485796167 	idx: 1 1 1 256 8 2
1.4130635169638004 13.263987810938206 	idx: 1 1 1 256 8 2
1.4130635169638004 13.131347932828824 	idx: 1 1 1 256 8 2
1.4096019357431178 13.000034453500536 	idx: 1 1 1 512 16 2
1.4096019357431178 12.87003410896553 	idx: 1 1 1 512 16 2
1.4048201293134441 12.741333767875876 	idx: 3 1 1 16 2 64
1.4048201293134441 12.613920430197117 	idx: 3 1 1 16 2 64
1.4048201293134441 12.487781225895146 	idx: 3 1 1 16 2 64
1.4048201293134441 12.362903413636195 	idx: 3 1 1 16 2 64
1.4090041700619707 12.239274379499832 	idx: 3 1 1 16 4 32
1.4090041700619707 12.116881635704834 	idx: 3 1 1 16 4 32
1.40920975413844 11.995712819347785 	idx: 1 1 1 64 16 4
1.40920975413844 11.875755691154307 	idx: 1 1 1 64 16 4
1.40920975413844 11.756998134242764 	idx: 1 1 1 64 16 4
1.40920975413844 11.639428152900336 	idx: 1 1 1 64 16 4
1.4096019357431178 11.523033871371332 	idx: 1 1 1 64 16 2
1.4096019357431178 11.407803532657619 	idx: 1 1 1 64 16 2
1.4096019357431178 11.293725497331042 	idx: 1 1 1 64 16 2
1.4096019357431178 11.180788242357732 	idx: 1 1 1 64 16 2
1.4096019357431178 11.068980359934155 	idx: 1 1 1 64 16 2
1.4096019357431178 10.958290556334813 	idx: 1 1 1 64 16 2
1.4096019357431178 10.848707650771464 	idx: 1 1 1 64 16 2
1.4126689898676188 10.74022057426375 	idx: 1 1 1 64 8 4
1.4126689898676188 10.632818368521113 	idx: 1 1 1 64 8 4
1.4126689898676188 10.526490184835902 	idx: 1 1 1 64 8 4
1.4126689898676188 10.421225282987542 	idx: 1 1 1 64 8 4
1.4063837278011513 10.317013030157668 	idx: 3 1 1 8 2 32
1.4173773366476243 10.213842899856092 	idx: 1 1 1 256 4 2
1.4063837278011513 10.11170447085753 	idx: 3 1 1 8 2 32
1.4126689898676188 10.010587426148955 	idx: 1 1 1 64 8 4
1.4126689898676188 9.910481551887466 	idx: 1 1 1 64 8 4
1.4126689898676188 9.811376736368592 	idx: 1 1 1 64 8 4
1.4126689898676188 9.713262969004907 	idx: 1 1 1 64 8 4
1.4126689898676188 9.616130339314857 	idx: 1 1 1 64 8 4
1.4126689898676188 9.519969035921708 	idx: 1 1 1 64 8 4
1.40920975413844 9.42476934556249 	idx: 1 1 1 32 16 4
1.40920975413844 9.330521652106865 	idx: 1 1 1 32 16 4
1.40920975413844 9.237216435585797 	idx: 1 1 1 32 16 4
1.40920975413844 9.144844271229939 	idx: 1 1 1 32 16 4
1.40920975413844 9.053395828517639 	idx: 1 1 1 32 16 4
1.40920975413844 8.962861870232462 	idx: 1 1 1 32 16 4
1.40920975413844 8.873233251530138 	idx: 1 1 1 32 16 4
1.4009347673279022 8.784500919014837 	idx: 4 1 1 32 8 64
1.393083669786017 8.696655909824688 	idx: 2 1 1 8 8 8
1.4051326022948427 8.609689350726441 	idx: 4 1 1 32 4 64
1.411210813883518 8.523592457219177 	idx: 4 1 1 16 2 32
1.4096019357431178 8.438356532646985 	idx: 1 1 1 32 16 2
1.4096019357431178 8.353972967320516 	idx: 1 1 1 32 16 2
1.4026444934759117 8.27043323764731 	idx: 4 1 1 16 4 64
1.4026444934759117 8.187728905270838 	idx: 4 1 1 16 4 64
1.4026444934759117 8.105851616218128 	idx: 4 1 1 16 4 64
1.4026444934759117 8.024793100055946 	idx: 4 1 1 16 4 64
1.4026444934759117 7.944545169055387 	idx: 4 1 1 16 4 64
1.4090041700619707 7.865099717364833 	idx: 4 1 1 16 4 32
1.4196204800374772 7.786448720191185 	idx: 1 1 1 32 2 2
1.4196204800374772 7.708584232989273 	idx: 1 1 1 32 2 2
1.4196204800374772 7.63149839065938 	idx: 1 1 1 32 2 2
1.4196204800374772 7.5551834067527865 	idx: 1 1 1 32 2 2
1.4196204800374772 7.479631572685259 	idx: 1 1 1 32 2 2
1.4196204800374772 7.404835256958406 	idx: 1 1 1 32 2 2
1.4196204800374772 7.330786904388821 	idx: 1 1 1 32 2 2
1.4196204800374772 7.257479035344933 	idx: 1 1 1 32 2 2
1.3863127148601149 7.1849042449914835 	idx: 0 1 1 64 64 16
1.3863127148601149 7.1130552025415685 	idx: 0 1 1 64 64 16
1.4196204800374772 7.041924650516153 	idx: 1 1 1 64 2 2
1.4196204800374772 6.971505404010991 	idx: 1 1 1 64 2 2
1.4196204800374772 6.901790349970882 	idx: 1 1 1 32 2 2
1.4196204800374772 6.832772446471173 	idx: 1 1 1 32 2 2
1.4196204800374772 6.764444722006462 	idx: 1 1 1 32 2 2
1.4196204800374772 6.696800274786397 	idx: 1 1 1 32 2 2
1.4196204800374772 6.6298322720385325 	idx: 1 1 1 32 2 2
1.412446731474001 6.563533949318147 	idx: 1 1 1 16 4 2
1.412446731474001 6.497898609824966 	idx: 1 1 1 16 4 2
1.412446731474001 6.432919623726716 	idx: 1 1 1 16 4 2
1.412446731474001 6.3685904274894485 	idx: 1 1 1 16 4 2
1.412446731474001 6.304904523214554 	idx: 1 1 1 16 4 2
1.412446731474001 6.2418554779824085 	idx: 1 1 1 16 4 2
1.412446731474001 6.1794369232025845 	idx: 1 1 1 16 4 2
1.412446731474001 6.117642553970558 	idx: 1 1 1 16 4 2
1.4146747351453637 6.056466128430853 	idx: 1 1 1 16 2 2
1.4146747351453637 5.9959014671465445 	idx: 1 1 1 16 2 2
1.4146747351453637 5.935942452475079 	idx: 1 1 1 16 2 2
1.4146747351453637 5.8765830279503275 	idx: 1 1 1 16 2 2
1.4146747351453637 5.817817197670824 	idx: 1 1 1 16 2 2
1.4146747351453637 5.759639025694116 	idx: 1 1 1 16 2 2
1.4146747351453637 5.7020426354371745 	idx: 1 1 1 16 2 2
1.4146747351453637 5.645022209082803 	idx: 1 1 1 16 2 2
1.3982900902469249 5.588571986991974 	idx: 1 1 1 8 2 4
1.3982900902469249 5.532686267122054 	idx: 1 1 1 8 2 4
1.3982900902469249 5.477359404450834 	idx: 1 1 1 8 2 4
1.3982900902469249 5.422585810406325 	idx: 1 1 1 8 2 4
1.3982900902469249 5.368359952302262 	idx: 1 1 1 8 2 4
1.3982900902469249 5.314676352779239 	idx: 1 1 1 8 2 4
1.3982900902469249 5.261529589251447 	idx: 1 1 1 8 2 4
1.3982900902469249 5.208914293358933 	idx: 1 1 1 8 2 4
1.3982900902469249 5.156825150425344 	idx: 1 1 1 8 2 4
1.371861253938425 5.10525689892109 	idx: 2 1 1 8 64 16
1.371861253938425 5.0542043299318795 	idx: 2 1 1 8 64 16
1.371861253938425 5.003662286632561 	idx: 2 1 1 8 64 16
1.371861253938425 4.953625663766235 	idx: 2 1 1 8 64 16
1.371861253938425 4.9040894071285726 	idx: 2 1 1 8 64 16
1.371861253938425 4.8550485130572865 	idx: 2 1 1 8 64 16
1.371861253938425 4.806498027926714 	idx: 2 1 1 8 64 16
1.345316209978429 4.758433047647447 	idx: 2 1 1 8 128 16
1.345316209978429 4.710848717170973 	idx: 2 1 1 8 128 16
1.345316209978429 4.663740229999263 	idx: 2 1 1 8 128 16
1.345316209978429 4.61710282769927 	idx: 2 1 1 8 128 16
1.3016249634069597 4.570931799422278 	idx: 2 1 1 16 256 32
1.3016249634069597 4.525222481428055 	idx: 2 1 1 16 256 32
1.3016249634069597 4.4799702566137745 	idx: 2 1 1 16 256 32
1.3016249634069597 4.4351705540476365 	idx: 2 1 1 16 256 32
1.22912612484579 4.39081884850716 	idx: 3 1 1 32 32 1024
1.22912612484579 4.346910660022088 	idx: 3 1 1 32 32 1024
1.22912612484579 4.303441553421867 	idx: 3 1 1 32 32 1024
1.3103568497396052 4.260407137887648 	idx: 3 1 1 64 32 512
1.3614817683298182 4.217803066508771 	idx: 3 1 1 64 16 256
1.3614817683298182 4.175625035843683 	idx: 3 1 1 64 16 256
1.3614817683298182 4.133868785485246 	idx: 3 1 1 64 16 256
1.3614817683298182 4.0925300976303935 	idx: 3 1 1 64 16 256
1.3786933649113668 4.05160479665409 	idx: 3 1 1 32 32 128
1.406581114006117 4.011088748687548 	idx: 1 1 1 16 8 16
1.406581114006117 3.970977861200673 	idx: 1 1 1 16 8 16
1.3920126966817377 3.9312680825886663 	idx: 1 1 1 8 16 16
1.3920126966817377 3.8919554017627798 	idx: 1 1 1 8 16 16
1.3920126966817377 3.853035847745152 	idx: 1 1 1 8 16 16
1.3920126966817377 3.8145054892677006 	idx: 1 1 1 8 16 16
1.3953908693144457 3.7763604343750234 	idx: 1 1 1 8 8 16
1.393083669786017 3.7385968300312733 	idx: 1 1 1 8 8 8
1.393083669786017 3.7012108617309605 	idx: 1 1 1 8 8 8
1.393083669786017 3.664198753113651 	idx: 1 1 1 8 8 8
1.393083669786017 3.6275567655825145 	idx: 1 1 1 8 8 8
1.407936792940331 3.591281197926689 	idx: 1 1 1 16 8 4
1.416979015117266 3.555368385947422 	idx: 1 1 1 32 4 4
1.4196204800374772 3.519814702087948 	idx: 1 1 1 64 2 2
1.4196204800374772 3.4846165550670687 	idx: 1 1 1 64 2 2
1.4173773366476243 3.449770389516398 	idx: 1 1 1 64 4 2
1.4173773366476243 3.415272685621234 	idx: 1 1 1 64 4 2
1.4126689898676188 3.3811199587650216 	idx: 1 1 1 32 8 4
1.4126689898676188 3.347308759177371 	idx: 1 1 1 32 8 4
1.4126689898676188 3.3138356715855974 	idx: 1 1 1 32 8 4
1.4126689898676188 3.2806973148697414 	idx: 1 1 1 32 8 4
1.4130635169638004 3.247890341721044 	idx: 1 1 1 64 8 2
1.4173773366476243 3.2154114383038332 	idx: 1 1 1 128 4 2
1.4173773366476243 3.183257323920795 	idx: 1 1 1 128 4 2
1.4192201877398964 3.1514247506815867 	idx: 1 1 1 128 2 4
1.4192201877398964 3.1199105031747707 	idx: 1 1 1 128 2 4
1.4192201877398964 3.088711398143023 	idx: 1 1 1 128 2 4
1.4196204800374772 3.0578242841615926 	idx: 1 1 1 128 2 2
1.4196204800374772 3.0272460413199767 	idx: 1 1 1 128 2 2
1.4196204800374772 2.996973580906777 	idx: 1 1 1 128 2 2
1.4196204800374772 2.967003845097709 	idx: 1 1 1 128 2 2
1.4196204800374772 2.9373338066467323 	idx: 1 1 1 128 2 2
1.416979015117266 2.907960468580265 	idx: 1 1 1 256 4 4
1.416979015117266 2.8788808638944623 	idx: 1 1 1 256 4 4
1.416979015117266 2.8500920552555176 	idx: 1 1 1 256 4 4
1.416979015117266 2.8215911347029623 	idx: 1 1 1 256 4 4
1.416979015117266 2.7933752233559326 	idx: 1 1 1 256 4 4
1.4118805962178023 2.765441471122373 	idx: 1 1 1 128 8 8
1.4118805962178023 2.7377870564111495 	idx: 1 1 1 128 8 8
1.4126689898676188 2.710409185847038 	idx: 1 1 1 64 8 4
1.4126689898676188 2.6833050939885674 	idx: 1 1 1 64 8 4
1.4126689898676188 2.656472043048682 	idx: 1 1 1 64 8 4
1.4126689898676188 2.629907322618195 	idx: 1 1 1 64 8 4
1.4126689898676188 2.603608249392013 	idx: 1 1 1 64 8 4
1.4126689898676188 2.577572166898093 	idx: 1 1 1 64 8 4
1.4126689898676188 2.551796445229112 	idx: 1 1 1 64 8 4
1.4126689898676188 2.526278480776821 	idx: 1 1 1 64 8 4
1.4126689898676188 2.501015695969053 	idx: 1 1 1 64 8 4
1.4161830433142817 2.4760055390093623 	idx: 1 1 1 128 4 8
1.4161830433142817 2.4512454836192688 	idx: 1 1 1 128 4 8
1.4161830433142817 2.426733028783076 	idx: 1 1 1 128 4 8
1.4161830433142817 2.402465698495245 	idx: 1 1 1 128 4 8
1.410306445933137 2.3784410415102926 	idx: 1 1 1 64 8 16
1.406861239634334 2.3546566310951897 	idx: 1 1 1 64 16 16
1.406861239634334 2.3311100647842378 	idx: 1 1 1 64 16 16
1.406861239634334 2.307798964136395 	idx: 1 1 1 64 16 16
1.406861239634334 2.2847209744950314 	idx: 4 1 1 128 16 16
1.406861239634334 2.261873764750081 	idx: 4 1 1 128 16 16
1.406861239634334 2.23925502710258 	idx: 4 1 1 128 16 16
1.406861239634334 2.2168624768315546 	idx: 4 1 1 128 16 16
1.406861239634334 2.194693852063239 	idx: 4 1 1 128 16 16
1.406861239634334 2.1727469135426065 	idx: 4 1 1 128 16 16
1.406861239634334 2.1510194444071806 	idx: 4 1 1 128 16 16
1.406861239634334 2.129509249963109 	idx: 4 1 1 128 16 16
1.406861239634334 2.108214157463478 	idx: 4 1 1 64 16 16
1.410306445933137 2.087132015888843 	idx: 4 1 1 64 8 16
1.410306445933137 2.0662606957299547 	idx: 4 1 1 64 8 16
1.410306445933137 2.045598088772655 	idx: 4 1 1 64 8 16
1.410306445933137 2.0251421078849283 	idx: 4 1 1 64 8 16
1.410306445933137 2.004890686806079 	idx: 4 1 1 64 8 16
1.40920975413844 1.9848417799380185 	idx: 0 1 1 32 16 4
1.407168652353979 1.9649933621386382 	idx: 4 1 1 64 8 32
1.407168652353979 1.9453434285172517 	idx: 4 1 1 64 8 32
1.406861239634334 1.9258899942320793 	idx: 1 1 1 32 16 16
1.4114259287938733 1.9066310942897584 	idx: 4 1 1 32 4 32
1.4114259287938733 1.8875647833468607 	idx: 4 1 1 32 4 32
1.4114259287938733 1.868689135513392 	idx: 4 1 1 64 4 32
1.4114259287938733 1.8500022441582582 	idx: 4 1 1 64 4 32
1.4114259287938733 1.8315022217166756 	idx: 4 1 1 64 4 32
1.4114259287938733 1.8131871994995088 	idx: 4 1 1 64 4 32
1.4114259287938733 1.7950553275045138 	idx: 4 1 1 64 4 32
1.410306445933137 1.7771047742294686 	idx: 4 1 1 32 8 16
1.410306445933137 1.7593337264871738 	idx: 4 1 1 32 8 16
1.4114259287938733 1.741740389222302 	idx: 4 1 1 32 4 32
1.4037420365743813 1.724322985330079 	idx: 1 1 1 64 16 32
1.4037420365743813 1.7070797554767783 	idx: 1 1 1 64 16 32
1.4037420365743813 1.6900089579220106 	idx: 1 1 1 64 16 32
1.4037420365743813 1.6731088683427904 	idx: 1 1 1 64 16 32
1.4037420365743813 1.6563777796593624 	idx: 1 1 1 64 16 32
1.4037420365743813 1.6398140018627687 	idx: 1 1 1 64 16 32
1.4037420365743813 1.623415861844141 	idx: 1 1 1 32 16 32
1.4026444934759117 1.6071817032256996 	idx: 4 1 1 16 4 64
1.40920975413844 1.5911098861934427 	idx: 0 1 1 32 16 4
1.40920975413844 1.5751987873315083 	idx: 0 1 1 32 16 4
1.40920975413844 1.5594467994581933 	idx: 0 1 1 32 16 4
1.40920975413844 1.5438523314636114 	idx: 0 1 1 32 16 4
1.40920975413844 1.5284138081489753 	idx: 0 1 1 32 16 4
1.40920975413844 1.5131296700674854 	idx: 0 1 1 32 16 4
1.40920975413844 1.4979983733668105 	idx: 0 1 1 32 16 4
1.40920975413844 1.4830183896331424 	idx: 0 1 1 32 16 4
1.40920975413844 1.468188205736811 	idx: 0 1 1 32 16 4
1.40920975413844 1.4535063236794428 	idx: 0 1 1 32 16 4
1.4118805962178023 1.4389712604426483 	idx: 1 1 1 32 8 8
1.4118805962178023 1.4245815478382218 	idx: 1 1 1 32 8 8
1.4118805962178023 1.4103357323598396 	idx: 1 1 1 32 8 8
1.40920975413844 1.396232375036241 	idx: 0 1 1 32 16 4
1.40920975413844 1.3822700512858788 	idx: 0 1 1 32 16 4
1.40920975413844 1.36844735077302 	idx: 0 1 1 32 16 4
1.40920975413844 1.3547628772652898 	idx: 0 1 1 32 16 4
1.40920975413844 1.341215248492637 	idx: 0 1 1 32 16 4
1.40920975413844 1.3278030960077105 	idx: 0 1 1 32 16 4
1.4026964049482344 1.3145250650476334 	idx: 1 1 1 32 32 2
1.4026964049482344 1.301379814397157 	idx: 1 1 1 32 32 2
1.4084260452451882 1.2883660162531856 	idx: 0 1 1 64 16 8
1.4084260452451882 1.2754823560906536 	idx: 0 1 1 64 16 8
1.4084260452451882 1.2627275325297471 	idx: 0 1 1 64 16 8
1.4084260452451882 1.2501002572044497 	idx: 0 1 1 64 16 8
1.4084260452451882 1.2375992546324053 	idx: 0 1 1 64 16 8
1.4084260452451882 1.2252232620860812 	idx: 0 1 1 64 16 8
1.410306445933137 1.2129710294652205 	idx: 0 1 1 32 8 16
1.410306445933137 1.2008413191705682 	idx: 0 1 1 32 8 16
1.410306445933137 1.1888329059788625 	idx: 0 1 1 32 8 16
1.4114259287938733 1.1769445769190738 	idx: 0 1 1 64 4 32
1.4136397052733185 1.165175131149883 	idx: 0 1 1 128 2 32
1.4145937794661656 1.1535233798383842 	idx: 0 1 1 64 4 16
1.4145937794661656 1.1419881460400003 	idx: 0 1 1 64 4 16
1.4118805962178023 1.1305682645796002 	idx: 0 1 1 32 8 8
1.407936792940331 1.1192625819338042 	idx: 0 1 1 16 8 4
1.407936792940331 1.1080699561144662 	idx: 0 1 1 16 8 4
1.407936792940331 1.0969892565533215 	idx: 0 1 1 16 8 4
1.4161830433142817 1.0860193639877882 	idx: 0 1 1 32 4 8
1.4161830433142817 1.0751591703479102 	idx: 0 1 1 32 4 8
1.4161830433142817 1.0644075786444311 	idx: 0 1 1 32 4 8
1.4161830433142817 1.0537635028579868 	idx: 0 1 1 32 4 8
1.4161830433142817 1.0432258678294068 	idx: 2 1 1 32 4 8
1.4126689898676188 1.0327936091511127 	idx: 0 1 1 32 8 4
1.4173773366476243 1.0224656730596016 	idx: 0 1 1 32 4 2
1.4173773366476243 1.0122410163290056 	idx: 0 1 1 32 4 2
1.4173773366476243 1.0021186061657157 	idx: 0 1 1 32 4 2
###### ACC Parameters ######
cim type:    FPCIM
bus_width:   25.6
macros_row:  1
macros_col:  1
scr:         32
is_size:     4
os_size:     2
best=1.4173773366476243, area=473137.20299864 459
gpt2_large_sl8_FPCIM@ISSCC23_ee_running end at 1757779160.9736784
61.52510706455126 100 	idx: 4 3 2 2 128 128
31.613312457344733 99.0 	idx: 3 2 1 4 128 128
61.64340721170311 98.01 	idx: 3 3 2 8 128 64
61.91132917783549 97.0299 	idx: 4 4 2 2 256 64
61.64340721170311 96.059601 	idx: 3 3 2 8 128 256
62.287646581898 95.09900499 	idx: 4 2 2 8 128 256
83.51952377953592 94.1480149401 	idx: 4 3 3 8 256 512
82.04850086245281 93.206534790699 	idx: 0 5 3 2 256 8
60.79171642457184 92.27446944279201 	idx: 0 5 2 4 512 8
60.79545649202679 91.35172474836409 	idx: 0 5 2 4 1024 16
83.83587877053803 90.43820750088045 	idx: 0 4 3 2 1024 16
61.8690708563207 89.53382542587164 	idx: 0 4 2 2 2048 8
71.0465916876482 88.63848717161292 	idx: 3 5 3 2 128 256
45.283662287204315 87.75210229989679 	idx: 1 3 3 8 32 1024
59.070644937456635 86.87458127689783 	idx: 4 1 2 2 32 128
52.725985319595914 86.00583546412885 	idx: 1 1 3 8 16 512
59.070644937456635 85.14577710948755 	idx: 4 1 2 2 32 128
64.88128121942428 84.29431933839268 	idx: 4 1 3 4 32 128
59.28857266549965 83.45137614500875 	idx: 2 1 2 4 32 512
59.127057537126596 82.61686238355867 	idx: 3 2 2 2 64 32
62.02516590197507 81.79069375972308 	idx: 4 1 2 2 64 512
84.29314243660936 80.97278682212585 	idx: 4 2 3 2 128 1024
84.45587269241598 80.1630589539046 	idx: 4 2 3 4 128 1024
62.287646581898 79.36142836436555 	idx: 4 2 2 8 256 1024
84.57492683188786 78.56781408072189 	idx: 4 2 3 16 512 1024
84.8666037990031 77.78213593991467 	idx: 2 1 3 32 64 1024
82.19677278090971 77.00431458051553 	idx: 3 5 3 8 512 64
84.57492683188786 76.23427143471037 	idx: 4 2 3 16 512 256
84.82660741937656 75.47192872036327 	idx: 4 1 3 16 1024 128
61.848874140326245 74.71720943315964 	idx: 0 4 2 2 1024 2
60.82502655209037 73.97003733882804 	idx: 4 1 4 4 2048 64
84.54406812216965 73.23033696543976 	idx: 4 1 3 4 2048 32
62.287646581898 72.49803359578536 	idx: 4 2 2 8 4096 32
62.371517395695136 71.7730532598275 	idx: 0 1 2 8 256 4
62.01783850833842 71.05532272722922 	idx: 4 4 2 16 1024 32
62.44570884796099 70.34476949995693 	idx: 0 1 2 16 256 4
84.65171013567706 69.64132180495736 	idx: 0 1 3 8 512 4
84.34957488116757 68.94490858690779 	idx: 0 2 3 4 1024 2
80.4979395209466 68.25545950103871 	idx: 3 6 3 2 256 256
79.26278970281084 67.57290490602833 	idx: 3 7 3 2 512 256
80.54631352166881 66.89717585696805 	idx: 3 6 3 4 512 128
60.75258333453881 66.22820409839836 	idx: 3 5 2 2 256 128
83.8725731346463 65.56592205741438 	idx: 3 4 3 2 512 64
62.5014683705056 64.91026283684023 	idx: 4 1 2 256 1024 512
83.95710618335325 64.26116020847184 	idx: 0 1 3 2 512 8
84.90091644204851 63.618548606387115 	idx: 4 1 3 256 256 256
84.90091644204851 62.98236312032324 	idx: 4 1 3 256 256 256
83.54437589775851 62.35253948912001 	idx: 3 3 3 16 512 64
62.503328736270824 61.72901409422881 	idx: 4 1 2 512 256 256
62.503328736270824 61.11172395328652 	idx: 4 1 2 512 512 512
83.54437589775851 60.500606713753655 	idx: 3 3 3 16 256 64
84.57492683188786 59.89560064661612 	idx: 3 2 3 16 128 128
60.82502655209037 59.29664464014996 	idx: 2 1 4 4 64 1024
60.698437168789624 58.70367819374846 	idx: 2 2 4 8 128 512
66.99543767480937 58.116641411810974 	idx: 2 3 3 16 64 256
44.137436242363094 57.535474997692866 	idx: 3 1 6 8 128 64
62.49030850114076 56.960120247715935 	idx: 4 1 2 64 512 64
84.88440001987485 56.390519045238776 	idx: 4 1 3 64 256 32
84.38078622507153 55.82661385478639 	idx: 0 2 3 4 2048 8
62.21256282554635 55.26834771623852 	idx: 0 2 2 4 2048 8
61.600610173469185 54.71566423907614 	idx: 0 3 2 4 1024 16
83.86098931544643 54.16850759668538 	idx: 0 4 3 2 2048 32
83.334808860771 53.62682252071853 	idx: 0 3 3 2 1024 32
84.43655804625674 53.09055429551134 	idx: 0 2 3 4 2048 32
59.79448531156566 52.55964875255623 	idx: 0 3 4 8 1024 64
59.81208461509247 52.03405226503067 	idx: 0 3 4 16 2048 32
84.02506554404685 51.51371174238036 	idx: 0 4 3 32 1024 16
82.20729793654678 50.998574624956554 	idx: 0 5 3 16 1024 8
59.76271926079821 50.488588878706985 	idx: 0 6 2 16 512 8
59.46963339170494 49.98370298991991 	idx: 4 4 3 16 64 64
44.169001444336935 49.483865960020715 	idx: 4 4 4 8 64 64
83.32068683889442 48.98902730042051 	idx: 4 3 3 4 128 128
61.64340721170311 48.4991370274163 	idx: 4 3 2 8 128 64
31.35151491022017 48.01414565714214 	idx: 4 3 1 8 128 128
26.552112486090973 47.53400420057071 	idx: 4 3 1 16 64 256
51.06066629787458 47.05866415856501 	idx: 4 3 2 16 64 512
83.40121203295193 46.58807751697936 	idx: 4 3 3 32 128 512
62.01783850833842 46.12219674180957 	idx: 4 4 2 16 256 256
59.39814064002716 45.66097477439147 	idx: 1 1 2 8 32 64
62.01783850833842 45.20436502664755 	idx: 4 4 2 16 256 512
62.339422486987154 44.752321376381076 	idx: 0 2 2 64 128 8
77.50455826084817 44.30479816261727 	idx: 4 4 3 16 128 128
59.82174024518788 43.861750180991095 	idx: 4 3 4 32 128 256
84.57492683188786 43.42313267918119 	idx: 4 2 3 16 256 256
84.59480182896124 42.98890135238938 	idx: 4 2 3 32 256 128
84.57492683188786 42.559012338865486 	idx: 4 2 3 16 256 256
83.55857385398981 42.133422215476834 	idx: 4 3 3 32 512 512
61.9906430720048 41.712087993322065 	idx: 0 2 2 2 256 4
62.339422486987154 41.29496711338884 	idx: 4 2 2 64 128 256
61.84136068412147 40.882017442254956 	idx: 0 1 2 2 128 8
84.07987700962552 40.473197267832404 	idx: 0 1 3 2 256 16
77.59811783255115 40.06846529515408 	idx: 2 2 3 8 64 1024
84.43224352691847 39.66778064220254 	idx: 0 1 3 4 128 8
84.6090039755023 39.27110283578051 	idx: 4 2 3 128 256 512
84.5135862342482 38.8783918074227 	idx: 0 2 3 8 128 16
83.39237976099467 38.48960788934848 	idx: 2 3 3 16 128 1024
84.41152583195641 38.104711810454994 	idx: 0 2 3 4 256 16
83.35913751552734 37.72366469235045 	idx: 0 3 3 8 128 32
84.82660741937656 37.34642804542694 	idx: 2 1 3 16 512 512
62.38634157935392 36.97296376497267 	idx: 2 1 2 8 256 512
60.72652258574486 36.60323412732294 	idx: 0 2 4 16 128 32
42.152775547347574 36.23720178604971 	idx: 0 2 5 8 256 64
62.287646581898 35.874829768189215 	idx: 2 2 2 8 128 256
62.4977479711899 35.516081470507324 	idx: 4 1 2 128 1024 256
59.063998949914684 35.16092065580225 	idx: 2 4 2 16 128 512
40.248648320563255 34.80931144924423 	idx: 0 4 6 2 128 16
59.05071146022759 34.461218334751784 	idx: 2 4 2 8 128 256
52.763191011330065 34.11660615140427 	idx: 2 5 3 8 64 512
61.679620110637885 33.775440089890225 	idx: 4 3 2 128 1024 64
84.60474283085829 33.43768568899132 	idx: 4 2 3 64 512 128
61.049016377555965 33.10330883210141 	idx: 4 1 4 128 256 256
42.40495290599542 32.7722757437804 	idx: 4 1 5 128 512 128
59.43050134315721 32.44455298634259 	idx: 2 4 3 4 64 128
57.96167530102365 32.12010745647917 	idx: 0 2 3 8 32 32
62.25271567942013 31.798906381914374 	idx: 0 1 2 4 64 16
44.208986855863635 31.48091731809523 	idx: 4 1 6 64 256 32
42.18686140674257 31.16610814491428 	idx: 4 2 5 64 128 32
44.21410649176554 30.854447063465138 	idx: 4 1 6 128 128 64
42.40730792791701 30.545902592830487 	idx: 4 1 5 256 128 64
44.21410649176554 30.240443566902183 	idx: 4 1 6 128 128 32
44.21410649176554 29.93803913123316 	idx: 4 1 6 128 128 32
42.40730792791701 29.638658739920828 	idx: 4 1 5 256 128 64
61.049016377555965 29.34227215252162 	idx: 4 1 4 128 256 64
60.74760371063239 29.048849430996402 	idx: 4 2 4 64 512 128
83.55808896615127 28.758360936686437 	idx: 4 3 3 32 512 64
84.01631074435275 28.47077732731957 	idx: 4 4 3 16 512 64
84.01715112595942 28.186069554046373 	idx: 4 4 3 16 256 128
82.1981804481356 27.90420885850591 	idx: 4 5 3 8 512 128
80.58263219328121 27.625166769920853 	idx: 4 6 3 16 256 256
83.94892488566734 27.348915102221643 	idx: 2 4 3 4 512 32
82.16735686755317 27.075425951199424 	idx: 4 5 3 4 256 512
77.45405365529791 26.804671691687428 	idx: 4 4 3 4 128 1024
49.74100071852127 26.536624974770554 	idx: 4 3 4 4 64 1024
84.29314243660936 26.271258725022847 	idx: 4 2 3 2 128 1024
66.85164737499768 26.00854613777262 	idx: 4 3 3 2 64 1024
52.32548268801887 25.748460676394892 	idx: 2 5 4 2 128 8
44.10962203643798 25.490976069630943 	idx: 2 4 4 2 64 8
44.05225028670527 25.23606630893463 	idx: 3 1 6 4 2048 64
57.18641202161858 24.983705645845284 	idx: 2 6 4 4 256 4
76.81982306064837 24.73386858938683 	idx: 2 7 3 4 256 2
58.938766918067024 24.48652990349296 	idx: 2 7 2 4 512 2
46.63297061218447 24.24166460445803 	idx: 3 1 8 8 512 256
58.938766918067024 23.99924795841345 	idx: 2 7 2 4 2048 2
84.53520484158828 23.759255478829314 	idx: 4 2 3 8 128 256
58.870675859104324 23.52166292404102 	idx: 2 7 2 2 2048 8
80.44878885083499 23.28644629480061 	idx: 2 6 3 2 1024 8
58.154533537654856 23.053581831852604 	idx: 1 1 4 256 32 32
84.90012980001028 22.82304601353408 	idx: 1 1 3 256 64 16
84.89319367847264 22.59481555339874 	idx: 1 1 3 128 128 8
62.5014683705056 22.36886739786475 	idx: 1 1 2 256 256 16
62.503328736270824 22.145178723886104 	idx: 1 1 2 512 128 16
62.344975011133656 21.923726936647242 	idx: 1 2 2 256 256 16
84.53520484158828 21.704489667280768 	idx: 3 2 3 8 2048 512
61.64340721170311 21.48744477060796 	idx: 3 3 2 8 1024 256
61.679620110637885 21.27257032290188 	idx: 1 3 2 128 512 8
60.79817016235466 21.059844619672862 	idx: 2 5 2 4 256 128
61.67237412748294 20.849246173476132 	idx: 1 3 2 32 512 4
62.31722227717875 20.64075371174137 	idx: 1 2 2 16 512 4
84.789786970581 20.434346174623958 	idx: 1 1 3 16 512 8
84.85588678514603 20.230002712877717 	idx: 1 1 3 32 512 16
84.556976382286 20.027702685748938 	idx: 1 2 3 16 1024 8
84.84381552509724 19.82742565889145 	idx: 1 1 3 32 2048 4
84.87575112500336 19.629151402302536 	idx: 1 1 3 64 1024 4
84.84381552509724 19.43285988827951 	idx: 1 1 3 32 512 4
84.77980243856486 19.238531289396715 	idx: 1 1 3 16 1024 4
62.28245063005803 19.046145976502746 	idx: 1 2 2 8 2048 8
62.108330868579316 18.855684516737718 	idx: 3 2 2 2 512 512
84.58287570993166 18.66712767157034 	idx: 3 1 3 4 256 256
62.38634157935392 18.480456394854638 	idx: 3 1 2 8 256 128
84.53520484158828 18.295651830906092 	idx: 3 2 3 8 128 128
84.74672765184637 18.11269531259703 	idx: 3 1 3 8 64 128
84.74672765184637 17.931568359471058 	idx: 3 1 3 8 64 128
84.82275261845975 17.752252675876345 	idx: 3 1 3 16 64 64
84.5702433711851 17.57473014911758 	idx: 3 2 3 16 128 32
59.79448531156566 17.398982847626407 	idx: 3 3 4 8 256 32
60.64234419822491 17.22499301915014 	idx: 3 2 4 4 256 32
60.591016639415216 17.05274308895864 	idx: 3 1 4 2 512 64
84.29314243660936 16.882215658069054 	idx: 3 2 3 2 1024 128
60.64234419822491 16.713393501488362 	idx: 3 2 4 4 1024 128
83.46281391389601 16.546259566473477 	idx: 3 3 3 4 2048 64
59.68090720047747 16.380796970808742 	idx: 3 3 4 2 1024 128
83.34996952759923 16.216989001100654 	idx: 3 3 3 2 2048 64
62.22857933105478 16.054819111089646 	idx: 3 2 2 4 4096 32
84.73903291219268 15.89427091997875 	idx: 3 1 3 8 4096 64
60.9427106510593 15.735328210778961 	idx: 3 1 4 8 2048 128
57.86607388900116 15.577974928671171 	idx: 4 2 4 8 64 256
44.47835971588743 15.42219517938446 	idx: 4 2 4 16 32 512
60.82502655209037 15.267973227590614 	idx: 3 1 4 4 2048 256
84.58287570993166 15.115293495314708 	idx: 3 1 3 4 2048 512
62.22857933105478 14.96414056036156 	idx: 3 2 2 4 2048 1024
34.410861330136036 14.814499154757945 	idx: 1 1 7 2 128 32
62.44570884796099 14.666354163210364 	idx: 4 1 2 16 64 256
62.02516590197507 14.519690621578262 	idx: 3 1 2 2 1024 512
34.54369884984989 14.374493715362478 	idx: 1 1 7 4 64 64
62.265483226916004 14.230748778208852 	idx: 3 1 2 4 512 512
84.58287570993166 14.088441290426763 	idx: 3 1 3 4 1024 256
84.29314243660936 13.947556877522496 	idx: 3 2 3 2 1024 128
84.53520484158828 13.808081308747271 	idx: 4 2 3 8 128 512
84.58287570993166 13.670000495659798 	idx: 3 1 3 4 1024 256
62.108330868579316 13.5333004907032 	idx: 3 2 2 2 1024 256
84.45587269241598 13.397967485796167 	idx: 3 2 3 4 512 128
84.58287570993166 13.263987810938206 	idx: 3 1 3 4 1024 256
84.45587269241598 13.131347932828824 	idx: 3 2 3 4 2048 512
83.36010268421296 13.000034453500536 	idx: 3 3 3 2 1024 1024
84.54406812216965 12.87003410896553 	idx: 4 1 3 4 256 32
62.287646581898 12.741333767875876 	idx: 4 2 2 8 128 32
83.46779023239792 12.613920430197117 	idx: 3 3 3 4 2048 512
83.46779023239792 12.487781225895146 	idx: 3 3 3 4 2048 512
84.60474283085829 12.362903413636195 	idx: 4 2 3 64 256 256
60.74057504290646 12.239274379499832 	idx: 4 2 4 32 128 128
84.53520484158828 12.116881635704834 	idx: 3 2 3 8 2048 512
60.64234419822491 11.995712819347785 	idx: 3 2 4 4 2048 512
84.45587269241598 11.875755691154307 	idx: 3 2 3 4 1024 1024
84.74672765184637 11.756998134242764 	idx: 3 1 3 8 2048 512
84.58287570993166 11.639428152900336 	idx: 3 1 3 4 2048 512
84.60474283085829 11.523033871371332 	idx: 4 2 3 64 256 256
84.88661613609567 11.407803532657619 	idx: 4 1 3 64 256 128
84.59480182896124 11.293725497331042 	idx: 3 2 3 32 256 256
83.55857385398981 11.180788242357732 	idx: 3 3 3 32 256 128
61.02772557301455 11.068980359934155 	idx: 4 1 4 32 256 512
84.60474283085829 10.958290556334813 	idx: 4 2 3 64 256 512
61.049016377555965 10.848707650771464 	idx: 4 1 4 128 512 1024
84.89662584438118 10.74022057426375 	idx: 4 1 3 128 256 512
77.50384311361407 10.632818368521113 	idx: 3 4 3 16 128 64
84.6090039755023 10.526490184835902 	idx: 4 2 3 128 512 256
84.88661613609567 10.421225282987542 	idx: 4 1 3 64 1024 256
62.475434873157866 10.317013030157668 	idx: 4 1 2 32 2048 256
84.82660741937656 10.213842899856092 	idx: 4 1 3 16 2048 512
84.82660741937656 10.11170447085753 	idx: 4 1 3 16 1024 512
84.82660741937656 10.010587426148955 	idx: 4 1 3 16 1024 512
84.82660741937656 9.910481551887466 	idx: 4 1 3 16 1024 512
84.82660741937656 9.811376736368592 	idx: 4 1 3 16 2048 256
84.65171013567706 9.713262969004907 	idx: 0 1 3 8 128 4
84.36129408082063 9.616130339314857 	idx: 0 2 3 4 128 4
84.48872079611598 9.519969035921708 	idx: 0 2 3 8 256 4
84.3930087202609 9.42476934556249 	idx: 0 1 3 4 128 4
62.371517395695136 9.330521652106865 	idx: 0 1 2 8 128 4
84.4826306410813 9.237216435585797 	idx: 0 2 3 8 128 2
84.36129408082063 9.144844271229939 	idx: 0 2 3 4 128 4
61.790711503400516 9.053395828517639 	idx: 0 1 2 2 64 4
44.178293921288116 8.962861870232462 	idx: 4 1 6 16 256 64
42.37051385525962 8.873233251530138 	idx: 4 1 5 16 512 64
61.58751170105902 8.784500919014837 	idx: 0 3 2 4 128 2
45.14905755034759 8.696655909824688 	idx: 0 4 2 4 64 4
40.05180322657554 8.609689350726441 	idx: 3 5 2 16 64 1024
46.67443135511595 8.523592457219177 	idx: 4 1 8 16 512 128
60.820915840389276 8.438356532646985 	idx: 3 5 2 8 256 1024
54.129174032870274 8.353972967320516 	idx: 3 5 2 4 128 1024
77.48501565161774 8.27043323764731 	idx: 3 4 3 8 128 1024
62.00318891360406 8.187728905270838 	idx: 3 4 2 8 256 512
60.79817016235466 8.105851616218128 	idx: 3 5 2 4 256 512
80.57052233079244 8.024793100055946 	idx: 3 6 3 8 256 512
71.09770838153388 7.944545169055387 	idx: 3 5 3 4 128 256
71.09770838153388 7.865099717364833 	idx: 3 5 3 4 128 256
83.9975466012427 7.786448720191185 	idx: 3 4 3 8 256 256
59.02415440832006 7.708584232989273 	idx: 3 4 2 4 128 512
59.02415440832006 7.63149839065938 	idx: 3 4 2 4 128 512
59.05071146022759 7.5551834067527865 	idx: 3 4 2 8 128 256
61.604977569156674 7.479631572685259 	idx: 3 3 2 4 256 256
61.915436479075346 7.404835256958406 	idx: 3 4 2 2 256 128
82.10738421234417 7.330786904388821 	idx: 3 5 3 2 256 128
83.95458869115146 7.257479035344933 	idx: 3 4 3 4 512 64
82.10143188662201 7.1849042449914835 	idx: 3 5 3 2 1024 64
58.577400877780256 7.1130552025415685 	idx: 3 5 4 4 1024 64
60.13294897004639 7.041924650516153 	idx: 3 4 4 8 1024 32
59.81208461509247 6.971505404010991 	idx: 3 3 4 16 1024 16
59.81208461509247 6.901790349970882 	idx: 3 3 4 16 2048 8
42.17138185516752 6.832772446471173 	idx: 3 2 5 16 1024 8
43.96163958164325 6.764444722006462 	idx: 4 2 6 16 128 16
60.63544929588564 6.696800274786397 	idx: 3 2 4 4 256 4
41.426094061393776 6.6298322720385325 	idx: 3 3 5 2 128 4
46.23594862385321 6.563533949318147 	idx: 4 2 8 8 256 64
35.336390382355496 6.497898609824966 	idx: 3 3 6 4 64 16
43.94163109288245 6.432919623726716 	idx: 3 2 6 8 128 32
43.2590883496079 6.3685904274894485 	idx: 4 3 6 8 512 32
43.900177265580425 6.304904523214554 	idx: 4 2 6 4 256 16
41.74269244642825 6.2418554779824085 	idx: 3 4 5 8 256 16
41.510595677385346 6.1794369232025845 	idx: 3 3 5 8 256 8
46.23594862385321 6.117642553970558 	idx: 4 2 8 8 256 8
34.46418465081864 6.056466128430853 	idx: 4 2 7 16 256 16
46.19526288773191 5.9959014671465445 	idx: 3 2 8 4 512 8
46.61882173594512 5.935942452475079 	idx: 3 1 9 8 1024 8
46.67443135511595 5.8765830279503275 	idx: 3 1 8 16 1024 4
46.69518938551627 5.817817197670824 	idx: 3 1 8 32 1024 4
46.69518938551627 5.759639025694116 	idx: 3 1 8 32 1024 4
46.10735563199883 5.7020426354371745 	idx: 4 2 8 2 128 64
46.69518938551627 5.645022209082803 	idx: 3 1 8 32 1024 2
46.67443135511595 5.588571986991974 	idx: 3 1 8 16 512 4
46.66025731236714 5.532686267122054 	idx: 3 1 9 16 1024 8
46.63297061218447 5.477359404450834 	idx: 3 1 8 8 1024 16
46.23594862385321 5.422585810406325 	idx: 3 2 8 8 512 8
46.25631837873559 5.368359952302262 	idx: 3 2 8 16 1024 8
46.63297061218447 5.314676352779239 	idx: 3 1 8 8 2048 16
46.19526288773191 5.261529589251447 	idx: 3 2 8 4 1024 8
57.99295645394682 5.208914293358933 	idx: 1 2 3 16 32 8
33.90036703906462 5.156825150425344 	idx: 3 3 7 8 256 8
34.41529080326294 5.10525689892109 	idx: 3 2 7 4 128 8
44.13378362816611 5.0542043299318795 	idx: 3 1 6 8 128 4
44.17616404998847 5.003662286632561 	idx: 3 1 6 16 256 2
43.96083429066888 4.953625663766235 	idx: 3 2 6 16 256 2
43.25765881447651 4.9040894071285726 	idx: 3 3 6 8 512 2
34.44738858483724 4.8550485130572865 	idx: 3 2 7 8 512 4
46.23594862385321 4.806498027926714 	idx: 3 2 8 8 1024 8
46.63297061218447 4.758433047647447 	idx: 3 1 8 8 1024 8
45.357102743178054 4.710848717170973 	idx: 0 1 2 8 16 32
34.64218024219949 4.663740229999263 	idx: 3 1 7 16 256 16
35.3664449122807 4.61710282769927 	idx: 1 3 6 16 64 128
43.27121534943244 4.570931799422278 	idx: 3 3 6 16 256 4
43.97149719971417 4.525222481428055 	idx: 3 2 6 32 128 2
40.70210532096696 4.4799702566137745 	idx: 3 2 6 64 64 4
45.31534045950884 4.4351705540476365 	idx: 0 2 2 8 32 8
44.21389314992901 4.39081884850716 	idx: 3 1 6 128 64 2
45.3414328693374 4.346910660022088 	idx: 0 2 2 32 32 4
44.624551958631436 4.303441553421867 	idx: 2 1 4 64 16 64
61.66301725192708 4.260407137887648 	idx: 0 3 2 16 128 4
42.181988623618544 4.217803066508771 	idx: 1 2 5 32 256 128
42.172246433568304 4.175625035843683 	idx: 1 2 5 16 512 128
59.82174024518788 4.133868785485246 	idx: 1 3 4 32 512 256
83.54555310578054 4.0925300976303935 	idx: 1 3 3 16 256 512
62.21256282554635 4.05160479665409 	idx: 0 2 2 4 128 8
66.96472595413458 4.011088748687548 	idx: 0 3 3 8 64 16
61.66301725192708 3.970977861200673 	idx: 1 3 2 16 512 256
83.54555310578054 3.9312680825886663 	idx: 1 3 3 16 256 128
62.287646581898 3.8919554017627798 	idx: 1 2 2 8 128 256
62.287646581898 3.853035847745152 	idx: 1 2 2 8 128 256
61.64340721170311 3.8145054892677006 	idx: 1 3 2 8 128 256
62.287646581898 3.7763604343750234 	idx: 1 2 2 8 256 128
61.66301725192708 3.7385968300312733 	idx: 1 3 2 16 128 128
61.66301725192708 3.7012108617309605 	idx: 1 3 2 16 128 128
51.0649087467728 3.664198753113651 	idx: 1 3 2 32 64 256
77.6490498245095 3.6275567655825145 	idx: 1 2 3 32 64 512
65.06892526984456 3.591281197926689 	idx: 1 1 3 16 32 512
65.06892526984456 3.555368385947422 	idx: 1 1 3 16 32 512
77.6490498245095 3.519814702087948 	idx: 1 2 3 32 64 512
57.891598816372294 3.4846165550670687 	idx: 1 2 4 32 64 1024
42.172246433568304 3.449770389516398 	idx: 1 2 5 16 128 1024
66.91546802948163 3.415272685621234 	idx: 4 3 3 4 64 8
60.63544929588564 3.3811199587650216 	idx: 4 2 4 4 128 4
60.74057504290646 3.347308759177371 	idx: 0 2 4 32 256 2
83.56238388283369 3.3138356715855974 	idx: 0 3 3 64 512 2
83.56238388283369 3.2806973148697414 	idx: 0 3 3 64 512 2
84.58379844434319 3.247890341721044 	idx: 0 2 3 32 256 4
61.67237412748294 3.2154114383038332 	idx: 0 3 2 32 128 8
83.38348037938295 3.183257323920795 	idx: 0 3 3 16 128 4
83.38520491735468 3.1514247506815867 	idx: 0 3 3 16 128 8
83.97963046897912 3.1199105031747707 	idx: 0 4 3 8 256 8
59.81208461509247 3.088711398143023 	idx: 0 3 4 16 256 8
84.02359461018543 3.0578242841615926 	idx: 0 4 3 32 256 8
83.39693366760163 3.0272460413199767 	idx: 0 3 3 32 128 4
83.39693366760163 2.996973580906777 	idx: 0 3 3 32 128 4
84.58649578344647 2.967003845097709 	idx: 0 2 3 32 128 8
84.58649578344647 2.9373338066467323 	idx: 0 2 3 32 128 8
60.74760371063239 2.907960468580265 	idx: 0 2 4 64 128 8
60.74057504290646 2.8788808638944623 	idx: 0 2 4 32 128 16
59.81208461509247 2.8500920552555176 	idx: 0 3 4 16 256 16
77.5084918065563 2.8215911347029623 	idx: 0 4 3 32 128 8
54.15814201402173 2.7933752233559326 	idx: 0 5 2 16 128 4
43.17725596633357 2.765441471122373 	idx: 4 3 6 2 256 32
61.67237412748294 2.7377870564111495 	idx: 0 3 2 32 128 4
51.06066629787458 2.710409185847038 	idx: 0 3 2 16 64 2
62.265483226916004 2.6833050939885674 	idx: 3 1 2 4 64 512
83.46779023239792 2.656472043048682 	idx: 4 3 3 4 256 128
83.46779023239792 2.629907322618195 	idx: 4 3 3 4 256 128
77.39125307125308 2.603608249392013 	idx: 3 2 3 2 64 1024
83.32068683889442 2.577572166898093 	idx: 3 3 3 4 128 512
61.604977569156674 2.551796445229112 	idx: 3 3 2 4 256 256
59.45363772780038 2.526278480776821 	idx: 1 4 3 8 64 128
61.97063362365246 2.501015695969053 	idx: 4 4 2 4 512 16
61.97063362365246 2.4760055390093623 	idx: 4 4 2 4 512 16
83.50540827147402 2.4512454836192688 	idx: 4 3 3 8 256 16
83.50540827147402 2.426733028783076 	idx: 4 3 3 8 256 16
83.35913751552734 2.402465698495245 	idx: 4 3 3 8 128 32
77.47798748906561 2.3784410415102926 	idx: 4 4 3 8 128 16
77.45405365529791 2.3546566310951897 	idx: 3 4 3 4 128 256
77.59005375412893 2.3311100647842378 	idx: 4 2 3 8 64 32
84.72735097912631 2.307798964136395 	idx: 4 1 3 8 64 32
84.6043167400001 2.2847209744950314 	idx: 1 2 3 64 512 64
84.6043167400001 2.261873764750081 	idx: 1 2 3 64 512 64
61.67237412748294 2.23925502710258 	idx: 1 3 2 32 256 64
83.36010268421296 2.2168624768315546 	idx: 3 3 3 2 512 512
62.339422486987154 2.194693852063239 	idx: 1 2 2 64 256 64
62.339422486987154 2.1727469135426065 	idx: 1 2 2 64 256 64
84.45587269241598 2.1510194444071806 	idx: 3 2 3 4 128 1024
62.213522815368584 2.129509249963109 	idx: 4 1 2 4 128 2
84.10401110101473 2.108214157463478 	idx: 4 2 3 2 128 4
60.80858703835981 2.087132015888843 	idx: 4 1 4 4 64 2
44.42817044444758 2.0662606957299547 	idx: 4 2 4 4 32 4
44.506012179786076 2.045598088772655 	idx: 4 1 4 4 16 8
57.7616830677752 2.0251421078849283 	idx: 4 2 3 2 32 8
57.7616830677752 2.004890686806079 	idx: 4 2 3 2 32 8
59.07175274745884 1.9848417799380185 	idx: 1 4 2 128 128 32
59.07175274745884 1.9649933621386382 	idx: 1 4 2 128 128 32
59.07175274745884 1.9453434285172517 	idx: 1 4 2 128 128 32
44.58917625741425 1.9258899942320793 	idx: 3 1 4 8 16 512
32.20576029651404 1.9066310942897584 	idx: 3 2 3 8 16 1024
45.09782838243664 1.8875647833468607 	idx: 4 4 2 2 64 16
45.09782838243664 1.868689135513392 	idx: 4 4 2 2 64 16
36.51260769647634 1.8500022441582582 	idx: 3 3 2 32 32 1024
28.92719124237749 1.8315022217166756 	idx: 0 2 4 4 16 256
45.41465172945773 1.8131871994995088 	idx: 3 1 2 64 16 2048
45.41727106253514 1.7950553275045138 	idx: 3 1 2 128 16 2048
65.11533293366134 1.7771047742294686 	idx: 3 1 3 64 32 1024
44.627080942463266 1.7593337264871738 	idx: 3 1 4 128 16 1024
44.624551958631436 1.741740389222302 	idx: 3 1 4 64 16 512
58.148092082187226 1.724322985330079 	idx: 3 1 4 64 32 256
28.944203484525474 1.7070797554767783 	idx: 3 2 4 64 16 256
31.352334075297087 1.6900089579220106 	idx: 2 1 14 2 128 16
51.06822041626978 1.6731088683427904 	idx: 1 3 2 128 64 64
51.06822041626978 1.6563777796593624 	idx: 1 3 2 128 64 64
32.21984367388116 1.6398140018627687 	idx: 3 2 3 32 16 32
31.35151491022017 1.623415861844141 	idx: 1 3 1 128 256 128
31.35338735044096 1.6071817032256996 	idx: 2 1 14 2 128 32
61.679620110637885 1.5911098861934427 	idx: 1 3 2 128 128 64
61.679620110637885 1.5751987873315083 	idx: 1 3 2 128 128 64
77.6568270174568 1.5594467994581933 	idx: 1 2 3 128 64 32
59.34889680251729 1.5438523314636114 	idx: 1 2 2 64 64 64
58.00954448452647 1.5284138081489753 	idx: 1 2 3 128 32 128
58.00954448452647 1.5131296700674854 	idx: 1 2 3 128 32 128
45.34600213066137 1.4979983733668105 	idx: 1 2 2 256 32 64
45.34600213066137 1.4830183896331424 	idx: 1 2 2 256 32 64
31.473690521393312 1.468188205736811 	idx: 2 1 14 4 512 64
31.483128098512715 1.4535063236794428 	idx: 2 1 13 4 512 128
45.27235357527848 1.4389712604426483 	idx: 3 1 2 4 16 16
52.718484300729735 1.4245815478382218 	idx: 3 1 3 8 16 32
52.617813586803884 1.4103357323598396 	idx: 3 1 3 4 16 64
52.617813586803884 1.396232375036241 	idx: 3 1 3 4 16 64
52.617813586803884 1.3822700512858788 	idx: 3 1 3 4 16 64
64.88128121942428 1.36844735077302 	idx: 3 1 3 4 32 128
57.70916619336399 1.3547628772652898 	idx: 3 2 4 2 64 256
58.13950569429832 1.341215248492637 	idx: 4 1 4 32 32 128
77.63756635763956 1.3278030960077105 	idx: 4 2 3 16 64 128
77.63756635763956 1.3145250650476334 	idx: 4 2 3 16 64 128
77.63756635763956 1.301379814397157 	idx: 4 2 3 16 64 128
77.63756635763956 1.2883660162531856 	idx: 4 2 3 16 64 128
60.72652258574486 1.2754823560906536 	idx: 4 2 4 16 128 128
60.72652258574486 1.2627275325297471 	idx: 4 2 4 16 128 128
84.73903291219268 1.2501002572044497 	idx: 4 1 3 8 256 64
84.29314243660936 1.2375992546324053 	idx: 0 2 3 2 128 1024
84.29314243660936 1.2252232620860812 	idx: 0 2 3 2 128 1024
84.57492683188786 1.2129710294652205 	idx: 4 2 3 16 256 512
84.59480182896124 1.2008413191705682 	idx: 4 2 3 32 512 1024
84.82660741937656 1.1888329059788625 	idx: 4 1 3 16 1024 1024
84.82660741937656 1.1769445769190738 	idx: 4 1 3 16 1024 1024
84.82660741937656 1.165175131149883 	idx: 4 1 3 16 1024 1024
84.74672765184637 1.1535233798383842 	idx: 4 1 3 8 2048 1024
84.74672765184637 1.1419881460400003 	idx: 4 1 3 8 2048 1024
84.74672765184637 1.1305682645796002 	idx: 4 1 3 8 2048 1024
84.45587269241598 1.1192625819338042 	idx: 4 2 3 4 1024 1024
62.287646581898 1.1080699561144662 	idx: 4 2 2 8 512 512
66.85164737499768 1.0969892565533215 	idx: 0 3 3 2 64 512
62.265483226916004 1.0860193639877882 	idx: 4 1 2 4 2048 512
84.25706528281194 1.0751591703479102 	idx: 0 1 3 2 128 1024
84.45587269241598 1.0644075786444311 	idx: 0 2 3 4 256 512
83.36534256137786 1.0537635028579868 	idx: 0 3 3 8 128 512
84.45587269241598 1.0432258678294068 	idx: 0 2 3 4 256 256
84.58287570993166 1.0327936091511127 	idx: 4 1 3 4 1024 512
84.58287570993166 1.0224656730596016 	idx: 4 1 3 4 1024 512
83.51952377953592 1.0122410163290056 	idx: 0 3 3 8 256 256
62.265483226916004 1.0021186061657157 	idx: 4 1 2 4 256 512
###### ACC Parameters ######
cim type:    FPCIM
bus_width:   25.6
macros_row:  1
macros_col:  2
scr:         4
is_size:     256
os_size:     512
best=62.265483226916004, area=1793042.35548728 459
gpt2_large_sl8_FPCIM@ISSCC23_tt_running start at 1757779697.5482798
127.53872940033203 100 	idx: 3 4 2 2 128 64
149.99161904761905 99.0 	idx: 1 2 1 4 128 512
167.90106609808103 98.01 	idx: 1 1 1 4 256 512
214.12807613868117 97.0299 	idx: 3 3 4 8 512 256
193.41872889161806 96.059601 	idx: 3 3 5 4 1024 256
238.98512898330804 95.09900499 	idx: 3 2 4 2 512 256
206.78991596638656 94.1480149401 	idx: 3 2 4 4 256 256
173.89612576428857 93.206534790699 	idx: 1 1 3 2 64 512
171.81404862882002 92.27446944279201 	idx: 3 2 3 2 128 256
206.78991596638656 91.35172474836409 	idx: 3 2 4 4 256 512
219.9885809070671 90.43820750088045 	idx: 3 3 3 4 512 256
166.38884340086105 89.53382542587164 	idx: 2 4 3 2 256 4
191.67529000114098 88.63848717161292 	idx: 3 3 3 8 256 512
128.08067500254143 87.75210229989679 	idx: 3 4 2 4 128 512
145.59600628640104 86.87458127689783 	idx: 2 4 1 4 256 4
145.85050645366672 86.00583546412885 	idx: 2 5 2 8 256 8
160.3535101562898 85.14577710948755 	idx: 2 6 2 16 512 4
145.57708072757944 84.29431933839268 	idx: 2 5 1 8 512 8
137.69045238212328 83.45137614500875 	idx: 2 6 2 16 256 16
191.91031499421192 82.61686238355867 	idx: 2 5 3 8 512 8
155.03963575955208 81.79069375972308 	idx: 2 4 2 8 256 8
145.6323992400107 80.97278682212585 	idx: 2 3 3 16 128 16
190.04609629540244 80.1630589539046 	idx: 2 2 2 16 256 16
145.63155757897124 79.36142836436555 	idx: 2 3 3 8 128 32
178.7996480572191 78.56781408072189 	idx: 3 7 2 2 1024 16
198.18627404715838 77.78213593991467 	idx: 3 7 2 4 2048 32
174.37989259812878 77.00431458051553 	idx: 3 8 2 4 1024 16
138.02853022897858 76.23427143471037 	idx: 2 1 3 16 32 128
151.09787131978175 75.47192872036327 	idx: 3 8 2 8 512 8
121.01384533374313 74.71720943315964 	idx: 3 7 1 4 256 16
137.3676917122313 73.97003733882804 	idx: 3 6 2 4 256 32
131.6547735359119 73.23033696543976 	idx: 3 5 1 4 256 16
142.55177407675598 72.49803359578536 	idx: 3 4 1 2 512 16
162.89524991596204 71.7730532598275 	idx: 3 3 1 4 1024 16
158.95357287040775 71.05532272722922 	idx: 3 2 1 2 2048 8
174.49219242301487 70.34476949995693 	idx: 1 1 3 32 64 512
166.62209056284385 69.64132180495736 	idx: 3 1 1 4 1024 2
165.22366764582458 68.94490858690779 	idx: 3 2 1 8 512 2
216.05212977570477 68.25545950103871 	idx: 3 2 2 4 1024 2
158.82533279548204 67.57290490602833 	idx: 3 2 1 2 1024 4
162.3620618556701 66.89717585696805 	idx: 3 1 1 2 2048 8
220.73048353188508 66.22820409839836 	idx: 3 1 2 2 1024 8
216.42696899424547 65.56592205741438 	idx: 3 2 2 4 2048 16
161.29782875870544 64.91026283684023 	idx: 3 1 1 2 4096 8
166.62209056284385 64.26116020847184 	idx: 3 1 1 4 2048 4
215.41676925181233 63.618548606387115 	idx: 3 2 2 2 1024 8
220.73048353188508 62.98236312032324 	idx: 3 1 2 4 512 4
243.37060073401585 62.35253948912001 	idx: 3 1 3 2 256 8
213.51843817787417 61.72901409422881 	idx: 3 1 4 2 128 16
248.40883280757097 61.11172395328652 	idx: 3 1 4 2 256 8
238.40629730547985 60.500606713753655 	idx: 3 2 4 2 512 4
206.21622815990835 59.89560064661612 	idx: 3 1 5 4 256 4
171.83630995001465 59.29664464014996 	idx: 3 2 6 4 512 4
135.48067141950816 58.70367819374846 	idx: 3 2 6 2 256 8
130.19567643533253 58.116641411810974 	idx: 2 2 2 2 64 1024
152.48769742813917 57.535474997692866 	idx: 3 2 4 8 128 8
191.65050729377404 56.960120247715935 	idx: 3 3 3 4 256 16
146.74745215882223 56.390519045238776 	idx: 3 4 4 8 256 32
146.74745215882223 55.82661385478639 	idx: 3 4 4 16 256 32
146.74745215882223 55.26834771623852 	idx: 3 4 4 16 256 64
132.72074022282 54.71566423907614 	idx: 3 4 3 8 128 32
111.15881600423486 54.16850759668538 	idx: 3 5 4 8 128 16
158.28659011532952 53.62682252071853 	idx: 4 1 7 32 256 1024
167.0362793904161 53.09055429551134 	idx: 3 4 3 8 256 32
158.28659011532952 52.55964875255623 	idx: 4 1 7 32 256 512
146.74574297095205 52.03405226503067 	idx: 3 4 4 4 256 64
136.1719861820943 51.51371174238036 	idx: 2 2 3 64 64 256
174.49219242301487 50.998574624956554 	idx: 2 1 3 64 64 512
128.85746136616996 50.488588878706985 	idx: 2 1 4 32 32 256
125.83189517417705 49.98370298991991 	idx: 3 3 1 4 128 128
124.34599726620907 49.483865960020715 	idx: 3 3 1 2 128 64
127.2913315821378 48.98902730042051 	idx: 3 4 2 2 128 32
148.49648921719708 48.4991370274163 	idx: 3 5 3 2 256 16
155.43748226556622 48.01414565714214 	idx: 4 1 4 32 64 1024
155.43748226556622 47.53400420057071 	idx: 4 1 4 64 64 512
162.73324464306472 47.05866415856501 	idx: 3 7 3 2 512 4
171.81404862882002 46.58807751697936 	idx: 1 2 3 2 128 16
135.67324610994456 46.12219674180957 	idx: 4 3 4 64 128 256
139.003706972639 45.66097477439147 	idx: 3 8 1 4 512 8
155.43748226556622 45.20436502664755 	idx: 2 1 4 64 64 256
141.3229690698522 44.752321376381076 	idx: 4 3 2 32 128 512
150.30654705096393 44.30479816261727 	idx: 1 1 1 4 64 2
131.35144207963887 43.861750180991095 	idx: 2 1 2 256 32 512
150.39266615737205 43.42313267918119 	idx: 1 1 1 4 64 4
150.4501337409247 42.98890135238938 	idx: 4 2 1 32 256 1024
151.84265329733898 42.559012338865486 	idx: 4 1 1 64 128 1024
151.84265329733898 42.133422215476834 	idx: 4 1 1 32 128 2048
126.1544376802307 41.712087993322065 	idx: 4 2 1 64 64 1024
125.83189517417705 41.29496711338884 	idx: 4 3 1 128 128 1024
130.28655336618255 40.882017442254956 	idx: 4 2 2 128 64 512
124.40063191153239 40.473197267832404 	idx: 4 3 1 256 32 1024
121.70880989180834 40.06846529515408 	idx: 1 5 1 8 16 256
125.67124162144908 39.66778064220254 	idx: 4 2 1 128 32 256
151.60877936080092 39.27110283578051 	idx: 4 1 1 128 64 128
121.69000154535621 38.8783918074227 	idx: 1 5 1 32 4 256
119.55265829751298 38.48960788934848 	idx: 3 14 1 2 1024 16
107.29836573754716 38.104711810454994 	idx: 3 14 1 2 512 32
138.02853022897858 37.72366469235045 	idx: 4 1 3 64 32 256
158.88842508811865 37.34642804542694 	idx: 4 1 2 128 64 512
151.84265329733898 36.97296376497267 	idx: 4 1 1 128 128 256
149.99161904761905 36.60323412732294 	idx: 4 2 1 64 128 128
130.28655336618255 36.23720178604971 	idx: 4 2 2 32 64 64
136.1719861820943 35.874829768189215 	idx: 4 2 3 32 64 32
120.73842379638148 35.516081470507324 	idx: 1 6 1 32 32 64
124.87408816999682 35.16092065580225 	idx: 4 3 1 64 64 16
125.83189517417705 34.80931144924423 	idx: 4 3 1 128 128 16
130.28655336618255 34.461218334751784 	idx: 4 2 2 64 64 8
192.956628277383 34.11660615140427 	idx: 4 1 2 128 128 8
158.88842508811865 33.775440089890225 	idx: 4 1 2 128 64 8
149.99161904761905 33.43768568899132 	idx: 4 2 1 256 128 16
157.6163079444309 33.10330883210141 	idx: 4 2 2 256 128 8
126.1544376802307 32.7722757437804 	idx: 4 2 1 128 64 16
125.83189517417705 32.44455298634259 	idx: 4 3 1 128 128 32
126.1544376802307 32.12010745647917 	idx: 4 2 1 128 64 16
125.67124162144908 31.798906381914374 	idx: 4 2 1 128 32 8
158.88842508811865 31.48091731809523 	idx: 4 1 2 128 64 8
151.60877936080092 31.16610814491428 	idx: 4 1 1 128 64 8
126.96807481457594 30.854447063465138 	idx: 4 1 1 256 32 4
126.1544376802307 30.545902592830487 	idx: 4 2 1 512 64 2
151.60877936080092 30.240443566902183 	idx: 4 1 1 512 64 2
126.96807481457594 29.93803913123316 	idx: 4 1 1 512 32 4
120.55358236374771 29.638658739920828 	idx: 1 9 1 32 256 8
126.76368319381842 29.34227215252162 	idx: 1 10 1 16 512 16
133.48267276907268 29.048849430996402 	idx: 2 2 8 2 128 512
151.0417186151338 28.758360936686437 	idx: 3 7 2 4 512 8
160.34534717980046 28.47077732731957 	idx: 3 6 2 8 512 8
141.35745519924382 28.186069554046373 	idx: 3 6 3 16 256 16
146.428524940728 27.90420885850591 	idx: 4 4 1 8 256 2
155.69390844439502 27.625166769920853 	idx: 2 1 5 4 128 512
127.06026623638564 27.348915102221643 	idx: 4 4 2 2 128 2
122.9631480324797 27.075425951199424 	idx: 1 11 1 32 512 16
138.15017543859648 26.804671691687428 	idx: 1 11 1 32 1024 32
122.9631480324797 26.536624974770554 	idx: 1 11 1 16 512 64
138.15017543859648 26.271258725022847 	idx: 1 11 1 32 1024 32
126.76368319381842 26.00854613777262 	idx: 1 10 1 64 512 32
122.9631480324797 25.748460676394892 	idx: 1 11 1 32 512 32
126.76368319381842 25.490976069630943 	idx: 1 10 1 32 512 16
126.76368319381842 25.23606630893463 	idx: 1 10 1 16 512 16
119.23924894003635 24.983705645845284 	idx: 3 4 1 2 8 32
117.67124925283922 24.73386858938683 	idx: 1 10 1 32 128 16
118.23663663663663 24.48652990349296 	idx: 1 11 1 16 256 8
121.1831988381152 24.24166460445803 	idx: 2 1 5 64 64 1024
142.47600954416438 23.99924795841345 	idx: 2 1 6 32 128 1024
142.47600954416438 23.759255478829314 	idx: 2 1 6 32 128 1024
141.05202703648246 23.52166292404102 	idx: 3 6 3 2 256 128
136.94589248059825 23.28644629480061 	idx: 3 5 4 4 256 64
118.23663663663663 23.053581831852604 	idx: 1 11 1 64 256 16
146.74232471465177 22.82304601353408 	idx: 3 4 4 2 256 256
118.23663663663663 22.59481555339874 	idx: 1 11 1 32 256 32
167.0174582764426 22.36886739786475 	idx: 3 4 3 4 256 256
136.94589248059825 22.145178723886104 	idx: 3 5 4 4 256 256
146.74745215882223 21.923726936647242 	idx: 3 4 4 8 256 256
214.0989668297988 21.704489667280768 	idx: 3 3 4 4 512 256
239.09397297707605 21.48744477060796 	idx: 3 2 4 8 512 128
239.1484321615671 21.27257032290188 	idx: 3 3 4 16 1024 128
214.12807613868117 21.059844619672862 	idx: 3 3 4 32 512 64
216.5255333957741 20.849246173476132 	idx: 3 2 5 16 1024 64
196.17737917289486 20.64075371174137 	idx: 3 2 5 16 512 32
214.22273608324548 20.434346174623958 	idx: 3 1 6 16 1024 32
204.76505147853504 20.230002712877717 	idx: 3 1 6 16 512 16
204.76505147853504 20.027702685748938 	idx: 3 1 6 16 512 16
204.76505147853504 19.82742565889145 	idx: 3 1 6 16 512 16
171.87147115194423 19.629151402302536 	idx: 3 2 6 16 512 32
151.37562475970782 19.43285988827951 	idx: 4 5 1 128 1024 4
171.87147115194423 19.238531289396715 	idx: 3 2 6 16 512 64
193.44100103634898 19.046145976502746 	idx: 3 3 5 8 1024 32
196.1361510021405 18.855684516737718 	idx: 3 2 5 4 512 32
248.56565656565655 18.66712767157034 	idx: 3 1 4 4 256 16
248.56565656565655 18.480456394854638 	idx: 3 1 4 4 256 16
239.05768063145112 18.295651830906092 	idx: 3 2 4 4 512 8
269.9077977720651 18.11269531259703 	idx: 3 1 4 2 1024 4
231.1606564595584 17.931568359471058 	idx: 3 1 5 2 512 8
196.05374662527524 17.752252675876345 	idx: 3 2 5 2 512 8
206.78991596638656 17.57473014911758 	idx: 3 2 4 4 256 16
219.9885809070671 17.398982847626407 	idx: 3 3 3 4 512 32
189.83992285438765 17.22499301915014 	idx: 3 2 2 2 256 64
165.64072360117797 17.05274308895864 	idx: 3 2 1 2 512 64
166.79855962719762 16.882215658069054 	idx: 3 3 2 4 256 32
167.0174582764426 16.713393501488362 	idx: 3 4 3 4 256 32
214.0989668297988 16.546259566473477 	idx: 3 3 4 4 512 32
148.55120291931215 16.380796970808742 	idx: 3 2 5 8 256 64
213.75027144408253 16.216989001100654 	idx: 3 1 4 4 128 128
125.43102899012425 16.054819111089646 	idx: 2 2 1 8 16 64
100.68240916101296 15.89427091997875 	idx: 2 2 2 16 16 32
128.85614350876475 15.735328210778961 	idx: 3 1 4 4 32 32
158.8874232316481 15.577974928671171 	idx: 2 1 2 8 64 8
125.67124162144908 15.42219517938446 	idx: 2 2 1 16 32 8
116.08884056702432 15.267973227590614 	idx: 1 10 1 4 128 16
112.63853525961952 15.115293495314708 	idx: 1 9 1 2 256 16
114.1240579710145 14.96414056036156 	idx: 1 8 1 2 256 32
144.91610498953324 14.814499154757945 	idx: 1 9 2 4 512 16
174.37989259812878 14.666354163210364 	idx: 1 8 2 4 1024 16
167.0362793904161 14.519690621578262 	idx: 2 4 3 8 256 8
166.60446419126202 14.374493715362478 	idx: 2 3 2 4 256 4
160.28007327498474 14.230748778208852 	idx: 1 6 2 2 512 64
165.64072360117797 14.088441290426763 	idx: 2 2 1 4 512 8
199.2046546926385 13.947556877522496 	idx: 2 3 2 2 512 16
204.10659495536945 13.808081308747271 	idx: 2 4 3 2 512 8
221.88109326570864 13.670000495659798 	idx: 1 4 4 4 1024 64
230.519906323185 13.5333004907032 	idx: 1 4 3 2 2048 32
238.32061588514574 13.397967485796167 	idx: 2 3 4 2 1024 8
238.32061588514574 13.263987810938206 	idx: 2 3 4 2 1024 8
239.43930064614216 13.131347932828824 	idx: 2 2 3 2 1024 8
220.73048353188508 13.000034453500536 	idx: 2 1 2 2 1024 16
165.64072360117797 12.87003410896553 	idx: 2 2 1 4 512 16
216.90015149428453 12.741333767875876 	idx: 2 2 2 8 1024 16
213.1535975908914 12.613920430197117 	idx: 2 3 2 8 2048 16
225.72506584015622 12.487781225895146 	idx: 1 4 3 32 1024 128
239.1484321615671 12.362903413636195 	idx: 1 3 4 16 1024 64
259.3301498435699 12.239274379499832 	idx: 1 2 4 32 2048 32
245.42330093305023 12.116881635704834 	idx: 1 1 3 16 1024 64
245.42330093305023 11.995712819347785 	idx: 1 1 3 16 1024 64
220.80011215870456 11.875755691154307 	idx: 1 1 2 16 1024 128
167.90106609808103 11.756998134242764 	idx: 1 1 1 8 1024 256
166.62209056284385 11.639428152900336 	idx: 2 1 1 4 4096 8
167.90106609808103 11.523033871371332 	idx: 1 1 1 4 1024 256
218.58218976076057 11.407803532657619 	idx: 2 1 2 2 4096 8
213.14277980782245 11.293725497331042 	idx: 1 3 2 8 1024 64
199.30549228043535 11.180788242357732 	idx: 1 3 2 8 512 128
164.0875182329652 11.068980359934155 	idx: 2 2 1 4 2048 2
220.03660495983235 10.958290556334813 	idx: 2 1 2 4 1024 2
245.0628932652565 10.848707650771464 	idx: 2 1 3 4 512 2
220.45240761478163 10.74022057426375 	idx: 2 1 2 2 256 2
220.45240761478163 10.632818368521113 	idx: 2 1 2 2 256 2
220.45240761478163 10.526490184835902 	idx: 2 1 2 2 256 2
243.58232962783953 10.421225282987542 	idx: 2 1 3 4 256 2
214.5492256213335 10.317013030157668 	idx: 2 2 3 8 256 2
239.09397297707605 10.213842899856092 	idx: 2 2 4 8 512 4
220.7614241659658 10.11170447085753 	idx: 1 1 2 8 512 512
165.64072360117797 10.010587426148955 	idx: 1 2 1 8 512 512
165.64072360117797 9.910481551887466 	idx: 1 2 1 16 1024 256
220.80011215870456 9.811376736368592 	idx: 1 1 2 32 1024 256
245.42330093305023 9.713262969004907 	idx: 1 1 3 32 1024 128
220.80785138450753 9.616130339314857 	idx: 1 1 2 64 2048 256
280.20852237345434 9.519969035921708 	idx: 2 1 8 4 2048 8
280.20852237345434 9.42476934556249 	idx: 2 1 8 8 2048 8
280.20852237345434 9.330521652106865 	idx: 2 1 8 4 2048 4
245.39223075949243 9.237216435585797 	idx: 1 1 3 256 512 512
236.98032577211 9.144844271229939 	idx: 2 2 8 8 1024 8
238.9126213592233 9.053395828517639 	idx: 2 1 9 8 512 16
220.77689773603421 8.962861870232462 	idx: 1 1 2 256 512 1024
212.32382878328278 8.873233251530138 	idx: 2 2 8 8 512 64
212.32382878328278 8.784500919014837 	idx: 2 2 8 8 512 64
254.52609038201248 8.696655909824688 	idx: 2 1 9 8 1024 32
276.99283295959196 8.609689350726441 	idx: 2 1 8 8 1024 16
260.6984626207867 8.523592457219177 	idx: 2 1 9 8 2048 16
260.6984626207867 8.438356532646985 	idx: 2 1 9 16 2048 32
276.99283295959196 8.353972967320516 	idx: 2 1 8 32 1024 32
276.99283295959196 8.27043323764731 	idx: 2 1 8 64 1024 32
238.9126213592233 8.187728905270838 	idx: 2 1 9 64 512 64
262.0703885514602 8.105851616218128 	idx: 2 1 8 64 512 128
262.0703885514602 8.024793100055946 	idx: 2 1 8 64 512 256
189.93150024119635 7.944545169055387 	idx: 2 1 7 32 512 256
171.87147115194423 7.865099717364833 	idx: 2 2 6 32 512 256
220.77689773603421 7.786448720191185 	idx: 1 1 2 128 512 256
237.40229690135007 7.708584232989273 	idx: 1 2 3 128 512 128
245.42330093305023 7.63149839065938 	idx: 1 1 3 64 1024 128
239.09397297707605 7.5551834067527865 	idx: 1 2 4 64 512 64
243.66241200587916 7.479631572685259 	idx: 1 1 3 64 256 64
245.39223075949243 7.404835256958406 	idx: 1 1 3 64 512 64
214.22273608324548 7.330786904388821 	idx: 2 1 6 128 1024 32
242.38504823924356 7.257479035344933 	idx: 2 1 5 128 1024 16
270.71972496776965 7.1849042449914835 	idx: 2 1 4 256 1024 16
245.44242495081136 7.1130552025415685 	idx: 2 1 3 256 2048 8
220.80011215870456 7.041924650516153 	idx: 2 1 2 512 1024 16
220.80011215870456 6.971505404010991 	idx: 2 1 2 512 1024 16
220.02315611165926 6.901790349970882 	idx: 1 3 3 64 512 128
220.02315611165926 6.832772446471173 	idx: 1 3 3 32 512 64
220.02315611165926 6.764444722006462 	idx: 1 3 3 32 512 64
245.42330093305023 6.696800274786397 	idx: 2 1 3 128 1024 4
220.80011215870456 6.6298322720385325 	idx: 2 1 2 128 1024 4
214.58028476054227 6.563533949318147 	idx: 1 2 3 32 256 64
270.64993985220826 6.497898609824966 	idx: 1 1 4 16 512 32
270.64993985220826 6.432919623726716 	idx: 1 1 4 32 512 32
248.64414272181875 6.3685904274894485 	idx: 1 1 4 64 256 64
220.80785138450753 6.304904523214554 	idx: 2 1 2 64 2048 4
245.42330093305023 6.2418554779824085 	idx: 2 1 3 128 1024 8
239.09397297707605 6.1794369232025845 	idx: 1 2 4 64 512 128
220.02315611165926 6.117642553970558 	idx: 1 3 3 32 512 128
206.84423430522722 6.056466128430853 	idx: 1 2 4 16 256 64
165.64072360117797 5.9959014671465445 	idx: 2 2 1 128 2048 4
167.90106609808103 5.935942452475079 	idx: 2 1 1 128 4096 8
231.3325499412456 5.8765830279503275 	idx: 1 1 5 16 512 128
195.1140706786013 5.817817197670824 	idx: 1 2 6 32 1024 128
220.77689773603421 5.759639025694116 	idx: 2 1 2 32 512 8
237.40229690135007 5.7020426354371745 	idx: 2 2 3 32 512 8
243.66241200587916 5.645022209082803 	idx: 2 1 3 64 256 4
243.66241200587916 5.588571986991974 	idx: 2 1 3 64 256 4
243.66241200587916 5.532686267122054 	idx: 2 1 3 64 256 8
239.09397297707605 5.477359404450834 	idx: 1 2 4 32 512 512
149.99161904761905 5.422585810406325 	idx: 2 2 1 64 128 4
148.63269158172895 5.368359952302262 	idx: 2 3 1 32 256 8
206.84423430522722 5.314676352779239 	idx: 1 2 4 16 256 512
206.84423430522722 5.261529589251447 	idx: 1 2 4 16 256 512
248.64414272181875 5.208914293358933 	idx: 1 1 4 32 256 512
239.09397297707605 5.156825150425344 	idx: 1 2 4 64 512 256
242.38504823924356 5.10525689892109 	idx: 1 1 5 32 1024 256
276.99283295959196 5.0542043299318795 	idx: 0 1 8 4 1024 2
276.99283295959196 5.003662286632561 	idx: 0 1 8 4 1024 2
276.99283295959196 4.953625663766235 	idx: 0 1 8 4 1024 2
276.99283295959196 4.9040894071285726 	idx: 1 1 8 32 1024 256
276.99283295959196 4.8550485130572865 	idx: 1 1 8 32 1024 256
276.99283295959196 4.806498027926714 	idx: 0 1 8 32 1024 2
276.99283295959196 4.758433047647447 	idx: 0 1 8 32 1024 2
236.98032577211 4.710848717170973 	idx: 0 2 8 16 1024 2
221.0247701915655 4.663740229999263 	idx: 1 1 10 16 1024 64
238.9126213592233 4.61710282769927 	idx: 1 1 9 16 512 32
280.20852237345434 4.570931799422278 	idx: 0 1 8 8 2048 2
280.20852237345434 4.525222481428055 	idx: 0 1 8 8 2048 2
280.20852237345434 4.4799702566137745 	idx: 0 1 8 8 2048 2
280.20852237345434 4.4351705540476365 	idx: 0 1 8 8 2048 2
276.99283295959196 4.39081884850716 	idx: 0 1 8 16 1024 4
262.0703885514602 4.346910660022088 	idx: 0 1 8 16 512 4
262.0703885514602 4.303441553421867 	idx: 0 1 8 16 512 4
221.0247701915655 4.260407137887648 	idx: 3 1 10 16 1024 256
238.9126213592233 4.217803066508771 	idx: 3 1 9 8 512 256
276.99283295959196 4.175625035843683 	idx: 3 1 8 8 1024 128
254.52609038201248 4.133868785485246 	idx: 3 1 9 8 1024 64
260.6984626207867 4.0925300976303935 	idx: 3 1 9 16 2048 128
276.99283295959196 4.05160479665409 	idx: 3 1 8 16 1024 256
276.99283295959196 4.011088748687548 	idx: 3 1 8 8 1024 512
276.99283295959196 3.970977861200673 	idx: 3 1 8 8 1024 512
276.99283295959196 3.9312680825886663 	idx: 3 1 8 4 1024 512
276.9319500615439 3.8919554017627798 	idx: 3 1 8 2 1024 512
276.9319500615439 3.853035847745152 	idx: 3 1 8 2 1024 512
232.11672807663965 3.8145054892677006 	idx: 0 1 8 8 256 8
262.0703885514602 3.7763604343750234 	idx: 0 1 8 16 512 4
262.0703885514602 3.7385968300312733 	idx: 0 1 8 16 512 4
262.0703885514602 3.7012108617309605 	idx: 0 1 8 16 512 4
262.0703885514602 3.664198753113651 	idx: 0 1 8 16 512 4
262.0703885514602 3.6275567655825145 	idx: 0 1 8 16 512 4
262.0703885514602 3.591281197926689 	idx: 0 1 8 16 512 4
262.0703885514602 3.555368385947422 	idx: 0 1 8 16 512 4
254.52609038201248 3.519814702087948 	idx: 0 1 9 16 1024 4
276.99283295959196 3.4846165550670687 	idx: 0 1 8 8 1024 4
280.20852237345434 3.449770389516398 	idx: 0 1 8 8 2048 4
236.98032577211 3.415272685621234 	idx: 0 2 8 16 1024 8
236.98032577211 3.3811199587650216 	idx: 0 2 8 16 1024 16
187.4895238095238 3.347308759177371 	idx: 0 2 9 8 512 16
212.32382878328278 3.3138356715855974 	idx: 0 2 8 8 512 8
212.32382878328278 3.2806973148697414 	idx: 0 2 8 8 512 8
150.22052651659672 3.247890341721044 	idx: 0 2 7 16 512 16
172.10742288883424 3.2154114383038332 	idx: 3 1 10 16 256 32
231.3325499412456 3.183257323920795 	idx: 0 1 5 32 512 4
206.84423430522722 3.1514247506815867 	idx: 0 2 4 32 256 2
213.86637696903855 3.1199105031747707 	idx: 0 1 4 64 128 4
213.86637696903855 3.088711398143023 	idx: 0 1 4 64 128 4
232.11672807663965 3.0578242841615926 	idx: 3 1 8 8 256 32
262.0703885514602 3.0272460413199767 	idx: 3 1 8 16 512 64
270.64993985220826 2.996973580906777 	idx: 0 1 4 64 512 16
245.39223075949243 2.967003845097709 	idx: 0 1 3 32 512 32
239.09397297707605 2.9373338066467323 	idx: 0 2 4 32 512 64
239.09397297707605 2.907960468580265 	idx: 0 2 4 32 512 64
232.11672807663965 2.8788808638944623 	idx: 3 1 8 16 256 64
213.1499915411944 2.8500920552555176 	idx: 0 3 2 16 1024 128
207.54955934437032 2.8215911347029623 	idx: 3 1 9 16 256 128
238.9126213592233 2.7933752233559326 	idx: 3 1 9 16 512 128
205.85066823514035 2.765441471122373 	idx: 3 1 10 8 512 64
213.1499915411944 2.7377870564111495 	idx: 0 3 2 64 1024 64
213.1499915411944 2.710409185847038 	idx: 0 3 2 64 1024 64
213.1499915411944 2.6833050939885674 	idx: 0 3 2 64 1024 64
238.9126213592233 2.656472043048682 	idx: 3 1 9 8 512 64
243.62236423578548 2.629907322618195 	idx: 1 1 3 8 256 128
220.77689773603421 2.603608249392013 	idx: 1 1 2 16 512 256
238.9126213592233 2.577572166898093 	idx: 3 1 9 8 512 256
213.1499915411944 2.551796445229112 	idx: 0 3 2 32 1024 32
163.44043171440433 2.526278480776821 	idx: 0 3 1 16 1024 16
232.11672807663965 2.501015695969053 	idx: 3 1 8 64 256 64
232.11672807663965 2.4760055390093623 	idx: 3 1 8 64 256 32
180.6091743119266 2.4512454836192688 	idx: 3 1 8 32 128 64
163.44043171440433 2.426733028783076 	idx: 0 3 1 32 4096 32
165.64072360117797 2.402465698495245 	idx: 0 2 1 16 2048 32
167.90106609808103 2.3784410415102926 	idx: 0 1 1 32 2048 16
165.64072360117797 2.3546566310951897 	idx: 0 2 1 16 2048 16
180.6091743119266 2.3311100647842378 	idx: 3 1 8 32 128 128
213.51843817787417 2.307798964136395 	idx: 1 1 4 2 128 32
199.30549228043535 2.2847209744950314 	idx: 0 3 2 8 512 16
199.30549228043535 2.261873764750081 	idx: 0 3 2 8 512 16
225.71495624289003 2.23925502710258 	idx: 0 4 3 8 1024 8
225.71495624289003 2.2168624768315546 	idx: 0 4 3 8 1024 8
191.6056960256705 2.194693852063239 	idx: 0 5 3 4 512 4
220.63771364527878 2.1727469135426065 	idx: 1 1 2 4 256 8
243.58232962783953 2.1510194444071806 	idx: 1 1 3 4 256 4
243.58232962783953 2.129509249963109 	idx: 1 1 3 4 256 4
243.58232962783953 2.108214157463478 	idx: 0 1 3 4 256 4
216.8702836684109 2.087132015888843 	idx: 0 2 2 8 512 8
220.77689773603421 2.0662606957299547 	idx: 0 1 2 16 512 8
191.51941142492325 2.045598088772655 	idx: 1 3 3 2 256 32
220.80785138450753 2.0251421078849283 	idx: 0 1 2 64 2048 8
245.44242495081136 2.004890686806079 	idx: 0 1 3 128 2048 8
243.37060073401585 1.9848417799380185 	idx: 4 1 3 2 256 2048
243.37060073401585 1.9649933621386382 	idx: 4 1 3 2 256 2048
243.37060073401585 1.9453434285172517 	idx: 4 1 3 2 256 2048
243.37060073401585 1.9258899942320793 	idx: 4 1 3 2 256 2048
243.37060073401585 1.9066310942897584 	idx: 4 1 3 2 256 2048
248.40883280757097 1.8875647833468607 	idx: 4 1 4 2 256 1024
243.58232962783953 1.868689135513392 	idx: 4 1 3 4 256 1024
243.37060073401585 1.8500022441582582 	idx: 4 1 3 2 256 1024
243.58232962783953 1.8315022217166756 	idx: 4 1 3 4 256 2048
259.3301498435699 1.8131871994995088 	idx: 0 2 4 16 2048 4
270.71972496776965 1.7950553275045138 	idx: 0 1 4 8 1024 4
245.3492235042111 1.7771047742294686 	idx: 4 1 3 4 512 1024
245.41134993523505 1.7593337264871738 	idx: 0 1 3 8 1024 4
245.3492235042111 1.741740389222302 	idx: 4 1 3 4 512 1024
245.41134993523505 1.724322985330079 	idx: 4 1 3 8 1024 1024
259.30880052687905 1.7070797554767783 	idx: 4 2 4 8 1024 512
259.30880052687905 1.6900089579220106 	idx: 4 2 4 8 1024 512
259.30880052687905 1.6731088683427904 	idx: 4 2 4 8 1024 1024
259.30880052687905 1.6563777796593624 	idx: 4 2 4 8 1024 1024
245.44242495081136 1.6398140018627687 	idx: 4 1 3 16 2048 512
220.80785138450753 1.623415861844141 	idx: 4 1 2 32 2048 1024
216.91508849252807 1.6071817032256996 	idx: 4 2 2 16 2048 1024
220.80011215870456 1.5911098861934427 	idx: 4 1 2 32 1024 512
220.80785138450753 1.5751987873315083 	idx: 4 1 2 64 2048 256
245.44242495081136 1.5594467994581933 	idx: 4 1 3 32 2048 256
225.72506584015622 1.5438523314636114 	idx: 0 4 3 16 1024 4
236.02585189486896 1.5284138081489753 	idx: 0 3 3 16 2048 2
236.02585189486896 1.5131296700674854 	idx: 0 3 3 16 2048 2
245.42330093305023 1.4979983733668105 	idx: 4 1 3 16 1024 256
259.3301498435699 1.4830183896331424 	idx: 4 2 4 16 2048 128
259.3301498435699 1.468188205736811 	idx: 4 2 4 16 2048 128
259.30880052687905 1.4535063236794428 	idx: 0 2 4 16 1024 4
259.3301498435699 1.4389712604426483 	idx: 4 2 4 8 2048 32
270.7429946707925 1.4245815478382218 	idx: 0 1 4 8 2048 2
270.7429946707925 1.4103357323598396 	idx: 0 1 4 8 2048 2
270.69645926435203 1.396232375036241 	idx: 0 1 4 4 1024 2
270.69645926435203 1.3822700512858788 	idx: 0 1 4 4 1024 2
270.69645926435203 1.36844735077302 	idx: 0 1 4 4 1024 2
270.69645926435203 1.3547628772652898 	idx: 0 1 4 4 1024 2
270.69645926435203 1.341215248492637 	idx: 0 1 4 4 1024 2
270.64993985220826 1.3278030960077105 	idx: 0 1 4 8 512 2
270.73135931926595 1.3145250650476334 	idx: 4 1 4 4 2048 8
245.4352530948972 1.301379814397157 	idx: 4 1 3 8 2048 4
216.02064312595908 1.2883660162531856 	idx: 4 2 2 4 4096 4
244.99856103916306 1.2754823560906536 	idx: 4 1 3 4 4096 8
244.99856103916306 1.2627275325297471 	idx: 4 1 3 4 4096 8
270.71972496776965 1.2501002572044497 	idx: 1 1 4 32 1024 32
270.71972496776965 1.2375992546324053 	idx: 1 1 4 32 1024 32
259.30880052687905 1.2252232620860812 	idx: 1 2 4 32 1024 16
227.0675293311947 1.2129710294652205 	idx: 1 2 5 32 2048 32
220.73048353188508 1.2008413191705682 	idx: 4 1 2 2 1024 8
220.73048353188508 1.1888329059788625 	idx: 4 1 2 2 1024 8
231.3325499412456 1.1769445769190738 	idx: 0 1 5 8 512 8
220.73048353188508 1.165175131149883 	idx: 4 1 2 2 1024 8
276.99283295959196 1.1535233798383842 	idx: 1 1 8 8 1024 64
276.99283295959196 1.1419881460400003 	idx: 1 1 8 8 1024 64
276.99283295959196 1.1305682645796002 	idx: 1 1 8 8 1024 64
280.20852237345434 1.1192625819338042 	idx: 1 1 8 8 2048 64
280.20852237345434 1.1080699561144662 	idx: 1 1 8 8 2048 64
280.20852237345434 1.0969892565533215 	idx: 1 1 8 8 2048 64
280.20852237345434 1.0860193639877882 	idx: 1 1 8 8 2048 64
280.20852237345434 1.0751591703479102 	idx: 1 1 8 8 2048 64
280.20852237345434 1.0644075786444311 	idx: 1 1 8 8 2048 64
280.20852237345434 1.0537635028579868 	idx: 1 1 8 8 2048 64
280.20852237345434 1.0432258678294068 	idx: 1 1 8 8 2048 64
280.20852237345434 1.0327936091511127 	idx: 1 1 8 8 2048 64
276.99283295959196 1.0224656730596016 	idx: 1 1 8 4 1024 32
276.99283295959196 1.0122410163290056 	idx: 1 1 8 4 1024 32
276.99283295959196 1.0021186061657157 	idx: 1 1 8 4 1024 32
###### ACC Parameters ######
cim type:    FPCIM
bus_width:   25.6
macros_row:  1
macros_col:  8
scr:         4
is_size:     1024
os_size:     32
best=276.99283295959196, area=3183929.3982725595 459
gpt2_large_sl8_FPCIM@ISSCC23_tt_running end at 1757780786.3359628
0.17506621284156837 100 	idx: 0 2 2 2 128 256
0.18428449155206603 99.0 	idx: 2 2 3 4 64 256
0.18538140542092532 98.01 	idx: 4 3 3 4 128 64
0.15708300197347397 97.0299 	idx: 3 3 2 8 256 512
0.18196422335659934 96.059601 	idx: 2 2 2 4 128 128
0.18925910755001055 95.09900499 	idx: 2 1 2 8 128 128
0.16760751956800113 94.1480149401 	idx: 2 2 2 4 64 128
0.21580536732609845 93.206534790699 	idx: 2 1 3 4 64 256
0.21750693945629576 92.27446944279201 	idx: 2 1 3 8 64 256
0.14612313414779937 91.35172474836409 	idx: 2 2 3 16 32 128
0.18571199055557075 90.43820750088045 	idx: 2 2 3 8 64 256
0.16760751956800113 89.53382542587164 	idx: 2 2 2 4 64 128
0.14588293014821643 88.63848717161292 	idx: 3 3 2 8 256 1024
0.17032011304125858 87.75210229989679 	idx: 3 2 2 4 128 512
0.15708300197347397 86.87458127689783 	idx: 3 3 2 8 256 512
0.15273932472155158 86.00583546412885 	idx: 3 4 2 4 256 256
0.12181156294444045 85.14577710948755 	idx: 3 5 2 8 128 256
0.17145956328866954 84.29431933839268 	idx: 0 2 2 16 64 64
0.11532753006243861 83.45137614500875 	idx: 0 1 1 16 128 128
0.19178679924451283 82.61686238355867 	idx: 0 1 2 8 64 128
0.17338035562789741 81.79069375972308 	idx: 1 2 2 32 512 64
0.18907242777252206 80.97278682212585 	idx: 0 2 3 8 64 128
0.20996660833599803 80.1630589539046 	idx: 1 1 3 64 512 32
0.24156273592740263 79.36142836436555 	idx: 1 1 4 32 256 64
0.24094556705408737 78.56781408072189 	idx: 1 2 4 32 128 32
0.21828062014487717 77.78213593991467 	idx: 1 1 3 64 256 64
0.23828487937202286 77.00431458051553 	idx: 1 2 4 32 128 128
0.2207936765791703 76.23427143471037 	idx: 1 1 3 32 128 128
0.24156273592740263 75.47192872036327 	idx: 1 1 4 64 256 64
0.2177882767392308 74.71720943315964 	idx: 1 2 3 64 128 32
0.2133967872919132 73.97003733882804 	idx: 1 2 3 64 256 32
0.2297464147238535 73.23033696543976 	idx: 0 1 4 64 32 64
0.22805089437416637 72.49803359578536 	idx: 0 1 4 64 32 128
0.18704601750018454 71.7730532598275 	idx: 1 1 2 128 256 64
0.1712658825739538 71.05532272722922 	idx: 0 2 4 16 32 128
0.21335475611108143 70.34476949995693 	idx: 0 2 4 16 64 256
0.23492843800879784 69.64132180495736 	idx: 0 1 4 16 64 512
0.23976634608888392 68.94490858690779 	idx: 0 1 4 8 128 256
0.240213516009097 68.25545950103871 	idx: 2 2 4 4 128 32
0.20752043694128428 67.57290490602833 	idx: 2 2 5 4 64 16
0.24118213495950155 66.89717585696805 	idx: 2 2 6 4 128 16
0.23512365646444056 66.22820409839836 	idx: 2 1 7 4 64 32
0.2321895463095378 65.56592205741438 	idx: 2 1 7 2 64 64
0.20572996117543235 64.91026283684023 	idx: 3 1 3 8 512 128
0.23562989239711962 64.26116020847184 	idx: 3 2 4 4 256 64
0.23097508578678316 63.618548606387115 	idx: 3 2 5 8 128 32
0.19132422731450904 62.98236312032324 	idx: 0 2 3 16 64 64
0.21725955252304838 62.35253948912001 	idx: 0 2 3 16 128 32
0.24718062305776453 61.72901409422881 	idx: 0 1 4 16 128 16
0.2235745770375693 61.11172395328652 	idx: 0 1 3 16 128 32
0.24889062954496388 60.500606713753655 	idx: 0 1 4 8 64 16
0.20798006015503906 59.89560064661612 	idx: 0 2 5 8 64 32
0.22248904727415328 59.29664464014996 	idx: 2 1 8 8 16 128
0.16185543840141245 58.70367819374846 	idx: 2 1 9 8 16 64
0.21852650343978441 58.116641411810974 	idx: 0 2 4 8 64 16
0.19178387011876494 57.535474997692866 	idx: 0 2 3 8 64 16
0.1731744849282293 56.960120247715935 	idx: 0 2 4 8 32 16
0.16252765848607073 56.390519045238776 	idx: 2 1 11 2 16 64
0.16291834872289704 55.82661385478639 	idx: 2 1 10 4 16 32
0.19725076119429338 55.26834771623852 	idx: 2 1 10 2 32 32
0.20040277091858066 54.71566423907614 	idx: 2 1 11 4 32 32
0.19995151259869182 54.16850759668538 	idx: 2 1 11 2 32 16
0.2435346770326819 53.62682252071853 	idx: 2 1 10 2 64 8
0.2416631344347985 53.09055429551134 	idx: 2 1 11 2 64 4
0.2447923283425187 52.55964875255623 	idx: 2 1 10 4 64 2
0.19707018372013 52.03405226503067 	idx: 2 1 9 4 32 2
0.27626497296233443 51.51371174238036 	idx: 2 1 8 4 32 2
0.27626497296233443 50.998574624956554 	idx: 2 1 8 4 32 2
0.16018739226317394 50.488588878706985 	idx: 2 1 7 4 16 2
0.14550842615001 49.98370298991991 	idx: 2 1 8 8 8 4
0.08334957487443678 49.483865960020715 	idx: 2 1 8 4 4 2
0.10712512490434903 48.98902730042051 	idx: 2 1 8 4 2 4
0.14749789705579686 48.4991370274163 	idx: 0 1 3 4 16 2
0.18439851200868787 48.01414565714214 	idx: 0 1 2 8 32 4
0.12207662301993966 47.53400420057071 	idx: 4 3 4 2 32 32
0.17628205107912043 47.05866415856501 	idx: 4 3 4 4 64 64
0.15979485877403526 46.58807751697936 	idx: 4 2 5 4 32 64
0.18790093667378904 46.12219674180957 	idx: 1 2 2 32 128 2
0.17347438447940902 45.66097477439147 	idx: 1 2 2 32 64 2
0.18957675644551433 45.20436502664755 	idx: 1 3 3 32 128 2
0.18964574280407293 44.752321376381076 	idx: 1 3 3 64 128 4
0.23786946819259822 44.30479816261727 	idx: 1 2 4 128 256 8
0.21387410926082664 43.861750180991095 	idx: 1 2 3 64 256 16
0.169354648723906 43.42313267918119 	idx: 1 3 2 64 128 32
0.11865106918360692 42.98890135238938 	idx: 2 1 6 64 4 4
0.18174359771349774 42.559012338865486 	idx: 4 1 3 64 32 8
0.2495931206678954 42.133422215476834 	idx: 4 1 4 32 64 8
0.23135902322611385 41.712087993322065 	idx: 4 1 4 64 32 4
0.17209741553868996 41.29496711338884 	idx: 1 2 2 4 512 8
0.16135558213121706 40.882017442254956 	idx: 4 2 5 64 32 4
0.2495931206678954 40.473197267832404 	idx: 4 1 4 32 64 8
0.21654689012595735 40.06846529515408 	idx: 1 1 3 8 256 4
0.2474234065322166 39.66778064220254 	idx: 1 1 4 16 128 8
0.24934606259844272 39.27110283578051 	idx: 1 1 4 32 64 16
0.24718062305776453 38.8783918074227 	idx: 1 1 4 16 128 16
0.21871781041412772 38.48960788934848 	idx: 1 2 4 8 64 8
0.19008076030801752 38.104711810454994 	idx: 1 2 3 4 64 16
0.24677350229494727 37.72366469235045 	idx: 1 1 4 8 128 8
0.24139480256537446 37.34642804542694 	idx: 1 2 4 16 128 16
0.2312527450339513 36.97296376497267 	idx: 1 2 5 32 128 32
0.23322677447571724 36.60323412732294 	idx: 1 1 5 64 256 32
0.23718997961778404 36.23720178604971 	idx: 1 1 5 32 128 16
0.22837655775503435 35.874829768189215 	idx: 1 2 5 32 256 16
0.23316738090329311 35.516081470507324 	idx: 1 1 5 32 256 32
0.230092093341882 35.16092065580225 	idx: 1 2 4 64 512 32
0.2203855635366648 34.80931144924423 	idx: 1 1 4 32 1024 16
0.23050173405707824 34.461218334751784 	idx: 1 2 4 16 512 16
0.18979146891941467 34.11660615140427 	idx: 1 3 3 8 512 32
0.18047999048417998 33.775440089890225 	idx: 1 2 2 4 256 16
0.1680782804848749 33.43768568899132 	idx: 1 3 2 4 256 8
0.12265681840305831 33.10330883210141 	idx: 0 1 2 32 16 1024
0.09077347796595733 32.7722757437804 	idx: 1 2 1 2 1024 16
0.0900470695553337 32.44455298634259 	idx: 1 2 1 2 1024 8
0.1582918229895432 32.12010745647917 	idx: 1 2 2 4 1024 16
0.1626667456862869 31.798906381914374 	idx: 1 3 2 8 512 16
0.15014111661111815 31.48091731809523 	idx: 1 3 2 16 1024 32
0.10428158107135133 31.16610814491428 	idx: 1 2 1 16 512 32
0.1739816894976257 30.854447063465138 	idx: 1 2 2 8 512 32
0.18765657066775826 30.545902592830487 	idx: 1 2 3 4 1024 64
0.18211988354493816 30.240443566902183 	idx: 0 1 4 512 16 128
0.1856163893419961 29.93803913123316 	idx: 1 2 3 2 1024 64
0.1596578387904048 29.638658739920828 	idx: 1 1 2 4 1024 64
0.18938148126303425 29.34227215252162 	idx: 1 2 3 8 1024 32
0.23450129260130204 29.048849430996402 	idx: 1 1 4 16 512 32
0.20820743893488758 28.758360936686437 	idx: 1 1 3 8 512 16
0.21348927771872953 28.47077732731957 	idx: 1 1 3 4 256 8
0.20402546867853966 28.186069554046373 	idx: 1 2 3 8 512 4
0.15073012493829643 27.90420885850591 	idx: 1 3 2 16 1024 2
0.17511657584064774 27.625166769920853 	idx: 1 2 2 32 512 4
0.11076765390902636 27.348915102221643 	idx: 1 2 1 32 256 8
0.1106494063779968 27.075425951199424 	idx: 1 2 1 64 256 16
0.10787392686248988 26.804671691687428 	idx: 1 1 1 64 512 16
0.12102333230262646 26.536624974770554 	idx: 4 1 4 256 8 2
0.16032282686603333 26.271258725022847 	idx: 1 2 2 256 1024 16
0.15034260431022328 26.00854613777262 	idx: 4 1 3 512 16 8
0.16303943772255272 25.748460676394892 	idx: 1 1 2 64 1024 16
0.1935653582878295 25.490976069630943 	idx: 1 1 3 32 1024 8
0.19392069864454928 25.23606630893463 	idx: 1 1 3 64 1024 8
0.16335293971626874 24.983705645845284 	idx: 1 1 2 64 1024 4
0.13363876494865937 24.73386858938683 	idx: 3 2 2 512 32 128
0.16303943772255272 24.48652990349296 	idx: 1 1 2 256 1024 16
0.09593321328910975 24.24166460445803 	idx: 4 1 2 64 8 16
0.16051904463193037 23.99924795841345 	idx: 1 2 2 256 1024 8
0.21076789073947702 23.759255478829314 	idx: 1 1 3 128 512 8
0.24296065185096585 23.52166292404102 	idx: 1 1 4 256 256 16
0.21947349689644083 23.28644629480061 	idx: 1 1 3 128 256 32
0.24669648269252875 23.053581831852604 	idx: 1 1 4 256 128 32
0.23731583152614372 22.82304601353408 	idx: 1 1 5 128 128 16
0.2456203108758523 22.59481555339874 	idx: 1 1 6 64 256 8
0.2337247128664396 22.36886739786475 	idx: 1 1 5 32 256 4
0.23851095254677465 22.145178723886104 	idx: 1 1 6 16 512 2
0.22784438777170696 21.923726936647242 	idx: 1 1 7 16 512 4
0.22685407079266673 21.704489667280768 	idx: 1 1 7 8 512 8
0.2240349776794455 21.48744477060796 	idx: 1 1 6 4 1024 8
0.22051711260158344 21.27257032290188 	idx: 1 1 7 2 512 8
0.2292204378772857 21.059844619672862 	idx: 1 1 6 2 512 4
0.22355849293014368 20.849246173476132 	idx: 1 1 6 4 1024 4
0.23108629084791762 20.64075371174137 	idx: 2 1 4 8 32 4
0.22427481149143305 20.434346174623958 	idx: 1 1 7 4 512 4
0.2341786828203129 20.230002712877717 	idx: 1 1 6 4 512 2
0.22355849293014368 20.027702685748938 	idx: 1 1 6 4 1024 4
0.22608549640416742 19.82742565889145 	idx: 1 1 6 8 1024 4
0.23707334036841182 19.629151402302536 	idx: 1 1 6 8 512 2
0.23197095481108834 19.43285988827951 	idx: 1 1 7 8 256 4
0.23501779711313162 19.238531289396715 	idx: 1 1 6 4 512 8
0.21815292827535657 19.046145976502746 	idx: 1 1 5 2 512 8
0.21918337050783632 18.855684516737718 	idx: 1 1 4 4 1024 16
0.2345583373348644 18.66712767157034 	idx: 1 1 4 8 512 8
0.21362408485160483 18.480456394854638 	idx: 1 1 5 16 1024 16
0.22000210694600142 18.295651830906092 	idx: 1 1 4 8 1024 16
0.2263936597946445 18.11269531259703 	idx: 1 1 5 16 512 16
0.24525561615029706 17.931568359471058 	idx: 1 1 6 32 256 16
0.24814879581879762 17.752252675876345 	idx: 1 1 6 32 128 32
0.23330714731914404 17.57473014911758 	idx: 1 1 7 16 256 16
0.24468416392908893 17.398982847626407 	idx: 1 1 6 16 256 8
0.2330421706682385 17.22499301915014 	idx: 1 1 5 8 256 16
0.2478198963914923 17.05274308895864 	idx: 1 1 6 16 128 8
0.2385582042730226 16.882215658069054 	idx: 3 1 5 8 64 16
0.2406839221447746 16.713393501488362 	idx: 1 2 6 4 128 4
0.24893413860817415 16.546259566473477 	idx: 3 1 4 8 64 8
0.23521047906527076 16.380796970808742 	idx: 1 1 5 4 128 2
0.23934431631149844 16.216989001100654 	idx: 4 1 6 2 64 4
0.24933838079811269 16.054819111089646 	idx: 1 1 6 16 64 4
0.23901254021683835 15.89427091997875 	idx: 4 1 6 2 128 8
0.24768477179457254 15.735328210778961 	idx: 1 1 6 16 128 2
0.23906564813562867 15.577974928671171 	idx: 4 1 6 2 256 32
0.23114066792703458 15.42219517938446 	idx: 1 1 4 8 32 2
0.24971683338692433 15.267973227590614 	idx: 1 1 4 16 64 4
0.30174163481305527 15.115293495314708 	idx: 4 1 8 2 64 128
0.24038955915048538 14.96414056036156 	idx: 3 2 4 4 128 4
0.27633446728148053 14.814499154757945 	idx: 4 1 8 8 32 32
0.22394252762015 14.666354163210364 	idx: 4 1 8 4 16 16
0.23940830269478613 14.519690621578262 	idx: 1 1 5 64 64 4
0.24760580735350715 14.374493715362478 	idx: 1 1 4 128 128 2
0.21437937714642766 14.230748778208852 	idx: 1 2 3 128 256 2
0.24173283006938345 14.088441290426763 	idx: 1 2 4 64 128 4
0.23378282751076176 13.947556877522496 	idx: 1 1 5 64 256 8
0.23393000870370498 13.808081308747271 	idx: 1 1 5 128 256 4
0.27569205066092906 13.670000495659798 	idx: 4 1 8 8 32 64
0.19349056136220683 13.5333004907032 	idx: 1 2 3 128 64 4
0.2475449772057299 13.397967485796167 	idx: 1 1 4 128 128 4
0.2352134320893236 13.263987810938206 	idx: 4 1 5 4 64 128
0.24760580735350715 13.131347932828824 	idx: 1 1 4 64 128 2
0.24337143016179152 13.000034453500536 	idx: 1 1 4 128 256 2
0.23532278662607842 12.87003410896553 	idx: 1 1 4 256 512 2
0.233975091164148 12.741333767875876 	idx: 1 1 5 128 256 2
0.24909287793479643 12.613920430197117 	idx: 1 1 6 256 128 4
0.2395266951193599 12.487781225895146 	idx: 1 1 5 128 64 2
0.2192117667372145 12.362903413636195 	idx: 1 2 4 64 64 4
0.17369808909279397 12.239274379499832 	idx: 1 2 4 64 32 2
0.24971683338692433 12.116881635704834 	idx: 1 1 4 64 64 4
0.17779752212215544 11.995712819347785 	idx: 0 1 2 256 512 64
0.18487508527777097 11.875755691154307 	idx: 0 1 2 256 256 128
0.18704601750018454 11.756998134242764 	idx: 0 1 2 256 256 64
0.23103469301993512 11.639428152900336 	idx: 3 1 4 64 32 16
0.2386820985597273 11.523033871371332 	idx: 3 1 5 32 64 32
0.23669426175371 11.407803532657619 	idx: 3 1 5 16 128 32
0.23162197366061216 11.293725497331042 	idx: 3 2 5 32 128 16
0.24814879581879762 11.180788242357732 	idx: 3 1 6 32 128 32
0.22717354927923447 11.068980359934155 	idx: 3 2 5 16 256 64
0.23439341502324443 10.958290556334813 	idx: 3 2 4 8 256 128
0.21129059765040542 10.848707650771464 	idx: 3 1 3 16 256 256
0.1915071313271282 10.74022057426375 	idx: 3 2 3 16 512 512
0.19883386227199604 10.632818368521113 	idx: 0 2 3 128 512 256
0.19558653932330758 10.526490184835902 	idx: 3 1 3 32 512 512
0.20327126606018886 10.421225282987542 	idx: 3 1 3 16 256 512
0.16804869290531887 10.317013030157668 	idx: 0 2 2 32 512 256
0.16017042511010668 10.213842899856092 	idx: 0 1 2 64 1024 128
0.19558653932330758 10.11170447085753 	idx: 3 1 3 32 512 512
0.19558653932330758 10.010587426148955 	idx: 3 1 3 32 512 512
0.22450629218248236 9.910481551887466 	idx: 3 2 4 32 512 256
0.22748557804087052 9.811376736368592 	idx: 3 1 5 16 256 256
0.2286636998734008 9.713262969004907 	idx: 3 2 5 8 128 128
0.24446195587713868 9.616130339314857 	idx: 3 1 6 16 64 256
0.19181711698746357 9.519969035921708 	idx: 3 1 5 32 32 128
0.2177882621780046 9.42476934556249 	idx: 3 2 4 64 64 64
0.22361054162908206 9.330521652106865 	idx: 3 1 3 128 64 128
0.22366177458878078 9.237216435585797 	idx: 3 1 3 256 64 128
0.23300521187408002 9.144844271229939 	idx: 0 1 4 32 128 512
0.2216499289508677 9.053395828517639 	idx: 0 1 5 64 256 512
0.24048884642435514 8.962861870232462 	idx: 0 1 6 128 256 256
0.23438882188588578 8.873233251530138 	idx: 3 1 5 64 128 128
0.2438310048820337 8.784500919014837 	idx: 0 1 4 256 128 128
0.24573386933087502 8.696655909824688 	idx: 3 1 4 128 128 64
0.2183889649178311 8.609689350726441 	idx: 3 1 3 128 256 64
0.24178926004716356 8.523592457219177 	idx: 1 2 4 128 128 2
0.24178926004716356 8.438356532646985 	idx: 1 2 4 128 128 2
0.2394481216138394 8.353972967320516 	idx: 1 1 5 64 64 2
0.2192117667372145 8.27043323764731 	idx: 1 2 4 32 64 4
0.22925170402005474 8.187728905270838 	idx: 0 1 4 64 256 512
0.23482737750617913 8.105851616218128 	idx: 0 2 4 32 128 256
0.21882794477966652 8.024793100055946 	idx: 3 2 3 256 128 4
0.21882794477966652 7.944545169055387 	idx: 3 2 3 256 128 4
0.2474234065322166 7.865099717364833 	idx: 3 1 4 128 128 8
0.2474234065322166 7.786448720191185 	idx: 3 1 4 128 128 8
0.2424928856274656 7.708584232989273 	idx: 1 1 4 16 256 32
0.2475449772057299 7.63149839065938 	idx: 3 1 4 256 128 4
0.2475449772057299 7.5551834067527865 	idx: 3 1 4 128 128 4
0.24319521235314595 7.479631572685259 	idx: 1 1 4 16 256 8
0.2282661536398463 7.404835256958406 	idx: 1 2 5 16 256 16
0.23669426175371 7.330786904388821 	idx: 1 1 5 16 128 32
0.24673074516731885 7.257479035344933 	idx: 1 1 4 8 128 16
0.2017958033804543 7.1849042449914835 	idx: 0 1 3 8 512 256
0.21406894242709126 7.1130552025415685 	idx: 1 3 4 4 128 8
0.23135817944621861 7.041924650516153 	idx: 1 2 5 8 128 8
0.24118213495950155 6.971505404010991 	idx: 1 2 6 4 128 16
0.24083331202006117 6.901790349970882 	idx: 1 1 6 2 128 16
0.22760188136130854 6.832772446471173 	idx: 1 2 5 4 256 16
0.23782305281966667 6.764444722006462 	idx: 1 1 6 8 512 32
0.23336856957749957 6.696800274786397 	idx: 1 1 5 16 256 16
0.24319521235314595 6.6298322720385325 	idx: 1 1 4 32 256 8
0.23293132727390115 6.563533949318147 	idx: 0 1 5 64 64 256
0.21655918843203584 6.497898609824966 	idx: 1 2 3 8 128 32
0.23420129163199377 6.432919623726716 	idx: 0 1 5 16 128 128
0.23038538065902697 6.3685904274894485 	idx: 0 2 5 16 128 64
0.2312527450339513 6.304904523214554 	idx: 0 2 5 32 128 32
0.2475449772057299 6.2418554779824085 	idx: 3 1 4 16 128 4
0.23976634608888392 6.1794369232025845 	idx: 1 1 4 8 128 256
0.24718062305776453 6.117642553970558 	idx: 3 1 4 32 128 16
0.23378282751076176 6.056466128430853 	idx: 3 1 5 64 256 8
0.2376511570701381 5.9959014671465445 	idx: 3 2 4 32 256 16
0.23672861340158594 5.935942452475079 	idx: 0 2 4 4 256 8
0.2418055145836687 5.8765830279503275 	idx: 1 1 4 8 64 256
0.23492843800879784 5.817817197670824 	idx: 1 1 4 16 64 512
0.23492843800879784 5.759639025694116 	idx: 1 1 4 16 64 512
0.23492843800879784 5.7020426354371745 	idx: 1 1 4 16 64 512
0.24756769109643484 5.645022209082803 	idx: 0 1 4 4 64 8
0.24756769109643484 5.588571986991974 	idx: 0 1 4 4 64 8
0.22615168491650336 5.532686267122054 	idx: 4 1 3 16 64 32
0.2421551920221016 5.477359404450834 	idx: 1 1 4 16 64 256
0.23227791032960107 5.422585810406325 	idx: 0 1 5 4 256 32
0.23227791032960107 5.368359952302262 	idx: 0 1 5 4 256 32
0.23593106345804815 5.314676352779239 	idx: 0 1 6 4 512 64
0.2438439949234884 5.261529589251447 	idx: 0 1 6 8 256 32
0.23591025132666862 5.208914293358933 	idx: 1 1 5 4 128 32
0.23233185843178608 5.156825150425344 	idx: 0 1 5 4 256 16
0.2385582042730226 5.10525689892109 	idx: 1 1 5 8 64 16
0.2385582042730226 5.0542043299318795 	idx: 1 1 5 8 64 16
0.23150917481481417 5.003662286632561 	idx: 1 2 5 16 128 16
0.2944884516819749 4.953625663766235 	idx: 0 1 8 8 512 64
0.2944884516819749 4.9040894071285726 	idx: 0 1 8 8 512 64
0.24626188455896678 4.8550485130572865 	idx: 0 1 9 16 256 32
0.30526978640135594 4.806498027926714 	idx: 0 1 8 32 128 16
0.30526978640135594 4.758433047647447 	idx: 0 1 8 32 128 16
0.30526978640135594 4.710848717170973 	idx: 0 1 8 32 128 16
0.3069522503035751 4.663740229999263 	idx: 0 1 8 16 64 16
0.30714389562751954 4.61710282769927 	idx: 0 1 8 8 64 8
0.30714389562751954 4.570931799422278 	idx: 0 1 8 8 64 8
0.30714389562751954 4.525222481428055 	idx: 0 1 8 16 64 8
0.30714389562751954 4.4799702566137745 	idx: 0 1 8 16 64 8
0.30714389562751954 4.4351705540476365 	idx: 0 1 8 16 64 8
0.3013120555304505 4.39081884850716 	idx: 1 1 8 8 64 256
0.3013120555304505 4.346910660022088 	idx: 1 1 8 8 64 256
0.3013120555304505 4.303441553421867 	idx: 1 1 8 8 64 256
0.27665679961902484 4.260407137887648 	idx: 0 1 8 16 32 16
0.3065696762348731 4.217803066508771 	idx: 0 1 8 32 64 32
0.3069522503035751 4.175625035843683 	idx: 0 1 8 16 64 16
0.3069522503035751 4.133868785485246 	idx: 0 1 8 16 64 16
0.3069522503035751 4.0925300976303935 	idx: 0 1 8 16 64 16
0.3069522503035751 4.05160479665409 	idx: 0 1 8 16 64 16
0.2498325311037248 4.011088748687548 	idx: 0 1 9 32 64 16
0.24995947274380415 3.970977861200673 	idx: 0 1 9 32 64 8
0.27681824794252213 3.9312680825886663 	idx: 0 1 8 16 32 8
0.27681824794252213 3.8919554017627798 	idx: 0 1 8 16 32 8
0.27681824794252213 3.853035847745152 	idx: 0 1 8 16 32 8
0.30714389562751954 3.8145054892677006 	idx: 0 1 8 16 64 8
0.30714389562751954 3.7763604343750234 	idx: 0 1 8 16 64 8
0.30714389562751954 3.7385968300312733 	idx: 0 1 8 16 64 8
0.30714389562751954 3.7012108617309605 	idx: 0 1 8 16 64 8
0.3055541990163454 3.664198753113651 	idx: 0 1 8 8 128 4
0.3059130695639206 3.6275567655825145 	idx: 2 1 8 4 64 16
0.27665679961902484 3.591281197926689 	idx: 2 1 8 8 32 16
0.24569163615111253 3.555368385947422 	idx: 0 1 10 8 64 2
0.24569163615111253 3.519814702087948 	idx: 0 1 10 8 64 2
0.24569163615111253 3.4846165550670687 	idx: 0 1 10 8 64 2
0.24792572787234324 3.449770389516398 	idx: 4 1 4 4 64 16
0.24792572787234324 3.415272685621234 	idx: 4 1 4 4 64 16
0.25002299195108196 3.3811199587650216 	idx: 0 1 9 8 64 4
0.25002299195108196 3.347308759177371 	idx: 0 1 9 8 64 4
0.27693945789809565 3.3138356715855974 	idx: 0 1 8 8 32 2
0.27693945789809565 3.2806973148697414 	idx: 0 1 8 8 32 2
0.27693945789809565 3.247890341721044 	idx: 0 1 8 8 32 2
0.24890432347280683 3.2154114383038332 	idx: 0 1 9 4 64 2
0.24890342688480968 3.183257323920795 	idx: 0 1 9 8 128 4
0.24376353078374788 3.1514247506815867 	idx: 0 1 10 4 128 2
0.27633446728148053 3.1199105031747707 	idx: 2 1 8 16 32 32
0.3069522503035751 3.088711398143023 	idx: 2 1 8 16 64 16
0.3069522503035751 3.0578242841615926 	idx: 2 1 8 16 64 16
0.30714389562751954 3.0272460413199767 	idx: 2 1 8 16 64 8
0.27681824794252213 2.996973580906777 	idx: 2 1 8 8 32 8
0.27681824794252213 2.967003845097709 	idx: 2 1 8 8 32 8
0.29257863816492097 2.9373338066467323 	idx: 0 1 8 2 512 16
0.29257863816492097 2.907960468580265 	idx: 0 1 8 2 512 16
0.29257863816492097 2.8788808638944623 	idx: 0 1 8 2 512 16
0.3008280967219193 2.8500920552555176 	idx: 0 1 8 4 256 8
0.24890342688480968 2.8215911347029623 	idx: 2 1 9 16 128 4
0.2500547636622907 2.7933752233559326 	idx: 2 1 9 32 64 2
0.2500547636622907 2.765441471122373 	idx: 2 1 9 32 64 2
0.27693945789809565 2.7377870564111495 	idx: 2 1 8 32 32 2
0.27693945789809565 2.710409185847038 	idx: 2 1 8 32 32 2
0.2958165723951061 2.6833050939885674 	idx: 0 1 8 32 512 4
0.3021450498629257 2.656472043048682 	idx: 0 1 8 16 256 8
0.2500547636622907 2.629907322618195 	idx: 2 1 9 32 64 2
0.25002299195108196 2.603608249392013 	idx: 2 1 9 64 64 4
0.27693945789809565 2.577572166898093 	idx: 2 1 8 32 32 2
0.27693945789809565 2.551796445229112 	idx: 2 1 8 32 32 2
0.27693945789809565 2.526278480776821 	idx: 2 1 8 32 32 2
0.27693945789809565 2.501015695969053 	idx: 2 1 8 32 32 2
0.23972368065710686 2.4760055390093623 	idx: 1 1 4 16 256 128
0.23972368065710686 2.4512454836192688 	idx: 1 1 4 16 256 128
0.3072398080576868 2.426733028783076 	idx: 2 1 8 128 64 4
0.30714389562751954 2.402465698495245 	idx: 2 1 8 64 64 8
0.27681824794252213 2.3784410415102926 	idx: 2 1 8 128 32 8
0.24124588752791024 2.3546566310951897 	idx: 1 1 4 8 256 64
0.2142305420715784 2.3311100647842378 	idx: 1 2 3 16 128 128
0.2421551920221016 2.307798964136395 	idx: 1 1 4 32 64 256
0.24593790292342907 2.2847209744950314 	idx: 4 1 4 16 64 128
0.24593790292342907 2.261873764750081 	idx: 4 1 4 16 64 128
0.24593790292342907 2.23925502710258 	idx: 4 1 4 16 64 128
0.2400520935919063 2.2168624768315546 	idx: 4 2 4 32 128 64
0.25039823437778985 2.194693852063239 	idx: 2 1 6 128 64 16
0.25039823437778985 2.1727469135426065 	idx: 2 1 6 128 64 16
0.2438310048820337 2.1510194444071806 	idx: 1 1 4 128 128 128
0.23828067283361398 2.129509249963109 	idx: 2 1 7 128 64 16
0.23789516696833693 2.108214157463478 	idx: 1 1 5 64 64 64
0.23919015126590493 2.087132015888843 	idx: 2 1 5 128 64 16
0.23624878784061062 2.0662606957299547 	idx: 1 1 5 128 64 128
0.24924903698716483 2.045598088772655 	idx: 1 1 6 64 64 64
0.24718062305776453 2.0251421078849283 	idx: 3 1 4 128 128 16
0.2993868547318523 2.004890686806079 	idx: 1 1 8 64 256 128
0.30085159475958495 1.9848417799380185 	idx: 1 1 8 32 256 64
0.30085159475958495 1.9649933621386382 	idx: 1 1 8 32 256 64
0.2993868547318523 1.9453434285172517 	idx: 1 1 8 16 256 128
0.2993868547318523 1.9258899942320793 	idx: 1 1 8 16 256 128
0.293084871670683 1.9066310942897584 	idx: 1 1 8 8 512 128
0.2903174707990022 1.8875647833468607 	idx: 1 1 8 8 512 256
0.28998521360623536 1.868689135513392 	idx: 1 1 8 4 256 512
0.2988174320657047 1.8500022441582582 	idx: 1 1 8 4 128 256
0.2988174320657047 1.8315022217166756 	idx: 1 1 8 4 128 256
0.30174163481305527 1.8131871994995088 	idx: 1 1 8 2 64 128
0.30174163481305527 1.7950553275045138 	idx: 1 1 8 2 64 128
0.30174163481305527 1.7771047742294686 	idx: 1 1 8 2 64 128
0.3032977586594456 1.7593337264871738 	idx: 1 1 8 4 128 64
0.3032977586594456 1.741740389222302 	idx: 1 1 8 4 128 64
0.3032977586594456 1.724322985330079 	idx: 1 1 8 4 128 64
0.3032977586594456 1.7070797554767783 	idx: 1 1 8 4 128 64
0.3032977586594456 1.6900089579220106 	idx: 1 1 8 4 128 64
0.3032977586594456 1.6731088683427904 	idx: 1 1 8 4 128 64
0.24957903423411373 1.6563777796593624 	idx: 1 1 9 8 64 32
0.3048913921768466 1.6398140018627687 	idx: 1 1 8 16 128 32
0.3048913921768466 1.623415861844141 	idx: 1 1 8 16 128 32
0.3048913921768466 1.6071817032256996 	idx: 1 1 8 16 128 32
0.3048913921768466 1.5911098861934427 	idx: 1 1 8 16 128 32
0.3065696762348731 1.5751987873315083 	idx: 1 1 8 32 64 32
0.3065696762348731 1.5594467994581933 	idx: 1 1 8 32 64 32
0.3048913921768466 1.5438523314636114 	idx: 1 1 8 32 128 32
0.30526978640135594 1.5284138081489753 	idx: 1 1 8 32 128 16
0.30526978640135594 1.5131296700674854 	idx: 1 1 8 32 128 16
0.30714389562751954 1.4979983733668105 	idx: 1 1 8 16 64 8
0.30714389562751954 1.4830183896331424 	idx: 1 1 8 16 64 8
0.30714389562751954 1.468188205736811 	idx: 1 1 8 16 64 8
0.30714389562751954 1.4535063236794428 	idx: 1 1 8 16 64 8
0.30714389562751954 1.4389712604426483 	idx: 1 1 8 16 64 8
0.30714389562751954 1.4245815478382218 	idx: 1 1 8 16 64 8
0.30714389562751954 1.4103357323598396 	idx: 1 1 8 16 64 8
0.30714389562751954 1.396232375036241 	idx: 1 1 8 16 64 8
0.30714389562751954 1.3822700512858788 	idx: 1 1 8 16 64 8
0.2498325311037248 1.36844735077302 	idx: 1 1 9 32 64 16
0.3048913921768466 1.3547628772652898 	idx: 1 1 8 16 128 32
0.3048913921768466 1.341215248492637 	idx: 1 1 8 16 128 32
0.3058073819416546 1.3278030960077105 	idx: 1 1 8 8 64 64
0.3049632816446214 1.3145250650476334 	idx: 1 1 8 4 64 64
0.3049632816446214 1.301379814397157 	idx: 1 1 8 4 64 64
0.3049632816446214 1.2883660162531856 	idx: 1 1 8 4 64 64
0.3034384166173499 1.2754823560906536 	idx: 2 1 8 4 64 128
0.3034384166173499 1.2627275325297471 	idx: 2 1 8 4 64 128
0.3017894627230252 1.2501002572044497 	idx: 2 1 8 4 128 128
0.3017894627230252 1.2375992546324053 	idx: 2 1 8 4 128 128
0.29869336374014244 1.2252232620860812 	idx: 1 1 8 2 64 256
0.29869336374014244 1.2129710294652205 	idx: 1 1 8 2 64 256
0.2970863592960417 1.2008413191705682 	idx: 1 1 8 2 128 256
0.30043398101329577 1.1888329059788625 	idx: 2 1 8 4 64 256
0.2993868547318523 1.1769445769190738 	idx: 0 1 8 8 256 128
0.3034384166173499 1.165175131149883 	idx: 1 1 8 4 64 128
0.3034384166173499 1.1535233798383842 	idx: 1 1 8 4 64 128
0.3034384166173499 1.1419881460400003 	idx: 1 1 8 4 64 128
0.3034384166173499 1.1305682645796002 	idx: 1 1 8 4 64 128
0.3034384166173499 1.1192625819338042 	idx: 1 1 8 4 64 128
0.2956359676339064 1.1080699561144662 	idx: 0 1 8 4 256 256
0.2956359676339064 1.0969892565533215 	idx: 0 1 8 4 256 256
0.2968748880430906 1.0860193639877882 	idx: 0 1 8 2 256 128
0.29869336374014244 1.0751591703479102 	idx: 1 1 8 2 64 256
0.29226020900810556 1.0644075786444311 	idx: 0 1 8 4 512 128
0.2993868547318523 1.0537635028579868 	idx: 0 1 8 8 256 128
0.2968748880430906 1.0432258678294068 	idx: 1 1 8 2 256 128
0.2968748880430906 1.0327936091511127 	idx: 1 1 8 2 256 128
0.2993868547318523 1.0224656730596016 	idx: 0 1 8 8 256 128
0.3001017529462759 1.0122410163290056 	idx: 1 1 8 2 128 128
0.3001017529462759 1.0021186061657157 	idx: 1 1 8 2 128 128
###### ACC Parameters ######
cim type:    LccCIM
bus_width:   25.6
macros_row:  1
macros_col:  8
scr:         2
is_size:     128
os_size:     128
best=0.3001017529462759, area=3994634.640968752 459
gpt2_large_sl8_LCC-CIM@ISSCC20_ee_running start at 1757781290.674958
0.5174510452077365 100 	idx: 1 2 2 2 64 256
0.6310680072958151 99.0 	idx: 0 1 2 4 64 256
0.5605665012350249 98.01 	idx: 4 2 2 4 64 512
0.6301871187935962 97.0299 	idx: 0 1 2 4 128 128
0.6746296998779799 96.059601 	idx: 0 1 3 2 256 64
0.9543387295152501 95.09900499 	idx: 0 1 4 2 128 64
0.9543387295152501 94.1480149401 	idx: 0 1 4 2 128 64
0.7877678619837812 93.206534790699 	idx: 0 1 3 4 64 128
0.8243107683770279 92.27446944279201 	idx: 0 1 3 8 64 128
0.8243107683770279 91.35172474836409 	idx: 0 1 3 8 64 128
0.9476306743746697 90.43820750088045 	idx: 0 2 4 8 64 256
0.9375339800920545 89.53382542587164 	idx: 0 2 4 4 64 128
1.0361607690435404 88.63848717161292 	idx: 2 1 4 64 128 512
0.9189052121454108 87.75210229989679 	idx: 3 2 4 32 128 512
0.7208593573938804 86.87458127689783 	idx: 0 1 3 2 64 64
0.6122429830526636 86.00583546412885 	idx: 3 2 2 16 64 128
0.8277900862278962 85.14577710948755 	idx: 3 1 3 16 64 128
0.9703827837186327 84.29431933839268 	idx: 2 1 4 8 256 512
1.0278378789841356 83.45137614500875 	idx: 2 1 4 4 128 256
1.040812594645373 82.61686238355867 	idx: 2 1 4 8 128 256
0.8227349414930132 81.79069375972308 	idx: 2 1 3 16 64 256
1.0792183321964894 80.97278682212585 	idx: 2 1 4 16 64 256
1.1107186457421172 80.1630589539046 	idx: 2 1 5 8 32 128
1.2748985248308566 79.36142836436555 	idx: 2 1 6 16 64 256
0.96669832488526 78.56781408072189 	idx: 2 2 5 8 32 128
1.0972564146691097 77.78213593991467 	idx: 2 1 5 8 64 64
1.1062930760852345 77.00431458051553 	idx: 2 1 4 16 32 32
1.1292483564233862 76.23427143471037 	idx: 2 1 5 8 16 32
1.1131349301250224 75.47192872036327 	idx: 2 1 4 16 16 64
1.138828113827034 74.71720943315964 	idx: 2 1 5 8 8 128
0.9926402816412776 73.97003733882804 	idx: 2 2 5 8 8 64
0.8769772546540668 73.23033696543976 	idx: 2 3 4 8 8 64
0.9414988433875418 72.49803359578536 	idx: 2 2 4 4 16 32
0.7287403439328015 71.7730532598275 	idx: 2 1 3 2 32 64
0.7970602190419692 71.05532272722922 	idx: 2 1 3 4 32 128
0.6520023705606944 70.34476949995693 	idx: 0 3 3 8 128 4
0.7482331828620444 69.64132180495736 	idx: 0 2 3 16 64 8
1.0785588427000095 68.94490858690779 	idx: 0 1 4 8 64 16
0.8285376629834456 68.25545950103871 	idx: 0 1 3 8 32 16
0.6675989666246983 67.57290490602833 	idx: 0 2 3 4 32 32
0.7932004299150672 66.89717585696805 	idx: 0 1 3 4 16 64
0.5042600036342901 66.22820409839836 	idx: 0 2 2 2 16 128
0.6680892182770459 65.56592205741438 	idx: 2 1 2 16 4 256
0.6164563365243549 64.91026283684023 	idx: 2 2 2 16 2 256
0.5356853454923165 64.26116020847184 	idx: 3 2 3 2 256 32
0.8490312159001799 63.618548606387115 	idx: 3 2 4 4 256 32
0.8980608967376422 62.98236312032324 	idx: 3 1 4 2 256 32
0.8251932394432017 62.35253948912001 	idx: 3 1 5 2 512 64
0.9157467575108105 61.72901409422881 	idx: 3 1 5 2 256 64
1.1317144159053099 61.11172395328652 	idx: 2 1 4 16 4 128
1.1387980645136675 60.500606713753655 	idx: 2 1 4 16 2 64
0.866885386970574 59.89560064661612 	idx: 3 1 6 2 512 16
0.8882088887648547 59.29664464014996 	idx: 4 1 4 16 512 32
1.1207904528682815 58.70367819374846 	idx: 2 1 4 8 8 64
1.0032984636015467 58.116641411810974 	idx: 2 2 5 16 8 32
0.9411995494752268 57.535474997692866 	idx: 3 1 4 4 256 4
0.8361431413982524 56.960120247715935 	idx: 3 2 5 4 256 4
0.9514505419883529 56.390519045238776 	idx: 3 1 5 4 256 2
1.0854338710289806 55.82661385478639 	idx: 4 1 4 4 32 64
0.9630188466259992 55.26834771623852 	idx: 4 2 5 4 16 64
1.305745887031795 54.71566423907614 	idx: 4 1 6 4 16 128
1.305745887031795 54.16850759668538 	idx: 4 1 6 4 16 128
1.1230175268199156 53.62682252071853 	idx: 4 2 6 8 16 128
1.2956524955009718 53.09055429551134 	idx: 4 1 6 8 32 64
1.1275943555815275 52.55964875255623 	idx: 4 1 5 8 16 64
0.9694331984700967 52.03405226503067 	idx: 4 2 5 8 32 64
1.3064479646351264 51.51371174238036 	idx: 4 1 6 16 32 64
0.9757449605061954 50.998574624956554 	idx: 4 2 5 16 32 128
1.0171761447703274 50.488588878706985 	idx: 0 1 4 4 64 1024
1.0445808428686163 49.98370298991991 	idx: 0 1 5 8 128 512
1.1131349301250224 49.483865960020715 	idx: 4 1 4 16 16 64
1.1058794611551295 48.98902730042051 	idx: 1 1 5 128 64 32
0.9801051274735667 48.4991370274163 	idx: 1 2 4 64 32 16
0.965282772676125 48.01414565714214 	idx: 1 2 4 32 64 32
1.0575328258939822 47.53400420057071 	idx: 1 1 4 64 128 32
0.889063681022592 47.05866415856501 	idx: 3 1 4 256 512 8
1.003741816553471 46.58807751697936 	idx: 4 2 4 64 4 64
1.0118742026164642 46.12219674180957 	idx: 4 2 5 64 2 64
1.3627726695227018 45.66097477439147 	idx: 4 1 6 64 4 64
1.1542656905793902 45.20436502664755 	idx: 4 1 5 64 4 128
1.0009054213515463 44.752321376381076 	idx: 4 2 4 64 4 128
1.1467734290735896 44.30479816261727 	idx: 4 1 5 128 8 128
1.1467734290735896 43.861750180991095 	idx: 4 1 5 256 8 128
1.1349259687508118 43.42313267918119 	idx: 4 1 4 512 4 64
1.161947656824993 42.98890135238938 	idx: 4 1 5 256 2 64
1.1355685466795804 42.559012338865486 	idx: 4 1 4 256 2 128
1.1587617091633329 42.133422215476834 	idx: 4 1 5 128 2 128
1.3697560860016382 41.712087993322065 	idx: 4 1 6 128 2 64
1.3507673166223724 41.29496711338884 	idx: 4 1 7 64 4 64
1.0187784096442105 40.882017442254956 	idx: 4 1 8 32 2 64
1.1016696053320982 40.473197267832404 	idx: 3 1 4 32 32 128
1.1016696053320982 40.06846529515408 	idx: 3 1 4 64 32 128
0.9753342543362794 39.66778064220254 	idx: 3 2 4 32 32 128
0.9871818690196309 39.27110283578051 	idx: 4 1 10 8 4 64
0.9774859591879466 38.8783918074227 	idx: 4 1 9 4 2 32
1.0149478104433343 38.48960788934848 	idx: 4 1 8 8 4 32
1.3525082088977567 38.104711810454994 	idx: 4 1 7 16 4 32
1.1489867155135536 37.72366469235045 	idx: 4 2 6 8 2 16
1.143653360562094 37.34642804542694 	idx: 4 2 6 8 4 16
1.3659476145918525 36.97296376497267 	idx: 4 1 6 16 4 8
1.1643486382727708 36.60323412732294 	idx: 4 1 5 16 2 16
1.1602135710716464 36.23720178604971 	idx: 4 1 5 32 4 8
1.3654931455705652 35.874829768189215 	idx: 4 1 6 32 4 16
1.3654931455705652 35.516081470507324 	idx: 4 1 6 32 4 16
1.3546085660849292 35.16092065580225 	idx: 4 1 6 64 8 16
1.3550566986068369 34.80931144924423 	idx: 4 1 6 64 8 8
1.3659476145918525 34.461218334751784 	idx: 4 1 6 32 4 8
1.010199271948811 34.11660615140427 	idx: 4 2 5 64 4 16
1.0095409492674212 33.775440089890225 	idx: 4 2 4 128 2 8
1.1602135710716464 33.43768568899132 	idx: 4 1 5 64 4 8
1.3552808760748136 33.10330883210141 	idx: 4 1 6 32 8 4
1.3242149265772682 32.7722757437804 	idx: 4 1 7 32 16 8
1.3242149265772682 32.44455298634259 	idx: 4 1 7 32 16 8
1.1413502167634098 32.12010745647917 	idx: 4 2 6 16 16 16
1.1182925455611699 31.798906381914374 	idx: 1 1 5 128 32 128
1.0882127603709548 31.48091731809523 	idx: 1 1 4 64 64 64
0.9189052121454108 31.16610814491428 	idx: 0 2 4 16 128 512
0.9639448684222671 30.854447063465138 	idx: 1 2 4 128 64 64
1.1212939877559753 30.545902592830487 	idx: 1 1 5 128 32 64
1.0851980057020227 30.240443566902183 	idx: 1 1 4 64 64 128
1.1123376094386286 29.93803913123316 	idx: 1 1 5 32 32 256
1.0792183321964894 29.638658739920828 	idx: 1 1 4 16 64 256
0.9967351297518071 29.34227215252162 	idx: 0 1 4 16 256 32
1.0721379447165194 29.048849430996402 	idx: 0 1 5 16 128 64
1.0500474172926062 28.758360936686437 	idx: 0 1 4 8 128 64
0.8773158874163809 28.47077732731957 	idx: 0 2 5 8 256 128
1.1431742969324843 28.186069554046373 	idx: 0 1 6 4 256 128
1.045331284282151 27.90420885850591 	idx: 2 1 4 4 32 8
1.0722152372245188 27.625166769920853 	idx: 1 1 4 8 64 256
1.2243394448278118 27.348915102221643 	idx: 2 1 6 8 128 8
1.0821762370130776 27.075425951199424 	idx: 2 2 6 8 64 4
1.243817604458118 26.804671691687428 	idx: 2 1 6 4 32 2
0.9573720375839531 26.536624974770554 	idx: 0 1 4 4 256 512
1.0638481559431379 26.271258725022847 	idx: 2 1 5 4 16 4
1.2841285078331537 26.00854613777262 	idx: 2 1 6 8 32 2
1.1728027759574402 25.748460676394892 	idx: 1 1 7 2 16 256
1.3003680218048352 25.490976069630943 	idx: 2 1 7 8 16 8
1.3003680218048352 25.23606630893463 	idx: 2 1 7 8 16 8
0.9867771749447695 24.983705645845284 	idx: 1 1 8 4 16 128
0.9867771749447695 24.73386858938683 	idx: 1 1 8 4 16 128
0.975889381123342 24.48652990349296 	idx: 2 1 8 8 32 32
0.975889381123342 24.24166460445803 	idx: 2 1 8 16 32 32
1.2911497893413364 23.99924795841345 	idx: 2 1 7 16 32 32
1.2703154152220686 23.759255478829314 	idx: 2 1 7 16 64 32
1.2594613493009148 23.52166292404102 	idx: 2 1 7 8 64 32
1.3081323210319509 23.28644629480061 	idx: 2 1 6 16 32 32
1.1212939877559753 23.053581831852604 	idx: 2 1 5 32 32 64
1.3337570599520256 22.82304601353408 	idx: 2 1 6 32 16 32
1.3237953061102647 22.59481555339874 	idx: 2 1 7 64 16 16
0.9867771749447695 22.36886739786475 	idx: 1 1 8 4 16 128
1.2687533428414206 22.145178723886104 	idx: 2 1 7 64 64 64
1.3081323210319509 21.923726936647242 	idx: 2 1 6 64 32 32
1.3081323210319509 21.704489667280768 	idx: 2 1 6 64 32 32
1.308976128966058 21.48744477060796 	idx: 2 1 6 128 32 16
1.3081323210319509 21.27257032290188 	idx: 2 1 6 128 32 32
1.3446519114399675 21.059844619672862 	idx: 3 1 6 16 2 512
1.3353441177810021 20.849246173476132 	idx: 3 1 7 16 2 512
1.351998308546716 20.64075371174137 	idx: 3 1 6 32 4 256
1.351998308546716 20.434346174623958 	idx: 3 1 6 32 4 256
1.3661125378801553 20.230002712877717 	idx: 3 1 6 32 2 128
1.1351107216528555 20.027702685748938 	idx: 2 1 5 128 16 64
1.3212831574652766 19.82742565889145 	idx: 1 1 7 128 16 64
1.3537131896682084 19.629151402302536 	idx: 1 1 6 128 8 32
1.3537131896682084 19.43285988827951 	idx: 2 1 6 256 8 32
1.3519259831308306 19.238531289396715 	idx: 2 1 6 128 8 64
1.1542656905793902 19.046145976502746 	idx: 2 1 5 128 4 128
1.009142844846405 18.855684516737718 	idx: 3 2 5 64 2 128
1.1253455306377176 18.66712767157034 	idx: 3 1 4 64 4 256
1.1587617091633329 18.480456394854638 	idx: 2 1 5 64 2 128
1.1253455306377176 18.295651830906092 	idx: 3 1 4 64 4 256
1.1253455306377176 18.11269531259703 	idx: 3 1 4 64 4 256
1.1253455306377176 17.931568359471058 	idx: 3 1 4 64 4 256
1.1253455306377176 17.752252675876345 	idx: 3 1 4 64 4 256
1.1318784451788189 17.57473014911758 	idx: 2 1 4 8 2 64
1.0001422469088583 17.398982847626407 	idx: 1 2 4 16 8 4
1.1094548201281624 17.22499301915014 	idx: 2 1 4 4 8 32
1.105527142974374 17.05274308895864 	idx: 2 1 5 4 4 16
0.7760030337481605 16.882215658069054 	idx: 2 2 4 2 2 8
0.9413283022406008 16.713393501488362 	idx: 2 2 4 4 4 4
0.8958327093466782 16.546259566473477 	idx: 2 1 5 2 8 4
1.0708550335765417 16.380796970808742 	idx: 2 1 5 4 16 8
1.2867846830412244 16.216989001100654 	idx: 2 1 6 8 32 8
1.0908135401993633 16.054819111089646 	idx: 2 2 6 4 16 16
1.0721436100828792 15.89427091997875 	idx: 2 2 6 4 32 16
1.1239064343694014 15.735328210778961 	idx: 2 1 5 8 16 16
1.2939934186654132 15.577974928671171 	idx: 2 1 6 4 8 8
1.2939934186654132 15.42219517938446 	idx: 2 1 6 4 8 8
1.2939934186654132 15.267973227590614 	idx: 2 1 6 4 8 8
1.2939934186654132 15.115293495314708 	idx: 2 1 6 4 8 8
1.2587095520831177 14.96414056036156 	idx: 2 1 7 4 16 4
1.3003680218048352 14.814499154757945 	idx: 2 1 7 8 16 8
0.9647392434569826 14.666354163210364 	idx: 1 2 4 8 32 4
1.067454525935222 14.519690621578262 	idx: 3 1 4 16 64 512
1.2108985808189265 14.374493715362478 	idx: 2 1 7 4 64 4
1.2108985808189265 14.230748778208852 	idx: 2 1 7 4 64 4
1.3285469708902262 14.088441290426763 	idx: 3 1 6 32 16 128
1.3408027753869411 13.947556877522496 	idx: 3 1 7 16 8 64
1.3530390751300139 13.808081308747271 	idx: 3 1 6 8 4 32
1.3383697594725543 13.670000495659798 	idx: 3 1 7 8 4 64
1.1499412722113578 13.5333004907032 	idx: 3 2 6 8 4 64
1.3507673166223724 13.397967485796167 	idx: 3 1 7 16 4 64
1.3289800866706611 13.263987810938206 	idx: 1 1 6 8 8 4
1.3384957965655195 13.131347932828824 	idx: 1 1 6 8 4 2
1.3384957965655195 13.000034453500536 	idx: 1 1 6 8 4 2
1.3354936329398304 12.87003410896553 	idx: 1 1 7 8 2 4
1.3731896078639299 12.741333767875876 	idx: 1 1 6 16 2 4
1.3546085660849292 12.613920430197117 	idx: 3 1 6 16 8 16
1.3425208174213914 12.487781225895146 	idx: 3 1 7 32 8 32
1.3425208174213914 12.362903413636195 	idx: 3 1 7 32 8 32
1.3425208174213914 12.239274379499832 	idx: 3 1 7 32 8 32
1.3425208174213914 12.116881635704834 	idx: 3 1 7 32 8 32
1.3627726695227018 11.995712819347785 	idx: 3 1 6 32 4 64
1.3507673166223724 11.875755691154307 	idx: 3 1 7 32 4 64
1.3507673166223724 11.756998134242764 	idx: 3 1 7 32 4 64
1.351998308546716 11.639428152900336 	idx: 4 1 6 128 4 256
1.351998308546716 11.523033871371332 	idx: 4 1 6 128 4 256
1.3520570042891569 11.407803532657619 	idx: 2 1 6 8 2 16
1.3367806529045623 11.293725497331042 	idx: 2 1 7 4 2 32
1.3383697594725543 11.180788242357732 	idx: 2 1 7 8 4 64
1.3612957495717593 11.068980359934155 	idx: 2 1 7 16 2 32
1.3612957495717593 10.958290556334813 	idx: 2 1 7 16 2 32
1.3697560860016382 10.848707650771464 	idx: 2 1 6 32 2 64
1.3697560860016382 10.74022057426375 	idx: 2 1 6 32 2 64
1.341301064722298 10.632818368521113 	idx: 4 1 6 16 8 256
1.3661125378801553 10.526490184835902 	idx: 2 1 6 32 2 128
1.323947700986923 10.421225282987542 	idx: 4 1 6 8 4 512
1.3552808760748136 10.317013030157668 	idx: 1 1 6 64 8 4
1.366288664933828 10.213842899856092 	idx: 1 1 6 64 4 2
1.3483656898662062 10.11170447085753 	idx: 3 1 6 16 8 128
1.3483656898662062 10.010587426148955 	idx: 3 1 6 16 8 128
1.3483656898662062 9.910481551887466 	idx: 3 1 6 16 8 128
1.3483656898662062 9.811376736368592 	idx: 3 1 6 16 8 128
1.3270637735124284 9.713262969004907 	idx: 3 1 7 8 4 256
1.1379533978288912 9.616130339314857 	idx: 1 1 4 64 4 4
1.3223308444316186 9.519969035921708 	idx: 3 1 7 4 2 256
1.3223308444316186 9.42476934556249 	idx: 3 1 7 4 2 256
1.3460636220270823 9.330521652106865 	idx: 3 1 6 8 2 256
1.3460636220270823 9.237216435585797 	idx: 3 1 6 8 2 256
1.3305493885398807 9.144844271229939 	idx: 3 1 7 4 2 128
1.346343260953289 9.053395828517639 	idx: 3 1 6 4 2 64
1.346343260953289 8.962861870232462 	idx: 3 1 6 4 2 64
1.346343260953289 8.873233251530138 	idx: 3 1 6 4 2 64
1.3553929926266572 8.784500919014837 	idx: 1 1 6 32 8 2
1.3553929926266572 8.696655909824688 	idx: 1 1 6 32 8 2
1.3553929926266572 8.609689350726441 	idx: 1 1 6 32 8 2
1.346343260953289 8.523592457219177 	idx: 3 1 6 4 2 64
1.346343260953289 8.438356532646985 	idx: 3 1 6 4 2 64
1.1967491532681553 8.353972967320516 	idx: 3 1 6 2 4 64
1.335332248757787 8.27043323764731 	idx: 3 1 6 4 4 128
1.271783355433492 8.187728905270838 	idx: 1 1 7 32 64 2
1.2925559824693211 8.105851616218128 	idx: 1 1 7 64 32 4
1.341301064722298 8.024793100055946 	idx: 2 1 6 16 8 256
1.3460636220270823 7.944545169055387 	idx: 3 1 6 8 2 256
1.3460636220270823 7.865099717364833 	idx: 3 1 6 8 2 256
1.3460636220270823 7.786448720191185 	idx: 3 1 6 8 2 256
1.341301064722298 7.708584232989273 	idx: 2 1 6 32 8 256
1.3378947472052987 7.63149839065938 	idx: 2 1 6 64 4 512
1.3378947472052987 7.5551834067527865 	idx: 2 1 6 64 4 512
1.3004205364422459 7.479631572685259 	idx: 2 1 6 32 8 1024
1.3378947472052987 7.404835256958406 	idx: 2 1 6 64 4 512
1.2846562373745978 7.330786904388821 	idx: 4 1 6 16 64 64
1.2706217321309166 7.257479035344933 	idx: 3 1 6 8 64 128
1.2706217321309166 7.1849042449914835 	idx: 3 1 6 8 64 128
1.2706217321309166 7.1130552025415685 	idx: 3 1 6 8 64 128
1.2877362275895656 7.041924650516153 	idx: 1 1 6 16 64 4
1.2877362275895656 6.971505404010991 	idx: 1 1 6 16 64 4
1.305745887031795 6.901790349970882 	idx: 3 1 6 4 16 128
1.3093984412871824 6.832772446471173 	idx: 1 1 6 32 32 8
1.3291012974443632 6.764444722006462 	idx: 3 1 6 4 8 64
1.3291012974443632 6.696800274786397 	idx: 3 1 6 4 8 64
1.3438122410887907 6.6298322720385325 	idx: 1 1 7 128 8 8
1.3438122410887907 6.563533949318147 	idx: 1 1 7 128 8 8
1.3550566986068369 6.497898609824966 	idx: 1 1 6 256 8 8
1.3550566986068369 6.432919623726716 	idx: 1 1 6 128 8 8
1.3550566986068369 6.3685904274894485 	idx: 1 1 6 128 8 8
1.3550566986068369 6.304904523214554 	idx: 1 1 6 128 8 8
1.3550566986068369 6.2418554779824085 	idx: 1 1 6 128 8 8
1.3550566986068369 6.1794369232025845 	idx: 1 1 6 128 8 8
1.3352843755928698 6.117642553970558 	idx: 1 1 6 128 16 4
1.3352843755928698 6.056466128430853 	idx: 1 1 6 128 16 4
1.3352843755928698 5.9959014671465445 	idx: 1 1 6 128 16 4
1.309609699651559 5.935942452475079 	idx: 1 1 6 128 32 4
1.309609699651559 5.8765830279503275 	idx: 1 1 6 256 32 4
1.3244248365859652 5.817817197670824 	idx: 1 1 7 128 16 4
1.3244248365859652 5.759639025694116 	idx: 1 1 7 128 16 4
1.3245298165479535 5.7020426354371745 	idx: 0 1 7 16 16 2
1.3245298165479535 5.645022209082803 	idx: 0 1 7 16 16 2
1.309609699651559 5.588571986991974 	idx: 0 1 6 32 32 4
1.3510599340103289 5.532686267122054 	idx: 3 1 6 8 4 64
1.3304606855847236 5.477359404450834 	idx: 3 1 7 8 8 32
1.3304606855847236 5.422585810406325 	idx: 3 1 7 8 8 32
1.3304606855847236 5.368359952302262 	idx: 3 1 7 8 8 32
1.3166268043637674 5.314676352779239 	idx: 3 1 7 4 8 64
1.3166268043637674 5.261529589251447 	idx: 3 1 7 4 8 64
1.3166268043637674 5.208914293358933 	idx: 3 1 7 4 8 64
1.3244248365859652 5.156825150425344 	idx: 1 1 7 128 16 4
1.3550566986068369 5.10525689892109 	idx: 1 1 6 64 8 8
1.3550566986068369 5.0542043299318795 	idx: 1 1 6 64 8 8
1.3550566986068369 5.003662286632561 	idx: 1 1 6 64 8 8
1.3550566986068369 4.953625663766235 	idx: 1 1 6 64 8 8
1.3550566986068369 4.9040894071285726 	idx: 1 1 6 64 8 8
1.3654931455705652 4.8550485130572865 	idx: 1 1 6 128 4 16
1.3654931455705652 4.806498027926714 	idx: 1 1 6 128 4 16
1.3533803388895902 4.758433047647447 	idx: 1 1 7 128 4 16
1.3550566986068369 4.710848717170973 	idx: 4 1 6 16 8 8
1.3550566986068369 4.663740229999263 	idx: 4 1 6 16 8 8
1.3320158290551227 4.61710282769927 	idx: 1 1 6 256 16 64
1.3337570599520256 4.570931799422278 	idx: 1 1 6 256 16 32
1.3519259831308306 4.525222481428055 	idx: 1 1 6 256 8 64
1.3308771946817228 4.4799702566137745 	idx: 4 1 6 8 8 8
1.3483656898662062 4.4351705540476365 	idx: 0 1 6 128 8 128
1.3483656898662062 4.39081884850716 	idx: 0 1 6 128 8 128
1.3320158290551227 4.346910660022088 	idx: 0 1 6 64 16 64
1.3229837432989322 4.303441553421867 	idx: 4 1 7 8 8 16
1.3229837432989322 4.260407137887648 	idx: 4 1 7 8 8 16
1.3423453614498233 4.217803066508771 	idx: 4 1 6 8 8 32
1.3395919506439136 4.175625035843683 	idx: 4 1 6 4 4 64
1.3395919506439136 4.133868785485246 	idx: 4 1 6 4 4 64
1.3395919506439136 4.0925300976303935 	idx: 4 1 6 4 4 64
1.340272846358319 4.05160479665409 	idx: 4 1 7 8 4 32
1.359162185712379 4.011088748687548 	idx: 1 1 6 64 4 128
1.3659476145918525 3.970977861200673 	idx: 3 1 6 32 4 8
1.359162185712379 3.9312680825886663 	idx: 1 1 6 64 4 128
1.359162185712379 3.8919554017627798 	idx: 1 1 6 64 4 128
1.353948429789123 3.853035847745152 	idx: 4 1 6 8 2 128
1.3731896078639299 3.8145054892677006 	idx: 3 1 6 16 2 4
1.3731896078639299 3.7763604343750234 	idx: 3 1 6 16 2 4
1.3661749625650588 3.7385968300312733 	idx: 3 1 6 32 4 4
1.3661749625650588 3.7012108617309605 	idx: 3 1 6 32 4 4
1.359162185712379 3.664198753113651 	idx: 4 1 6 16 4 128
1.359162185712379 3.6275567655825145 	idx: 4 1 6 16 4 128
1.359162185712379 3.591281197926689 	idx: 4 1 6 16 4 128
1.3697560860016382 3.555368385947422 	idx: 4 1 6 16 2 64
1.3697560860016382 3.519814702087948 	idx: 4 1 6 16 2 64
1.3661125378801553 3.4846165550670687 	idx: 4 1 6 16 2 128
1.3661125378801553 3.449770389516398 	idx: 4 1 6 16 2 128
1.3661125378801553 3.415272685621234 	idx: 4 1 6 16 2 128
1.3472989423737256 3.3811199587650216 	idx: 4 1 7 16 4 128
1.358883284890406 3.347308759177371 	idx: 4 1 6 16 2 256
1.358883284890406 3.3138356715855974 	idx: 4 1 6 16 2 256
1.358883284890406 3.2806973148697414 	idx: 4 1 6 16 2 256
1.3645851141721768 3.247890341721044 	idx: 0 1 6 128 4 32
1.3525082088977567 3.2154114383038332 	idx: 0 1 7 128 4 32
1.3525082088977567 3.183257323920795 	idx: 0 1 7 128 4 32
1.3525082088977567 3.1514247506815867 	idx: 0 1 7 128 4 32
1.3525082088977567 3.1199105031747707 	idx: 0 1 7 128 4 32
1.371585158053724 3.088711398143023 	idx: 0 1 6 256 2 32
1.3627726695227018 3.0578242841615926 	idx: 0 1 6 256 4 64
1.3627726695227018 3.0272460413199767 	idx: 0 1 6 256 4 64
1.3627726695227018 2.996973580906777 	idx: 0 1 6 256 4 64
1.3627726695227018 2.967003845097709 	idx: 0 1 6 256 4 64
1.3627726695227018 2.9373338066467323 	idx: 0 1 6 256 4 64
1.3627726695227018 2.907960468580265 	idx: 0 1 6 256 4 64
1.3627726695227018 2.8788808638944623 	idx: 0 1 6 256 4 64
1.3661125378801553 2.8500920552555176 	idx: 0 1 6 256 2 128
1.3661125378801553 2.8215911347029623 	idx: 0 1 6 256 2 128
1.3661125378801553 2.7933752233559326 	idx: 0 1 6 256 2 128
1.3408027753869411 2.765441471122373 	idx: 4 1 7 64 8 64
1.3661125378801553 2.7377870564111495 	idx: 0 1 6 256 2 128
1.3725015271103531 2.710409185847038 	idx: 4 1 6 64 2 16
1.358883284890406 2.6833050939885674 	idx: 0 1 6 128 2 256
1.3661125378801553 2.656472043048682 	idx: 0 1 6 64 2 128
1.3560250388927968 2.629907322618195 	idx: 0 1 7 128 2 128
1.3550566986068369 2.603608249392013 	idx: 4 1 6 128 8 8
1.351998308546716 2.577572166898093 	idx: 0 1 6 128 4 256
1.3550566986068369 2.551796445229112 	idx: 4 1 6 256 8 8
1.351998308546716 2.526278480776821 	idx: 0 1 6 128 4 256
1.3546085660849292 2.501015695969053 	idx: 4 1 6 256 8 16
1.3546085660849292 2.4760055390093623 	idx: 4 1 6 256 8 16
1.3537131896682084 2.4512454836192688 	idx: 4 1 6 256 8 32
1.3525082088977567 2.426733028783076 	idx: 4 1 7 128 4 32
1.3546085660849292 2.402465698495245 	idx: 4 1 6 128 8 16
1.3546085660849292 2.3784410415102926 	idx: 4 1 6 128 8 16
1.3550566986068369 2.3546566310951897 	idx: 4 1 6 128 8 8
1.3550566986068369 2.3311100647842378 	idx: 4 1 6 128 8 8
1.3550566986068369 2.307798964136395 	idx: 4 1 6 128 8 8
1.3433814905611905 2.2847209744950314 	idx: 4 1 7 128 8 16
1.3645851141721768 2.261873764750081 	idx: 4 1 6 256 4 32
1.3537131896682084 2.23925502710258 	idx: 0 1 6 128 8 32
1.3537131896682084 2.2168624768315546 	idx: 0 1 6 128 8 32
1.3537131896682084 2.194693852063239 	idx: 0 1 6 128 8 32
1.3628407670016363 2.1727469135426065 	idx: 3 1 7 16 2 4
1.3733043550702613 2.1510194444071806 	idx: 3 1 6 32 2 2
1.3733043550702613 2.129509249963109 	idx: 3 1 6 32 2 2
1.3733043550702613 2.108214157463478 	idx: 3 1 6 32 2 2
1.3733043550702613 2.087132015888843 	idx: 3 1 6 32 2 2
1.3733043550702613 2.0662606957299547 	idx: 3 1 6 32 2 2
1.3661749625650588 2.045598088772655 	idx: 3 1 6 64 4 4
1.3541443757924188 2.0251421078849283 	idx: 3 1 7 32 4 2
1.3541443757924188 2.004890686806079 	idx: 3 1 7 32 4 2
1.3541443757924188 1.9848417799380185 	idx: 3 1 7 32 4 2
1.3541443757924188 1.9649933621386382 	idx: 3 1 7 32 4 2
1.3628407670016363 1.9453434285172517 	idx: 3 1 7 16 2 4
1.3628407670016363 1.9258899942320793 	idx: 3 1 7 16 2 4
1.3731896078639299 1.9066310942897584 	idx: 3 1 6 16 2 4
1.3731896078639299 1.8875647833468607 	idx: 3 1 6 16 2 4
1.3731896078639299 1.868689135513392 	idx: 3 1 6 16 2 4
1.3731896078639299 1.8500022441582582 	idx: 3 1 6 16 2 4
1.3731896078639299 1.8315022217166756 	idx: 3 1 6 16 2 4
1.3731896078639299 1.8131871994995088 	idx: 3 1 6 16 2 4
1.3731896078639299 1.7950553275045138 	idx: 3 1 6 16 2 4
1.3731896078639299 1.7771047742294686 	idx: 3 1 6 16 2 4
1.366288664933828 1.7593337264871738 	idx: 3 1 6 32 4 2
1.3541443757924188 1.741740389222302 	idx: 3 1 7 16 4 2
1.3552808760748136 1.724322985330079 	idx: 3 1 6 32 8 4
1.3541443757924188 1.7070797554767783 	idx: 3 1 7 16 4 2
1.3541443757924188 1.6900089579220106 	idx: 3 1 7 16 4 2
1.3541443757924188 1.6731088683427904 	idx: 3 1 7 16 4 2
1.3733043550702613 1.6563777796593624 	idx: 3 1 6 16 2 2
1.3733043550702613 1.6398140018627687 	idx: 3 1 6 16 2 2
1.3733043550702613 1.623415861844141 	idx: 3 1 6 16 2 2
1.3733043550702613 1.6071817032256996 	idx: 3 1 6 16 2 2
1.3731896078639299 1.5911098861934427 	idx: 3 1 6 32 2 4
1.3731896078639299 1.5751987873315083 	idx: 3 1 6 32 2 4
1.3731896078639299 1.5594467994581933 	idx: 3 1 6 32 2 4
1.3654931455705652 1.5438523314636114 	idx: 1 1 6 128 4 16
1.3659476145918525 1.5284138081489753 	idx: 3 1 6 64 4 8
1.3659476145918525 1.5131296700674854 	idx: 3 1 6 64 4 8
1.3659476145918525 1.4979983733668105 	idx: 3 1 6 32 4 8
1.3659476145918525 1.4830183896331424 	idx: 3 1 6 32 4 8
1.3729601709682544 1.468188205736811 	idx: 3 1 6 16 2 8
1.3729601709682544 1.4535063236794428 	idx: 3 1 6 16 2 8
1.3654931455705652 1.4389712604426483 	idx: 1 1 6 32 4 16
1.3729601709682544 1.4245815478382218 	idx: 3 1 6 16 2 8
1.3729601709682544 1.4103357323598396 	idx: 3 1 6 16 2 8
1.3729601709682544 1.396232375036241 	idx: 3 1 6 16 2 8
1.3729601709682544 1.3822700512858788 	idx: 3 1 6 16 2 8
1.3729601709682544 1.36844735077302 	idx: 3 1 6 16 2 8
1.3729601709682544 1.3547628772652898 	idx: 3 1 6 16 2 8
1.3729601709682544 1.341215248492637 	idx: 3 1 6 16 2 8
1.371585158053724 1.3278030960077105 	idx: 1 1 6 16 2 32
1.371585158053724 1.3145250650476334 	idx: 1 1 6 16 2 32
1.371585158053724 1.301379814397157 	idx: 1 1 6 16 2 32
1.371585158053724 1.2883660162531856 	idx: 1 1 6 16 2 32
1.371585158053724 1.2754823560906536 	idx: 1 1 6 16 2 32
1.371585158053724 1.2627275325297471 	idx: 1 1 6 16 2 32
1.3627726695227018 1.2501002572044497 	idx: 1 1 6 32 4 64
1.3627726695227018 1.2375992546324053 	idx: 1 1 6 32 4 64
1.3627726695227018 1.2252232620860812 	idx: 1 1 6 32 4 64
1.366288664933828 1.2129710294652205 	idx: 0 1 6 256 4 2
1.366288664933828 1.2008413191705682 	idx: 0 1 6 256 4 2
1.3697560860016382 1.1888329059788625 	idx: 1 1 6 16 2 64
1.3697560860016382 1.1769445769190738 	idx: 1 1 6 16 2 64
1.371585158053724 1.165175131149883 	idx: 3 1 6 32 2 32
1.3697560860016382 1.1535233798383842 	idx: 1 1 6 16 2 64
1.3697560860016382 1.1419881460400003 	idx: 1 1 6 16 2 64
1.3697560860016382 1.1305682645796002 	idx: 1 1 6 16 2 64
1.3661749625650588 1.1192625819338042 	idx: 0 1 6 256 4 4
1.3645851141721768 1.1080699561144662 	idx: 1 1 6 16 4 32
1.3645851141721768 1.0969892565533215 	idx: 1 1 6 16 4 32
1.366288664933828 1.0860193639877882 	idx: 0 1 6 128 4 2
1.366288664933828 1.0751591703479102 	idx: 0 1 6 128 4 2
1.366288664933828 1.0644075786444311 	idx: 0 1 6 256 4 2
1.366288664933828 1.0537635028579868 	idx: 0 1 6 256 4 2
1.366288664933828 1.0432258678294068 	idx: 0 1 6 256 4 2
1.3627726695227018 1.0327936091511127 	idx: 1 1 6 32 4 64
1.3627726695227018 1.0224656730596016 	idx: 1 1 6 32 4 64
1.3627726695227018 1.0122410163290056 	idx: 1 1 6 32 4 64
1.3627726695227018 1.0021186061657157 	idx: 1 1 6 32 4 64
###### ACC Parameters ######
cim type:    LccCIM
bus_width:   25.6
macros_row:  1
macros_col:  6
scr:         32
is_size:     4
os_size:     64
best=1.3627726695227018, area=3046388.3413166567 459
gpt2_large_sl8_LCC-CIM@ISSCC20_ee_running end at 1757782238.0016515
9.369082345636208 100 	idx: 1 2 2 2 32 64
9.354153179104921 99.0 	idx: 4 4 2 2 64 128
12.393219988872529 98.01 	idx: 1 1 2 4 32 16
17.226007940129442 97.0299 	idx: 1 1 3 4 64 8
12.408209572582233 96.059601 	idx: 1 1 2 8 32 8
12.661591027857057 95.09900499 	idx: 4 1 2 2 64 1024
6.367397105199321 94.1480149401 	idx: 1 1 1 32 128 4
12.661591027857057 93.206534790699 	idx: 1 1 2 64 64 2
17.25784680921737 92.27446944279201 	idx: 1 2 3 128 128 4
25.029393301283324 91.35172474836409 	idx: 1 1 4 64 256 8
25.029393301283324 90.43820750088045 	idx: 1 1 4 128 512 4
26.654564254179224 89.53382542587164 	idx: 1 1 5 64 1024 4
26.6556568421331 88.63848717161292 	idx: 1 1 5 128 1024 2
26.654564254179224 87.75210229989679 	idx: 1 1 5 64 1024 4
25.029393301283324 86.87458127689783 	idx: 1 1 4 64 1024 8
17.288202200938557 86.00583546412885 	idx: 1 1 3 128 1024 16
25.029393301283324 85.14577710948755 	idx: 1 1 4 128 512 8
17.28442231564182 84.29431933839268 	idx: 1 1 3 64 1024 4
24.965909721396585 83.45137614500875 	idx: 1 2 4 64 512 2
17.25784680921737 82.61686238355867 	idx: 1 2 3 128 512 4
12.661591027857057 81.79069375972308 	idx: 1 1 2 128 1024 4
12.645324982937893 80.97278682212585 	idx: 1 2 2 64 512 8
6.36761834608297 80.1630589539046 	idx: 1 1 1 32 1024 8
12.35938489005296 79.36142836436555 	idx: 3 4 2 4 128 32
8.358961838543602 78.56781408072189 	idx: 4 1 4 32 2 128
14.181190020274045 77.78213593991467 	idx: 2 3 3 2 64 32
12.388414218957791 77.00431458051553 	idx: 2 2 2 4 64 32
17.28265893475946 76.23427143471037 	idx: 2 1 3 4 128 64
17.289151137579932 75.47192872036327 	idx: 2 1 3 4 64 128
24.534205709389727 74.71720943315964 	idx: 2 1 4 8 32 64
24.534205709389727 73.97003733882804 	idx: 2 1 4 16 32 64
18.5649603630684 73.23033696543976 	idx: 3 2 4 64 32 128
17.051768543142707 72.49803359578536 	idx: 3 1 5 128 16 256
24.534205709389727 71.7730532598275 	idx: 3 1 4 256 32 128
26.65699626569624 71.05532272722922 	idx: 3 1 5 128 64 128
24.965909721396585 70.34476949995693 	idx: 3 2 4 128 128 64
24.965909721396585 69.64132180495736 	idx: 3 2 4 128 128 64
25.029393301283324 68.94490858690779 	idx: 3 1 4 128 64 128
17.25883674419879 68.25545950103871 	idx: 3 2 3 64 128 128
12.660732203015131 67.57290490602833 	idx: 1 1 2 16 2048 16
17.289151137579932 66.89717585696805 	idx: 3 1 3 128 128 512
17.285118876130113 66.22820409839836 	idx: 1 1 3 16 1024 32
17.25883674419879 65.56592205741438 	idx: 3 2 3 64 256 256
25.029393301283324 64.91026283684023 	idx: 3 1 4 32 128 128
26.584999736245187 64.26116020847184 	idx: 3 2 5 32 256 128
34.03283541773588 63.618548606387115 	idx: 3 1 6 32 256 256
35.001447362938066 62.98236312032324 	idx: 3 1 7 64 128 256
35.001447362938066 62.35253948912001 	idx: 3 1 7 64 64 512
34.03283541773588 61.72901409422881 	idx: 3 1 6 32 64 512
20.79898310400898 61.11172395328652 	idx: 3 1 5 32 32 512
20.79898310400898 60.500606713753655 	idx: 3 1 5 32 32 1024
34.03283541773588 59.89560064661612 	idx: 3 1 6 16 64 512
26.65699626569624 59.29664464014996 	idx: 3 1 5 32 128 512
26.65699626569624 58.70367819374846 	idx: 3 1 5 16 64 256
26.093602568085327 58.116641411810974 	idx: 3 1 6 16 32 128
26.65699626569624 57.535474997692866 	idx: 3 1 5 32 64 64
25.029393301283324 56.960120247715935 	idx: 3 1 4 64 64 128
26.65699626569624 56.390519045238776 	idx: 3 1 5 64 64 64
20.79898310400898 55.82661385478639 	idx: 3 1 5 64 32 128
25.029393301283324 55.26834771623852 	idx: 4 1 4 128 256 16
26.656925766363322 54.71566423907614 	idx: 4 1 5 256 256 16
25.029393301283324 54.16850759668538 	idx: 4 1 4 128 128 16
21.157863272263178 53.62682252071853 	idx: 3 1 6 64 16 128
25.029393301283324 53.09055429551134 	idx: 4 1 4 64 512 32
26.655621595962295 52.55964875255623 	idx: 4 1 5 32 256 16
26.65699626569624 52.03405226503067 	idx: 4 1 5 32 128 32
34.02904379120935 51.51371174238036 	idx: 4 1 6 32 128 32
34.99774064461246 50.998574624956554 	idx: 4 1 7 64 128 16
34.02421930644775 50.488588878706985 	idx: 4 1 6 32 128 16
34.99956352272234 49.98370298991991 	idx: 4 1 7 64 64 32
26.092555569505727 49.483865960020715 	idx: 4 1 6 64 32 32
17.289151137579932 48.98902730042051 	idx: 1 1 3 8 512 256
24.534205709389727 48.4991370274163 	idx: 4 1 4 128 32 128
20.79898310400898 48.01414565714214 	idx: 4 1 5 256 32 128
24.965909721396585 47.53400420057071 	idx: 1 2 4 4 256 256
26.65699626569624 47.05866415856501 	idx: 1 1 5 8 128 128
34.03283541773588 46.58807751697936 	idx: 1 1 6 8 128 256
25.578172073571807 46.12219674180957 	idx: 1 2 5 8 64 256
21.157863272263178 45.66097477439147 	idx: 4 1 6 128 16 256
27.24967504028203 45.20436502664755 	idx: 4 1 7 128 32 256
21.157863272263178 44.752321376381076 	idx: 4 1 6 128 16 128
25.029393301283324 44.30479816261727 	idx: 1 1 4 16 64 512
25.029393301283324 43.861750180991095 	idx: 1 1 4 16 64 256
24.965909721396585 43.42313267918119 	idx: 1 2 4 8 128 512
26.65699626569624 42.98890135238938 	idx: 1 1 5 8 64 256
25.029393301283324 42.559012338865486 	idx: 0 1 4 32 1024 8
25.029393301283324 42.133422215476834 	idx: 1 1 4 16 128 128
25.029393301283324 41.712087993322065 	idx: 1 1 4 32 256 128
26.584999736245187 41.29496711338884 	idx: 1 2 5 16 128 128
24.965909721396585 40.882017442254956 	idx: 1 2 4 16 128 256
17.289151137579932 40.473197267832404 	idx: 1 1 3 8 256 512
17.289151137579932 40.06846529515408 	idx: 1 1 3 8 128 512
24.473206169146497 39.66778064220254 	idx: 1 2 4 4 64 512
14.18855617743443 39.27110283578051 	idx: 1 3 3 4 64 256
16.54341049646135 38.8783918074227 	idx: 1 2 3 4 64 256
12.661591027857057 38.48960788934848 	idx: 1 1 2 8 64 512
12.408209572582233 38.104711810454994 	idx: 1 1 2 4 32 256
12.408209572582233 37.72366469235045 	idx: 1 1 2 2 32 128
12.404865243391393 37.34642804542694 	idx: 1 1 2 4 32 64
9.354153179104921 36.97296376497267 	idx: 2 4 2 128 64 8
6.364052208348487 36.60323412732294 	idx: 0 2 1 128 256 16
12.540605964088067 36.23720178604971 	idx: 0 3 2 64 128 8
12.159722047966028 35.874829768189215 	idx: 4 2 3 16 32 256
12.39258763819491 35.516081470507324 	idx: 1 2 2 32 64 32
14.188106802437169 35.16092065580225 	idx: 1 3 3 32 64 32
14.881175442326317 34.80931144924423 	idx: 1 3 4 16 32 64
24.473206169146497 34.461218334751784 	idx: 1 2 4 16 64 32
17.25846735219257 34.11660615140427 	idx: 1 2 3 32 128 64
25.029393301283324 33.775440089890225 	idx: 1 1 4 64 128 64
24.965909721396585 33.43768568899132 	idx: 1 2 4 128 128 32
25.029393301283324 33.10330883210141 	idx: 1 1 4 256 64 64
20.79898310400898 32.7722757437804 	idx: 1 1 5 256 32 32
24.534205709389727 32.44455298634259 	idx: 1 1 4 128 32 64
17.250743295281453 32.12010745647917 	idx: 0 2 3 4 256 32
17.240091610208484 31.798906381914374 	idx: 0 2 3 4 256 16
12.643976652495757 31.48091731809523 	idx: 0 2 2 8 128 16
18.5649603630684 31.16610814491428 	idx: 1 2 4 16 32 512
24.534205709389727 30.854447063465138 	idx: 1 1 4 32 32 256
13.206532357812206 30.545902592830487 	idx: 1 1 3 64 32 128
17.289151137579932 30.240443566902183 	idx: 1 1 3 32 64 128
17.25883674419879 29.93803913123316 	idx: 1 2 3 16 128 256
17.098382772416798 29.638658739920828 	idx: 2 3 3 32 512 4
12.610756024537299 29.34227215252162 	idx: 0 4 2 4 256 32
12.540605964088067 29.048849430996402 	idx: 2 3 2 64 1024 16
12.4140779568833 28.758360936686437 	idx: 0 5 2 2 256 128
12.39258763819491 28.47077732731957 	idx: 1 2 2 256 64 128
17.289151137579932 28.186069554046373 	idx: 1 1 3 128 64 256
17.289151137579932 27.90420885850591 	idx: 1 1 3 128 128 512
17.289151137579932 27.625166769920853 	idx: 1 1 3 256 128 1024
17.289151137579932 27.348915102221643 	idx: 1 1 3 512 256 512
12.661591027857057 27.075425951199424 	idx: 1 1 2 256 512 512
12.654993791424507 26.804671691687428 	idx: 0 1 2 8 256 8
17.27051768185175 26.536624974770554 	idx: 0 1 3 8 512 16
12.661591027857057 26.271258725022847 	idx: 1 1 2 64 256 128
18.5649603630684 26.00854613777262 	idx: 3 2 4 16 32 32
12.158929954377339 25.748460676394892 	idx: 3 2 3 8 32 64
12.540605964088067 25.490976069630943 	idx: 1 3 2 16 512 128
17.10116771193781 25.23606630893463 	idx: 1 3 3 32 512 64
14.881175442326317 24.983705645845284 	idx: 3 3 4 4 32 64
14.182187696546135 24.73386858938683 	idx: 2 3 3 8 64 2
18.5649603630684 24.48652990349296 	idx: 2 2 4 16 32 2
12.659412384561184 24.24166460445803 	idx: 0 1 2 16 2048 8
12.540605964088067 23.99924795841345 	idx: 1 3 2 8 512 128
13.203937298753154 23.759255478829314 	idx: 2 1 3 64 32 4
18.600041335734744 23.52166292404102 	idx: 2 1 4 32 16 8
12.612712773212504 23.28644629480061 	idx: 1 4 2 16 256 16
12.658537957641764 23.053581831852604 	idx: 0 1 2 16 2048 4
12.509501236437199 22.82304601353408 	idx: 1 4 3 8 64 16
16.55449624218216 22.59481555339874 	idx: 1 4 3 4 128 8
12.539568467941137 22.36886739786475 	idx: 0 3 2 16 1024 4
8.620160071975517 22.145178723886104 	idx: 3 2 6 4 4 16
12.356006237189733 21.923726936647242 	idx: 1 4 2 4 128 8
18.5649603630684 21.704489667280768 	idx: 2 2 4 4 32 2
14.162977201672112 21.48744477060796 	idx: 2 3 3 2 64 2
24.68562471835263 21.27257032290188 	idx: 2 3 4 4 128 2
14.785433187524387 21.059844619672862 	idx: 3 1 7 8 4 16
14.618366509307402 20.849246173476132 	idx: 3 1 6 16 4 8
12.540605964088067 20.64075371174137 	idx: 0 3 2 128 128 64
16.54341049646135 20.434346174623958 	idx: 0 2 3 64 64 128
12.159722047966028 20.230002712877717 	idx: 4 2 3 128 32 128
17.25883674419879 20.027702685748938 	idx: 0 2 3 64 128 128
24.965909721396585 19.82742565889145 	idx: 0 2 4 64 128 128
26.584999736245187 19.629151402302536 	idx: 0 2 5 32 128 128
25.029393301283324 19.43285988827951 	idx: 0 1 4 16 256 256
26.65699626569624 19.238531289396715 	idx: 0 1 5 32 512 128
25.029393301283324 19.046145976502746 	idx: 0 1 4 64 512 128
17.288350465422226 18.855684516737718 	idx: 0 1 3 32 512 64
25.029393301283324 18.66712767157034 	idx: 0 1 4 16 512 32
25.029393301283324 18.480456394854638 	idx: 0 1 4 8 512 32
25.02603747163309 18.295651830906092 	idx: 0 1 4 8 256 16
26.579040938756673 18.11269531259703 	idx: 0 2 5 4 256 16
26.538521974492106 17.931568359471058 	idx: 0 2 5 2 256 16
26.570387915070178 17.752252675876345 	idx: 0 2 5 4 256 8
24.696148851613916 17.57473014911758 	idx: 0 3 4 4 128 16
17.095279793963233 17.398982847626407 	idx: 0 3 3 8 256 16
12.661591027857057 17.22499301915014 	idx: 4 1 2 512 256 16
16.561541229533113 17.05274308895864 	idx: 0 4 3 16 128 4
12.413474051864865 16.882215658069054 	idx: 0 5 2 16 256 4
16.561541229533113 16.713393501488362 	idx: 0 4 3 16 128 4
20.967375603261775 16.546259566473477 	idx: 0 3 4 8 64 8
18.5649603630684 16.380796970808742 	idx: 0 2 4 8 32 8
12.661591027857057 16.216989001100654 	idx: 2 1 2 8 64 32
17.27994788295953 16.054819111089646 	idx: 2 1 3 16 64 16
20.967375603261775 15.89427091997875 	idx: 0 3 4 16 64 16
17.091091110101264 15.735328210778961 	idx: 0 3 3 8 128 8
20.967375603261775 15.577974928671171 	idx: 0 3 4 16 64 8
21.1552654473025 15.42219517938446 	idx: 3 1 6 64 16 4
26.085701493541617 15.267973227590614 	idx: 3 1 6 32 32 8
25.029393301283324 15.115293495314708 	idx: 4 1 4 64 512 8
26.654564254179224 14.96414056036156 	idx: 4 1 5 64 512 4
27.239365244086997 14.814499154757945 	idx: 3 1 7 32 32 4
26.6556568421331 14.666354163210364 	idx: 4 1 5 128 512 2
25.029393301283324 14.519690621578262 	idx: 4 1 4 256 512 4
25.029393301283324 14.374493715362478 	idx: 4 1 4 512 256 2
26.6564322814738 14.230748778208852 	idx: 4 1 5 256 256 2
25.029393301283324 14.088441290426763 	idx: 4 1 4 128 128 2
25.029393301283324 13.947556877522496 	idx: 4 1 4 64 256 2
24.965909721396585 13.808081308747271 	idx: 4 2 4 32 128 4
18.5649603630684 13.670000495659798 	idx: 0 2 4 4 32 32
24.534205709389727 13.5333004907032 	idx: 3 1 4 128 32 16
26.656714270601924 13.397967485796167 	idx: 3 1 5 256 64 8
25.029393301283324 13.263987810938206 	idx: 3 1 4 128 128 16
26.65622079354291 13.131347932828824 	idx: 3 1 5 128 256 8
25.029393301283324 13.000034453500536 	idx: 3 1 4 256 256 8
26.656538026697696 12.87003410896553 	idx: 3 1 5 256 512 4
25.029393301283324 12.741333767875876 	idx: 3 1 4 256 256 2
26.6564322814738 12.613920430197117 	idx: 3 1 5 256 256 2
25.029393301283324 12.487781225895146 	idx: 3 1 4 256 128 2
25.029393301283324 12.362903413636195 	idx: 3 1 4 128 256 4
26.656714270601924 12.239274379499832 	idx: 3 1 5 256 256 8
26.656925766363322 12.116881635704834 	idx: 3 1 5 256 256 16
26.65699626569624 11.995712819347785 	idx: 3 1 5 128 128 32
26.582090107244156 11.875755691154307 	idx: 4 2 5 32 128 2
25.029393301283324 11.756998134242764 	idx: 4 1 4 16 128 2
17.2366422239247 11.639428152900336 	idx: 4 2 3 8 256 2
24.68562471835263 11.523033871371332 	idx: 4 3 4 4 128 2
17.289151137579932 11.407803532657619 	idx: 0 1 3 4 64 512
12.39258763819491 11.293725497331042 	idx: 0 2 2 8 64 256
17.289151137579932 11.180788242357732 	idx: 0 1 3 16 128 128
24.965909721396585 11.068980359934155 	idx: 0 2 4 32 128 256
25.029393301283324 10.958290556334813 	idx: 0 1 4 64 256 256
18.600041335734744 10.848707650771464 	idx: 3 1 4 8 16 64
17.25883674419879 10.74022057426375 	idx: 0 2 3 64 512 512
25.029393301283324 10.632818368521113 	idx: 0 1 4 32 256 1024
25.029393301283324 10.526490184835902 	idx: 0 1 4 32 256 1024
25.029393301283324 10.421225282987542 	idx: 0 1 4 32 256 1024
26.65699626569624 10.317013030157668 	idx: 0 1 5 64 128 1024
25.029393301283324 10.213842899856092 	idx: 0 1 4 128 128 512
17.289151137579932 10.11170447085753 	idx: 0 1 3 64 128 512
17.289151137579932 10.010587426148955 	idx: 0 1 3 32 256 512
24.965909721396585 9.910481551887466 	idx: 0 2 4 32 512 256
25.029393301283324 9.811376736368592 	idx: 0 1 4 64 512 512
26.65699626569624 9.713262969004907 	idx: 0 1 5 64 256 1024
26.65699626569624 9.616130339314857 	idx: 0 1 5 64 128 1024
25.029393301283324 9.519969035921708 	idx: 0 1 4 128 256 1024
25.029393301283324 9.42476934556249 	idx: 0 1 4 256 512 512
26.65699626569624 9.330521652106865 	idx: 0 1 5 128 256 256
34.03283541773588 9.237216435585797 	idx: 0 1 6 64 128 256
34.03283541773588 9.144844271229939 	idx: 0 1 6 32 64 256
35.001447362938066 9.053395828517639 	idx: 0 1 7 64 64 512
35.001447362938066 8.962861870232462 	idx: 0 1 7 64 128 512
34.03283541773588 8.873233251530138 	idx: 0 1 6 64 256 256
35.001447362938066 8.784500919014837 	idx: 0 1 7 32 256 256
34.03283541773588 8.696655909824688 	idx: 0 1 6 32 128 512
26.65699626569624 8.609689350726441 	idx: 0 1 5 64 256 256
25.029393301283324 8.523592457219177 	idx: 4 1 4 128 512 64
25.029393301283324 8.438356532646985 	idx: 4 1 4 64 512 128
17.288780446806157 8.353972967320516 	idx: 4 1 3 64 1024 64
17.288973204024714 8.27043323764731 	idx: 4 1 3 128 1024 64
24.965909721396585 8.187728905270838 	idx: 4 2 4 64 512 64
17.101414338844098 8.105851616218128 	idx: 4 3 3 32 256 128
12.540605964088067 8.024793100055946 	idx: 0 3 2 4 128 512
17.25883674419879 7.944545169055387 	idx: 0 2 3 2 256 512
12.661591027857057 7.865099717364833 	idx: 0 1 2 2 128 1024
17.251850526955383 7.786448720191185 	idx: 1 1 3 4 256 16
12.661591027857057 7.708584232989273 	idx: 0 1 2 8 64 2048
17.289151137579932 7.63149839065938 	idx: 0 1 3 4 64 1024
25.029393301283324 7.5551834067527865 	idx: 0 1 4 4 128 1024
17.289151137579932 7.479631572685259 	idx: 0 1 3 8 128 1024
12.39258763819491 7.404835256958406 	idx: 0 2 2 4 64 512
14.18855617743443 7.330786904388821 	idx: 0 3 3 8 64 512
17.047975989425606 7.257479035344933 	idx: 1 3 3 2 512 4
24.473206169146497 7.1849042449914835 	idx: 0 2 4 16 64 512
13.206532357812206 7.1130552025415685 	idx: 0 1 3 32 32 512
25.029393301283324 7.041924650516153 	idx: 0 1 4 32 64 512
19.240853975138204 6.971505404010991 	idx: 0 2 5 32 32 256
24.534205709389727 6.901790349970882 	idx: 0 1 4 32 32 512
18.5649603630684 6.832772446471173 	idx: 0 2 4 16 32 512
16.54341049646135 6.764444722006462 	idx: 0 2 3 8 64 1024
12.645324982937893 6.696800274786397 	idx: 1 2 2 64 1024 32
12.39258763819491 6.6298322720385325 	idx: 0 2 2 4 64 1024
10.62084499443639 6.563533949318147 	idx: 4 3 2 64 64 8
10.615481459520687 6.497898609824966 	idx: 3 3 2 4 64 8
9.371965842482668 6.432919623726716 	idx: 4 2 2 64 32 8
12.540605964088067 6.3685904274894485 	idx: 1 3 2 256 128 8
12.62329604159909 6.304904523214554 	idx: 3 1 2 4 64 8
12.39258763819491 6.2418554779824085 	idx: 3 2 2 8 64 4
16.51781795298714 6.1794369232025845 	idx: 3 2 3 4 64 2
17.071681866337183 6.117642553970558 	idx: 3 3 3 4 128 2
17.158357335948086 6.056466128430853 	idx: 3 4 3 2 256 4
12.404300397747411 5.9959014671465445 	idx: 3 5 2 4 256 4
6.352324652178187 5.935942452475079 	idx: 3 4 1 8 512 2
9.371965842482668 5.8765830279503275 	idx: 0 2 2 16 32 256
12.611245154784157 5.817817197670824 	idx: 3 4 2 8 512 8
17.091091110101264 5.759639025694116 	idx: 3 3 3 8 256 8
17.243158890559698 5.7020426354371745 	idx: 3 2 3 8 128 8
24.473206169146497 5.645022209082803 	idx: 3 2 4 4 64 16
19.240853975138204 5.588571986991974 	idx: 3 2 5 4 32 16
14.881175442326317 5.532686267122054 	idx: 3 3 4 8 32 8
16.537737517658467 5.477359404450834 	idx: 3 2 3 16 64 4
17.257684293431268 5.422585810406325 	idx: 3 1 3 8 128 8
17.2693784646699 5.368359952302262 	idx: 3 1 3 16 128 4
25.017465549422184 5.314676352779239 	idx: 3 1 4 8 128 4
25.029393301283324 5.261529589251447 	idx: 3 1 4 16 64 8
25.017465549422184 5.208914293358933 	idx: 3 1 4 8 64 4
17.251141882310858 5.156825150425344 	idx: 3 2 3 16 128 8
21.154111063189895 5.10525689892109 	idx: 1 1 6 32 16 8
22.30770820861086 5.0542043299318795 	idx: 1 1 7 64 16 16
27.249122531930972 5.003662286632561 	idx: 1 1 7 128 32 32
21.15773003494999 4.953625663766235 	idx: 1 1 6 256 16 32
21.157641211006787 4.9040894071285726 	idx: 1 1 6 256 16 16
22.30839942676604 4.8550485130572865 	idx: 1 1 7 128 16 16
22.30770820861086 4.806498027926714 	idx: 1 1 7 64 16 16
13.206532357812206 4.758433047647447 	idx: 2 1 3 64 32 128
14.62186555255752 4.710848717170973 	idx: 1 1 6 256 4 64
11.170182811142437 4.663740229999263 	idx: 4 1 5 8 4 1024
18.600041335734744 4.61710282769927 	idx: 1 1 4 256 16 32
6.188016187969039 4.570931799422278 	idx: 0 6 1 4 512 128
8.358961838543602 4.525222481428055 	idx: 4 1 4 16 2 1024
7.360820718946993 4.4799702566137745 	idx: 4 1 3 16 4 1024
6.266377452214648 4.4351705540476365 	idx: 0 5 1 8 256 32
12.39258763819491 4.39081884850716 	idx: 3 2 2 64 64 16
16.543003215233544 4.346910660022088 	idx: 3 2 3 128 64 8
9.371965842482668 4.303441553421867 	idx: 3 2 2 256 32 4
6.23999366060462 4.260407137887648 	idx: 3 1 1 256 32 8
12.39258763819491 4.217803066508771 	idx: 3 2 2 512 64 16
7.509414709738944 4.175625035843683 	idx: 3 3 2 256 32 8
4.710932966408423 4.133868785485246 	idx: 4 1 1 64 16 1024
3.0952242443300184 4.0925300976303935 	idx: 3 4 1 512 32 4
9.380897638264289 4.05160479665409 	idx: 4 1 2 16 16 2048
9.380897638264289 4.011088748687548 	idx: 4 1 2 16 16 2048
6.236040388041972 3.970977861200673 	idx: 3 2 1 256 64 8
12.408209572582233 3.9312680825886663 	idx: 1 1 2 256 32 2
13.206532357812206 3.8919554017627798 	idx: 4 1 3 8 32 512
13.206532357812206 3.853035847745152 	idx: 4 1 3 4 32 1024
16.54341049646135 3.8145054892677006 	idx: 4 2 3 4 64 1024
16.54341049646135 3.7763604343750234 	idx: 4 2 3 8 64 1024
18.600041335734744 3.7385968300312733 	idx: 1 1 4 512 16 8
13.206532357812206 3.7012108617309605 	idx: 4 1 3 8 32 1024
13.206532357812206 3.664198753113651 	idx: 4 1 3 8 32 1024
17.289151137579932 3.6275567655825145 	idx: 4 1 3 8 64 1024
17.289151137579932 3.591281197926689 	idx: 4 1 3 4 64 1024
24.965909721396585 3.555368385947422 	idx: 4 2 4 8 128 512
26.65699626569624 3.519814702087948 	idx: 4 1 5 8 128 256
25.578172073571807 3.4846165550670687 	idx: 4 2 5 4 64 256
20.79898310400898 3.449770389516398 	idx: 4 1 5 2 32 256
32.53320250468013 3.415272685621234 	idx: 4 2 6 2 64 128
26.65699626569624 3.3811199587650216 	idx: 4 1 5 4 128 256
26.65699626569624 3.347308759177371 	idx: 4 1 5 2 64 128
25.578172073571807 3.3138356715855974 	idx: 4 2 5 4 64 256
25.029393301283324 3.2806973148697414 	idx: 4 1 4 4 128 512
26.65699626569624 3.247890341721044 	idx: 4 1 5 8 128 512
24.965909721396585 3.2154114383038332 	idx: 3 2 4 32 128 4
26.092555569505727 3.183257323920795 	idx: 1 1 6 64 32 32
24.965909721396585 3.1514247506815867 	idx: 4 2 4 16 128 256
26.65699626569624 3.1199105031747707 	idx: 4 1 5 32 128 256
34.03283541773588 3.088711398143023 	idx: 4 1 6 64 64 128
25.578172073571807 3.0578242841615926 	idx: 4 2 5 32 64 128
18.600041335734744 3.0272460413199767 	idx: 1 1 4 64 16 32
18.600041335734744 2.996973580906777 	idx: 0 1 4 8 16 128
17.051768543142707 2.967003845097709 	idx: 0 1 5 8 16 128
16.496515243762726 2.9373338066467323 	idx: 3 2 3 2 64 4
18.600041335734744 2.907960468580265 	idx: 1 1 4 32 16 64
19.240853975138204 2.8788808638944623 	idx: 1 2 5 64 32 64
17.051768543142707 2.8500920552555176 	idx: 1 1 5 128 16 64
21.157530182126557 2.8215911347029623 	idx: 1 1 6 128 16 32
27.24853321438468 2.7933752233559326 	idx: 1 1 7 64 32 32
48.87615796415548 2.765441471122373 	idx: 1 1 8 64 64 64
27.249122531930972 2.7377870564111495 	idx: 1 1 7 128 32 32
24.534205709389727 2.710409185847038 	idx: 0 1 4 16 32 4
24.473206169146497 2.6833050939885674 	idx: 0 2 4 16 64 4
26.09167750644886 2.656472043048682 	idx: 1 1 6 64 32 16
34.029158676569885 2.629907322618195 	idx: 1 1 6 64 64 16
27.2481649038624 2.603608249392013 	idx: 1 1 7 128 32 8
26.092927075513217 2.577572166898093 	idx: 1 1 6 256 32 4
34.03185870587302 2.551796445229112 	idx: 1 1 6 256 64 8
34.03185870587302 2.526278480776821 	idx: 1 1 6 256 128 8
26.656714270601924 2.501015695969053 	idx: 1 1 5 256 128 8
25.029393301283324 2.4760055390093623 	idx: 1 1 4 512 256 4
26.656714270601924 2.4512454836192688 	idx: 1 1 5 256 256 8
25.029393301283324 2.426733028783076 	idx: 1 1 4 128 128 8
26.656714270601924 2.402465698495245 	idx: 1 1 5 256 128 8
25.029393301283324 2.3784410415102926 	idx: 1 1 4 256 256 4
17.288439425333095 2.3546566310951897 	idx: 1 1 3 256 128 8
25.029393301283324 2.3311100647842378 	idx: 1 1 4 512 64 8
25.029393301283324 2.307798964136395 	idx: 1 1 4 256 64 8
24.534205709389727 2.2847209744950314 	idx: 1 1 4 512 32 16
18.600041335734744 2.261873764750081 	idx: 2 1 4 4 16 64
19.240853975138204 2.23925502710258 	idx: 2 2 5 8 32 128
34.03283541773588 2.2168624768315546 	idx: 2 1 6 8 64 128
35.001447362938066 2.194693852063239 	idx: 2 1 7 16 128 128
35.001447362938066 2.1727469135426065 	idx: 2 1 7 16 256 256
48.87615796415548 2.1510194444071806 	idx: 2 1 8 16 128 512
35.001447362938066 2.129509249963109 	idx: 2 1 7 32 64 512
35.001447362938066 2.108214157463478 	idx: 2 1 7 64 64 256
34.03283541773588 2.087132015888843 	idx: 2 1 6 32 64 256
34.03283541773588 2.0662606957299547 	idx: 2 1 6 16 128 256
26.65699626569624 2.045598088772655 	idx: 2 1 5 32 256 512
34.03283541773588 2.0251421078849283 	idx: 2 1 6 16 128 256
26.65699626569624 2.004890686806079 	idx: 2 1 5 16 64 512
25.029393301283324 1.9848417799380185 	idx: 2 1 4 32 128 512
26.584999736245187 1.9649933621386382 	idx: 2 2 5 16 128 256
25.015789120998306 1.9453434285172517 	idx: 0 1 4 2 256 64
25.015789120998306 1.9258899942320793 	idx: 0 1 4 2 256 64
25.029393301283324 1.9066310942897584 	idx: 0 1 4 4 128 64
17.281044052837 1.8875647833468607 	idx: 0 1 3 8 128 32
25.02603747163309 1.868689135513392 	idx: 0 1 4 8 64 16
25.02603747163309 1.8500022441582582 	idx: 0 1 4 8 64 16
26.65699626569624 1.8315022217166756 	idx: 2 1 5 2 64 1024
25.029393301283324 1.8131871994995088 	idx: 2 1 4 4 128 1024
26.577814459086206 1.7950553275045138 	idx: 0 2 5 8 128 8
34.015435366217886 1.7771047742294686 	idx: 0 1 6 16 128 16
34.01830543597671 1.7593337264871738 	idx: 0 1 6 32 128 8
34.01451704617357 1.741740389222302 	idx: 0 1 6 32 256 4
34.99190871045181 1.724322985330079 	idx: 0 1 7 64 256 2
34.99281982204046 1.7070797554767783 	idx: 0 1 7 64 256 4
48.87615796415548 1.6900089579220106 	idx: 0 1 8 32 128 8
34.99482443455724 1.6731088683427904 	idx: 0 1 7 64 64 8
34.02898634881998 1.6563777796593624 	idx: 0 1 6 128 64 4
26.656714270601924 1.6398140018627687 	idx: 0 1 5 256 128 8
26.655833074385303 1.623415861844141 	idx: 0 1 5 128 256 4
34.023070821223754 1.6071817032256996 	idx: 0 1 6 64 256 2
34.99190871045181 1.5911098861934427 	idx: 0 1 7 64 512 2
34.01193453686519 1.5751987873315083 	idx: 0 1 6 32 256 2
34.96459740768813 1.5594467994581933 	idx: 0 1 7 16 512 4
33.9563050915406 1.5438523314636114 	idx: 0 1 6 8 512 4
33.9563050915406 1.5284138081489753 	idx: 0 1 6 8 512 4
34.00321429294326 1.5131296700674854 	idx: 0 1 6 16 1024 8
26.646883422623887 1.4979983733668105 	idx: 0 1 5 16 512 4
25.017465549422184 1.4830183896331424 	idx: 0 1 4 8 512 4
26.58145918740053 1.468188205736811 	idx: 0 2 5 16 256 8
26.583597425888808 1.4535063236794428 	idx: 0 2 5 16 128 16
26.583597425888808 1.4389712604426483 	idx: 0 2 5 16 128 16
34.02421930644775 1.4245815478382218 	idx: 0 1 6 32 128 16
34.02421930644775 1.4103357323598396 	idx: 0 1 6 32 128 16
34.02421930644775 1.396232375036241 	idx: 0 1 6 32 128 16
26.653436515397317 1.3822700512858788 	idx: 0 1 5 32 256 8
24.965909721396585 1.36844735077302 	idx: 0 2 4 16 512 16
24.965909721396585 1.3547628772652898 	idx: 0 2 4 16 512 16
25.029393301283324 1.341215248492637 	idx: 0 1 4 32 256 32
26.584333620379297 1.3278030960077105 	idx: 0 2 5 32 256 16
24.965909721396585 1.3145250650476334 	idx: 0 2 4 64 128 32
26.65699626569624 1.301379814397157 	idx: 0 1 5 32 128 64
34.03283541773588 1.2883660162531856 	idx: 0 1 6 32 128 128
26.65699626569624 1.2754823560906536 	idx: 0 1 5 16 256 128
25.029393301283324 1.2627275325297471 	idx: 0 1 4 32 128 64
16.542989639537986 1.2501002572044497 	idx: 0 2 3 64 64 32
25.029393301283324 1.2375992546324053 	idx: 0 1 4 64 128 16
17.28692723134734 1.2252232620860812 	idx: 0 1 3 64 128 16
17.25786158353152 1.2129710294652205 	idx: 0 2 3 32 128 32
25.029393301283324 1.2008413191705682 	idx: 0 1 4 32 256 32
26.65699626569624 1.1888329059788625 	idx: 0 1 5 64 128 32
24.965909721396585 1.1769445769190738 	idx: 0 2 4 64 128 16
24.965909721396585 1.165175131149883 	idx: 0 2 4 64 128 16
25.029393301283324 1.1535233798383842 	idx: 0 1 4 64 64 16
26.655621595962295 1.1419881460400003 	idx: 0 1 5 32 128 16
26.655621595962295 1.1305682645796002 	idx: 0 1 5 32 128 16
26.655621595962295 1.1192625819338042 	idx: 0 1 5 32 128 16
34.01830543597671 1.1080699561144662 	idx: 2 1 6 32 256 8
34.99275907979177 1.0969892565533215 	idx: 2 1 7 32 128 16
48.87615796415548 1.0860193639877882 	idx: 2 1 8 32 64 32
48.87615796415548 1.0751591703479102 	idx: 2 1 8 32 64 32
48.87615796415548 1.0644075786444311 	idx: 2 1 8 32 64 32
48.87615796415548 1.0537635028579868 	idx: 2 1 8 32 64 64
47.022826005822196 1.0432258678294068 	idx: 2 1 8 16 32 128
34.03277796254497 1.0327936091511127 	idx: 0 1 6 256 64 64
37.089478952016485 1.0224656730596016 	idx: 2 1 9 4 32 256
39.47024216033332 1.0122410163290056 	idx: 2 1 10 2 32 256
35.00053580202758 1.0021186061657157 	idx: 0 1 7 128 64 32
###### ACC Parameters ######
cim type:    LccCIM
bus_width:   25.6
macros_row:  1
macros_col:  7
scr:         128
is_size:     64
os_size:     32
best=35.00053580202758, area=4443159.370466608 459
gpt2_large_sl8_LCC-CIM@ISSCC20_tt_running start at 1757782761.8415687
161.19877175025587 100 	idx: 2 4 2 2 64 128
185.94002361275088 99.0 	idx: 4 2 2 4 16 128
245.78596893364872 98.01 	idx: 4 2 3 2 32 256
255.37603688971092 97.0299 	idx: 4 1 3 2 64 512
245.78596893364872 96.059601 	idx: 4 2 3 4 32 512
207.7120883650002 95.09900499 	idx: 1 3 3 2 128 64
168.08025613660618 94.1480149401 	idx: 1 2 2 4 256 128
179.78447488584476 93.206534790699 	idx: 0 3 2 4 8 128
183.7703617269545 92.27446944279201 	idx: 4 1 2 4 128 512
182.0707514450867 91.35172474836409 	idx: 4 2 2 4 64 1024
183.7703617269545 90.43820750088045 	idx: 1 1 2 2 128 128
100.04205177068445 89.53382542587164 	idx: 3 1 1 8 2 1024
195.97598382330068 88.63848717161292 	idx: 3 1 2 16 2 1024
260.4034619061152 87.75210229989679 	idx: 1 1 3 4 16 512
367.9700934579439 86.87458127689783 	idx: 0 1 4 8 16 512
392.20361485632014 86.00583546412885 	idx: 0 1 5 8 16 256
372.76023668639056 85.14577710948755 	idx: 0 1 4 16 8 128
392.20361485632014 84.29431933839268 	idx: 0 1 5 8 16 128
396.539402403761 83.45137614500875 	idx: 0 1 5 8 8 128
367.9700934579439 82.61686238355867 	idx: 0 1 4 8 16 64
361.2183486238532 81.79069375972308 	idx: 2 1 4 4 16 16
355.51060948081266 80.97278682212585 	idx: 2 1 4 4 32 8
326.0687370600414 80.1630589539046 	idx: 2 2 4 4 64 8
228.8986317546469 79.36142836436555 	idx: 2 3 3 8 64 8
231.3283025796383 78.56781408072189 	idx: 0 2 3 2 128 128
248.87498271604937 77.78213593991467 	idx: 0 1 3 4 128 128
350.7599109131403 77.00431458051553 	idx: 0 1 4 4 128 128
360.39176201373 76.23427143471037 	idx: 0 1 4 8 64 128
248.87498271604937 75.47192872036327 	idx: 4 1 3 2 128 128
242.73761679992293 74.71720943315964 	idx: 4 1 3 2 128 64
342.37217391304347 73.97003733882804 	idx: 0 2 4 16 16 256
260.4034619061152 73.23033696543976 	idx: 0 1 3 32 16 512
340.1537796976242 72.49803359578536 	idx: 4 2 4 2 32 128
346.51529152915293 71.7730532598275 	idx: 0 2 4 8 8 512
346.51529152915293 71.05532272722922 	idx: 0 2 4 4 8 256
249.1702956590527 70.34476949995693 	idx: 0 2 3 4 8 256
262.4579939589626 69.64132180495736 	idx: 3 1 3 4 8 512
249.1702956590527 68.94490858690779 	idx: 0 2 3 4 8 256
187.82492546213476 68.25545950103871 	idx: 0 2 2 2 4 256
193.95467980295567 67.57290490602833 	idx: 0 1 2 4 8 128
231.6632604748443 66.89717585696805 	idx: 1 3 3 4 2 32
193.240736196319 66.22820409839836 	idx: 0 1 2 2 16 128
249.1702956590527 65.56592205741438 	idx: 0 2 3 4 8 256
367.9700934579439 64.91026283684023 	idx: 0 1 4 8 16 512
342.37217391304347 64.26116020847184 	idx: 0 2 4 4 16 256
260.4034619061152 63.618548606387115 	idx: 0 1 3 2 16 256
243.01853602083133 62.98236312032324 	idx: 0 2 3 2 8 128
332.9623678646934 62.35253948912001 	idx: 4 1 4 16 256 16
308.98613776401703 61.72901409422881 	idx: 4 2 5 8 512 32
334.18221242312217 61.11172395328652 	idx: 4 2 5 16 256 64
334.18221242312217 60.500606713753655 	idx: 4 2 5 8 256 64
409.09295614586927 59.89560064661612 	idx: 4 1 6 8 512 32
388.2754598509216 59.29664464014996 	idx: 1 1 5 4 32 32
413.4899103644904 58.70367819374846 	idx: 1 2 6 2 32 16
417.91308746397993 58.116641411810974 	idx: 1 2 6 2 64 32
478.91273133300075 57.535474997692866 	idx: 1 1 6 4 64 64
355.91860025777294 56.960120247715935 	idx: 1 2 5 2 64 128
348.365624621978 56.390519045238776 	idx: 1 2 5 4 128 128
334.18221242312217 55.82661385478639 	idx: 1 2 5 4 256 64
334.18221242312217 55.26834771623852 	idx: 1 2 5 4 256 128
358.5265726430363 54.71566423907614 	idx: 1 1 5 8 256 64
348.365624621978 54.16850759668538 	idx: 1 2 5 4 128 128
348.365624621978 53.62682252071853 	idx: 1 2 5 2 128 256
467.46298117057785 53.09055429551134 	idx: 1 1 6 2 128 128
478.91273133300075 52.55964875255623 	idx: 1 1 6 4 64 64
478.91273133300075 52.03405226503067 	idx: 1 1 6 4 64 64
492.5929430163229 51.51371174238036 	idx: 1 1 7 4 64 64
484.763102080077 50.998574624956554 	idx: 1 1 6 2 32 128
392.20361485632014 50.488588878706985 	idx: 1 1 5 2 16 128
478.86722569304226 49.98370298991991 	idx: 4 1 6 4 32 16
478.86722569304226 49.483865960020715 	idx: 4 1 6 4 32 16
396.539402403761 48.98902730042051 	idx: 1 1 5 4 8 64
497.5534011254813 48.4991370274163 	idx: 1 1 6 2 8 64
454.3868725346557 48.01414565714214 	idx: 1 2 6 2 4 128
497.5534011254813 47.53400420057071 	idx: 1 1 6 2 8 256
500.6052695621942 47.05866415856501 	idx: 1 1 6 2 4 256
366.9720131796916 46.58807751697936 	idx: 1 2 5 4 8 512
396.539402403761 46.12219674180957 	idx: 1 1 5 4 8 256
375.2023823704586 45.66097477439147 	idx: 1 1 4 4 4 512
264.9206718006676 45.20436502664755 	idx: 1 1 3 4 2 256
314.35369261477047 44.752321376381076 	idx: 4 3 4 8 64 2
335.80213219616206 44.30479816261727 	idx: 4 2 4 16 64 2
359.88348835133445 43.861750180991095 	idx: 4 2 5 16 32 2
491.9318089753288 43.42313267918119 	idx: 4 1 6 16 16 4
363.25567348409766 42.98890135238938 	idx: 4 2 5 8 16 8
497.5534011254813 42.559012338865486 	idx: 4 1 6 8 8 4
366.9720131796916 42.133422215476834 	idx: 4 2 5 16 8 2
491.9318089753288 41.712087993322065 	idx: 4 1 6 32 16 2
484.763102080077 41.29496711338884 	idx: 4 1 6 32 32 2
392.20361485632014 40.882017442254956 	idx: 4 1 5 32 16 4
478.91273133300075 40.473197267832404 	idx: 2 1 6 256 64 64
383.664305426032 40.06846529515408 	idx: 2 1 5 256 64 128
383.664305426032 39.66778064220254 	idx: 4 1 5 8 64 4
340.1537796976242 39.27110283578051 	idx: 4 2 4 8 32 2
342.37217391304347 38.8783918074227 	idx: 1 2 4 8 16 16
318.1640404040404 38.48960788934848 	idx: 4 3 4 16 32 2
346.51529152915293 38.104711810454994 	idx: 1 2 4 32 8 16
342.37217391304347 37.72366469235045 	idx: 1 2 4 64 16 32
363.25567348409766 37.34642804542694 	idx: 1 2 5 32 16 64
346.51529152915293 36.97296376497267 	idx: 1 2 4 16 8 32
385.09348208145485 36.60323412732294 	idx: 4 1 5 4 4 4
491.9318089753288 36.23720178604971 	idx: 1 1 6 16 16 8
396.539402403761 35.874829768189215 	idx: 1 1 5 8 8 4
500.6052695621942 35.516081470507324 	idx: 1 1 6 16 4 2
398.7434448927921 35.16092065580225 	idx: 1 1 5 32 4 4
368.8588450559906 34.80931144924423 	idx: 1 2 5 16 4 8
376.4917376363365 34.461218334751784 	idx: 1 1 4 32 2 16
260.4034619061152 34.11660615140427 	idx: 4 1 3 16 16 2
238.5044556446842 33.775440089890225 	idx: 1 3 3 16 4 64
238.20571914732713 33.43768568899132 	idx: 1 3 3 8 2 64
349.7375711311589 33.10330883210141 	idx: 1 2 4 16 2 128
251.3888714303529 32.7722757437804 	idx: 1 2 3 8 2 64
247.31779658937555 32.44455298634259 	idx: 2 2 3 128 16 16
346.51529152915293 32.12010745647917 	idx: 2 2 4 128 8 16
238.5044556446842 31.798906381914374 	idx: 2 3 3 64 4 32
227.4805750524724 31.48091731809523 	idx: 1 4 3 16 4 8
264.1015799816586 31.16610814491428 	idx: 2 1 3 16 4 8
372.76023668639056 30.854447063465138 	idx: 2 1 4 16 8 16
372.76023668639056 30.545902592830487 	idx: 2 1 4 8 8 32
375.2023823704586 30.240443566902183 	idx: 2 1 4 16 4 16
372.76023668639056 29.93803913123316 	idx: 2 1 4 16 8 32
262.4579939589626 29.638658739920828 	idx: 2 1 3 32 8 32
237.1632188235294 29.34227215252162 	idx: 1 3 3 16 8 64
251.3888714303529 29.048849430996402 	idx: 2 2 3 16 2 32
349.7375711311589 28.758360936686437 	idx: 2 2 4 8 2 64
251.3888714303529 28.47077732731957 	idx: 2 2 3 8 2 64
375.2023823704586 28.186069554046373 	idx: 2 1 4 4 4 128
348.6246817930271 27.90420885850591 	idx: 2 2 4 2 4 64
365.40881670533645 27.625166769920853 	idx: 1 1 4 256 32 32
258.70580323913657 27.348915102221643 	idx: 1 1 3 128 32 16
258.70580323913657 27.075425951199424 	idx: 1 1 3 64 32 16
247.31779658937555 26.804671691687428 	idx: 1 2 3 128 16 32
207.54955934437032 26.536624974770554 	idx: 3 4 3 4 128 8
251.3888714303529 26.271258725022847 	idx: 2 2 3 16 2 16
250.65120234749958 26.00854613777262 	idx: 2 2 3 16 4 32
187.82492546213476 25.748460676394892 	idx: 2 2 2 32 4 16
238.5044556446842 25.490976069630943 	idx: 2 3 3 64 4 16
239.17226585672591 25.23606630893463 	idx: 0 3 3 16 2 16
262.4579939589626 24.983705645845284 	idx: 4 1 3 8 8 128
249.1702956590527 24.73386858938683 	idx: 2 2 3 32 8 32
375.2023823704586 24.48652990349296 	idx: 2 1 4 32 4 32
363.25567348409766 24.24166460445803 	idx: 4 2 5 4 16 128
366.9720131796916 23.99924795841345 	idx: 2 2 5 8 8 128
396.539402403761 23.759255478829314 	idx: 2 1 5 16 8 64
366.9720131796916 23.52166292404102 	idx: 2 2 5 16 8 64
375.2023823704586 23.28644629480061 	idx: 2 1 4 32 4 64
369.9962117318846 23.053581831852604 	idx: 2 2 5 32 2 128
375.2023823704586 22.82304601353408 	idx: 2 1 4 16 4 64
368.8588450559906 22.59481555339874 	idx: 0 2 5 16 4 16
398.7434448927921 22.36886739786475 	idx: 0 1 5 32 4 16
398.7434448927921 22.145178723886104 	idx: 0 1 5 32 4 32
446.3383947747149 21.923726936647242 	idx: 4 1 6 2 64 8
468.9309730396148 21.704489667280768 	idx: 4 1 6 4 64 4
432.21358032632236 21.48744477060796 	idx: 4 2 6 4 32 4
506.17369557575455 21.27257032290188 	idx: 4 1 7 8 16 2
442.04178580826243 21.059844619672862 	idx: 4 2 6 4 8 2
478.73076064499276 20.849246173476132 	idx: 4 1 7 2 4 2
476.479001607261 20.64075371174137 	idx: 4 1 7 2 8 2
452.3679644548168 20.434346174623958 	idx: 4 1 6 2 16 4
483.05553532061725 20.230002712877717 	idx: 4 1 7 2 8 8
483.05553532061725 20.027702685748938 	idx: 4 1 7 2 8 8
491.23653288495746 19.82742565889145 	idx: 4 1 6 4 4 8
491.23653288495746 19.629151402302536 	idx: 4 1 6 4 4 8
488.29749055324095 19.43285988827951 	idx: 4 1 6 4 8 8
511.2831896114436 19.238531289396715 	idx: 4 1 7 8 8 16
454.3868725346557 19.046145976502746 	idx: 4 2 6 16 4 32
396.539402403761 18.855684516737718 	idx: 4 1 5 32 8 32
497.5534011254813 18.66712767157034 	idx: 4 1 6 32 8 16
475.9727433711898 18.480456394854638 	idx: 3 1 6 4 32 8
502.5771883024607 18.295651830906092 	idx: 4 1 6 64 2 16
502.5771883024607 18.11269531259703 	idx: 4 1 6 64 2 16
398.7434448927921 17.931568359471058 	idx: 4 1 5 128 4 32
497.5534011254813 17.752252675876345 	idx: 4 1 6 64 8 16
392.20361485632014 17.57473014911758 	idx: 4 1 5 32 16 16
375.2023823704586 17.398982847626407 	idx: 3 1 4 16 4 16
398.7434448927921 17.22499301915014 	idx: 3 1 5 16 4 8
376.4917376363365 17.05274308895864 	idx: 3 1 4 8 2 8
400.07290624751926 16.882215658069054 	idx: 3 1 5 8 2 16
454.3868725346557 16.713393501488362 	idx: 3 2 6 16 4 32
500.6052695621942 16.546259566473477 	idx: 3 1 6 32 4 32
516.166268083472 16.380796970808742 	idx: 3 1 7 32 2 16
513.8768156210966 16.216989001100654 	idx: 3 1 7 64 4 8
502.5771883024607 16.054819111089646 	idx: 3 1 6 128 2 4
516.166268083472 15.89427091997875 	idx: 3 1 7 64 2 8
516.166268083472 15.735328210778961 	idx: 3 1 7 64 2 8
374.9023376913206 15.577974928671171 	idx: 2 1 5 256 128 4
478.91273133300075 15.42219517938446 	idx: 2 1 6 256 64 4
497.8237170938905 15.267973227590614 	idx: 2 1 7 128 32 8
497.8237170938905 15.115293495314708 	idx: 2 1 7 64 32 4
513.8768156210966 14.96414056036156 	idx: 3 1 7 16 4 64
467.46298117057785 14.814499154757945 	idx: 2 1 6 256 128 16
502.5771883024607 14.666354163210364 	idx: 3 1 6 4 2 64
446.2395926950747 14.519690621578262 	idx: 2 1 6 128 256 4
500.6052695621942 14.374493715362478 	idx: 3 1 6 2 4 32
462.68846197984806 14.230748778208852 	idx: 2 1 7 32 256 4
482.1658877275228 14.088441290426763 	idx: 2 1 7 64 128 4
482.1658877275228 13.947556877522496 	idx: 2 1 7 64 128 4
357.93454545454546 13.808081308747271 	idx: 2 1 8 32 64 2
360.39176201373 13.670000495659798 	idx: 2 1 8 16 32 4
358.54570290267503 13.5333004907032 	idx: 2 1 9 32 64 8
360.39176201373 13.397967485796167 	idx: 2 1 8 32 32 8
492.5929430163229 13.263987810938206 	idx: 2 1 7 64 64 16
492.5929430163229 13.131347932828824 	idx: 2 1 7 64 64 16
482.1658877275228 13.000034453500536 	idx: 2 1 7 128 128 8
467.46298117057785 12.87003410896553 	idx: 2 1 6 256 128 16
462.68846197984806 12.741333767875876 	idx: 2 1 7 128 256 16
467.46298117057785 12.613920430197117 	idx: 2 1 6 128 128 32
467.46298117057785 12.487781225895146 	idx: 2 1 6 128 128 64
482.1658877275228 12.362903413636195 	idx: 2 1 7 64 128 64
478.91273133300075 12.239274379499832 	idx: 2 1 6 64 64 32
492.5929430163229 12.116881635704834 	idx: 0 1 7 8 64 2
492.5929430163229 11.995712819347785 	idx: 0 1 7 8 64 2
478.91273133300075 11.875755691154307 	idx: 0 1 6 16 64 2
426.91388394747986 11.756998134242764 	idx: 0 2 6 8 128 2
374.9023376913206 11.639428152900336 	idx: 0 1 5 16 128 4
426.91388394747986 11.523033871371332 	idx: 0 2 6 8 128 4
398.7434448927921 11.407803532657619 	idx: 4 1 5 32 4 1024
400.07290624751926 11.293725497331042 	idx: 4 1 5 32 2 1024
398.7434448927921 11.180788242357732 	idx: 4 1 5 32 4 512
398.7434448927921 11.068980359934155 	idx: 4 1 5 32 4 512
398.7434448927921 10.958290556334813 	idx: 4 1 5 64 4 1024
376.4917376363365 10.848707650771464 	idx: 4 1 4 32 2 1024
400.07290624751926 10.74022057426375 	idx: 4 1 5 32 2 512
500.6052695621942 10.632818368521113 	idx: 4 1 6 64 4 256
500.6052695621942 10.526490184835902 	idx: 4 1 6 32 4 512
497.5534011254813 10.421225282987542 	idx: 4 1 6 16 8 512
497.5534011254813 10.317013030157668 	idx: 4 1 6 16 8 512
497.5534011254813 10.213842899856092 	idx: 4 1 6 16 8 512
506.17369557575455 10.11170447085753 	idx: 4 1 7 8 16 512
497.8237170938905 10.010587426148955 	idx: 4 1 7 4 32 256
484.763102080077 9.910481551887466 	idx: 4 1 6 2 32 256
355.91860025777294 9.811376736368592 	idx: 4 2 5 2 64 512
372.76023668639056 9.713262969004907 	idx: 2 1 4 4 8 128
383.664305426032 9.616130339314857 	idx: 4 1 5 2 64 512
467.46298117057785 9.519969035921708 	idx: 4 1 6 2 128 1024
374.9023376913206 9.42476934556249 	idx: 4 1 5 2 128 512
383.664305426032 9.330521652106865 	idx: 4 1 5 2 64 256
350.7599109131403 9.237216435585797 	idx: 4 1 4 4 128 512
383.664305426032 9.144844271229939 	idx: 4 1 5 4 64 512
478.91273133300075 9.053395828517639 	idx: 2 1 6 64 64 128
383.664305426032 8.962861870232462 	idx: 4 1 5 4 64 128
383.664305426032 8.873233251530138 	idx: 4 1 5 4 64 128
383.664305426032 8.784500919014837 	idx: 4 1 5 4 64 128
365.40881670533645 8.696655909824688 	idx: 2 1 4 32 32 128
365.40881670533645 8.609689350726441 	idx: 2 1 4 32 32 128
367.9700934579439 8.523592457219177 	idx: 3 1 4 32 16 512
392.20361485632014 8.438356532646985 	idx: 2 1 5 16 16 128
398.7434448927921 8.353972967320516 	idx: 3 1 5 128 4 1024
398.7434448927921 8.27043323764731 	idx: 3 1 5 128 4 1024
484.763102080077 8.187728905270838 	idx: 2 1 6 8 32 32
484.763102080077 8.105851616218128 	idx: 2 1 6 8 32 32
392.20361485632014 8.024793100055946 	idx: 2 1 5 16 16 32
388.2754598509216 7.944545169055387 	idx: 1 1 5 64 32 512
388.2754598509216 7.865099717364833 	idx: 1 1 5 128 32 256
478.91273133300075 7.786448720191185 	idx: 1 1 6 128 64 128
478.91273133300075 7.708584232989273 	idx: 1 1 6 128 64 128
478.91273133300075 7.63149839065938 	idx: 2 1 6 16 64 32
478.91273133300075 7.5551834067527865 	idx: 2 1 6 16 64 32
484.763102080077 7.479631572685259 	idx: 2 1 6 32 32 32
484.763102080077 7.404835256958406 	idx: 2 1 6 32 32 32
497.8237170938905 7.330786904388821 	idx: 2 1 7 32 32 64
491.9318089753288 7.257479035344933 	idx: 2 1 6 32 16 32
491.9318089753288 7.1849042449914835 	idx: 2 1 6 16 16 32
409.09295614586927 7.1130552025415685 	idx: 1 1 6 128 512 128
409.09295614586927 7.041924650516153 	idx: 1 1 6 128 512 128
358.5265726430363 6.971505404010991 	idx: 1 1 5 128 256 64
467.46298117057785 6.901790349970882 	idx: 1 1 6 64 128 64
358.5265726430363 6.832772446471173 	idx: 1 1 5 64 256 32
368.8588450559906 6.764444722006462 	idx: 2 2 5 8 4 32
409.09295614586927 6.696800274786397 	idx: 1 1 6 128 512 64
409.09295614586927 6.6298322720385325 	idx: 1 1 6 64 512 128
358.5265726430363 6.563533949318147 	idx: 1 1 5 64 256 128
409.09295614586927 6.497898609824966 	idx: 1 1 6 128 512 128
446.2395926950747 6.432919623726716 	idx: 1 1 6 64 256 64
467.46298117057785 6.3685904274894485 	idx: 1 1 6 64 128 128
467.46298117057785 6.304904523214554 	idx: 1 1 6 64 128 128
482.1658877275228 6.2418554779824085 	idx: 1 1 7 32 128 128
492.5929430163229 6.1794369232025845 	idx: 1 1 7 16 64 128
492.5929430163229 6.117642553970558 	idx: 1 1 7 32 64 256
484.763102080077 6.056466128430853 	idx: 1 1 6 32 32 512
484.763102080077 5.9959014671465445 	idx: 1 1 6 32 32 256
492.5929430163229 5.935942452475079 	idx: 1 1 7 64 64 512
492.5929430163229 5.8765830279503275 	idx: 1 1 7 64 64 512
482.1658877275228 5.817817197670824 	idx: 1 1 7 64 128 256
492.5929430163229 5.759639025694116 	idx: 1 1 7 32 64 256
486.7882159760456 5.7020426354371745 	idx: 2 1 6 4 8 4
497.5534011254813 5.645022209082803 	idx: 2 1 6 8 8 4
497.5534011254813 5.588571986991974 	idx: 2 1 6 8 8 8
447.229586245147 5.532686267122054 	idx: 2 2 6 16 16 16
447.229586245147 5.477359404450834 	idx: 2 2 6 16 16 16
447.229586245147 5.422585810406325 	idx: 2 2 6 16 16 16
497.8237170938905 5.368359952302262 	idx: 2 1 7 8 32 32
491.9318089753288 5.314676352779239 	idx: 2 1 6 16 16 16
491.9318089753288 5.261529589251447 	idx: 2 1 6 16 16 16
451.87110194566486 5.208914293358933 	idx: 2 2 6 16 8 16
451.87110194566486 5.156825150425344 	idx: 2 2 6 8 8 32
511.2831896114436 5.10525689892109 	idx: 2 1 7 4 8 32
497.5534011254813 5.0542043299318795 	idx: 2 1 6 4 8 32
497.5534011254813 5.003662286632561 	idx: 2 1 6 4 8 32
491.9318089753288 4.953625663766235 	idx: 2 1 6 8 16 32
491.9318089753288 4.9040894071285726 	idx: 2 1 6 8 16 32
446.7439411399699 4.8550485130572865 	idx: 2 2 6 4 8 32
366.9720131796916 4.806498027926714 	idx: 2 2 5 8 8 16
445.391697046022 4.758433047647447 	idx: 2 2 6 4 4 8
502.5771883024607 4.710848717170973 	idx: 2 1 6 8 2 4
502.5771883024607 4.663740229999263 	idx: 2 1 6 8 2 4
502.5771883024607 4.61710282769927 	idx: 2 1 6 8 2 4
484.763102080077 4.570931799422278 	idx: 4 1 6 128 32 256
492.5929430163229 4.525222481428055 	idx: 4 1 7 64 64 128
497.5534011254813 4.4799702566137745 	idx: 2 1 6 8 8 4
500.6052695621942 4.4351705540476365 	idx: 2 1 6 8 4 4
502.5771883024607 4.39081884850716 	idx: 2 1 6 16 2 8
500.6052695621942 4.346910660022088 	idx: 2 1 6 32 4 8
500.6052695621942 4.303441553421867 	idx: 2 1 6 32 4 8
500.6052695621942 4.260407137887648 	idx: 2 1 6 32 4 8
500.6052695621942 4.217803066508771 	idx: 2 1 6 32 4 8
500.6052695621942 4.175625035843683 	idx: 2 1 6 32 4 8
500.6052695621942 4.133868785485246 	idx: 2 1 6 32 4 8
497.5534011254813 4.0925300976303935 	idx: 2 1 6 16 8 8
492.5929430163229 4.05160479665409 	idx: 1 1 7 32 64 64
497.5534011254813 4.011088748687548 	idx: 2 1 6 64 8 8
506.17369557575455 3.970977861200673 	idx: 2 1 7 32 16 8
511.2831896114436 3.9312680825886663 	idx: 2 1 7 32 8 8
506.17369557575455 3.8919554017627798 	idx: 2 1 7 64 16 16
511.2831896114436 3.853035847745152 	idx: 2 1 7 64 8 8
511.2831896114436 3.8145054892677006 	idx: 2 1 7 64 8 8
500.6052695621942 3.7763604343750234 	idx: 2 1 6 32 4 16
500.6052695621942 3.7385968300312733 	idx: 2 1 6 32 4 16
516.166268083472 3.7012108617309605 	idx: 2 1 7 64 2 8
516.166268083472 3.664198753113651 	idx: 2 1 7 64 2 8
502.5771883024607 3.6275567655825145 	idx: 2 1 6 32 2 16
502.5771883024607 3.591281197926689 	idx: 2 1 6 32 2 16
502.5771883024607 3.555368385947422 	idx: 2 1 6 32 2 16
502.5771883024607 3.519814702087948 	idx: 2 1 6 32 2 16
502.5771883024607 3.4846165550670687 	idx: 2 1 6 32 2 32
516.166268083472 3.449770389516398 	idx: 2 1 7 64 2 32
513.8768156210966 3.415272685621234 	idx: 2 1 7 128 4 16
513.8768156210966 3.3811199587650216 	idx: 2 1 7 128 4 16
502.5771883024607 3.347308759177371 	idx: 2 1 6 128 2 8
484.763102080077 3.3138356715855974 	idx: 1 1 6 64 32 128
506.17369557575455 3.2806973148697414 	idx: 1 1 7 128 16 64
506.17369557575455 3.247890341721044 	idx: 1 1 7 128 16 64
500.6052695621942 3.2154114383038332 	idx: 2 1 6 64 4 8
500.6052695621942 3.183257323920795 	idx: 2 1 6 64 4 8
513.8768156210966 3.1514247506815867 	idx: 2 1 7 32 4 16
511.2831896114436 3.1199105031747707 	idx: 2 1 7 64 8 8
506.17369557575455 3.088711398143023 	idx: 1 1 7 128 16 256
506.17369557575455 3.0578242841615926 	idx: 2 1 7 16 16 4
497.5534011254813 3.0272460413199767 	idx: 1 1 6 64 8 512
497.5534011254813 2.996973580906777 	idx: 1 1 6 64 8 512
506.17369557575455 2.967003845097709 	idx: 2 1 7 16 16 2
500.6052695621942 2.9373338066467323 	idx: 1 1 6 32 4 256
500.6052695621942 2.907960468580265 	idx: 1 1 6 32 4 256
500.6052695621942 2.8788808638944623 	idx: 1 1 6 32 4 256
513.8768156210966 2.8500920552555176 	idx: 1 1 7 16 4 128
500.6052695621942 2.8215911347029623 	idx: 1 1 6 32 4 256
511.2831896114436 2.7933752233559326 	idx: 1 1 7 32 8 256
511.2831896114436 2.765441471122373 	idx: 1 1 7 32 8 256
491.9318089753288 2.7377870564111495 	idx: 1 1 6 32 16 512
497.5534011254813 2.710409185847038 	idx: 1 1 6 16 8 256
506.17369557575455 2.6833050939885674 	idx: 1 1 7 32 16 256
492.5929430163229 2.656472043048682 	idx: 2 1 7 32 64 8
511.2831896114436 2.629907322618195 	idx: 1 1 7 16 8 128
506.17369557575455 2.603608249392013 	idx: 1 1 7 8 16 256
506.17369557575455 2.577572166898093 	idx: 1 1 7 8 16 512
484.763102080077 2.551796445229112 	idx: 1 1 6 4 32 1024
497.8237170938905 2.526278480776821 	idx: 2 1 7 32 32 16
511.2831896114436 2.501015695969053 	idx: 0 1 7 8 8 8
497.8237170938905 2.4760055390093623 	idx: 2 1 7 32 32 16
497.8237170938905 2.4512454836192688 	idx: 2 1 7 64 32 32
497.8237170938905 2.426733028783076 	idx: 0 1 7 4 32 32
497.8237170938905 2.402465698495245 	idx: 0 1 7 4 32 32
497.8237170938905 2.3784410415102926 	idx: 0 1 7 8 32 16
492.5929430163229 2.3546566310951897 	idx: 2 1 7 128 64 32
497.8237170938905 2.3311100647842378 	idx: 2 1 7 128 32 64
497.8237170938905 2.307798964136395 	idx: 2 1 7 128 32 64
491.9318089753288 2.2847209744950314 	idx: 2 1 6 256 16 64
511.2831896114436 2.261873764750081 	idx: 2 1 7 128 8 64
506.17369557575455 2.23925502710258 	idx: 2 1 7 128 16 32
506.17369557575455 2.2168624768315546 	idx: 2 1 7 128 16 32
506.17369557575455 2.194693852063239 	idx: 2 1 7 128 16 32
506.17369557575455 2.1727469135426065 	idx: 2 1 7 128 16 32
511.2831896114436 2.1510194444071806 	idx: 0 1 7 4 8 64
511.2831896114436 2.129509249963109 	idx: 0 1 7 4 8 64
500.6052695621942 2.108214157463478 	idx: 0 1 6 8 4 64
511.2831896114436 2.087132015888843 	idx: 2 1 7 128 8 64
511.2831896114436 2.0662606957299547 	idx: 2 1 7 128 8 64
500.6052695621942 2.045598088772655 	idx: 0 1 6 8 4 64
516.166268083472 2.0251421078849283 	idx: 0 1 7 4 2 128
513.8768156210966 2.004890686806079 	idx: 0 1 7 2 4 256
513.8768156210966 1.9848417799380185 	idx: 0 1 7 2 4 256
513.8768156210966 1.9649933621386382 	idx: 0 1 7 2 4 256
511.2831896114436 1.9453434285172517 	idx: 0 1 7 2 8 512
511.2831896114436 1.9258899942320793 	idx: 0 1 7 2 8 512
506.17369557575455 1.9066310942897584 	idx: 1 1 7 4 16 256
502.5771883024607 1.8875647833468607 	idx: 2 1 6 64 2 64
500.6052695621942 1.868689135513392 	idx: 2 1 6 32 4 64
500.6052695621942 1.8500022441582582 	idx: 1 1 6 4 4 256
513.8768156210966 1.8315022217166756 	idx: 0 1 7 4 4 512
511.2831896114436 1.8131871994995088 	idx: 1 1 7 4 8 128
511.2831896114436 1.7950553275045138 	idx: 1 1 7 4 8 128
511.2831896114436 1.7771047742294686 	idx: 1 1 7 4 8 128
511.2831896114436 1.7593337264871738 	idx: 1 1 7 4 8 128
511.2831896114436 1.741740389222302 	idx: 1 1 7 4 8 128
506.17369557575455 1.724322985330079 	idx: 1 1 7 4 16 128
506.17369557575455 1.7070797554767783 	idx: 2 1 7 2 16 256
506.17369557575455 1.6900089579220106 	idx: 2 1 7 2 16 256
506.17369557575455 1.6731088683427904 	idx: 2 1 7 2 16 256
502.5771883024607 1.6563777796593624 	idx: 0 1 6 16 2 256
513.8768156210966 1.6398140018627687 	idx: 0 1 7 32 4 128
513.8768156210966 1.623415861844141 	idx: 0 1 7 32 4 128
513.8768156210966 1.6071817032256996 	idx: 0 1 7 32 4 128
513.8768156210966 1.5911098861934427 	idx: 0 1 7 32 4 128
513.8768156210966 1.5751987873315083 	idx: 0 1 7 32 4 128
513.8768156210966 1.5594467994581933 	idx: 0 1 7 32 4 128
511.2831896114436 1.5438523314636114 	idx: 2 1 7 2 8 64
516.166268083472 1.5284138081489753 	idx: 0 1 7 8 2 128
516.166268083472 1.5131296700674854 	idx: 0 1 7 8 2 128
513.8768156210966 1.4979983733668105 	idx: 0 1 7 8 4 128
513.8768156210966 1.4830183896331424 	idx: 0 1 7 8 4 128
513.8768156210966 1.468188205736811 	idx: 0 1 7 8 4 128
513.8768156210966 1.4535063236794428 	idx: 0 1 7 8 4 128
513.8768156210966 1.4389712604426483 	idx: 0 1 7 4 4 128
513.8768156210966 1.4245815478382218 	idx: 0 1 7 4 4 128
511.2831896114436 1.4103357323598396 	idx: 0 1 7 2 8 256
511.2831896114436 1.396232375036241 	idx: 0 1 7 4 8 512
513.8768156210966 1.3822700512858788 	idx: 2 1 7 2 4 256
513.8768156210966 1.36844735077302 	idx: 2 1 7 2 4 256
511.2831896114436 1.3547628772652898 	idx: 2 1 7 4 8 128
511.2831896114436 1.341215248492637 	idx: 0 1 7 2 8 256
511.2831896114436 1.3278030960077105 	idx: 0 1 7 2 8 256
511.2831896114436 1.3145250650476334 	idx: 0 1 7 4 8 128
511.2831896114436 1.301379814397157 	idx: 0 1 7 4 8 128
511.2831896114436 1.2883660162531856 	idx: 0 1 7 4 8 128
511.2831896114436 1.2754823560906536 	idx: 0 1 7 4 8 128
511.2831896114436 1.2627275325297471 	idx: 0 1 7 4 8 128
511.2831896114436 1.2501002572044497 	idx: 0 1 7 4 8 128
511.2831896114436 1.2375992546324053 	idx: 0 1 7 4 8 128
513.8768156210966 1.2252232620860812 	idx: 2 1 7 4 4 128
513.8768156210966 1.2129710294652205 	idx: 0 1 7 2 4 64
513.8768156210966 1.2008413191705682 	idx: 0 1 7 2 4 64
513.8768156210966 1.1888329059788625 	idx: 0 1 7 2 4 64
513.8768156210966 1.1769445769190738 	idx: 0 1 7 2 4 64
516.166268083472 1.165175131149883 	idx: 1 1 7 4 2 256
516.166268083472 1.1535233798383842 	idx: 1 1 7 4 2 256
516.166268083472 1.1419881460400003 	idx: 1 1 7 4 2 256
516.166268083472 1.1305682645796002 	idx: 1 1 7 4 2 256
513.8768156210966 1.1192625819338042 	idx: 1 1 7 2 4 256
516.166268083472 1.1080699561144662 	idx: 1 1 7 4 2 128
516.166268083472 1.0969892565533215 	idx: 0 1 7 4 2 64
516.166268083472 1.0860193639877882 	idx: 0 1 7 4 2 64
516.166268083472 1.0751591703479102 	idx: 0 1 7 4 2 64
516.166268083472 1.0644075786444311 	idx: 0 1 7 4 2 64
516.166268083472 1.0537635028579868 	idx: 1 1 7 2 2 128
513.8768156210966 1.0432258678294068 	idx: 1 1 7 2 4 128
513.8768156210966 1.0327936091511127 	idx: 1 1 7 2 4 128
513.8768156210966 1.0224656730596016 	idx: 1 1 7 2 4 128
513.8768156210966 1.0122410163290056 	idx: 1 1 7 2 4 128
516.166268083472 1.0021186061657157 	idx: 2 1 7 2 2 64
###### ACC Parameters ######
cim type:    LccCIM
bus_width:   25.6
macros_row:  1
macros_col:  7
scr:         2
is_size:     2
os_size:     64
best=516.166268083472, area=3231103.9258046565 459
gpt2_large_sl8_LCC-CIM@ISSCC20_tt_running end at 1757783798.401549
