1.514863402790381 100 	idx: 3 3 1 2 128 256
1.4752306258462797 99.0 	idx: 0 2 1 2 128 128
1.542154380809276 98.01 	idx: 0 2 1 4 128 64
1.254132433198906 97.0299 	idx: 4 3 3 4 64 128
1.3982123726070737 96.059601 	idx: 4 3 3 8 128 128
1.8528689473883018 95.09900499 	idx: 4 4 2 4 128 256
2.1047535592391493 94.1480149401 	idx: 4 4 2 4 256 128
1.5993017547383999 93.206534790699 	idx: 0 2 2 16 256 64
1.8760604294768763 92.27446944279201 	idx: 0 3 2 16 512 64
1.7008083697916085 91.35172474836409 	idx: 1 3 3 4 512 32
1.4903682085565984 90.43820750088045 	idx: 0 3 3 8 256 64
1.5928479800880488 89.53382542587164 	idx: 0 3 2 8 128 32
1.265870333013019 88.63848717161292 	idx: 0 2 2 4 64 32
1.3153460887210426 87.75210229989679 	idx: 0 2 3 2 128 64
1.395737374757421 86.87458127689783 	idx: 0 2 3 2 256 32
1.841725285932023 86.00583546412885 	idx: 0 3 2 4 512 16
1.7584044406269832 85.14577710948755 	idx: 0 2 2 4 1024 16
1.4071880390483156 84.29431933839268 	idx: 2 3 3 8 128 16
1.4537362316166385 83.45137614500875 	idx: 0 1 3 8 2048 64
1.1824506466749027 82.61686238355867 	idx: 0 1 3 16 1024 128
1.458233189229501 81.79069375972308 	idx: 1 8 3 4 64 2
1.4039825774322252 80.97278682212585 	idx: 1 8 2 8 64 2
1.5047705392024184 80.1630589539046 	idx: 2 4 2 32 64 2
1.5047705392024184 79.36142836436555 	idx: 2 4 2 32 64 2
1.8141560042913911 78.56781408072189 	idx: 4 4 3 16 256 128
1.7215643963044645 77.78213593991467 	idx: 4 4 3 16 128 64
1.3516972965602123 77.00431458051553 	idx: 1 10 1 4 128 4
1.7162821381964313 76.23427143471037 	idx: 4 4 3 8 128 128
1.5909185215009207 75.47192872036327 	idx: 1 10 2 2 128 4
1.5909185215009207 74.71720943315964 	idx: 1 10 2 2 128 4
1.5909185215009207 73.97003733882804 	idx: 1 10 2 2 128 4
1.626810826186026 73.23033696543976 	idx: 2 5 2 64 128 16
1.737552074727706 72.49803359578536 	idx: 2 6 1 64 256 8
1.6613994317255545 71.7730532598275 	idx: 2 6 2 64 256 4
1.7962119723606527 71.05532272722922 	idx: 2 7 1 128 512 2
1.7480776198469088 70.34476949995693 	idx: 2 7 1 64 1024 2
1.773138580774859 69.64132180495736 	idx: 2 8 1 64 1024 4
2.1446247689581135 68.94490858690779 	idx: 4 4 2 16 256 128
2.0227795756607203 68.25545950103871 	idx: 4 4 3 16 512 64
1.91304233679806 67.57290490602833 	idx: 2 8 1 64 256 8
2.3202099676439856 66.89717585696805 	idx: 4 4 2 32 1024 32
2.3202099676439856 66.22820409839836 	idx: 4 4 2 32 1024 32
1.9716168544058774 65.56592205741438 	idx: 4 3 2 32 1024 64
2.0259705444312153 64.91026283684023 	idx: 4 4 3 64 512 32
2.3202099676439856 64.26116020847184 	idx: 4 4 2 32 1024 32
2.3202099676439856 63.618548606387115 	idx: 4 4 2 32 1024 32
2.3202099676439856 62.98236312032324 	idx: 4 4 2 32 1024 32
2.3202099676439856 62.35253948912001 	idx: 4 4 2 32 1024 32
2.1074983189324605 61.72901409422881 	idx: 2 5 2 8 2048 2
2.1602324124805916 61.11172395328652 	idx: 2 6 2 16 2048 2
2.033683558485198 60.500606713753655 	idx: 4 2 3 16 2048 32
1.977711734661926 59.89560064661612 	idx: 4 3 2 32 1024 16
1.7451024356977465 59.29664464014996 	idx: 4 3 1 64 1024 32
1.751757835046093 58.70367819374846 	idx: 1 8 1 2 512 16
1.9756874888461189 58.116641411810974 	idx: 4 3 2 32 1024 32
1.736478811237257 57.535474997692866 	idx: 2 7 1 16 1024 4
1.8123677932140463 56.960120247715935 	idx: 1 6 2 4 512 16
2.009788402889214 56.390519045238776 	idx: 1 5 2 2 1024 8
1.8918666343619361 55.82661385478639 	idx: 4 3 1 32 256 16
2.0764938235312713 55.26834771623852 	idx: 1 6 2 2 2048 16
2.0764938235312713 54.71566423907614 	idx: 1 6 2 2 2048 16
2.0764938235312713 54.16850759668538 	idx: 1 6 2 2 2048 16
2.0764938235312713 53.62682252071853 	idx: 1 6 2 2 2048 16
2.0087835266519245 53.09055429551134 	idx: 1 5 2 2 1024 16
2.153151792169521 52.55964875255623 	idx: 3 4 2 16 256 64
2.096361960012474 52.03405226503067 	idx: 2 5 2 8 1024 4
2.1678930076996594 51.51371174238036 	idx: 2 4 3 4 1024 4
2.1678930076996594 50.998574624956554 	idx: 2 4 3 4 1024 4
1.8812892907280305 50.488588878706985 	idx: 4 3 1 32 256 64
2.066303570156979 49.98370298991991 	idx: 1 5 2 4 1024 2
2.066303570156979 49.483865960020715 	idx: 1 5 2 4 1024 2
2.207057271041285 48.98902730042051 	idx: 3 4 2 64 512 256
2.0804442514808175 48.4991370274163 	idx: 2 5 2 4 2048 32
2.148479804930804 48.01414565714214 	idx: 3 4 2 128 256 128
2.0837862439460504 47.53400420057071 	idx: 1 5 2 4 2048 8
2.103328745374304 47.05866415856501 	idx: 2 5 2 8 2048 32
1.894316041817451 46.58807751697936 	idx: 1 4 1 4 512 16
2.119084626698687 46.12219674180957 	idx: 1 4 2 4 256 32
1.8238286487807889 45.66097477439147 	idx: 1 3 1 4 256 16
2.279674501958775 45.20436502664755 	idx: 2 3 3 32 2048 32
2.279674501958775 44.752321376381076 	idx: 2 3 3 32 2048 32
2.036518324717843 44.30479816261727 	idx: 1 3 2 32 2048 8
1.5837356705800718 43.861750180991095 	idx: 1 4 1 32 2048 8
1.576602602489724 43.42313267918119 	idx: 1 4 1 16 2048 16
1.5023563789896932 42.98890135238938 	idx: 1 3 1 32 2048 16
1.86038752663699 42.559012338865486 	idx: 2 3 3 16 1024 64
2.2919666858795877 42.133422215476834 	idx: 2 4 2 8 1024 128
2.2919666858795877 41.712087993322065 	idx: 2 4 2 8 1024 128
1.8352514649513554 41.29496711338884 	idx: 2 5 1 4 512 64
1.8873173745544967 40.882017442254956 	idx: 1 3 2 64 512 32
1.8883452304959933 40.473197267832404 	idx: 1 3 1 32 256 32
2.1575285256469248 40.06846529515408 	idx: 2 4 2 16 256 32
2.1575285256469248 39.66778064220254 	idx: 2 4 2 16 256 32
2.1575285256469248 39.27110283578051 	idx: 2 4 2 16 256 32
1.8883452304959933 38.8783918074227 	idx: 2 3 1 32 256 32
1.8894640197974437 38.48960788934848 	idx: 2 3 2 64 512 16
1.8894640197974437 38.104711810454994 	idx: 2 3 2 64 512 16
1.9787170178399165 37.72366469235045 	idx: 2 3 2 32 1024 8
1.809567485343948 37.34642804542694 	idx: 2 4 1 16 1024 8
2.239736034622566 36.97296376497267 	idx: 2 4 2 32 512 16
1.8222878956712794 36.60323412732294 	idx: 2 4 3 32 256 32
1.8222878956712794 36.23720178604971 	idx: 2 4 3 32 256 32
2.218499808008819 35.874829768189215 	idx: 4 3 3 2 2048 64
2.266886567539539 35.516081470507324 	idx: 4 4 2 4 1024 64
2.266886567539539 35.16092065580225 	idx: 4 4 2 4 1024 64
2.121462850443776 34.80931144924423 	idx: 2 4 2 32 2048 256
2.121462850443776 34.461218334751784 	idx: 2 4 2 32 2048 256
2.1391795042785358 34.11660615140427 	idx: 2 4 2 32 2048 128
1.945490162022266 33.775440089890225 	idx: 4 5 3 8 1024 16
2.20562163441313 33.43768568899132 	idx: 2 4 2 32 512 256
2.20562163441313 33.10330883210141 	idx: 2 4 2 32 512 256
2.223615524878694 32.7722757437804 	idx: 2 4 2 32 512 128
2.223615524878694 32.44455298634259 	idx: 2 4 2 32 512 128
1.8993010352583515 32.12010745647917 	idx: 2 4 1 16 512 256
2.081247062264623 31.798906381914374 	idx: 2 5 2 32 1024 256
1.8868921911099037 31.48091731809523 	idx: 4 3 1 16 512 16
1.9305726741893614 31.16610814491428 	idx: 4 4 1 8 512 32
1.868127496766196 30.854447063465138 	idx: 4 3 1 8 512 16
1.7081193024413708 30.545902592830487 	idx: 4 2 1 8 512 16
1.7964920588513498 30.240443566902183 	idx: 2 6 1 64 1024 64
1.855872103587594 29.93803913123316 	idx: 4 3 1 8 256 64
1.9270717544594103 29.638658739920828 	idx: 2 4 1 16 512 128
1.8686189992122586 29.34227215252162 	idx: 2 5 2 8 256 64
1.8686189992122586 29.048849430996402 	idx: 2 5 2 8 256 64
1.8770505892887983 28.758360936686437 	idx: 2 6 1 8 512 64
1.7812892597061272 28.47077732731957 	idx: 2 7 2 8 1024 64
1.8401932773101197 28.186069554046373 	idx: 2 6 2 16 512 64
2.1377273498703877 27.90420885850591 	idx: 4 4 3 2 1024 128
2.0969611599960443 27.625166769920853 	idx: 4 4 2 4 2048 128
1.933369572027417 27.348915102221643 	idx: 4 5 3 4 1024 64
2.067998950524684 27.075425951199424 	idx: 4 6 2 2 2048 64
2.067998950524684 26.804671691687428 	idx: 4 6 2 2 2048 64
2.067998950524684 26.536624974770554 	idx: 4 6 2 2 2048 64
2.067998950524684 26.271258725022847 	idx: 4 6 2 2 2048 64
1.9184582322402137 26.00854613777262 	idx: 4 6 2 4 1024 32
2.09295067628064 25.748460676394892 	idx: 4 5 2 8 1024 32
1.8649343481820313 25.490976069630943 	idx: 2 3 3 16 1024 16
1.9848204653529178 25.23606630893463 	idx: 4 5 2 8 512 128
2.164762847278453 24.983705645845284 	idx: 4 4 3 8 1024 128
2.164762847278453 24.73386858938683 	idx: 4 4 3 8 1024 128
2.164762847278453 24.48652990349296 	idx: 4 4 3 8 1024 128
2.0890126882879825 24.24166460445803 	idx: 4 5 2 8 1024 64
2.134252141156107 23.99924795841345 	idx: 4 4 2 8 2048 32
2.134252141156107 23.759255478829314 	idx: 4 4 2 8 2048 32
2.276063386983432 23.52166292404102 	idx: 4 3 3 16 2048 64
2.148182930221422 23.28644629480061 	idx: 4 4 2 32 2048 64
2.148182930221422 23.053581831852604 	idx: 4 4 2 32 2048 64
2.148182930221422 22.82304601353408 	idx: 4 4 2 32 2048 64
2.148182930221422 22.59481555339874 	idx: 4 4 2 32 2048 64
2.148182930221422 22.36886739786475 	idx: 4 4 2 32 2048 64
2.148182930221422 22.145178723886104 	idx: 4 4 2 32 2048 64
2.148182930221422 21.923726936647242 	idx: 4 4 2 32 2048 64
2.148182930221422 21.704489667280768 	idx: 4 4 2 32 2048 64
2.4057956601385464 21.48744477060796 	idx: 4 4 3 16 2048 128
2.4057956601385464 21.27257032290188 	idx: 4 4 3 16 2048 128
2.1524105174731325 21.059844619672862 	idx: 4 4 3 16 1024 256
1.904297746717336 20.849246173476132 	idx: 2 3 1 64 512 2
2.0180272443685143 20.64075371174137 	idx: 2 4 1 32 256 2
2.0180272443685143 20.434346174623958 	idx: 2 4 1 32 256 2
2.3007781987437164 20.230002712877717 	idx: 4 4 2 8 1024 64
2.075932861178717 20.027702685748938 	idx: 4 5 2 4 2048 64
2.075932861178717 19.82742565889145 	idx: 4 5 2 4 2048 64
2.075932861178717 19.629151402302536 	idx: 4 5 2 4 2048 64
1.69136692812518 19.43285988827951 	idx: 4 4 1 2 1024 32
1.969302228340806 19.238531289396715 	idx: 4 5 2 4 512 32
2.208762463833329 19.046145976502746 	idx: 4 4 2 2 1024 16
1.7774657826880826 18.855684516737718 	idx: 4 5 3 4 512 8
1.8005869726875832 18.66712767157034 	idx: 4 5 2 2 256 4
1.7095970568822203 18.480456394854638 	idx: 4 4 3 2 128 4
1.7095970568822203 18.295651830906092 	idx: 4 4 3 2 128 4
1.7095970568822203 18.11269531259703 	idx: 4 4 3 2 128 4
1.8461881065394061 17.931568359471058 	idx: 4 5 2 4 256 4
1.6749432184369777 17.752252675876345 	idx: 2 3 1 32 128 2
1.9713510004271082 17.57473014911758 	idx: 4 5 2 4 512 16
1.921160521472963 17.398982847626407 	idx: 2 4 2 32 128 4
1.921160521472963 17.22499301915014 	idx: 2 4 2 32 128 4
1.921160521472963 17.05274308895864 	idx: 2 4 2 32 128 4
1.7942541315409495 16.882215658069054 	idx: 4 4 1 8 1024 8
1.8102939072863191 16.713393501488362 	idx: 4 4 1 16 1024 4
2.324085351275221 16.546259566473477 	idx: 4 4 2 32 1024 4
2.324085351275221 16.380796970808742 	idx: 4 4 2 32 1024 4
1.974450582511 16.216989001100654 	idx: 4 3 2 16 1024 2
1.974450582511 16.054819111089646 	idx: 4 3 2 16 1024 2
1.9034126496602501 15.89427091997875 	idx: 2 3 1 256 256 8
1.9078230330004875 15.735328210778961 	idx: 2 3 1 256 512 4
2.241451778243032 15.577974928671171 	idx: 4 4 2 32 512 4
2.241451778243032 15.42219517938446 	idx: 4 4 2 32 512 4
2.241451778243032 15.267973227590614 	idx: 4 4 2 32 512 4
2.241451778243032 15.115293495314708 	idx: 4 4 2 32 512 4
2.241451778243032 14.96414056036156 	idx: 4 4 2 32 512 4
2.241451778243032 14.814499154757945 	idx: 4 4 2 32 512 4
2.241451778243032 14.666354163210364 	idx: 4 4 2 32 512 4
1.8813331829733115 14.519690621578262 	idx: 4 5 2 32 256 2
1.8813331829733115 14.374493715362478 	idx: 4 5 2 32 256 2
1.8248440832723078 14.230748778208852 	idx: 4 4 3 16 256 2
1.8248440832723078 14.088441290426763 	idx: 4 4 3 16 256 2
1.7326551760484874 13.947556877522496 	idx: 2 2 2 256 512 4
1.7326551760484874 13.808081308747271 	idx: 2 2 2 256 512 4
1.8246676139262983 13.670000495659798 	idx: 4 4 3 8 256 4
1.8246676139262983 13.5333004907032 	idx: 4 4 3 8 256 4
1.738014662131218 13.397967485796167 	idx: 4 3 2 16 256 2
1.7326551760484874 13.263987810938206 	idx: 2 2 2 256 512 4
1.8896406121427023 13.131347932828824 	idx: 4 3 1 16 512 2
1.7996940058537607 13.000034453500536 	idx: 4 2 1 16 256 2
1.7996940058537607 12.87003410896553 	idx: 4 2 1 16 256 2
1.7996940058537607 12.741333767875876 	idx: 4 2 1 16 256 2
1.7996940058537607 12.613920430197117 	idx: 4 2 1 16 256 2
1.7996940058537607 12.487781225895146 	idx: 4 2 1 16 256 2
1.7996940058537607 12.362903413636195 	idx: 4 2 1 16 256 2
1.8229308623538232 12.239274379499832 	idx: 2 4 1 128 1024 8
2.2272406245647813 12.116881635704834 	idx: 4 4 2 8 512 4
2.2272406245647813 11.995712819347785 	idx: 4 4 2 8 512 4
2.2272406245647813 11.875755691154307 	idx: 4 4 2 8 512 4
2.268572633136995 11.756998134242764 	idx: 1 3 3 4 2048 2
2.268572633136995 11.639428152900336 	idx: 1 3 3 4 2048 2
2.268572633136995 11.523033871371332 	idx: 1 3 3 4 2048 2
2.268572633136995 11.407803532657619 	idx: 1 3 3 4 2048 2
2.268572633136995 11.293725497331042 	idx: 1 3 3 4 2048 2
2.268572633136995 11.180788242357732 	idx: 1 3 3 4 2048 2
2.268572633136995 11.068980359934155 	idx: 1 3 3 4 2048 2
2.268572633136995 10.958290556334813 	idx: 1 3 3 4 2048 2
2.268572633136995 10.848707650771464 	idx: 1 3 3 4 2048 2
2.3832735803898135 10.74022057426375 	idx: 1 4 3 2 2048 4
2.3832735803898135 10.632818368521113 	idx: 1 4 3 2 2048 4
2.3832735803898135 10.526490184835902 	idx: 1 4 3 2 2048 4
2.3832735803898135 10.421225282987542 	idx: 1 4 3 2 2048 4
2.2738163644144405 10.317013030157668 	idx: 1 4 2 4 1024 8
2.2738163644144405 10.213842899856092 	idx: 1 4 2 4 1024 8
2.0837862439460504 10.11170447085753 	idx: 1 5 2 4 2048 8
2.0837862439460504 10.010587426148955 	idx: 1 5 2 4 2048 8
2.111215996349324 9.910481551887466 	idx: 1 4 2 4 2048 16
2.242858963316276 9.811376736368592 	idx: 2 4 2 64 512 4
2.4203581955967857 9.713262969004907 	idx: 0 4 3 16 2048 8
2.4203581955967857 9.616130339314857 	idx: 0 4 3 16 2048 8
2.4203581955967857 9.519969035921708 	idx: 0 4 3 16 2048 8
2.4203581955967857 9.42476934556249 	idx: 0 4 3 16 2048 8
2.4203581955967857 9.330521652106865 	idx: 0 4 3 16 2048 8
2.4193818773123157 9.237216435585797 	idx: 0 4 3 16 2048 16
2.4193818773123157 9.144844271229939 	idx: 0 4 3 16 2048 16
2.4193818773123157 9.053395828517639 	idx: 0 4 3 16 2048 16
2.4193818773123157 8.962861870232462 	idx: 0 4 3 16 2048 16
2.4193818773123157 8.873233251530138 	idx: 0 4 3 16 2048 16
2.4193818773123157 8.784500919014837 	idx: 0 4 3 16 2048 16
2.4193818773123157 8.696655909824688 	idx: 0 4 3 16 2048 16
2.4193818773123157 8.609689350726441 	idx: 0 4 3 16 2048 16
2.317868850954543 8.523592457219177 	idx: 1 4 2 16 1024 8
2.317868850954543 8.438356532646985 	idx: 1 4 2 16 1024 8
2.317868850954543 8.353972967320516 	idx: 1 4 2 16 1024 8
2.317868850954543 8.27043323764731 	idx: 1 4 2 16 1024 8
2.317868850954543 8.187728905270838 	idx: 1 4 2 16 1024 8
2.317868850954543 8.105851616218128 	idx: 1 4 2 16 1024 8
2.22465063496218 8.024793100055946 	idx: 2 9 2 8 1024 4
2.4210909515704966 7.944545169055387 	idx: 4 4 3 16 2048 2
2.4210909515704966 7.865099717364833 	idx: 4 4 3 16 2048 2
2.4210909515704966 7.786448720191185 	idx: 4 4 3 16 2048 2
2.4210909515704966 7.708584232989273 	idx: 4 4 3 16 2048 2
2.4210909515704966 7.63149839065938 	idx: 4 4 3 16 2048 2
2.4210909515704966 7.5551834067527865 	idx: 4 4 3 16 2048 2
2.4210909515704966 7.479631572685259 	idx: 4 4 3 16 2048 2
2.4210909515704966 7.404835256958406 	idx: 4 4 3 16 2048 2
2.4210909515704966 7.330786904388821 	idx: 4 4 3 16 2048 2
2.4210909515704966 7.257479035344933 	idx: 4 4 3 16 2048 2
2.4210909515704966 7.1849042449914835 	idx: 4 4 3 16 2048 2
2.4210909515704966 7.1130552025415685 	idx: 4 4 3 16 2048 2
2.4210909515704966 7.041924650516153 	idx: 4 4 3 16 2048 2
2.4210909515704966 6.971505404010991 	idx: 4 4 3 16 2048 2
2.4210909515704966 6.901790349970882 	idx: 4 4 3 16 2048 2
2.4210909515704966 6.832772446471173 	idx: 4 4 3 16 2048 2
2.420846650286543 6.764444722006462 	idx: 4 4 3 16 2048 4
2.420846650286543 6.696800274786397 	idx: 4 4 3 16 2048 4
2.420846650286543 6.6298322720385325 	idx: 4 4 3 16 2048 4
2.420846650286543 6.563533949318147 	idx: 4 4 3 16 2048 4
2.420846650286543 6.497898609824966 	idx: 4 4 3 16 2048 4
2.420846650286543 6.432919623726716 	idx: 4 4 3 16 2048 4
2.420846650286543 6.3685904274894485 	idx: 4 4 3 16 2048 4
2.420846650286543 6.304904523214554 	idx: 4 4 3 16 2048 4
2.420846650286543 6.2418554779824085 	idx: 4 4 3 16 2048 4
2.420846650286543 6.1794369232025845 	idx: 4 4 3 16 2048 4
2.420846650286543 6.117642553970558 	idx: 4 4 3 16 2048 4
2.420846650286543 6.056466128430853 	idx: 4 4 3 16 2048 4
2.420846650286543 5.9959014671465445 	idx: 4 4 3 16 2048 4
2.420846650286543 5.935942452475079 	idx: 4 4 3 16 2048 4
2.420846650286543 5.8765830279503275 	idx: 4 4 3 16 2048 4
2.420846650286543 5.817817197670824 	idx: 4 4 3 16 2048 4
2.420846650286543 5.759639025694116 	idx: 4 4 3 16 2048 4
2.420846650286543 5.7020426354371745 	idx: 4 4 3 16 2048 4
2.420846650286543 5.645022209082803 	idx: 4 4 3 16 2048 4
2.420846650286543 5.588571986991974 	idx: 4 4 3 16 2048 4
2.420846650286543 5.532686267122054 	idx: 4 4 3 16 2048 4
2.420846650286543 5.477359404450834 	idx: 4 4 3 16 2048 4
2.420846650286543 5.422585810406325 	idx: 4 4 3 16 2048 4
2.420846650286543 5.368359952302262 	idx: 4 4 3 16 2048 4
2.420846650286543 5.314676352779239 	idx: 4 4 3 16 2048 4
2.420846650286543 5.261529589251447 	idx: 4 4 3 16 2048 4
2.420846650286543 5.208914293358933 	idx: 4 4 3 16 2048 4
2.420846650286543 5.156825150425344 	idx: 4 4 3 16 2048 4
2.3392908903837575 5.10525689892109 	idx: 2 8 2 16 1024 8
2.433914333004244 5.0542043299318795 	idx: 2 8 2 16 512 16
2.433914333004244 5.003662286632561 	idx: 2 8 2 16 512 16
2.433914333004244 4.953625663766235 	idx: 2 8 2 16 512 16
2.433914333004244 4.9040894071285726 	idx: 2 8 2 16 512 16
2.433914333004244 4.8550485130572865 	idx: 2 8 2 16 512 16
2.433914333004244 4.806498027926714 	idx: 2 8 2 16 512 16
2.433914333004244 4.758433047647447 	idx: 2 8 2 16 512 16
2.433914333004244 4.710848717170973 	idx: 2 8 2 16 512 16
2.433914333004244 4.663740229999263 	idx: 2 8 2 16 512 16
2.433914333004244 4.61710282769927 	idx: 2 8 2 16 512 16
2.433914333004244 4.570931799422278 	idx: 2 8 2 16 512 16
2.433914333004244 4.525222481428055 	idx: 2 8 2 16 512 16
2.433914333004244 4.4799702566137745 	idx: 2 8 2 16 512 16
2.433914333004244 4.4351705540476365 	idx: 2 8 2 16 512 16
2.433914333004244 4.39081884850716 	idx: 2 8 2 16 512 16
2.433914333004244 4.346910660022088 	idx: 2 8 2 16 512 16
2.433914333004244 4.303441553421867 	idx: 2 8 2 16 512 16
2.433914333004244 4.260407137887648 	idx: 2 8 2 16 512 16
2.433914333004244 4.217803066508771 	idx: 2 8 2 16 512 16
2.433914333004244 4.175625035843683 	idx: 2 8 2 16 512 16
2.433914333004244 4.133868785485246 	idx: 2 8 2 16 512 16
2.433914333004244 4.0925300976303935 	idx: 2 8 2 16 512 16
2.407496353005962 4.05160479665409 	idx: 0 4 3 4 2048 8
2.407496353005962 4.011088748687548 	idx: 0 4 3 4 2048 8
2.407496353005962 3.970977861200673 	idx: 0 4 3 4 2048 8
2.407496353005962 3.9312680825886663 	idx: 0 4 3 4 2048 8
2.3828745520506907 3.8919554017627798 	idx: 0 4 3 2 2048 8
2.3828745520506907 3.853035847745152 	idx: 0 4 3 2 2048 8
2.3828745520506907 3.8145054892677006 	idx: 0 4 3 2 2048 8
2.3828745520506907 3.7763604343750234 	idx: 0 4 3 2 2048 8
2.3828745520506907 3.7385968300312733 	idx: 0 4 3 2 2048 8
2.3828745520506907 3.7012108617309605 	idx: 0 4 3 2 2048 8
2.3828745520506907 3.664198753113651 	idx: 0 4 3 2 2048 8
2.3828745520506907 3.6275567655825145 	idx: 0 4 3 2 2048 8
2.4065774304290706 3.591281197926689 	idx: 0 4 3 4 2048 16
2.4065774304290706 3.555368385947422 	idx: 0 4 3 4 2048 16
2.4065774304290706 3.519814702087948 	idx: 0 4 3 4 2048 16
2.4065774304290706 3.4846165550670687 	idx: 0 4 3 4 2048 16
2.4065774304290706 3.449770389516398 	idx: 0 4 3 4 2048 16
2.4065774304290706 3.415272685621234 	idx: 0 4 3 4 2048 16
2.4065774304290706 3.3811199587650216 	idx: 0 4 3 4 2048 16
2.4065774304290706 3.347308759177371 	idx: 0 4 3 4 2048 16
2.4065774304290706 3.3138356715855974 	idx: 0 4 3 4 2048 16
2.4065774304290706 3.2806973148697414 	idx: 0 4 3 4 2048 16
2.4065774304290706 3.247890341721044 	idx: 0 4 3 4 2048 16
2.4065774304290706 3.2154114383038332 	idx: 0 4 3 4 2048 16
2.4065774304290706 3.183257323920795 	idx: 0 4 3 4 2048 16
2.4065774304290706 3.1514247506815867 	idx: 0 4 3 4 2048 16
2.4065774304290706 3.1199105031747707 	idx: 0 4 3 4 2048 16
2.4065774304290706 3.088711398143023 	idx: 0 4 3 4 2048 16
2.4065774304290706 3.0578242841615926 	idx: 0 4 3 4 2048 16
2.4065774304290706 3.0272460413199767 	idx: 0 4 3 4 2048 16
2.3820644860312816 2.996973580906777 	idx: 0 4 3 2 2048 16
2.3820644860312816 2.967003845097709 	idx: 0 4 3 2 2048 16
2.3820644860312816 2.9373338066467323 	idx: 0 4 3 2 2048 16
2.3820644860312816 2.907960468580265 	idx: 0 4 3 2 2048 16
2.3820644860312816 2.8788808638944623 	idx: 0 4 3 2 2048 16
2.3820644860312816 2.8500920552555176 	idx: 0 4 3 2 2048 16
2.3820644860312816 2.8215911347029623 	idx: 0 4 3 2 2048 16
2.3820644860312816 2.7933752233559326 	idx: 0 4 3 2 2048 16
2.3820644860312816 2.765441471122373 	idx: 0 4 3 2 2048 16
2.3820644860312816 2.7377870564111495 	idx: 0 4 3 2 2048 16
2.3820644860312816 2.710409185847038 	idx: 0 4 3 2 2048 16
2.3820644860312816 2.6833050939885674 	idx: 0 4 3 2 2048 16
2.3820644860312816 2.656472043048682 	idx: 0 4 3 2 2048 16
2.3820644860312816 2.629907322618195 	idx: 0 4 3 2 2048 16
2.3820644860312816 2.603608249392013 	idx: 0 4 3 2 2048 16
2.3820644860312816 2.577572166898093 	idx: 0 4 3 2 2048 16
2.3820644860312816 2.551796445229112 	idx: 0 4 3 2 2048 16
2.3820644860312816 2.526278480776821 	idx: 0 4 3 2 2048 16
2.3820644860312816 2.501015695969053 	idx: 0 4 3 2 2048 16
2.3820644860312816 2.4760055390093623 	idx: 0 4 3 2 2048 16
2.3820644860312816 2.4512454836192688 	idx: 0 4 3 2 2048 16
2.3820644860312816 2.426733028783076 	idx: 0 4 3 2 2048 16
2.3820644860312816 2.402465698495245 	idx: 0 4 3 2 2048 16
2.3820644860312816 2.3784410415102926 	idx: 0 4 3 2 2048 16
2.3820644860312816 2.3546566310951897 	idx: 0 4 3 2 2048 16
2.3820644860312816 2.3311100647842378 	idx: 0 4 3 2 2048 16
2.4065774304290706 2.307798964136395 	idx: 0 4 3 4 2048 16
2.4065774304290706 2.2847209744950314 	idx: 0 4 3 4 2048 16
2.3891812134665167 2.261873764750081 	idx: 2 8 2 4 512 8
2.3891812134665167 2.23925502710258 	idx: 2 8 2 4 512 8
2.4079557432057026 2.2168624768315546 	idx: 0 4 3 4 2048 4
2.4079557432057026 2.194693852063239 	idx: 0 4 3 4 2048 4
2.4079557432057026 2.1727469135426065 	idx: 0 4 3 4 2048 4
2.4079557432057026 2.1510194444071806 	idx: 0 4 3 4 2048 4
2.4079557432057026 2.129509249963109 	idx: 0 4 3 4 2048 4
2.4079557432057026 2.108214157463478 	idx: 0 4 3 4 2048 4
2.4079557432057026 2.087132015888843 	idx: 0 4 3 4 2048 4
2.4079557432057026 2.0662606957299547 	idx: 0 4 3 4 2048 4
2.4079557432057026 2.045598088772655 	idx: 0 4 3 4 2048 4
2.4079557432057026 2.0251421078849283 	idx: 0 4 3 4 2048 4
2.4079557432057026 2.004890686806079 	idx: 0 4 3 4 2048 4
2.4170240511991503 1.9848417799380185 	idx: 4 4 3 8 2048 32
2.4170240511991503 1.9649933621386382 	idx: 4 4 3 8 2048 32
2.4211107585293017 1.9453434285172517 	idx: 2 8 2 8 512 4
2.4211107585293017 1.9258899942320793 	idx: 2 8 2 8 512 4
2.4211107585293017 1.9066310942897584 	idx: 2 8 2 8 512 4
2.4211107585293017 1.8875647833468607 	idx: 2 8 2 8 512 4
2.4211107585293017 1.868689135513392 	idx: 2 8 2 8 512 4
2.4211107585293017 1.8500022441582582 	idx: 2 8 2 8 512 4
2.4211107585293017 1.8315022217166756 	idx: 2 8 2 8 512 4
2.4211107585293017 1.8131871994995088 	idx: 2 8 2 8 512 4
2.4211107585293017 1.7950553275045138 	idx: 2 8 2 8 512 4
2.4211107585293017 1.7771047742294686 	idx: 2 8 2 8 512 4
2.4211107585293017 1.7593337264871738 	idx: 2 8 2 8 512 4
2.4211107585293017 1.741740389222302 	idx: 2 8 2 8 512 4
2.4211107585293017 1.724322985330079 	idx: 2 8 2 8 512 4
2.4211107585293017 1.7070797554767783 	idx: 2 8 2 8 512 4
2.4211107585293017 1.6900089579220106 	idx: 2 8 2 8 512 4
2.4211107585293017 1.6731088683427904 	idx: 2 8 2 8 512 4
2.4211107585293017 1.6563777796593624 	idx: 2 8 2 8 512 4
2.4211107585293017 1.6398140018627687 	idx: 2 8 2 8 512 4
2.4211107585293017 1.623415861844141 	idx: 2 8 2 8 512 4
2.4211107585293017 1.6071817032256996 	idx: 2 8 2 8 512 4
2.4211107585293017 1.5911098861934427 	idx: 2 8 2 8 512 4
2.4211107585293017 1.5751987873315083 	idx: 2 8 2 8 512 4
2.4211107585293017 1.5594467994581933 	idx: 2 8 2 8 512 4
2.4211107585293017 1.5438523314636114 	idx: 2 8 2 8 512 4
2.4211107585293017 1.5284138081489753 	idx: 2 8 2 8 512 4
2.4211107585293017 1.5131296700674854 	idx: 2 8 2 8 512 4
2.4211107585293017 1.4979983733668105 	idx: 2 8 2 8 512 4
2.4211107585293017 1.4830183896331424 	idx: 2 8 2 8 512 4
2.4211107585293017 1.468188205736811 	idx: 2 8 2 8 512 4
2.4211107585293017 1.4535063236794428 	idx: 2 8 2 8 512 4
2.4211107585293017 1.4389712604426483 	idx: 2 8 2 8 512 4
2.4211107585293017 1.4245815478382218 	idx: 2 8 2 8 512 4
2.4211107585293017 1.4103357323598396 	idx: 2 8 2 8 512 4
2.4211107585293017 1.396232375036241 	idx: 2 8 2 8 512 4
2.4211107585293017 1.3822700512858788 	idx: 2 8 2 8 512 4
2.4211107585293017 1.36844735077302 	idx: 2 8 2 8 512 4
2.4211107585293017 1.3547628772652898 	idx: 2 8 2 8 512 4
2.4211107585293017 1.341215248492637 	idx: 2 8 2 8 512 4
2.4211107585293017 1.3278030960077105 	idx: 2 8 2 8 512 4
2.4211107585293017 1.3145250650476334 	idx: 2 8 2 8 512 4
2.4211107585293017 1.301379814397157 	idx: 2 8 2 8 512 4
2.4211107585293017 1.2883660162531856 	idx: 2 8 2 8 512 4
2.4211107585293017 1.2754823560906536 	idx: 2 8 2 8 512 4
2.4211107585293017 1.2627275325297471 	idx: 2 8 2 8 512 4
2.4211107585293017 1.2501002572044497 	idx: 2 8 2 8 512 4
2.4211107585293017 1.2375992546324053 	idx: 2 8 2 8 512 4
2.4211107585293017 1.2252232620860812 	idx: 2 8 2 8 512 4
2.4211107585293017 1.2129710294652205 	idx: 2 8 2 8 512 4
2.42138119925773 1.2008413191705682 	idx: 2 8 2 8 512 2
2.42138119925773 1.1888329059788625 	idx: 2 8 2 8 512 2
2.42138119925773 1.1769445769190738 	idx: 2 8 2 8 512 2
2.42138119925773 1.165175131149883 	idx: 2 8 2 8 512 2
2.42138119925773 1.1535233798383842 	idx: 2 8 2 8 512 2
2.42138119925773 1.1419881460400003 	idx: 2 8 2 8 512 2
2.42138119925773 1.1305682645796002 	idx: 2 8 2 8 512 2
2.42138119925773 1.1192625819338042 	idx: 2 8 2 8 512 2
2.42138119925773 1.1080699561144662 	idx: 2 8 2 8 512 2
2.42138119925773 1.0969892565533215 	idx: 2 8 2 8 512 2
2.42138119925773 1.0860193639877882 	idx: 2 8 2 8 512 2
2.42138119925773 1.0751591703479102 	idx: 2 8 2 8 512 2
2.42138119925773 1.0644075786444311 	idx: 2 8 2 8 512 2
2.42138119925773 1.0537635028579868 	idx: 2 8 2 8 512 2
2.42138119925773 1.0432258678294068 	idx: 2 8 2 8 512 2
2.42138119925773 1.0327936091511127 	idx: 2 8 2 8 512 2
2.42138119925773 1.0224656730596016 	idx: 2 8 2 8 512 2
2.42138119925773 1.0122410163290056 	idx: 2 8 2 8 512 2
2.42138119925773 1.0021186061657157 	idx: 2 8 2 8 512 2
###### ACC Parameters ######
cim type:    FPCIM
bus_width:   25.6
macros_row:  8
macros_col:  2
scr:         8
is_size:     512
os_size:     2
best=2.42138119925773, area=4063710.62257864 459
bert_base_sl64_FPCIM@ISSCC23_ee_running start at 1757777934.2128248
3.2073640211849512 100 	idx: 1 4 1 2 64 128
3.2217508934141055 99.0 	idx: 4 4 1 4 64 64
3.2715919629707546 98.01 	idx: 0 4 1 8 256 64
3.2217508934141055 97.0299 	idx: 4 4 1 4 64 64
3.287142059113243 96.059601 	idx: 4 4 1 8 32 32
2.9056409906941485 95.09900499 	idx: 2 4 2 16 256 128
2.966572849632253 94.1480149401 	idx: 4 2 3 4 32 16
3.017621396048106 93.206534790699 	idx: 2 4 2 32 512 128
3.032262192324088 92.27446944279201 	idx: 2 3 3 16 256 64
3.1655992217799698 91.35172474836409 	idx: 2 2 3 8 512 64
2.863210236853577 90.43820750088045 	idx: 4 1 3 8 64 128
2.806570020871401 89.53382542587164 	idx: 4 1 3 8 32 64
3.0179500253107343 88.63848717161292 	idx: 4 2 3 16 32 64
2.945945461903034 87.75210229989679 	idx: 1 5 1 16 256 128
2.8939858825284346 86.87458127689783 	idx: 0 2 1 16 8 256
2.8939858825284346 86.00583546412885 	idx: 0 2 1 16 8 256
2.9859623945872285 85.14577710948755 	idx: 2 1 3 32 512 64
3.0290071399019047 84.29431933839268 	idx: 2 1 3 64 512 128
2.9821980006296296 83.45137614500875 	idx: 2 1 3 128 256 128
3.1273417549763187 82.61686238355867 	idx: 2 2 2 128 128 64
3.1273417549763187 81.79069375972308 	idx: 2 2 2 128 128 64
3.1273417549763187 80.97278682212585 	idx: 2 2 2 128 128 64
3.1370165465763438 80.1630589539046 	idx: 2 2 2 64 256 32
2.777843081098834 79.36142836436555 	idx: 0 1 3 64 4 512
2.948806540687752 78.56781408072189 	idx: 0 2 3 32 4 256
3.6716118615927265 77.78213593991467 	idx: 1 9 1 4 64 8
3.6716118615927265 77.00431458051553 	idx: 1 9 1 4 64 8
3.6716118615927265 76.23427143471037 	idx: 1 9 1 4 64 8
3.0570620922780614 75.47192872036327 	idx: 0 2 2 32 4 64
3.0897754908889907 74.71720943315964 	idx: 3 2 2 256 256 128
3.6805435520670846 73.97003733882804 	idx: 1 9 1 4 32 4
3.6805435520670846 73.23033696543976 	idx: 1 9 1 4 32 4
3.1374158583780662 72.49803359578536 	idx: 1 10 1 2 32 8
3.152725711028428 71.7730532598275 	idx: 0 2 2 128 4 16
3.0460980773245097 71.05532272722922 	idx: 0 1 3 64 2 8
3.1658279802313563 70.34476949995693 	idx: 3 2 1 512 32 64
3.1658279802313563 69.64132180495736 	idx: 3 2 1 512 32 64
3.1315361782710767 68.94490858690779 	idx: 3 2 2 256 64 64
3.4397490679760088 68.25545950103871 	idx: 1 10 1 8 512 16
2.838004606095105 67.57290490602833 	idx: 1 9 2 8 1024 16
3.1615180341598754 66.89717585696805 	idx: 0 2 2 256 8 4
3.318385491683146 66.22820409839836 	idx: 1 10 1 16 1024 16
3.338921563562284 65.56592205741438 	idx: 3 4 1 128 128 128
3.0668694665423453 64.91026283684023 	idx: 0 3 1 512 2 16
3.144483489689596 64.26116020847184 	idx: 1 10 1 4 1024 64
3.072360224408207 63.618548606387115 	idx: 0 3 1 256 2 8
3.358370615476719 62.98236312032324 	idx: 3 4 1 64 128 64
3.235675363046647 62.35253948912001 	idx: 0 2 1 512 4 8
3.2378623314810144 61.72901409422881 	idx: 0 2 1 256 2 8
3.498624198054138 61.11172395328652 	idx: 1 9 1 4 512 128
3.160209851574139 60.500606713753655 	idx: 0 2 2 256 4 2
3.162585912492947 59.89560064661612 	idx: 0 2 2 128 8 2
3.167609467736128 59.29664464014996 	idx: 0 2 2 128 16 2
3.167609467736128 58.70367819374846 	idx: 0 2 2 128 16 2
2.996303366405453 58.116641411810974 	idx: 0 1 2 256 16 4
3.060428924232671 57.535474997692866 	idx: 0 1 3 256 32 4
3.070719280861726 56.960120247715935 	idx: 0 2 3 128 16 4
3.066865165822222 56.390519045238776 	idx: 3 2 3 64 64 64
3.0047769001303877 55.82661385478639 	idx: 2 2 3 16 16 64
3.069356185974404 55.26834771623852 	idx: 3 2 3 64 64 16
3.2314641124995096 54.71566423907614 	idx: 0 2 1 512 8 8
3.0665305469292283 54.16850759668538 	idx: 0 3 1 256 16 4
3.222764701003622 53.62682252071853 	idx: 0 2 1 256 32 4
3.222764701003622 53.09055429551134 	idx: 0 2 1 256 32 4
3.1606139005914358 52.55964875255623 	idx: 0 2 2 256 64 8
4.140017297072624 52.03405226503067 	idx: 1 8 1 32 256 128
4.187861532013098 51.51371174238036 	idx: 1 8 1 64 128 128
3.148086159302771 50.998574624956554 	idx: 3 2 2 256 64 32
3.1480565640927973 50.488588878706985 	idx: 3 2 1 128 128 32
3.179665602579018 49.98370298991991 	idx: 3 2 1 128 64 32
2.967537254629958 49.483865960020715 	idx: 3 2 1 64 128 64
2.862311485137204 48.98902730042051 	idx: 0 3 2 64 16 4
3.378991297561156 48.4991370274163 	idx: 0 4 1 64 32 8
3.378991297561156 48.01414565714214 	idx: 0 4 1 64 32 8
2.8336350542052666 47.53400420057071 	idx: 1 4 2 16 16 2
3.1627115577160483 47.05866415856501 	idx: 3 2 2 256 64 4
3.1702301661806667 46.58807751697936 	idx: 3 2 1 512 128 8
3.1702301661806667 46.12219674180957 	idx: 3 2 1 512 128 8
3.1564269228653674 45.66097477439147 	idx: 3 2 2 256 64 16
3.1564269228653674 45.20436502664755 	idx: 3 2 2 256 64 16
3.1702301661806667 44.752321376381076 	idx: 3 2 1 128 128 8
3.151068519864583 44.30479816261727 	idx: 3 2 2 64 256 4
3.3309962948800775 43.861750180991095 	idx: 2 4 1 128 16 128
3.3309962948800775 43.42313267918119 	idx: 2 4 1 128 16 128
3.0634548206814634 42.98890135238938 	idx: 3 4 3 32 256 8
4.025147733092067 42.559012338865486 	idx: 0 8 1 4 8 4
4.025147733092067 42.133422215476834 	idx: 0 8 1 4 8 4
4.222706570615333 41.712087993322065 	idx: 0 8 1 8 4 4
4.222706570615333 41.29496711338884 	idx: 0 8 1 8 4 4
4.222706570615333 40.882017442254956 	idx: 0 8 1 8 4 4
4.222706570615333 40.473197267832404 	idx: 0 8 1 8 4 4
4.222706570615333 40.06846529515408 	idx: 0 8 1 8 4 4
4.222706570615333 39.66778064220254 	idx: 0 8 1 8 4 4
4.222706570615333 39.27110283578051 	idx: 0 8 1 8 4 4
4.222706570615333 38.8783918074227 	idx: 0 8 1 8 4 4
4.222706570615333 38.48960788934848 	idx: 0 8 1 8 4 4
4.222706570615333 38.104711810454994 	idx: 0 8 1 8 4 4
3.6860467794337106 37.72366469235045 	idx: 0 9 1 4 4 4
3.6860467794337106 37.34642804542694 	idx: 0 9 1 4 4 4
3.6860467794337106 36.97296376497267 	idx: 0 9 1 4 4 4
3.6860467794337106 36.60323412732294 	idx: 0 9 1 4 4 4
3.6860467794337106 36.23720178604971 	idx: 0 9 1 4 4 4
3.5498834816884433 35.874829768189215 	idx: 0 10 1 8 8 4
3.5498834816884433 35.516081470507324 	idx: 0 10 1 8 8 4
2.7633681127051486 35.16092065580225 	idx: 2 4 3 16 8 256
3.686975401482863 34.80931144924423 	idx: 0 9 1 4 4 2
3.686975401482863 34.461218334751784 	idx: 0 9 1 4 4 2
3.6871324877428178 34.11660615140427 	idx: 0 9 1 4 2 2
3.6871324877428178 33.775440089890225 	idx: 0 9 1 4 2 2
4.027652836275002 33.43768568899132 	idx: 0 8 1 4 4 2
4.027652836275002 33.10330883210141 	idx: 0 8 1 4 4 2
4.027652836275002 32.7722757437804 	idx: 0 8 1 4 4 2
4.027652836275002 32.44455298634259 	idx: 0 8 1 4 4 2
4.027652836275002 32.12010745647917 	idx: 0 8 1 4 4 2
4.027652836275002 31.798906381914374 	idx: 0 8 1 4 4 2
2.837466761672064 31.48091731809523 	idx: 4 4 2 8 256 512
2.7535624192182833 31.16610814491428 	idx: 2 5 1 8 64 512
2.603671414421411 30.854447063465138 	idx: 2 4 2 8 64 1024
2.9970041592092973 30.545902592830487 	idx: 4 4 1 2 256 512
2.9970041592092973 30.240443566902183 	idx: 4 4 1 2 256 512
2.8990249473771073 29.93803913123316 	idx: 4 4 1 4 512 1024
3.014763604219345 29.638658739920828 	idx: 4 4 1 8 512 1024
2.745858824945131 29.34227215252162 	idx: 4 5 1 16 256 1024
2.83748743199478 29.048849430996402 	idx: 4 4 2 32 256 512
3.056140823863024 28.758360936686437 	idx: 2 4 1 16 16 1024
3.056140823863024 28.47077732731957 	idx: 2 4 1 16 16 1024
3.056140823863024 28.186069554046373 	idx: 2 4 1 16 16 1024
3.056140823863024 27.90420885850591 	idx: 2 4 1 16 16 1024
3.0610859349621493 27.625166769920853 	idx: 1 2 2 32 64 64
2.9030554305211713 27.348915102221643 	idx: 4 2 1 64 256 256
3.2834228328875197 27.075425951199424 	idx: 2 4 1 32 16 256
3.2834228328875197 26.804671691687428 	idx: 2 4 1 32 16 256
3.300691523966697 26.536624974770554 	idx: 4 4 1 256 128 256
3.300691523966697 26.271258725022847 	idx: 4 4 1 256 128 256
3.300691523966697 26.00854613777262 	idx: 4 4 1 256 128 256
4.248688114720524 25.748460676394892 	idx: 2 8 1 32 4 64
4.2494728097625645 25.490976069630943 	idx: 2 8 1 32 2 64
4.2494728097625645 25.23606630893463 	idx: 2 8 1 32 2 64
4.258911911326444 24.983705645845284 	idx: 2 8 1 32 2 32
4.258911911326444 24.73386858938683 	idx: 2 8 1 32 2 32
3.8830426981137163 24.48652990349296 	idx: 2 9 1 64 2 64
3.8830426981137163 24.24166460445803 	idx: 2 9 1 64 2 64
3.866801224137538 23.99924795841345 	idx: 2 9 1 64 4 128
4.193705311599627 23.759255478829314 	idx: 2 8 1 64 2 256
4.193705311599627 23.52166292404102 	idx: 2 8 1 64 2 256
3.83501260386591 23.28644629480061 	idx: 2 9 1 32 4 256
3.83501260386591 23.053581831852604 	idx: 2 9 1 32 4 256
3.83501260386591 22.82304601353408 	idx: 2 9 1 32 4 256
3.772733305645739 22.59481555339874 	idx: 2 9 1 32 2 512
4.168001613958184 22.36886739786475 	idx: 2 8 1 16 4 256
4.168001613958184 22.145178723886104 	idx: 2 8 1 16 4 256
4.168001613958184 21.923726936647242 	idx: 2 8 1 16 4 256
4.168001613958184 21.704489667280768 	idx: 2 8 1 16 4 256
4.168001613958184 21.48744477060796 	idx: 2 8 1 16 4 256
4.182372321335565 21.27257032290188 	idx: 2 8 1 8 4 128
4.182372321335565 21.059844619672862 	idx: 2 8 1 8 4 128
4.182372321335565 20.849246173476132 	idx: 2 8 1 8 4 128
4.201648666459202 20.64075371174137 	idx: 2 8 1 8 8 64
4.201648666459202 20.434346174623958 	idx: 2 8 1 8 8 64
4.201648666459202 20.230002712877717 	idx: 2 8 1 8 8 64
4.201648666459202 20.027702685748938 	idx: 2 8 1 8 8 64
4.201648666459202 19.82742565889145 	idx: 2 8 1 8 8 64
4.201648666459202 19.629151402302536 	idx: 2 8 1 8 8 64
4.203164698200315 19.43285988827951 	idx: 2 8 1 8 4 64
4.203164698200315 19.238531289396715 	idx: 2 8 1 8 4 64
4.203164698200315 19.046145976502746 	idx: 2 8 1 8 4 64
4.203164698200315 18.855684516737718 	idx: 2 8 1 8 4 64
3.823754845737126 18.66712767157034 	idx: 2 9 1 8 2 128
3.823754845737126 18.480456394854638 	idx: 2 9 1 8 2 128
3.823754845737126 18.295651830906092 	idx: 2 9 1 8 2 128
3.823754845737126 18.11269531259703 	idx: 2 9 1 8 2 128
3.823754845737126 17.931568359471058 	idx: 2 9 1 8 2 128
3.823754845737126 17.752252675876345 	idx: 2 9 1 8 2 128
3.811478295430984 17.57473014911758 	idx: 2 9 1 16 2 256
4.16857353304167 17.398982847626407 	idx: 2 8 1 16 2 256
4.16857353304167 17.22499301915014 	idx: 2 8 1 16 2 256
4.16857353304167 17.05274308895864 	idx: 2 8 1 16 2 256
4.16857353304167 16.882215658069054 	idx: 2 8 1 16 2 256
4.182372321335565 16.713393501488362 	idx: 2 8 1 8 4 128
4.182372321335565 16.546259566473477 	idx: 2 8 1 8 4 128
4.182372321335565 16.380796970808742 	idx: 2 8 1 8 4 128
4.182372321335565 16.216989001100654 	idx: 2 8 1 8 4 128
4.168001613958184 16.054819111089646 	idx: 2 8 1 16 4 256
4.180991396465934 15.89427091997875 	idx: 2 8 1 8 8 128
4.180991396465934 15.735328210778961 	idx: 2 8 1 8 8 128
4.180991396465934 15.577974928671171 	idx: 2 8 1 8 8 128
4.180991396465934 15.42219517938446 	idx: 2 8 1 8 8 128
4.180991396465934 15.267973227590614 	idx: 2 8 1 8 8 128
4.180991396465934 15.115293495314708 	idx: 2 8 1 8 8 128
4.180991396465934 14.96414056036156 	idx: 2 8 1 8 8 128
4.180991396465934 14.814499154757945 	idx: 2 8 1 8 8 128
4.180991396465934 14.666354163210364 	idx: 2 8 1 8 8 128
4.180991396465934 14.519690621578262 	idx: 2 8 1 8 8 128
4.180991396465934 14.374493715362478 	idx: 2 8 1 8 8 128
4.180991396465934 14.230748778208852 	idx: 2 8 1 8 8 128
4.180991396465934 14.088441290426763 	idx: 2 8 1 8 8 128
4.180991396465934 13.947556877522496 	idx: 2 8 1 8 8 128
4.180991396465934 13.808081308747271 	idx: 2 8 1 8 8 128
4.180991396465934 13.670000495659798 	idx: 2 8 1 8 8 128
4.180991396465934 13.5333004907032 	idx: 2 8 1 8 8 128
4.180991396465934 13.397967485796167 	idx: 2 8 1 8 8 128
4.180991396465934 13.263987810938206 	idx: 2 8 1 8 8 128
4.201648666459202 13.131347932828824 	idx: 2 8 1 8 8 64
4.201648666459202 13.000034453500536 	idx: 2 8 1 8 8 64
4.201648666459202 12.87003410896553 	idx: 2 8 1 8 8 64
4.201648666459202 12.741333767875876 	idx: 2 8 1 8 8 64
4.201648666459202 12.613920430197117 	idx: 2 8 1 8 8 64
4.201648666459202 12.487781225895146 	idx: 2 8 1 8 8 64
4.201648666459202 12.362903413636195 	idx: 2 8 1 8 8 64
4.230088899808526 12.239274379499832 	idx: 2 8 1 16 4 64
4.230088899808526 12.116881635704834 	idx: 2 8 1 16 4 64
4.241920154369869 11.995712819347785 	idx: 2 8 1 16 2 32
4.263647204478946 11.875755691154307 	idx: 2 8 1 32 2 16
3.8972776181100905 11.756998134242764 	idx: 2 9 1 32 2 8
3.5802786368029618 11.639428152900336 	idx: 2 10 1 64 2 16
3.8972776181100905 11.523033871371332 	idx: 2 9 1 32 2 8
3.5802786368029618 11.407803532657619 	idx: 2 10 1 32 2 16
3.5806095615068796 11.293725497331042 	idx: 2 10 1 64 4 16
3.582979710100592 11.180788242357732 	idx: 2 10 1 64 8 8
3.582408343273554 11.068980359934155 	idx: 2 10 1 32 4 8
3.3775131929795914 10.958290556334813 	idx: 3 4 1 32 16 8
3.5842876044507586 10.848707650771464 	idx: 2 10 1 32 8 2
3.8825278775474255 10.74022057426375 	idx: 2 9 1 16 16 2
3.8838156335129024 10.632818368521113 	idx: 2 9 1 16 8 4
3.8838156335129024 10.526490184835902 	idx: 2 9 1 16 8 4
3.8981187279066654 10.421225282987542 	idx: 2 9 1 32 4 4
3.8847680785982948 10.317013030157668 	idx: 2 9 1 16 4 2
3.571235896426983 10.213842899856092 	idx: 2 10 1 16 4 2
3.583402434343151 10.11170447085753 	idx: 2 10 1 32 2 2
3.8847680785982948 10.010587426148955 	idx: 2 9 1 16 4 2
3.8847680785982948 9.910481551887466 	idx: 2 9 1 16 4 2
3.8847680785982948 9.811376736368592 	idx: 2 9 1 16 4 2
3.8982522089027576 9.713262969004907 	idx: 2 9 1 32 8 2
3.8982522089027576 9.616130339314857 	idx: 2 9 1 32 8 2
3.8982522089027576 9.519969035921708 	idx: 2 9 1 32 8 2
4.249800095655601 9.42476934556249 	idx: 2 8 1 16 8 2
4.249800095655601 9.330521652106865 	idx: 2 8 1 16 8 2
4.249800095655601 9.237216435585797 	idx: 2 8 1 16 8 2
4.249800095655601 9.144844271229939 	idx: 2 8 1 16 8 2
4.249800095655601 9.053395828517639 	idx: 2 8 1 16 8 2
4.249800095655601 8.962861870232462 	idx: 2 8 1 16 8 2
4.246045226303457 8.873233251530138 	idx: 3 8 1 64 64 2
4.246045226303457 8.784500919014837 	idx: 3 8 1 64 64 2
4.246045226303457 8.696655909824688 	idx: 3 8 1 64 64 2
4.245469552464809 8.609689350726441 	idx: 3 8 1 64 64 4
4.245469552464809 8.523592457219177 	idx: 3 8 1 64 64 4
4.245469552464809 8.438356532646985 	idx: 3 8 1 64 64 4
4.245469552464809 8.353972967320516 	idx: 3 8 1 64 64 4
4.257149274586525 8.27043323764731 	idx: 3 8 1 64 32 2
4.257149274586525 8.187728905270838 	idx: 3 8 1 64 32 2
4.257149274586525 8.105851616218128 	idx: 3 8 1 64 32 2
4.256567072725514 8.024793100055946 	idx: 3 8 1 128 32 4
4.256567072725514 7.944545169055387 	idx: 3 8 1 128 32 4
4.257149274586525 7.865099717364833 	idx: 3 8 1 64 32 2
4.257149274586525 7.786448720191185 	idx: 3 8 1 64 32 2
4.257149274586525 7.708584232989273 	idx: 3 8 1 64 32 2
4.257149274586525 7.63149839065938 	idx: 3 8 1 64 32 2
4.261977236248721 7.5551834067527865 	idx: 3 8 1 32 16 4
4.261977236248721 7.479631572685259 	idx: 3 8 1 32 16 4
4.255403146599602 7.404835256958406 	idx: 3 8 1 32 32 8
4.255403146599602 7.330786904388821 	idx: 3 8 1 64 32 8
4.255403146599602 7.257479035344933 	idx: 3 8 1 64 32 8
4.255403146599602 7.1849042449914835 	idx: 3 8 1 64 32 8
4.255403146599602 7.1130552025415685 	idx: 3 8 1 64 32 8
4.255403146599602 7.041924650516153 	idx: 3 8 1 64 32 8
4.255403146599602 6.971505404010991 	idx: 3 8 1 64 32 8
4.242018784834235 6.901790349970882 	idx: 3 8 1 64 64 16
4.242018784834235 6.832772446471173 	idx: 3 8 1 64 64 16
4.242018784834235 6.764444722006462 	idx: 3 8 1 64 64 16
4.242018784834235 6.696800274786397 	idx: 3 8 1 64 64 16
4.242018784834235 6.6298322720385325 	idx: 3 8 1 64 64 16
4.25307720290488 6.563533949318147 	idx: 3 8 1 64 32 16
4.255403146599602 6.497898609824966 	idx: 3 8 1 64 32 8
4.255403146599602 6.432919623726716 	idx: 3 8 1 64 32 8
4.255403146599602 6.3685904274894485 	idx: 3 8 1 64 32 8
4.242018784834235 6.304904523214554 	idx: 3 8 1 128 64 16
4.237426478000946 6.2418554779824085 	idx: 3 8 1 64 64 32
4.217114533112611 6.1794369232025845 	idx: 2 8 1 8 16 8
4.217114533112611 6.117642553970558 	idx: 2 8 1 8 16 8
4.228271629010496 6.056466128430853 	idx: 3 8 1 32 64 64
4.228271629010496 5.9959014671465445 	idx: 3 8 1 64 64 64
4.228271629010496 5.935942452475079 	idx: 3 8 1 64 64 64
4.228271629010496 5.8765830279503275 	idx: 3 8 1 64 64 64
4.228271629010496 5.817817197670824 	idx: 3 8 1 64 64 64
4.2190527736628844 5.759639025694116 	idx: 2 8 1 8 16 2
4.249800095655601 5.7020426354371745 	idx: 2 8 1 16 8 2
4.249800095655601 5.645022209082803 	idx: 2 8 1 16 8 2
4.249800095655601 5.588571986991974 	idx: 2 8 1 16 8 2
4.249800095655601 5.532686267122054 	idx: 2 8 1 16 8 2
4.249800095655601 5.477359404450834 	idx: 2 8 1 16 8 2
4.249800095655601 5.422585810406325 	idx: 2 8 1 16 8 2
4.249800095655601 5.368359952302262 	idx: 2 8 1 16 8 2
4.249800095655601 5.314676352779239 	idx: 2 8 1 16 8 2
4.249800095655601 5.261529589251447 	idx: 2 8 1 16 8 2
4.249800095655601 5.208914293358933 	idx: 2 8 1 16 8 2
4.249800095655601 5.156825150425344 	idx: 2 8 1 16 8 2
4.249800095655601 5.10525689892109 	idx: 2 8 1 16 8 2
4.249800095655601 5.0542043299318795 	idx: 2 8 1 16 8 2
4.249800095655601 5.003662286632561 	idx: 2 8 1 16 8 2
4.249800095655601 4.953625663766235 	idx: 2 8 1 16 8 2
4.249800095655601 4.9040894071285726 	idx: 2 8 1 16 8 2
4.249800095655601 4.8550485130572865 	idx: 2 8 1 16 8 2
4.249800095655601 4.806498027926714 	idx: 2 8 1 16 8 2
4.249800095655601 4.758433047647447 	idx: 2 8 1 16 8 2
4.249800095655601 4.710848717170973 	idx: 2 8 1 16 8 2
4.249800095655601 4.663740229999263 	idx: 2 8 1 16 8 2
4.249800095655601 4.61710282769927 	idx: 2 8 1 16 8 2
4.249800095655601 4.570931799422278 	idx: 2 8 1 16 8 2
4.25146867642526 4.525222481428055 	idx: 2 8 1 16 4 2
4.264679107698929 4.4799702566137745 	idx: 2 8 1 32 8 4
4.264679107698929 4.4351705540476365 	idx: 2 8 1 32 8 4
4.264679107698929 4.39081884850716 	idx: 2 8 1 32 8 4
4.264679107698929 4.346910660022088 	idx: 2 8 1 32 8 4
4.264679107698929 4.303441553421867 	idx: 2 8 1 32 8 4
4.264679107698929 4.260407137887648 	idx: 2 8 1 32 8 4
4.264679107698929 4.217803066508771 	idx: 2 8 1 32 8 4
4.250776781142047 4.175625035843683 	idx: 2 8 1 16 4 4
4.250776781142047 4.133868785485246 	idx: 2 8 1 16 4 4
4.250776781142047 4.0925300976303935 	idx: 2 8 1 16 4 4
4.250776781142047 4.05160479665409 	idx: 2 8 1 16 4 4
4.250776781142047 4.011088748687548 	idx: 2 8 1 16 4 4
4.250776781142047 3.970977861200673 	idx: 2 8 1 16 4 4
4.250776781142047 3.9312680825886663 	idx: 2 8 1 16 4 4
4.250776781142047 3.8919554017627798 	idx: 2 8 1 16 4 4
4.250776781142047 3.853035847745152 	idx: 2 8 1 16 4 4
4.250776781142047 3.8145054892677006 	idx: 2 8 1 16 4 4
4.250776781142047 3.7763604343750234 	idx: 2 8 1 16 4 4
4.250776781142047 3.7385968300312733 	idx: 2 8 1 16 4 4
4.250776781142047 3.7012108617309605 	idx: 2 8 1 16 4 4
4.252316872174571 3.664198753113651 	idx: 2 8 1 16 2 2
4.252316872174571 3.6275567655825145 	idx: 2 8 1 16 2 2
4.252316872174571 3.591281197926689 	idx: 2 8 1 16 2 2
4.252316872174571 3.555368385947422 	idx: 2 8 1 16 2 2
4.252316872174571 3.519814702087948 	idx: 2 8 1 16 2 2
4.252316872174571 3.4846165550670687 	idx: 2 8 1 16 2 2
4.252316872174571 3.449770389516398 	idx: 2 8 1 16 2 2
4.252316872174571 3.415272685621234 	idx: 2 8 1 16 2 2
4.25146867642526 3.3811199587650216 	idx: 2 8 1 16 4 2
4.25146867642526 3.347308759177371 	idx: 2 8 1 16 4 2
4.25146867642526 3.3138356715855974 	idx: 2 8 1 16 4 2
4.25146867642526 3.2806973148697414 	idx: 2 8 1 16 4 2
4.25146867642526 3.247890341721044 	idx: 2 8 1 16 4 2
4.25146867642526 3.2154114383038332 	idx: 2 8 1 16 4 2
4.25146867642526 3.183257323920795 	idx: 2 8 1 16 4 2
4.25146867642526 3.1514247506815867 	idx: 2 8 1 16 4 2
4.25146867642526 3.1199105031747707 	idx: 2 8 1 16 4 2
4.25146867642526 3.088711398143023 	idx: 2 8 1 16 4 2
4.25146867642526 3.0578242841615926 	idx: 2 8 1 16 4 2
4.25146867642526 3.0272460413199767 	idx: 2 8 1 16 4 2
4.25146867642526 2.996973580906777 	idx: 2 8 1 16 4 2
4.25146867642526 2.967003845097709 	idx: 2 8 1 16 4 2
4.25146867642526 2.9373338066467323 	idx: 2 8 1 16 4 2
4.266945528492401 2.907960468580265 	idx: 2 8 1 32 4 2
4.266945528492401 2.8788808638944623 	idx: 2 8 1 32 4 2
4.266945528492401 2.8500920552555176 	idx: 2 8 1 32 4 2
4.266945528492401 2.8215911347029623 	idx: 2 8 1 32 4 2
4.266945528492401 2.7933752233559326 	idx: 2 8 1 32 4 2
4.266945528492401 2.765441471122373 	idx: 2 8 1 32 4 2
4.266945528492401 2.7377870564111495 	idx: 2 8 1 32 4 2
4.2663541308158415 2.710409185847038 	idx: 2 8 1 32 4 4
4.2663541308158415 2.6833050939885674 	idx: 2 8 1 32 4 4
4.2663541308158415 2.656472043048682 	idx: 2 8 1 32 4 4
4.2663541308158415 2.629907322618195 	idx: 2 8 1 32 4 4
4.2663541308158415 2.603608249392013 	idx: 2 8 1 32 4 4
4.2663541308158415 2.577572166898093 	idx: 2 8 1 32 4 4
4.2663541308158415 2.551796445229112 	idx: 2 8 1 32 4 4
4.2663541308158415 2.526278480776821 	idx: 2 8 1 32 4 4
4.2663541308158415 2.501015695969053 	idx: 2 8 1 32 4 4
4.2663541308158415 2.4760055390093623 	idx: 2 8 1 32 4 4
4.251622708175812 2.4512454836192688 	idx: 2 8 1 16 2 4
4.251622708175812 2.426733028783076 	idx: 2 8 1 16 2 4
4.251622708175812 2.402465698495245 	idx: 2 8 1 16 2 4
4.223358768736722 2.3784410415102926 	idx: 2 8 1 8 4 2
4.223358768736722 2.3546566310951897 	idx: 2 8 1 8 4 2
4.223358768736722 2.3311100647842378 	idx: 2 8 1 8 4 2
4.223358768736722 2.307798964136395 	idx: 2 8 1 8 4 2
4.223358768736722 2.2847209744950314 	idx: 2 8 1 8 4 2
4.223358768736722 2.261873764750081 	idx: 2 8 1 8 4 2
4.223542706624853 2.23925502710258 	idx: 2 8 1 8 2 4
4.223542706624853 2.2168624768315546 	idx: 2 8 1 8 2 4
4.223542706624853 2.194693852063239 	idx: 2 8 1 8 2 4
4.223542706624853 2.1727469135426065 	idx: 2 8 1 8 2 4
4.223542706624853 2.1510194444071806 	idx: 2 8 1 8 2 4
4.237426478000946 2.129509249963109 	idx: 3 8 1 64 64 32
4.237426478000946 2.108214157463478 	idx: 3 8 1 64 64 32
4.237426478000946 2.087132015888843 	idx: 3 8 1 64 64 32
4.223542706624853 2.0662606957299547 	idx: 2 8 1 8 2 4
4.223542706624853 2.045598088772655 	idx: 2 8 1 8 2 4
4.223542706624853 2.0251421078849283 	idx: 2 8 1 8 2 4
4.223542706624853 2.004890686806079 	idx: 2 8 1 8 2 4
4.223542706624853 1.9848417799380185 	idx: 2 8 1 8 2 4
4.223542706624853 1.9649933621386382 	idx: 2 8 1 8 2 4
4.223542706624853 1.9453434285172517 	idx: 2 8 1 8 2 4
4.223542706624853 1.9258899942320793 	idx: 2 8 1 8 2 4
4.223542706624853 1.9066310942897584 	idx: 2 8 1 8 2 4
4.223542706624853 1.8875647833468607 	idx: 2 8 1 8 2 4
4.237426478000946 1.868689135513392 	idx: 3 8 1 32 64 32
4.250776781142047 1.8500022441582582 	idx: 2 8 1 16 4 4
4.250776781142047 1.8315022217166756 	idx: 2 8 1 16 4 4
4.250776781142047 1.8131871994995088 	idx: 2 8 1 16 4 4
4.250776781142047 1.7950553275045138 	idx: 2 8 1 16 4 4
4.250776781142047 1.7771047742294686 	idx: 2 8 1 16 4 4
4.250776781142047 1.7593337264871738 	idx: 2 8 1 16 4 4
4.249393436574675 1.741740389222302 	idx: 2 8 1 16 4 8
4.249393436574675 1.724322985330079 	idx: 2 8 1 16 4 8
4.249393436574675 1.7070797554767783 	idx: 2 8 1 16 4 8
4.249393436574675 1.6900089579220106 	idx: 2 8 1 16 4 8
4.247738068029131 1.6731088683427904 	idx: 2 8 1 16 8 8
4.247738068029131 1.6563777796593624 	idx: 2 8 1 16 8 8
4.247738068029131 1.6398140018627687 	idx: 2 8 1 16 8 8
4.247738068029131 1.623415861844141 	idx: 2 8 1 16 8 8
4.247738068029131 1.6071817032256996 	idx: 2 8 1 16 8 8
4.247738068029131 1.5911098861934427 	idx: 2 8 1 16 8 8
4.247738068029131 1.5751987873315083 	idx: 2 8 1 16 8 8
4.247738068029131 1.5594467994581933 	idx: 2 8 1 16 8 8
4.247738068029131 1.5438523314636114 	idx: 2 8 1 16 8 8
4.247738068029131 1.5284138081489753 	idx: 2 8 1 16 8 8
4.239174761981511 1.5131296700674854 	idx: 3 8 1 128 32 64
4.239174761981511 1.4979983733668105 	idx: 3 8 1 128 32 64
4.239174761981511 1.4830183896331424 	idx: 3 8 1 128 32 64
4.239174761981511 1.468188205736811 	idx: 3 8 1 128 32 64
4.239174761981511 1.4535063236794428 	idx: 3 8 1 128 32 64
4.239174761981511 1.4389712604426483 	idx: 3 8 1 128 32 64
4.237426478000946 1.4245815478382218 	idx: 3 8 1 128 64 32
4.228271629010496 1.4103357323598396 	idx: 3 8 1 64 64 64
4.228271629010496 1.396232375036241 	idx: 3 8 1 64 64 64
4.228271629010496 1.3822700512858788 	idx: 3 8 1 64 64 64
4.228271629010496 1.36844735077302 	idx: 3 8 1 64 64 64
4.228271629010496 1.3547628772652898 	idx: 3 8 1 64 64 64
4.222234003538033 1.341215248492637 	idx: 2 8 1 8 2 8
4.222234003538033 1.3278030960077105 	idx: 2 8 1 8 2 8
4.222234003538033 1.3145250650476334 	idx: 2 8 1 8 2 8
4.222234003538033 1.301379814397157 	idx: 2 8 1 8 2 8
4.222234003538033 1.2883660162531856 	idx: 2 8 1 8 2 8
4.222234003538033 1.2754823560906536 	idx: 2 8 1 8 2 8
4.222234003538033 1.2627275325297471 	idx: 2 8 1 8 2 8
4.222234003538033 1.2501002572044497 	idx: 2 8 1 8 2 8
4.222234003538033 1.2375992546324053 	idx: 2 8 1 8 2 8
4.222234003538033 1.2252232620860812 	idx: 2 8 1 8 2 8
4.222234003538033 1.2129710294652205 	idx: 2 8 1 8 2 8
4.222234003538033 1.2008413191705682 	idx: 2 8 1 8 2 8
4.250234830386635 1.1888329059788625 	idx: 2 8 1 16 2 8
4.250234830386635 1.1769445769190738 	idx: 2 8 1 16 2 8
4.250234830386635 1.165175131149883 	idx: 2 8 1 16 2 8
4.250234830386635 1.1535233798383842 	idx: 2 8 1 16 2 8
4.250234830386635 1.1419881460400003 	idx: 2 8 1 16 2 8
4.250234830386635 1.1305682645796002 	idx: 2 8 1 16 2 8
4.250234830386635 1.1192625819338042 	idx: 2 8 1 16 2 8
4.250234830386635 1.1080699561144662 	idx: 2 8 1 16 2 8
4.250234830386635 1.0969892565533215 	idx: 2 8 1 16 2 8
4.250234830386635 1.0860193639877882 	idx: 2 8 1 16 2 8
4.250234830386635 1.0751591703479102 	idx: 2 8 1 16 2 8
4.250234830386635 1.0644075786444311 	idx: 2 8 1 16 2 8
4.250234830386635 1.0537635028579868 	idx: 2 8 1 16 2 8
4.250234830386635 1.0432258678294068 	idx: 2 8 1 16 2 8
4.250234830386635 1.0327936091511127 	idx: 2 8 1 16 2 8
4.250234830386635 1.0224656730596016 	idx: 2 8 1 16 2 8
4.250234830386635 1.0122410163290056 	idx: 2 8 1 16 2 8
4.250234830386635 1.0021186061657157 	idx: 2 8 1 16 2 8
###### ACC Parameters ######
cim type:    FPCIM
bus_width:   25.6
macros_row:  8
macros_col:  1
scr:         16
is_size:     2
os_size:     8
best=4.250234830386635, area=2485112.5253390237 459
bert_base_sl64_FPCIM@ISSCC23_ee_running end at 1757779001.8553421
235.93052917845395 100 	idx: 3 4 2 2 64 256
426.82241858079095 99.0 	idx: 3 4 3 2 128 128
340.51086532630086 98.01 	idx: 0 3 3 2 256 1024
314.84106183624954 97.0299 	idx: 0 3 2 2 256 512
335.8132159157214 96.059601 	idx: 4 5 2 8 128 64
483.9041034405009 95.09900499 	idx: 4 6 3 8 256 64
490.0593671473615 94.1480149401 	idx: 4 5 3 4 256 64
535.1672912355277 93.206534790699 	idx: 4 5 3 2 512 128
479.55774411407236 92.27446944279201 	idx: 4 4 2 2 1024 64
467.0888155285302 91.35172474836409 	idx: 0 4 2 2 512 512
287.65264947843434 90.43820750088045 	idx: 2 2 2 2 512 128
453.95098894864344 89.53382542587164 	idx: 0 5 2 2 512 128
486.0802089628378 88.63848717161292 	idx: 2 3 3 4 1024 32
633.790503001449 87.75210229989679 	idx: 2 4 3 8 1024 64
470.4003146406214 86.87458127689783 	idx: 0 6 2 4 1024 128
470.4003146406214 86.00583546412885 	idx: 0 6 2 4 2048 128
470.4003146406214 85.14577710948755 	idx: 0 6 2 4 2048 128
464.47140061588874 84.29431933839268 	idx: 0 5 2 8 2048 128
464.5930913372637 83.45137614500875 	idx: 0 5 2 8 1024 256
464.6866344853125 82.61686238355867 	idx: 0 5 2 8 1024 512
328.5604745593929 81.79069375972308 	idx: 2 2 3 4 512 8
455.9686911146543 80.97278682212585 	idx: 0 5 2 32 512 512
690.4998195857689 80.1630589539046 	idx: 2 2 3 8 2048 16
344.1883188758782 79.36142836436555 	idx: 2 1 2 16 2048 8
249.94260655761792 78.56781408072189 	idx: 2 2 1 8 1024 4
342.898570547576 77.78213593991467 	idx: 2 1 2 8 2048 8
304.83357603577747 77.00431458051553 	idx: 3 4 3 2 64 8
478.5947657182158 76.23427143471037 	idx: 2 3 2 8 2048 16
633.8359862986097 75.47192872036327 	idx: 2 4 3 16 1024 32
464.7242503872902 74.71720943315964 	idx: 2 5 2 32 2048 16
247.75310799744952 73.97003733882804 	idx: 2 6 1 32 1024 8
251.16169676606467 73.23033696543976 	idx: 0 4 1 4 256 1024
470.76000762602933 72.49803359578536 	idx: 2 6 2 16 1024 8
455.46631229763034 71.7730532598275 	idx: 2 6 2 8 512 16
612.410027881896 71.05532272722922 	idx: 2 6 3 4 1024 16
532.8290798391569 70.34476949995693 	idx: 2 6 3 4 512 32
522.4284885533 69.64132180495736 	idx: 2 7 3 4 512 16
523.289210547904 68.94490858690779 	idx: 2 7 3 8 512 8
470.29915970516976 68.25545950103871 	idx: 2 6 2 8 1024 4
470.29915970516976 67.57290490602833 	idx: 2 6 2 8 1024 4
616.3839197760343 66.89717585696805 	idx: 2 5 3 8 1024 2
470.29915970516976 66.22820409839836 	idx: 2 6 2 8 2048 4
457.98842455016495 65.56592205741438 	idx: 2 7 2 8 1024 8
522.3845166925996 64.91026283684023 	idx: 2 7 3 4 512 8
532.7765413094243 64.26116020847184 	idx: 2 6 3 4 512 16
451.8256824956468 63.618548606387115 	idx: 2 6 2 2 512 32
236.31097516111188 62.98236312032324 	idx: 4 4 2 32 64 16
454.87401726094856 62.35253948912001 	idx: 2 6 2 4 512 32
614.1354564199389 61.72901409422881 	idx: 2 5 3 2 1024 32
614.1354564199389 61.11172395328652 	idx: 2 5 3 2 1024 32
616.0143677043193 60.500606713753655 	idx: 2 5 3 4 1024 64
469.7118767661127 59.89560064661612 	idx: 2 6 2 4 2048 32
486.63387095748806 59.29664464014996 	idx: 0 3 3 64 1024 4
483.18322774223003 58.70367819374846 	idx: 0 2 2 128 2048 2
455.9252375043431 58.116641411810974 	idx: 2 6 2 16 512 32
377.6946263936072 57.535474997692866 	idx: 2 7 2 16 256 64
447.7747458773933 56.960120247715935 	idx: 2 7 2 32 512 128
447.7747458773933 56.390519045238776 	idx: 2 7 2 32 512 128
411.31638606807627 55.82661385478639 	idx: 0 3 2 16 1024 2
482.65919537934786 55.26834771623852 	idx: 0 4 2 16 1024 2
535.8141201834906 54.71566423907614 	idx: 0 5 3 32 512 2
377.6946263936072 54.16850759668538 	idx: 2 7 2 16 256 128
483.1069895821061 53.62682252071853 	idx: 2 8 2 16 256 128
247.87425277678832 53.09055429551134 	idx: 0 3 4 16 256 8
496.7673174477843 52.55964875255623 	idx: 0 4 3 8 256 16
284.45910217025073 52.03405226503067 	idx: 0 3 4 16 512 16
260.8916604654598 51.51371174238036 	idx: 0 2 3 8 256 32
340.555303608901 50.998574624956554 	idx: 0 3 3 16 256 16
496.76946673214167 50.488588878706985 	idx: 0 4 3 16 256 32
336.12337308766445 49.98370298991991 	idx: 0 5 4 16 256 32
408.99450371346643 49.483865960020715 	idx: 0 5 3 32 128 32
470.9811105596279 48.98902730042051 	idx: 2 6 2 32 1024 16
464.7242503872902 48.4991370274163 	idx: 2 5 2 32 2048 16
247.6864353261265 48.01414565714214 	idx: 2 6 1 16 1024 32
348.1721255364425 47.53400420057071 	idx: 0 4 2 64 128 32
237.57468263546156 47.05866415856501 	idx: 2 5 1 4 256 8
465.86076403892616 46.58807751697936 	idx: 2 4 2 4 512 16
466.08580156080336 46.12219674180957 	idx: 2 4 2 4 512 32
410.9145248292689 45.66097477439147 	idx: 2 3 2 8 1024 16
548.9191817299555 45.20436502664755 	idx: 2 4 3 16 512 8
548.9191817299555 44.752321376381076 	idx: 2 4 3 16 512 8
486.60706013981275 44.30479816261727 	idx: 2 3 3 16 1024 8
368.67866706910615 43.861750180991095 	idx: 2 4 4 16 512 4
336.12337308766445 43.42313267918119 	idx: 2 5 4 16 256 2
427.0589600535595 42.98890135238938 	idx: 2 4 3 8 128 4
467.37210764869064 42.559012338865486 	idx: 0 4 2 64 512 16
535.2546092777594 42.133422215476834 	idx: 2 5 3 4 512 2
535.2546092777594 41.712087993322065 	idx: 2 5 3 4 512 2
533.7244431222342 41.29496711338884 	idx: 2 5 3 2 512 2
451.17853564229216 40.882017442254956 	idx: 2 6 2 2 512 4
483.03687171990197 40.473197267832404 	idx: 0 4 2 32 1024 4
451.1333313687933 40.06846529515408 	idx: 2 6 2 2 512 2
483.1822110751543 39.66778064220254 	idx: 0 4 2 64 1024 2
467.36687599026754 39.27110283578051 	idx: 2 6 2 2 1024 2
610.369626928352 38.8783918074227 	idx: 2 6 3 2 1024 2
613.6628034066524 38.48960788934848 	idx: 2 5 3 2 1024 2
548.3241260744986 38.104711810454994 	idx: 2 4 3 4 512 2
548.3241260744986 37.72366469235045 	idx: 2 4 3 4 512 2
454.4563242252668 37.34642804542694 	idx: 2 5 2 4 512 2
469.38496255355335 36.97296376497267 	idx: 2 6 2 4 1024 2
483.0688795231539 36.60323412732294 	idx: 0 4 2 32 2048 16
483.0688795231539 36.23720178604971 	idx: 0 4 2 32 2048 16
251.1121227314405 35.874829768189215 	idx: 0 4 1 64 2048 8
483.03687171990197 35.516081470507324 	idx: 0 4 2 32 1024 4
481.0475374499079 35.16092065580225 	idx: 2 8 2 4 1024 16
350.18893336688245 34.80931144924423 	idx: 1 10 2 4 128 256
248.31087336627016 34.461218334751784 	idx: 2 8 1 2 2048 4
465.4405830823425 34.11660615140427 	idx: 2 9 2 2 1024 8
247.75030141003253 33.775440089890225 	idx: 0 6 1 32 2048 4
459.73142210788683 33.43768568899132 	idx: 2 10 2 2 512 32
459.73142210788683 33.10330883210141 	idx: 2 10 2 2 512 32
358.23921599827776 32.7722757437804 	idx: 1 9 2 8 128 128
440.87673820764223 32.44455298634259 	idx: 2 10 2 2 256 16
334.9237781177668 32.12010745647917 	idx: 2 11 2 4 128 8
335.411993076704 31.798906381914374 	idx: 2 11 2 8 128 4
467.37210764869064 31.48091731809523 	idx: 0 4 2 64 512 8
490.25344198528205 31.16610814491428 	idx: 0 5 3 32 256 8
355.3312402806898 30.854447063465138 	idx: 0 5 4 16 512 4
535.8041186599655 30.545902592830487 	idx: 0 5 3 16 512 4
481.9875409285534 30.240443566902183 	idx: 0 4 2 8 1024 4
697.9543365672187 29.93803913123316 	idx: 0 4 3 16 2048 8
697.9543365672187 29.638658739920828 	idx: 0 4 3 16 2048 8
697.9543365672187 29.34227215252162 	idx: 0 4 3 16 2048 8
697.9543365672187 29.048849430996402 	idx: 0 4 3 16 2048 8
464.7120245511751 28.758360936686437 	idx: 0 5 2 32 1024 4
467.37210764869064 28.47077732731957 	idx: 0 4 2 64 512 2
467.37210764869064 28.186069554046373 	idx: 0 4 2 64 512 2
251.14191973542611 27.90420885850591 	idx: 0 4 1 128 1024 4
250.31176842159192 27.625166769920853 	idx: 0 3 1 256 512 2
251.14191973542611 27.348915102221643 	idx: 0 4 1 128 512 4
335.752333134976 27.075425951199424 	idx: 3 5 2 4 128 256
251.14137041792344 26.804671691687428 	idx: 0 4 1 128 512 2
242.7648009336858 26.536624974770554 	idx: 0 5 1 64 1024 2
455.9686911146543 26.271258725022847 	idx: 0 6 2 32 512 2
481.4004918022477 26.00854613777262 	idx: 1 8 2 2 1024 128
482.82054926432556 25.748460676394892 	idx: 0 8 2 16 256 4
441.37796994092554 25.490976069630943 	idx: 3 4 2 4 256 32
439.4403883119853 25.23606630893463 	idx: 3 4 2 2 256 64
368.5425791769513 24.983705645845284 	idx: 0 8 2 16 128 2
482.11504175816793 24.73386858938683 	idx: 0 8 2 8 256 2
521.612058685238 24.48652990349296 	idx: 1 7 3 2 512 128
496.46874777047753 24.24166460445803 	idx: 3 4 3 2 256 128
522.5152655602226 23.99924795841345 	idx: 1 7 3 4 512 32
483.5953299526593 23.759255478829314 	idx: 1 6 3 4 256 32
305.80886258931537 23.52166292404102 	idx: 1 6 2 2 128 64
225.6706286772257 23.28644629480061 	idx: 3 6 1 16 256 32
333.0826113632507 23.053581831852604 	idx: 0 11 2 2 128 2
378.439991957838 22.82304601353408 	idx: 1 6 3 2 128 128
533.2658594697023 22.59481555339874 	idx: 3 6 3 16 512 4
470.28808347455674 22.36886739786475 	idx: 3 6 2 8 1024 2
480.8380267976607 22.145178723886104 	idx: 0 8 2 4 512 4
465.4405830823425 21.923726936647242 	idx: 0 9 2 2 512 8
477.87519041078787 21.704489667280768 	idx: 0 8 2 2 256 4
522.3845166925996 21.48744477060796 	idx: 0 7 3 4 512 8
532.7499669406533 21.27257032290188 	idx: 0 6 3 4 512 8
613.0271838802767 21.059844619672862 	idx: 0 6 3 8 1024 16
469.54524245243476 20.849246173476132 	idx: 0 6 2 4 2048 16
482.170718033675 20.64075371174137 	idx: 3 8 2 8 512 8
242.50189977549067 20.434346174623958 	idx: 0 7 1 16 2048 8
251.05021700866942 20.230002712877717 	idx: 0 8 1 32 1024 4
306.8129540137589 20.027702685748938 	idx: 3 6 2 4 128 16
401.78910625521615 19.82742565889145 	idx: 3 6 2 2 256 16
533.7970211356412 19.629151402302536 	idx: 3 5 3 2 512 8
379.8839594339412 19.43285988827951 	idx: 3 4 4 2 1024 8
482.835776897959 19.238531289396715 	idx: 0 8 2 16 1024 8
482.13427392687305 19.046145976502746 	idx: 0 8 2 8 512 4
482.13427392687305 18.855684516737718 	idx: 0 8 2 8 512 4
482.13427392687305 18.66712767157034 	idx: 0 8 2 8 512 4
377.6275477608811 18.480456394854638 	idx: 0 7 2 16 256 4
533.2435700950205 18.295651830906092 	idx: 0 6 3 8 512 4
533.2435700950205 18.11269531259703 	idx: 0 6 3 8 512 4
364.37803654123684 17.931568359471058 	idx: 0 5 4 8 1024 8
328.90211917570423 17.752252675876345 	idx: 3 2 3 16 512 4
357.3611705057937 17.57473014911758 	idx: 0 3 6 8 256 8
372.49772742756477 17.398982847626407 	idx: 0 3 6 16 512 4
235.60459475764253 17.22499301915014 	idx: 2 2 6 32 64 128
337.5175183061081 17.05274308895864 	idx: 0 2 6 32 512 2
337.5175183061081 16.882215658069054 	idx: 0 2 6 32 512 2
333.3190273810353 16.713393501488362 	idx: 3 3 6 16 128 2
272.7300349882066 16.546259566473477 	idx: 0 2 4 64 1024 4
324.9010942367932 16.380796970808742 	idx: 0 3 4 32 1024 4
408.99450371346643 16.216989001100654 	idx: 2 5 3 32 128 256
486.6256211604602 16.054819111089646 	idx: 0 3 3 32 1024 8
411.632686021781 15.89427091997875 	idx: 0 3 2 64 1024 8
467.3797175427563 15.735328210778961 	idx: 0 4 2 128 512 4
467.3797175427563 15.577974928671171 	idx: 0 4 2 128 512 4
522.3631276528955 15.42219517938446 	idx: 3 7 3 4 512 4
468.9057361985739 15.267973227590614 	idx: 3 7 3 2 256 8
462.6266300548573 15.115293495314708 	idx: 2 9 2 4 256 256
462.6266300548573 14.96414056036156 	idx: 2 9 2 4 256 256
462.6266300548573 14.814499154757945 	idx: 2 9 2 4 256 256
467.3797175427563 14.666354163210364 	idx: 0 4 2 128 512 2
688.5742763075041 14.519690621578262 	idx: 3 8 3 2 256 8
690.832182137614 14.374493715362478 	idx: 3 8 3 4 256 16
688.5742763075041 14.230748778208852 	idx: 3 8 3 2 256 8
688.5742763075041 14.088441290426763 	idx: 3 8 3 2 256 8
688.5742763075041 13.947556877522496 	idx: 3 8 3 2 256 8
688.5742763075041 13.808081308747271 	idx: 3 8 3 2 256 8
688.5742763075041 13.670000495659798 	idx: 3 8 3 2 256 8
688.5742763075041 13.5333004907032 	idx: 3 8 3 2 256 8
687.9801549495785 13.397967485796167 	idx: 3 8 3 2 256 4
687.9801549495785 13.263987810938206 	idx: 3 8 3 2 256 4
445.32427835901217 13.131347932828824 	idx: 3 7 2 4 512 2
469.70178890657024 13.000034453500536 	idx: 2 9 2 16 512 32
462.5343801739453 12.87003410896553 	idx: 2 9 2 8 256 32
482.35251465354 12.741333767875876 	idx: 3 6 3 2 256 4
483.51387134266514 12.613920430197117 	idx: 3 6 3 4 256 2
470.4272966395437 12.487781225895146 	idx: 3 7 3 4 256 4
470.4272966395437 12.362903413636195 	idx: 3 7 3 4 256 4
470.4272966395437 12.239274379499832 	idx: 3 7 3 4 256 4
439.0106771226636 12.116881635704834 	idx: 3 7 2 2 512 4
439.0106771226636 11.995712819347785 	idx: 3 7 2 2 512 4
688.5742763075041 11.875755691154307 	idx: 3 8 3 2 256 8
367.43278824922396 11.756998134242764 	idx: 3 8 2 4 128 8
376.1066878055052 11.639428152900336 	idx: 3 7 2 4 256 4
247.42930041719822 11.523033871371332 	idx: 3 6 1 8 512 2
456.581543728912 11.407803532657619 	idx: 3 7 2 4 1024 4
456.581543728912 11.293725497331042 	idx: 3 7 2 4 1024 4
522.3845166925996 11.180788242357732 	idx: 3 7 3 4 512 8
439.47276620908616 11.068980359934155 	idx: 3 7 2 2 512 16
439.47276620908616 10.958290556334813 	idx: 3 7 2 2 512 16
522.5152655602226 10.848707650771464 	idx: 3 7 3 4 512 32
469.54524245243476 10.74022057426375 	idx: 3 6 2 4 1024 16
470.31986884023763 10.632818368521113 	idx: 3 6 2 8 2048 8
470.31986884023763 10.526490184835902 	idx: 3 6 2 8 2048 8
612.410027881896 10.421225282987542 	idx: 3 6 3 4 1024 16
612.410027881896 10.317013030157668 	idx: 3 6 3 4 1024 16
522.5152655602226 10.213842899856092 	idx: 3 7 3 4 512 32
613.0271838802767 10.11170447085753 	idx: 3 6 3 8 1024 16
667.4198422697806 10.010587426148955 	idx: 3 5 3 4 2048 8
616.3839197760343 9.910481551887466 	idx: 3 5 3 8 1024 8
469.54524245243476 9.811376736368592 	idx: 3 6 2 4 1024 16
440.06397498030964 9.713262969004907 	idx: 3 7 2 2 512 32
612.410027881896 9.616130339314857 	idx: 3 6 3 4 1024 16
460.56494872653684 9.519969035921708 	idx: 3 5 2 2 2048 8
462.83409367810356 9.42476934556249 	idx: 3 5 2 4 2048 4
477.4281045343978 9.330521652106865 	idx: 3 4 2 2 2048 2
405.56023979887834 9.237216435585797 	idx: 3 3 2 2 1024 2
442.40516695805456 9.144844271229939 	idx: 4 4 2 16 256 16
684.412367446934 9.053395828517639 	idx: 3 2 3 2 2048 4
684.412367446934 8.962861870232462 	idx: 3 2 3 2 2048 4
686.8463376772538 8.873233251530138 	idx: 3 3 3 2 2048 4
476.6531554345209 8.784500919014837 	idx: 3 3 2 4 2048 4
462.46917518548054 8.696655909824688 	idx: 2 9 2 8 256 16
535.7816165971386 8.609689350726441 	idx: 4 5 3 8 512 4
548.8850687904544 8.523592457219177 	idx: 4 4 3 8 512 2
548.334600469923 8.438356532646985 	idx: 4 4 3 4 512 4
410.85387231651964 8.353972967320516 	idx: 4 3 2 8 1024 8
690.4998195857689 8.27043323764731 	idx: 4 2 3 8 2048 4
690.4998195857689 8.187728905270838 	idx: 4 2 3 8 2048 4
690.4998195857689 8.105851616218128 	idx: 4 2 3 8 2048 4
690.4998195857689 8.024793100055946 	idx: 4 2 3 8 2048 2
690.4998195857689 7.944545169055387 	idx: 4 2 3 8 2048 2
691.2480855367721 7.865099717364833 	idx: 4 3 3 8 2048 2
691.2480855367721 7.786448720191185 	idx: 4 3 3 8 2048 2
691.2480855367721 7.708584232989273 	idx: 4 3 3 8 2048 2
691.2480855367721 7.63149839065938 	idx: 4 3 3 8 2048 2
691.2480855367721 7.5551834067527865 	idx: 4 3 3 8 2048 2
691.2480855367721 7.479631572685259 	idx: 4 3 3 8 2048 2
496.3678737325376 7.404835256958406 	idx: 3 4 3 4 256 4
496.3678737325376 7.330786904388821 	idx: 3 4 3 4 256 4
496.3678737325376 7.257479035344933 	idx: 3 4 3 4 256 4
496.3678737325376 7.1849042449914835 	idx: 3 4 3 4 256 4
496.3678737325376 7.1130552025415685 	idx: 3 4 3 4 256 4
496.3678737325376 7.041924650516153 	idx: 3 4 3 4 256 4
482.03509287500026 6.971505404010991 	idx: 4 2 2 16 4096 8
480.71774142058223 6.901790349970882 	idx: 4 2 2 8 2048 8
431.4106136435367 6.832772446471173 	idx: 1 1 6 32 2048 128
478.35848638019223 6.764444722006462 	idx: 4 2 2 4 2048 16
431.4106136435367 6.696800274786397 	idx: 1 1 6 32 2048 256
478.35848638019223 6.6298322720385325 	idx: 4 2 2 4 2048 16
478.35848638019223 6.563533949318147 	idx: 4 2 2 4 2048 16
690.6078023313164 6.497898609824966 	idx: 1 2 3 16 2048 512
690.6078023313164 6.432919623726716 	idx: 1 2 3 16 2048 512
690.6078023313164 6.3685904274894485 	idx: 1 2 3 16 2048 512
690.6078023313164 6.304904523214554 	idx: 1 2 3 16 2048 512
690.6078023313164 6.2418554779824085 	idx: 1 2 3 16 2048 512
690.6078023313164 6.1794369232025845 	idx: 1 2 3 16 2048 512
690.6078023313164 6.117642553970558 	idx: 1 2 3 16 2048 512
690.6078023313164 6.056466128430853 	idx: 1 2 3 16 2048 512
583.9970296375038 5.9959014671465445 	idx: 4 1 3 2 4096 32
688.9543913546986 5.935942452475079 	idx: 4 2 3 4 2048 16
690.6618063701164 5.8765830279503275 	idx: 1 2 3 32 2048 512
690.6618063701164 5.817817197670824 	idx: 1 2 3 32 2048 512
690.6618063701164 5.759639025694116 	idx: 1 2 3 32 2048 512
690.6618063701164 5.7020426354371745 	idx: 1 2 3 32 2048 512
690.6618063701164 5.645022209082803 	idx: 1 2 3 32 2048 512
690.6618063701164 5.588571986991974 	idx: 1 2 3 32 2048 512
690.6078023313164 5.532686267122054 	idx: 1 2 3 16 2048 256
690.6618063701164 5.477359404450834 	idx: 1 2 3 32 2048 512
690.6618063701164 5.422585810406325 	idx: 1 2 3 32 2048 512
690.6618063701164 5.368359952302262 	idx: 1 2 3 32 2048 512
495.30368763089615 5.314676352779239 	idx: 3 4 3 2 256 16
495.30368763089615 5.261529589251447 	idx: 3 4 3 2 256 16
495.30368763089615 5.208914293358933 	idx: 3 4 3 2 256 16
589.6654769180203 5.156825150425344 	idx: 4 1 3 32 4096 4
589.6654769180203 5.10525689892109 	idx: 4 1 3 32 4096 4
690.6078023313164 5.0542043299318795 	idx: 4 2 3 16 2048 2
690.6078023313164 5.003662286632561 	idx: 4 2 3 16 2048 2
690.6078023313164 4.953625663766235 	idx: 4 2 3 16 2048 2
690.6078023313164 4.9040894071285726 	idx: 4 2 3 16 2048 2
690.6078023313164 4.8550485130572865 	idx: 4 2 3 16 2048 2
690.6078023313164 4.806498027926714 	idx: 4 2 3 16 2048 2
690.6078023313164 4.758433047647447 	idx: 4 2 3 16 2048 2
690.6078023313164 4.710848717170973 	idx: 4 2 3 16 2048 2
690.6078023313164 4.663740229999263 	idx: 4 2 3 16 2048 2
690.6078023313164 4.61710282769927 	idx: 4 2 3 16 2048 2
691.5478461983232 4.570931799422278 	idx: 1 3 3 32 2048 128
691.5478461983232 4.525222481428055 	idx: 1 3 3 32 2048 128
691.5478461983232 4.4799702566137745 	idx: 1 3 3 32 2048 128
691.5478461983232 4.4351705540476365 	idx: 1 3 3 32 2048 128
589.6321676167 4.39081884850716 	idx: 4 1 3 8 4096 2
589.6321676167 4.346910660022088 	idx: 4 1 3 8 4096 2
589.6321676167 4.303441553421867 	idx: 4 1 3 8 4096 2
633.8359862986097 4.260407137887648 	idx: 0 4 3 16 1024 2
633.8359862986097 4.217803066508771 	idx: 0 4 3 16 1024 2
633.8359862986097 4.175625035843683 	idx: 0 4 3 16 1024 2
633.8359862986097 4.133868785485246 	idx: 0 4 3 16 1024 2
633.8359862986097 4.0925300976303935 	idx: 0 4 3 16 1024 2
633.8359862986097 4.05160479665409 	idx: 0 4 3 16 1024 2
548.9296788721082 4.011088748687548 	idx: 0 4 3 32 512 4
496.76946673214167 3.970977861200673 	idx: 0 4 3 16 256 8
496.76946673214167 3.9312680825886663 	idx: 0 4 3 32 256 16
548.9401764157483 3.8919554017627798 	idx: 0 4 3 64 512 16
548.9401764157483 3.853035847745152 	idx: 0 4 3 64 512 16
548.9401764157483 3.8145054892677006 	idx: 0 4 3 64 512 16
548.9401764157483 3.7763604343750234 	idx: 0 4 3 64 512 16
548.9401764157483 3.7385968300312733 	idx: 0 4 3 64 512 16
548.9401764157483 3.7012108617309605 	idx: 0 4 3 64 512 16
633.8359862986097 3.664198753113651 	idx: 4 4 3 16 1024 2
633.8359862986097 3.6275567655825145 	idx: 4 4 3 16 1024 2
633.8359862986097 3.591281197926689 	idx: 4 4 3 16 1024 2
633.8359862986097 3.555368385947422 	idx: 4 4 3 16 1024 2
535.8141201834906 3.519814702087948 	idx: 4 5 3 32 512 4
548.9401764157483 3.4846165550670687 	idx: 0 4 3 64 512 16
548.9296788721082 3.449770389516398 	idx: 0 4 3 32 512 32
633.8499824726532 3.415272685621234 	idx: 4 4 3 32 1024 8
697.9543365672187 3.3811199587650216 	idx: 4 4 3 16 2048 8
697.9543365672187 3.347308759177371 	idx: 4 4 3 16 2048 8
697.9543365672187 3.3138356715855974 	idx: 4 4 3 16 2048 8
697.9543365672187 3.2806973148697414 	idx: 4 4 3 16 2048 8
697.9543365672187 3.247890341721044 	idx: 4 4 3 16 2048 8
697.9543365672187 3.2154114383038332 	idx: 4 4 3 16 2048 8
697.9543365672187 3.183257323920795 	idx: 4 4 3 16 2048 8
633.790503001449 3.1514247506815867 	idx: 4 4 3 8 1024 4
633.790503001449 3.1199105031747707 	idx: 4 4 3 8 1024 4
610.7592369969254 3.088711398143023 	idx: 2 6 3 2 1024 32
610.7592369969254 3.0578242841615926 	idx: 2 6 3 2 1024 32
633.8359862986097 3.0272460413199767 	idx: 4 4 3 16 1024 8
633.8359862986097 2.996973580906777 	idx: 4 4 3 16 1024 8
633.8359862986097 2.967003845097709 	idx: 4 4 3 16 1024 8
633.8359862986097 2.9373338066467323 	idx: 4 4 3 16 1024 8
633.8359862986097 2.907960468580265 	idx: 4 4 3 16 1024 8
633.8359862986097 2.8788808638944623 	idx: 4 4 3 16 1024 8
667.4198422697806 2.8500920552555176 	idx: 2 5 3 4 2048 8
667.4198422697806 2.8215911347029623 	idx: 2 5 3 4 2048 8
667.4198422697806 2.7933752233559326 	idx: 2 5 3 4 2048 8
665.7615746008921 2.765441471122373 	idx: 2 5 3 2 2048 8
665.7615746008921 2.7377870564111495 	idx: 2 5 3 2 2048 8
665.7615746008921 2.710409185847038 	idx: 2 5 3 2 2048 8
665.7615746008921 2.6833050939885674 	idx: 2 5 3 2 2048 8
665.7615746008921 2.656472043048682 	idx: 2 5 3 2 2048 8
696.7514927909122 2.629907322618195 	idx: 2 4 3 4 2048 8
615.7608155866722 2.603608249392013 	idx: 4 5 3 4 1024 16
615.7608155866722 2.577572166898093 	idx: 4 5 3 4 1024 16
615.7608155866722 2.551796445229112 	idx: 4 5 3 4 1024 16
615.7608155866722 2.526278480776821 	idx: 4 5 3 4 1024 16
615.7608155866722 2.501015695969053 	idx: 4 5 3 4 1024 16
633.252197124917 2.4760055390093623 	idx: 4 4 3 4 1024 32
633.252197124917 2.4512454836192688 	idx: 4 4 3 4 1024 32
633.252197124917 2.426733028783076 	idx: 4 4 3 4 1024 32
633.252197124917 2.402465698495245 	idx: 4 4 3 4 1024 32
667.7128788154135 2.3784410415102926 	idx: 4 5 3 4 2048 64
667.7128788154135 2.3546566310951897 	idx: 4 5 3 4 2048 64
667.7128788154135 2.3311100647842378 	idx: 4 5 3 4 2048 64
633.790503001449 2.307798964136395 	idx: 4 4 3 8 1024 32
633.790503001449 2.2847209744950314 	idx: 4 4 3 8 1024 32
688.9543913546986 2.261873764750081 	idx: 2 2 3 4 2048 16
688.9543913546986 2.23925502710258 	idx: 2 2 3 4 2048 16
688.9543913546986 2.2168624768315546 	idx: 2 2 3 4 2048 16
688.9543913546986 2.194693852063239 	idx: 2 2 3 4 2048 16
690.1190347752001 2.1727469135426065 	idx: 4 3 3 4 2048 32
690.1190347752001 2.1510194444071806 	idx: 4 3 3 4 2048 32
690.1190347752001 2.129509249963109 	idx: 4 3 3 4 2048 32
690.1190347752001 2.108214157463478 	idx: 4 3 3 4 2048 32
690.1190347752001 2.087132015888843 	idx: 4 3 3 4 2048 32
690.1190347752001 2.0662606957299547 	idx: 4 3 3 4 2048 32
690.1190347752001 2.045598088772655 	idx: 4 3 3 4 2048 32
690.1190347752001 2.0251421078849283 	idx: 4 3 3 4 2048 32
696.8170339823944 2.004890686806079 	idx: 4 4 3 4 2048 16
696.8170339823944 1.9848417799380185 	idx: 4 4 3 4 2048 16
696.8170339823944 1.9649933621386382 	idx: 4 4 3 4 2048 16
696.8170339823944 1.9453434285172517 	idx: 4 4 3 4 2048 16
696.8170339823944 1.9258899942320793 	idx: 4 4 3 4 2048 16
696.8170339823944 1.9066310942897584 	idx: 4 4 3 4 2048 16
696.8170339823944 1.8875647833468607 	idx: 4 4 3 4 2048 16
696.8170339823944 1.868689135513392 	idx: 4 4 3 4 2048 16
696.8170339823944 1.8500022441582582 	idx: 4 4 3 4 2048 16
694.7888719120161 1.8315022217166756 	idx: 2 4 3 2 2048 16
694.7888719120161 1.8131871994995088 	idx: 2 4 3 2 2048 16
694.7888719120161 1.7950553275045138 	idx: 2 4 3 2 2048 16
694.7888719120161 1.7771047742294686 	idx: 2 4 3 2 2048 16
694.7888719120161 1.7593337264871738 	idx: 2 4 3 2 2048 16
694.7888719120161 1.741740389222302 	idx: 2 4 3 2 2048 16
694.7888719120161 1.724322985330079 	idx: 2 4 3 2 2048 16
694.7888719120161 1.7070797554767783 	idx: 2 4 3 2 2048 16
694.7888719120161 1.6900089579220106 	idx: 2 4 3 2 2048 16
694.7888719120161 1.6731088683427904 	idx: 2 4 3 2 2048 16
694.7888719120161 1.6563777796593624 	idx: 2 4 3 2 2048 16
694.7888719120161 1.6398140018627687 	idx: 2 4 3 2 2048 16
694.7888719120161 1.623415861844141 	idx: 2 4 3 2 2048 16
694.7888719120161 1.6071817032256996 	idx: 2 4 3 2 2048 16
694.7888719120161 1.5911098861934427 	idx: 2 4 3 2 2048 16
694.7888719120161 1.5751987873315083 	idx: 2 4 3 2 2048 16
694.7888719120161 1.5594467994581933 	idx: 2 4 3 2 2048 16
694.7888719120161 1.5438523314636114 	idx: 2 4 3 2 2048 16
694.7888719120161 1.5284138081489753 	idx: 2 4 3 2 2048 16
694.595528830303 1.5131296700674854 	idx: 4 4 3 2 2048 8
694.595528830303 1.4979983733668105 	idx: 4 4 3 2 2048 8
694.595528830303 1.4830183896331424 	idx: 4 4 3 2 2048 8
694.595528830303 1.468188205736811 	idx: 4 4 3 2 2048 8
694.595528830303 1.4535063236794428 	idx: 4 4 3 2 2048 8
694.595528830303 1.4389712604426483 	idx: 4 4 3 2 2048 8
694.595528830303 1.4245815478382218 	idx: 4 4 3 2 2048 8
689.9583389668569 1.4103357323598396 	idx: 2 3 3 4 2048 16
696.8170339823944 1.396232375036241 	idx: 2 4 3 4 2048 16
694.595528830303 1.3822700512858788 	idx: 2 4 3 2 2048 8
694.595528830303 1.36844735077302 	idx: 2 4 3 2 2048 8
694.595528830303 1.3547628772652898 	idx: 2 4 3 2 2048 8
694.595528830303 1.341215248492637 	idx: 2 4 3 2 2048 8
694.595528830303 1.3278030960077105 	idx: 2 4 3 2 2048 8
689.8743922167696 1.3145250650476334 	idx: 2 3 3 4 2048 8
689.8743922167696 1.301379814397157 	idx: 2 3 3 4 2048 8
689.8743922167696 1.2883660162531856 	idx: 2 3 3 4 2048 8
689.8743922167696 1.2754823560906536 	idx: 2 3 3 4 2048 8
689.8743922167696 1.2627275325297471 	idx: 2 3 3 4 2048 8
689.8743922167696 1.2501002572044497 	idx: 2 3 3 4 2048 8
689.8743922167696 1.2375992546324053 	idx: 2 3 3 4 2048 8
689.8743922167696 1.2252232620860812 	idx: 2 3 3 4 2048 8
694.7888719120161 1.2129710294652205 	idx: 2 4 3 2 2048 16
694.7888719120161 1.2008413191705682 	idx: 2 4 3 2 2048 16
694.7888719120161 1.1888329059788625 	idx: 2 4 3 2 2048 16
694.7888719120161 1.1769445769190738 	idx: 2 4 3 2 2048 16
694.7888719120161 1.165175131149883 	idx: 2 4 3 2 2048 16
694.7888719120161 1.1535233798383842 	idx: 2 4 3 2 2048 16
694.7888719120161 1.1419881460400003 	idx: 2 4 3 2 2048 16
694.7888719120161 1.1305682645796002 	idx: 2 4 3 2 2048 16
697.801633605601 1.1192625819338042 	idx: 4 4 3 8 2048 4
697.801633605601 1.1080699561144662 	idx: 4 4 3 8 2048 4
697.801633605601 1.0969892565533215 	idx: 4 4 3 8 2048 4
697.801633605601 1.0860193639877882 	idx: 4 4 3 8 2048 4
697.801633605601 1.0751591703479102 	idx: 4 4 3 8 2048 4
697.801633605601 1.0644075786444311 	idx: 4 4 3 8 2048 4
697.801633605601 1.0537635028579868 	idx: 4 4 3 8 2048 4
697.801633605601 1.0432258678294068 	idx: 4 4 3 8 2048 4
697.801633605601 1.0327936091511127 	idx: 4 4 3 8 2048 4
697.801633605601 1.0224656730596016 	idx: 4 4 3 8 2048 4
697.801633605601 1.0122410163290056 	idx: 4 4 3 8 2048 4
697.801633605601 1.0021186061657157 	idx: 4 4 3 8 2048 4
###### ACC Parameters ######
cim type:    FPCIM
bus_width:   25.6
macros_row:  4
macros_col:  3
scr:         8
is_size:     2048
os_size:     4
best=697.801633605601, area=4473516.097370768 459
bert_base_sl64_FPCIM@ISSCC23_tt_running start at 1757779466.3201983
617.7252977823687 100 	idx: 2 4 1 2 128 128
600.3611607843137 99.0 	idx: 2 4 1 2 128 64
625.815916411858 98.01 	idx: 4 2 2 4 128 256
857.5274897214618 97.0299 	idx: 4 3 3 4 128 128
592.0675711213897 96.059601 	idx: 3 4 1 2 16 64
627.905272051646 95.09900499 	idx: 2 5 2 2 64 128
686.7929286434205 94.1480149401 	idx: 3 2 3 8 4 64
704.7444007291788 93.206534790699 	idx: 0 3 3 8 8 256
697.4964280507363 92.27446944279201 	idx: 1 1 3 16 256 256
831.0632259512121 91.35172474836409 	idx: 4 5 3 4 128 128
924.4319632865022 90.43820750088045 	idx: 4 4 3 8 128 256
918.5084875925955 89.53382542587164 	idx: 4 3 3 8 256 256
900.2098990960195 88.63848717161292 	idx: 4 4 2 16 256 128
718.0724832550547 87.75210229989679 	idx: 3 4 3 32 2 128
643.4360502502848 86.87458127689783 	idx: 3 4 2 64 4 64
623.2249628528974 86.00583546412885 	idx: 3 5 1 32 4 128
633.811494481291 85.14577710948755 	idx: 0 4 2 2 32 128
858.2229364586992 84.29431933839268 	idx: 4 3 3 16 128 64
624.8997061064548 83.45137614500875 	idx: 4 2 2 16 256 128
693.6272825714316 82.61686238355867 	idx: 0 6 3 2 64 64
758.148141178335 81.79069375972308 	idx: 3 8 2 16 16 512
752.5344466546289 80.97278682212585 	idx: 3 9 2 8 8 256
909.4651997243543 80.1630589539046 	idx: 3 10 1 16 4 256
921.6641140490295 79.36142836436555 	idx: 3 9 1 16 2 128
932.1999837622798 78.56781408072189 	idx: 3 8 1 8 2 128
864.2760406473466 77.78213593991467 	idx: 0 3 3 4 128 256
864.2760406473466 77.00431458051553 	idx: 0 3 3 4 128 256
864.2760406473466 76.23427143471037 	idx: 0 3 3 4 128 256
843.4144678850561 75.47192872036327 	idx: 0 2 3 2 256 128
818.0152319343417 74.71720943315964 	idx: 0 3 2 2 512 128
859.4853077127491 73.97003733882804 	idx: 0 3 2 4 1024 64
720.266178204903 73.23033696543976 	idx: 4 2 2 16 512 1024
818.5692531439815 72.49803359578536 	idx: 0 3 2 4 512 64
818.5692531439815 71.7730532598275 	idx: 0 3 2 4 512 64
697.4964280507363 71.05532272722922 	idx: 4 1 3 16 512 512
948.9414778878815 70.34476949995693 	idx: 4 2 3 16 1024 512
697.4964280507363 69.64132180495736 	idx: 4 1 3 16 2048 256
948.8944241051875 68.94490858690779 	idx: 0 2 3 8 1024 16
719.9274674424875 68.25545950103871 	idx: 0 2 2 16 512 8
708.0909511387393 67.57290490602833 	idx: 4 2 5 32 1024 256
760.3207119869681 66.89717585696805 	idx: 4 1 6 64 1024 256
609.0034370093775 66.22820409839836 	idx: 0 2 2 16 128 8
634.7154454017032 65.56592205741438 	idx: 0 3 2 8 128 16
726.080304548947 64.91026283684023 	idx: 0 4 3 16 64 8
634.0766315580204 64.26116020847184 	idx: 3 4 2 8 4 4
760.2754017599968 63.618548606387115 	idx: 4 1 6 16 1024 1024
820.798730403826 62.98236312032324 	idx: 0 2 3 32 128 16
760.2754017599968 62.35253948912001 	idx: 4 1 6 16 1024 512
623.6150739876764 61.72901409422881 	idx: 3 5 2 16 4 8
644.6127744623037 61.11172395328652 	idx: 2 3 2 8 128 256
948.2596544547587 60.500606713753655 	idx: 4 2 3 2 1024 1024
1056.108610270514 59.89560064661612 	idx: 0 3 3 16 512 32
918.6260660852869 59.29664464014996 	idx: 0 3 3 16 256 16
644.3486986093808 58.70367819374846 	idx: 2 4 1 128 32 256
818.8961857758252 58.116641411810974 	idx: 0 3 2 16 512 32
695.5696423378889 57.535474997692866 	idx: 4 1 3 4 256 512
1102.4765306563352 56.960120247715935 	idx: 0 4 2 8 1024 32
1101.799453989761 56.390519045238776 	idx: 0 4 2 8 1024 16
631.2867864152935 55.82661385478639 	idx: 4 3 4 8 256 1024
718.8254790069585 55.26834771623852 	idx: 0 2 2 8 2048 8
703.2595196824833 54.71566423907614 	idx: 4 2 3 8 64 512
932.1470079641491 54.16850759668538 	idx: 2 8 1 64 4 32
932.1470079641491 53.62682252071853 	idx: 2 8 1 64 4 32
581.9045186401509 53.09055429551134 	idx: 2 7 1 32 8 64
940.552089370373 52.55964875255623 	idx: 0 2 3 2 2048 16
758.148141178335 52.03405226503067 	idx: 2 8 2 16 16 64
758.148141178335 51.51371174238036 	idx: 2 8 2 16 16 64
758.148141178335 50.998574624956554 	idx: 2 8 2 16 16 64
752.5393788648898 50.488588878706985 	idx: 2 9 2 16 8 64
907.3307097814234 49.98370298991991 	idx: 2 10 1 32 8 32
918.6260660852869 49.483865960020715 	idx: 0 3 3 16 256 64
918.6260660852869 48.98902730042051 	idx: 0 3 3 16 256 64
922.7307006123729 48.4991370274163 	idx: 2 9 1 32 32 16
1002.2636397163925 48.01414565714214 	idx: 0 5 3 8 256 128
1243.5727499187697 47.53400420057071 	idx: 0 4 3 16 512 64
1142.2282883348919 47.05866415856501 	idx: 0 5 3 32 512 128
1069.4273925394682 46.58807751697936 	idx: 0 4 3 16 256 256
858.1203112037847 46.12219674180957 	idx: 0 3 3 8 128 128
762.2387508796155 45.66097477439147 	idx: 4 2 4 8 512 256
925.680314421042 45.20436502664755 	idx: 2 10 1 8 128 8
949.2082041616031 44.752321376381076 	idx: 2 10 1 8 256 4
1005.7556104483103 44.30479816261727 	idx: 4 2 6 4 2048 128
1016.1519372710055 43.861750180991095 	idx: 2 11 1 4 512 8
1016.1519372710055 43.42313267918119 	idx: 2 11 1 4 512 8
985.7745114873451 42.98890135238938 	idx: 2 12 1 4 512 4
964.9553488137559 42.559012338865486 	idx: 2 13 1 8 512 2
992.4804605450821 42.133422215476834 	idx: 2 14 1 4 1024 4
922.3304414883362 41.712087993322065 	idx: 4 3 4 8 2048 128
1007.3505247573614 41.29496711338884 	idx: 2 14 1 8 1024 4
1102.9266118496887 40.882017442254956 	idx: 3 3 3 8 1024 8
906.0205004379424 40.473197267832404 	idx: 2 14 1 16 256 8
969.6246453182002 40.06846529515408 	idx: 2 13 1 16 512 8
1035.2524428755942 39.66778064220254 	idx: 2 13 1 8 1024 4
992.4804605450821 39.27110283578051 	idx: 2 14 1 4 1024 4
954.2729199391628 38.8783918074227 	idx: 4 2 6 4 1024 32
850.8141561444069 38.48960788934848 	idx: 2 15 1 2 512 4
1005.7556104483103 38.104711810454994 	idx: 4 2 6 4 2048 8
992.4804605450821 37.72366469235045 	idx: 2 14 1 4 1024 4
992.4804605450821 37.34642804542694 	idx: 2 14 1 4 1024 4
964.9553488137559 36.97296376497267 	idx: 2 13 1 8 512 2
992.3517942335615 36.60323412732294 	idx: 2 14 1 4 1024 2
992.3517942335615 36.23720178604971 	idx: 2 14 1 4 1024 2
966.6857951101233 35.874829768189215 	idx: 2 15 1 4 1024 2
966.6857951101233 35.516081470507324 	idx: 2 15 1 4 1024 2
905.8703905325444 35.16092065580225 	idx: 2 15 1 2 1024 4
966.7834697383046 34.80931144924423 	idx: 2 15 1 4 1024 4
1007.3505247573614 34.461218334751784 	idx: 2 14 1 8 1024 4
992.4804605450821 34.11660615140427 	idx: 2 14 1 4 1024 4
891.9579575380457 33.775440089890225 	idx: 2 13 1 2 512 2
951.3316596654321 33.43768568899132 	idx: 2 13 1 4 512 4
985.6898854798002 33.10330883210141 	idx: 2 12 1 4 512 2
964.9553488137559 32.7722757437804 	idx: 2 13 1 8 512 2
951.3316596654321 32.44455298634259 	idx: 2 13 1 4 512 4
838.1214161753193 32.12010745647917 	idx: 2 14 1 2 256 4
828.4383644667633 31.798906381914374 	idx: 2 13 1 2 128 2
869.3277608685777 31.48091731809523 	idx: 2 13 1 4 64 4
917.3416849758319 31.16610814491428 	idx: 1 4 3 8 128 32
751.0024315224732 30.854447063465138 	idx: 2 11 2 8 64 4
751.0024315224732 30.545902592830487 	idx: 2 11 2 8 64 2
879.3814104527909 30.240443566902183 	idx: 2 12 1 4 32 2
815.2172658192798 29.93803913123316 	idx: 2 13 1 2 32 4
869.3277608685777 29.638658739920828 	idx: 2 13 1 4 64 4
880.715285887693 29.34227215252162 	idx: 2 13 1 8 64 4
1102.9901823281907 29.048849430996402 	idx: 0 3 3 32 1024 32
948.9650065292494 28.758360936686437 	idx: 0 2 3 32 1024 32
948.9806929383761 28.47077732731957 	idx: 0 2 3 32 2048 32
854.3657834229971 28.186069554046373 	idx: 2 14 1 4 32 4
948.9650065292494 27.90420885850591 	idx: 0 2 3 16 2048 128
935.3591084608241 27.625166769920853 	idx: 1 6 3 2 256 512
802.0836179977786 27.348915102221643 	idx: 2 15 1 2 64 4
869.26852756138 27.075425951199424 	idx: 2 14 1 4 128 4
902.0168039499888 26.804671691687428 	idx: 2 14 1 8 256 8
870.439881964305 26.536624974770554 	idx: 2 15 1 8 128 8
1142.1714763197947 26.271258725022847 	idx: 1 5 3 8 512 256
882.2463732480944 26.00854613777262 	idx: 1 4 4 8 512 256
917.3013769218786 25.748460676394892 	idx: 0 3 3 4 256 64
1142.2282883348919 25.490976069630943 	idx: 1 5 3 16 512 256
1142.2282883348919 25.23606630893463 	idx: 1 5 3 16 512 256
1364.7815523594438 24.983705645845284 	idx: 1 4 3 16 1024 512
1364.7815523594438 24.73386858938683 	idx: 1 4 3 16 1024 512
1102.9583961729475 24.48652990349296 	idx: 1 4 2 16 1024 1024
1102.9583961729475 24.24166460445803 	idx: 1 4 2 16 1024 1024
1102.9583961729475 23.99924795841345 	idx: 1 3 3 16 1024 512
864.8424033804599 23.759255478829314 	idx: 0 3 3 16 128 1024
854.5374653925159 23.52166292404102 	idx: 2 14 1 4 32 8
880.765954998648 23.28644629480061 	idx: 2 13 1 8 64 8
948.7846500904832 23.053581831852604 	idx: 3 2 3 8 512 16
948.7846500904832 22.82304601353408 	idx: 3 2 3 8 512 16
869.2290431741274 22.59481555339874 	idx: 2 13 1 4 64 2
880.654490649394 22.36886739786475 	idx: 2 14 1 8 128 4
874.1725823397743 22.145178723886104 	idx: 2 15 1 16 128 2
948.9022660782466 21.923726936647242 	idx: 3 2 3 32 512 128
948.9022660782466 21.704489667280768 	idx: 3 2 3 32 512 128
1009.5049323884717 21.48744477060796 	idx: 0 4 4 8 1024 8
1364.7815523594438 21.27257032290188 	idx: 0 4 3 8 2048 16
1364.7815523594438 21.059844619672862 	idx: 0 4 3 8 2048 16
1364.8139977177634 20.849246173476132 	idx: 0 4 3 16 2048 8
1027.2063554545616 20.64075371174137 	idx: 0 5 2 32 1024 4
1027.2063554545616 20.434346174623958 	idx: 0 5 2 32 1024 4
1027.2063554545616 20.230002712877717 	idx: 0 5 2 32 1024 4
948.9806929383761 20.027702685748938 	idx: 3 2 3 32 2048 64
861.4747077624886 19.82742565889145 	idx: 1 3 2 64 1024 128
1364.7328872142916 19.629151402302536 	idx: 0 4 3 8 1024 8
1102.9901823281907 19.43285988827951 	idx: 1 4 2 32 1024 64
1102.9583961729475 19.238531289396715 	idx: 1 4 2 16 1024 64
828.7612654554904 19.046145976502746 	idx: 2 15 1 2 256 4
883.298371400657 18.855684516737718 	idx: 0 4 2 4 256 8
988.1074345315445 18.66712767157034 	idx: 0 5 3 2 256 16
1238.796279912824 18.480456394854638 	idx: 0 4 3 2 512 16
1238.796279912824 18.295651830906092 	idx: 0 4 3 2 512 16
1008.1753301489182 18.11269531259703 	idx: 0 4 4 4 1024 8
891.9579575380457 17.931568359471058 	idx: 2 13 1 2 512 2
952.1185638499667 17.752252675876345 	idx: 2 13 1 2 1024 4
951.2134406998707 17.57473014911758 	idx: 2 13 1 4 512 2
1002.324885260284 17.398982847626407 	idx: 0 2 6 2 2048 16
1002.324885260284 17.22499301915014 	idx: 0 2 6 2 2048 16
1102.9901823281907 17.05274308895864 	idx: 1 3 3 16 2048 64
1009.5049323884717 16.882215658069054 	idx: 1 4 4 8 1024 128
1009.5049323884717 16.713393501488362 	idx: 1 4 4 8 1024 128
1364.7815523594438 16.546259566473477 	idx: 1 4 3 8 2048 256
1009.4516809677873 16.380796970808742 	idx: 1 4 4 4 1024 128
875.497366509782 16.216989001100654 	idx: 2 13 1 8 32 4
1009.1677682463788 16.054819111089646 	idx: 1 4 4 2 1024 128
1271.7684613936178 15.89427091997875 	idx: 1 5 3 4 1024 64
1271.7684613936178 15.735328210778961 	idx: 1 5 3 4 1024 64
950.9495243971626 15.577974928671171 	idx: 0 2 6 2 1024 8
1055.6910685717437 15.42219517938446 	idx: 1 6 3 2 512 128
1055.6910685717437 15.267973227590614 	idx: 1 6 3 2 512 128
966.1408076201375 15.115293495314708 	idx: 1 7 3 4 512 64
865.3182003165273 14.96414056036156 	idx: 2 14 1 16 8 4
1137.2447393834345 14.814499154757945 	idx: 1 5 3 2 512 16
1053.6953233976947 14.666354163210364 	idx: 1 4 3 4 256 32
1243.5054096496453 14.519690621578262 	idx: 1 4 3 8 512 64
1009.5049323884717 14.374493715362478 	idx: 1 4 4 8 1024 128
1142.2282883348919 14.230748778208852 	idx: 3 5 3 16 512 16
1009.5049323884717 14.088441290426763 	idx: 3 4 4 8 1024 8
1100.044521409222 13.947556877522496 	idx: 3 3 3 4 1024 4
1100.044521409222 13.808081308747271 	idx: 3 3 3 4 1024 4
1100.044521409222 13.670000495659798 	idx: 3 3 3 4 1024 4
1242.9265842516616 13.5333004907032 	idx: 1 4 3 2 512 1024
1242.9265842516616 13.397967485796167 	idx: 1 4 3 2 512 1024
938.9426546892314 13.263987810938206 	idx: 3 2 3 2 1024 4
1069.1386110955918 13.131347932828824 	idx: 1 4 3 2 256 1024
1069.1386110955918 13.000034453500536 	idx: 1 4 3 2 256 1024
1069.1386110955918 12.87003410896553 	idx: 1 4 3 2 256 1024
1069.1386110955918 12.741333767875876 	idx: 1 4 3 2 256 1024
1069.1386110955918 12.613920430197117 	idx: 1 4 3 2 256 1024
865.4943126568825 12.487781225895146 	idx: 2 14 1 8 32 16
852.159152138579 12.362903413636195 	idx: 2 14 1 4 16 8
860.7062315874693 12.239274379499832 	idx: 2 13 1 4 8 8
933.4087090126453 12.116881635704834 	idx: 1 6 3 2 256 256
933.4087090126453 11.995712819347785 	idx: 1 6 3 2 256 256
1102.9583961729475 11.875755691154307 	idx: 3 4 2 16 1024 32
1056.1571830674982 11.756998134242764 	idx: 3 3 3 32 512 64
1056.1571830674982 11.639428152900336 	idx: 3 3 3 32 512 64
1056.1571830674982 11.523033871371332 	idx: 3 3 3 32 512 64
1056.1571830674982 11.407803532657619 	idx: 3 3 3 32 512 64
1056.1571830674982 11.293725497331042 	idx: 3 3 3 32 512 64
1364.7815523594438 11.180788242357732 	idx: 3 4 3 16 1024 32
1364.7815523594438 11.068980359934155 	idx: 3 4 3 16 1024 32
1364.7815523594438 10.958290556334813 	idx: 3 4 3 16 1024 32
1364.7815523594438 10.848707650771464 	idx: 3 4 3 16 1024 32
1364.7815523594438 10.74022057426375 	idx: 3 4 3 16 1024 32
1364.7815523594438 10.632818368521113 	idx: 3 4 3 16 1024 32
1364.7815523594438 10.526490184835902 	idx: 3 4 3 16 1024 32
1364.7815523594438 10.421225282987542 	idx: 3 4 3 16 1024 32
1364.7815523594438 10.317013030157668 	idx: 3 4 3 16 1024 32
1364.7815523594438 10.213842899856092 	idx: 3 4 3 16 1024 32
1364.7815523594438 10.11170447085753 	idx: 3 4 3 32 1024 64
1364.7815523594438 10.010587426148955 	idx: 3 4 3 32 1024 64
1364.7815523594438 9.910481551887466 	idx: 3 4 3 16 1024 64
1364.7815523594438 9.811376736368592 	idx: 3 4 3 16 1024 64
1364.7815523594438 9.713262969004907 	idx: 3 4 3 16 1024 64
1364.7815523594438 9.616130339314857 	idx: 3 4 3 16 1024 64
1364.7815523594438 9.519969035921708 	idx: 3 4 3 16 1024 64
1364.7815523594438 9.42476934556249 	idx: 3 4 3 16 1024 64
1364.7815523594438 9.330521652106865 	idx: 3 4 3 16 1024 64
1364.7815523594438 9.237216435585797 	idx: 3 4 3 16 1024 64
1364.7815523594438 9.144844271229939 	idx: 3 4 3 16 1024 64
1055.7881418272768 9.053395828517639 	idx: 1 3 3 4 512 128
1102.9266118496887 8.962861870232462 	idx: 3 4 2 8 1024 64
1270.8042699899836 8.873233251530138 	idx: 1 5 3 4 1024 32
1364.7328872142916 8.784500919014837 	idx: 3 4 3 8 1024 128
1364.7328872142916 8.696655909824688 	idx: 3 4 3 8 1024 128
1364.7328872142916 8.609689350726441 	idx: 3 4 3 8 1024 128
1364.7328872142916 8.523592457219177 	idx: 3 4 3 8 1024 128
1364.7328872142916 8.438356532646985 	idx: 3 4 3 8 1024 128
1364.7328872142916 8.353972967320516 	idx: 3 4 3 8 1024 128
1364.7328872142916 8.27043323764731 	idx: 3 4 3 8 1024 128
1364.7328872142916 8.187728905270838 	idx: 3 4 3 8 1024 128
1364.7328872142916 8.105851616218128 	idx: 3 4 3 8 1024 128
1364.7328872142916 8.024793100055946 	idx: 3 4 3 8 1024 128
1364.7328872142916 7.944545169055387 	idx: 3 4 3 8 1024 128
1364.7328872142916 7.865099717364833 	idx: 3 4 3 8 1024 128
1364.7815523594438 7.786448720191185 	idx: 1 4 3 8 2048 2
1364.7815523594438 7.708584232989273 	idx: 1 4 3 8 2048 2
1364.7815523594438 7.63149839065938 	idx: 1 4 3 8 2048 2
1364.7815523594438 7.5551834067527865 	idx: 1 4 3 8 2048 2
1364.7815523594438 7.479631572685259 	idx: 1 4 3 8 2048 2
1364.7815523594438 7.404835256958406 	idx: 3 4 3 8 2048 64
1364.7815523594438 7.330786904388821 	idx: 1 4 3 8 2048 8
1364.7815523594438 7.257479035344933 	idx: 1 4 3 8 2048 8
1364.7815523594438 7.1849042449914835 	idx: 1 4 3 8 2048 8
1364.7815523594438 7.1130552025415685 	idx: 1 4 3 8 2048 8
1364.8139977177634 7.041924650516153 	idx: 0 4 3 16 2048 32
1364.8139977177634 6.971505404010991 	idx: 0 4 3 16 2048 32
1364.8139977177634 6.901790349970882 	idx: 0 4 3 16 2048 32
1364.8139977177634 6.832772446471173 	idx: 0 4 3 16 2048 32
1364.8139977177634 6.764444722006462 	idx: 0 4 3 16 2048 32
1364.7815523594438 6.696800274786397 	idx: 0 4 3 16 1024 32
1364.7815523594438 6.6298322720385325 	idx: 0 4 3 16 1024 32
1364.7815523594438 6.563533949318147 	idx: 0 4 3 16 1024 32
1364.7815523594438 6.497898609824966 	idx: 0 4 3 16 1024 32
1364.7815523594438 6.432919623726716 	idx: 0 4 3 16 1024 32
1364.7815523594438 6.3685904274894485 	idx: 0 4 3 16 1024 32
1364.7815523594438 6.304904523214554 	idx: 0 4 3 16 1024 32
1364.7815523594438 6.2418554779824085 	idx: 0 4 3 16 1024 32
1364.7815523594438 6.1794369232025845 	idx: 0 4 3 16 1024 32
1364.7815523594438 6.117642553970558 	idx: 0 4 3 16 1024 32
1364.7815523594438 6.056466128430853 	idx: 0 4 3 16 1024 32
1364.7815523594438 5.9959014671465445 	idx: 0 4 3 16 1024 32
1364.7815523594438 5.935942452475079 	idx: 0 4 3 16 1024 32
1364.7815523594438 5.8765830279503275 	idx: 0 4 3 16 1024 32
1364.7815523594438 5.817817197670824 	idx: 0 4 3 16 1024 32
1364.7815523594438 5.759639025694116 	idx: 0 4 3 16 1024 16
1364.7815523594438 5.7020426354371745 	idx: 0 4 3 16 1024 16
1364.7815523594438 5.645022209082803 	idx: 0 4 3 16 1024 16
1364.7815523594438 5.588571986991974 	idx: 0 4 3 16 1024 16
1364.7815523594438 5.532686267122054 	idx: 1 4 3 8 2048 32
1364.7815523594438 5.477359404450834 	idx: 0 4 3 32 1024 16
1364.7815523594438 5.422585810406325 	idx: 0 4 3 32 1024 16
1364.7815523594438 5.368359952302262 	idx: 0 4 3 32 1024 16
1364.7815523594438 5.314676352779239 	idx: 0 4 3 32 1024 16
1364.7815523594438 5.261529589251447 	idx: 0 4 3 32 1024 16
1364.7815523594438 5.208914293358933 	idx: 0 4 3 32 1024 16
1364.7815523594438 5.156825150425344 	idx: 0 4 3 32 1024 16
1364.7815523594438 5.10525689892109 	idx: 0 4 3 32 1024 16
1364.7815523594438 5.0542043299318795 	idx: 0 4 3 32 1024 16
1364.7815523594438 5.003662286632561 	idx: 0 4 3 32 1024 16
1364.7815523594438 4.953625663766235 	idx: 0 4 3 32 1024 16
1364.7815523594438 4.9040894071285726 	idx: 3 4 3 16 1024 4
1364.7815523594438 4.8550485130572865 	idx: 3 4 3 16 1024 4
1364.7815523594438 4.806498027926714 	idx: 3 4 3 16 1024 4
1364.7815523594438 4.758433047647447 	idx: 3 4 3 16 1024 4
1364.7815523594438 4.710848717170973 	idx: 3 4 3 16 1024 4
1364.7815523594438 4.663740229999263 	idx: 3 4 3 16 1024 4
1364.7815523594438 4.61710282769927 	idx: 3 4 3 16 1024 4
1364.7815523594438 4.570931799422278 	idx: 3 4 3 16 1024 4
1364.7815523594438 4.525222481428055 	idx: 3 4 3 16 1024 4
1364.7815523594438 4.4799702566137745 	idx: 3 4 3 16 1024 4
1364.7815523594438 4.4351705540476365 	idx: 3 4 3 16 1024 4
1364.7815523594438 4.39081884850716 	idx: 3 4 3 16 1024 4
1364.7815523594438 4.346910660022088 	idx: 3 4 3 16 1024 4
1364.7815523594438 4.303441553421867 	idx: 3 4 3 16 1024 4
1364.7815523594438 4.260407137887648 	idx: 3 4 3 16 1024 4
1364.7815523594438 4.217803066508771 	idx: 3 4 3 16 1024 4
1364.7815523594438 4.175625035843683 	idx: 3 4 3 16 1024 4
1364.7328872142916 4.133868785485246 	idx: 3 4 3 8 1024 2
1364.7328872142916 4.0925300976303935 	idx: 3 4 3 8 1024 2
1364.7328872142916 4.05160479665409 	idx: 3 4 3 8 1024 2
1364.7328872142916 4.011088748687548 	idx: 3 4 3 8 1024 2
1364.7328872142916 3.970977861200673 	idx: 3 4 3 8 1024 2
1364.7328872142916 3.9312680825886663 	idx: 3 4 3 8 1024 2
1364.7328872142916 3.8919554017627798 	idx: 3 4 3 8 1024 2
1313.9373465849596 3.853035847745152 	idx: 3 5 3 4 2048 4
1313.9373465849596 3.8145054892677006 	idx: 3 5 3 4 2048 4
1313.9373465849596 3.7763604343750234 	idx: 3 5 3 4 2048 4
1364.7328872142916 3.7385968300312733 	idx: 1 4 3 8 1024 4
1364.7328872142916 3.7012108617309605 	idx: 1 4 3 8 1024 4
1364.7328872142916 3.664198753113651 	idx: 1 4 3 8 1024 4
1364.7328872142916 3.6275567655825145 	idx: 1 4 3 8 1024 4
1364.7328872142916 3.591281197926689 	idx: 1 4 3 8 1024 4
1364.7328872142916 3.555368385947422 	idx: 1 4 3 8 1024 4
1364.7328872142916 3.519814702087948 	idx: 1 4 3 8 1024 4
1364.7328872142916 3.4846165550670687 	idx: 1 4 3 8 1024 4
1364.7328872142916 3.449770389516398 	idx: 1 4 3 8 1024 4
1364.7328872142916 3.415272685621234 	idx: 1 4 3 8 1024 4
1364.7328872142916 3.3811199587650216 	idx: 1 4 3 8 1024 4
1364.7328872142916 3.347308759177371 	idx: 1 4 3 8 1024 4
1364.7328872142916 3.3138356715855974 	idx: 1 4 3 8 1024 4
1361.9162347136062 3.2806973148697414 	idx: 3 4 3 4 1024 4
1361.9162347136062 3.247890341721044 	idx: 3 4 3 4 1024 4
1361.9162347136062 3.2154114383038332 	idx: 2 4 3 4 1024 4
1364.7328872142916 3.183257323920795 	idx: 2 4 3 8 1024 2
1364.7328872142916 3.1514247506815867 	idx: 2 4 3 8 1024 2
1364.7328872142916 3.1199105031747707 	idx: 2 4 3 8 1024 2
1364.7328872142916 3.088711398143023 	idx: 2 4 3 8 1024 2
1364.7328872142916 3.0578242841615926 	idx: 2 4 3 8 1024 2
1364.7328872142916 3.0272460413199767 	idx: 2 4 3 8 1024 2
1364.7328872142916 2.996973580906777 	idx: 2 4 3 8 1024 2
1364.7328872142916 2.967003845097709 	idx: 2 4 3 8 1024 2
1364.7328872142916 2.9373338066467323 	idx: 2 4 3 8 1024 2
1364.7328872142916 2.907960468580265 	idx: 2 4 3 8 1024 2
1364.7328872142916 2.8788808638944623 	idx: 1 4 3 8 1024 8
1364.7328872142916 2.8500920552555176 	idx: 1 4 3 8 1024 8
1364.7328872142916 2.8215911347029623 	idx: 1 4 3 8 1024 8
1364.7328872142916 2.7933752233559326 	idx: 1 4 3 8 1024 8
1364.7328872142916 2.765441471122373 	idx: 2 4 3 8 1024 2
1364.7328872142916 2.7377870564111495 	idx: 2 4 3 8 1024 2
1364.7328872142916 2.710409185847038 	idx: 2 4 3 8 1024 2
1364.7328872142916 2.6833050939885674 	idx: 0 4 3 8 1024 16
1364.7328872142916 2.656472043048682 	idx: 0 4 3 8 1024 16
1364.7328872142916 2.629907322618195 	idx: 0 4 3 8 1024 16
1364.7328872142916 2.603608249392013 	idx: 0 4 3 8 1024 16
1364.7328872142916 2.577572166898093 	idx: 0 4 3 8 1024 16
1364.8139977177634 2.551796445229112 	idx: 0 4 3 16 2048 32
1364.8139977177634 2.526278480776821 	idx: 0 4 3 16 2048 32
1364.8139977177634 2.501015695969053 	idx: 0 4 3 16 2048 32
1364.7328872142916 2.4760055390093623 	idx: 0 4 3 8 1024 64
1364.7815523594438 2.4512454836192688 	idx: 0 4 3 16 1024 64
1364.7815523594438 2.426733028783076 	idx: 0 4 3 16 1024 64
1364.7815523594438 2.402465698495245 	idx: 0 4 3 16 1024 64
1364.7815523594438 2.3784410415102926 	idx: 0 4 3 16 1024 64
1364.7815523594438 2.3546566310951897 	idx: 0 4 3 16 1024 64
1364.7815523594438 2.3311100647842378 	idx: 0 4 3 16 1024 64
1364.7815523594438 2.307798964136395 	idx: 0 4 3 16 1024 64
1353.6792265975007 2.2847209744950314 	idx: 1 4 3 2 2048 8
1364.7815523594438 2.261873764750081 	idx: 0 4 3 16 1024 64
1364.7815523594438 2.23925502710258 	idx: 0 4 3 16 1024 64
1364.7815523594438 2.2168624768315546 	idx: 0 4 3 16 1024 64
1364.7815523594438 2.194693852063239 	idx: 0 4 3 16 1024 64
1364.7815523594438 2.1727469135426065 	idx: 0 4 3 16 1024 64
1364.7815523594438 2.1510194444071806 	idx: 0 4 3 16 1024 64
1364.7815523594438 2.129509249963109 	idx: 0 4 3 16 1024 64
1364.7815523594438 2.108214157463478 	idx: 0 4 3 16 1024 64
1364.7815523594438 2.087132015888843 	idx: 0 4 3 16 1024 64
1364.7815523594438 2.0662606957299547 	idx: 0 4 3 16 1024 64
1364.8139977177634 2.045598088772655 	idx: 0 4 3 16 2048 128
1364.8139977177634 2.0251421078849283 	idx: 0 4 3 16 2048 128
1364.8139977177634 2.004890686806079 	idx: 0 4 3 16 2048 128
1364.8139977177634 1.9848417799380185 	idx: 0 4 3 16 2048 128
1364.7328872142916 1.9649933621386382 	idx: 0 4 3 8 1024 128
1364.7328872142916 1.9453434285172517 	idx: 0 4 3 8 1024 128
1364.7328872142916 1.9258899942320793 	idx: 0 4 3 8 1024 128
1364.7328872142916 1.9066310942897584 	idx: 0 4 3 8 1024 128
1364.8139977177634 1.8875647833468607 	idx: 0 4 3 16 2048 128
1364.8139977177634 1.868689135513392 	idx: 0 4 3 16 2048 128
1364.7815523594438 1.8500022441582582 	idx: 0 4 3 32 1024 256
1364.7815523594438 1.8315022217166756 	idx: 0 4 3 32 1024 256
1364.7815523594438 1.8131871994995088 	idx: 0 4 3 32 1024 256
1364.7815523594438 1.7950553275045138 	idx: 0 4 3 32 1024 256
1364.7815523594438 1.7771047742294686 	idx: 0 4 3 32 1024 256
1364.7815523594438 1.7593337264871738 	idx: 0 4 3 32 1024 256
1364.7815523594438 1.741740389222302 	idx: 0 4 3 32 1024 256
1364.7815523594438 1.724322985330079 	idx: 0 4 3 32 1024 256
1364.7815523594438 1.7070797554767783 	idx: 0 4 3 32 1024 256
1364.7815523594438 1.6900089579220106 	idx: 0 4 3 32 1024 256
1364.7815523594438 1.6731088683427904 	idx: 0 4 3 32 1024 256
1364.8139977177634 1.6563777796593624 	idx: 0 4 3 16 2048 128
1364.8139977177634 1.6398140018627687 	idx: 0 4 3 16 2048 128
1364.8139977177634 1.623415861844141 	idx: 0 4 3 16 2048 128
1364.8139977177634 1.6071817032256996 	idx: 0 4 3 16 2048 128
1364.8139977177634 1.5911098861934427 	idx: 0 4 3 16 2048 128
1364.8139977177634 1.5751987873315083 	idx: 0 4 3 16 2048 128
1364.8139977177634 1.5594467994581933 	idx: 0 4 3 16 2048 128
1364.8139977177634 1.5438523314636114 	idx: 0 4 3 16 2048 128
1364.8139977177634 1.5284138081489753 	idx: 0 4 3 16 2048 128
1364.8139977177634 1.5131296700674854 	idx: 0 4 3 16 2048 128
1364.8139977177634 1.4979983733668105 	idx: 0 4 3 16 2048 64
1364.8139977177634 1.4830183896331424 	idx: 0 4 3 16 2048 64
1364.8139977177634 1.468188205736811 	idx: 0 4 3 16 2048 64
1364.8139977177634 1.4535063236794428 	idx: 0 4 3 16 2048 64
1364.8139977177634 1.4389712604426483 	idx: 0 4 3 16 2048 64
1364.8139977177634 1.4245815478382218 	idx: 0 4 3 16 2048 64
1364.8139977177634 1.4103357323598396 	idx: 0 4 3 16 2048 64
1364.8139977177634 1.396232375036241 	idx: 0 4 3 16 2048 64
1364.7815523594438 1.3822700512858788 	idx: 0 4 3 8 2048 128
1364.7815523594438 1.36844735077302 	idx: 0 4 3 16 1024 256
1364.7815523594438 1.3547628772652898 	idx: 0 4 3 16 1024 256
1364.7815523594438 1.341215248492637 	idx: 0 4 3 16 1024 256
1364.7815523594438 1.3278030960077105 	idx: 0 4 3 16 1024 256
1364.7815523594438 1.3145250650476334 	idx: 0 4 3 16 1024 256
1364.7815523594438 1.301379814397157 	idx: 0 4 3 16 1024 256
1364.7815523594438 1.2883660162531856 	idx: 0 4 3 16 1024 256
1364.7815523594438 1.2754823560906536 	idx: 0 4 3 16 1024 256
1364.7815523594438 1.2627275325297471 	idx: 0 4 3 16 1024 256
1364.7815523594438 1.2501002572044497 	idx: 0 4 3 16 1024 256
1364.7815523594438 1.2375992546324053 	idx: 0 4 3 16 1024 256
1364.7815523594438 1.2252232620860812 	idx: 0 4 3 16 1024 256
1364.7815523594438 1.2129710294652205 	idx: 0 4 3 16 1024 256
1364.7815523594438 1.2008413191705682 	idx: 0 4 3 16 1024 256
1364.7815523594438 1.1888329059788625 	idx: 0 4 3 16 1024 256
1364.7815523594438 1.1769445769190738 	idx: 0 4 3 16 1024 256
1364.7815523594438 1.165175131149883 	idx: 0 4 3 16 1024 256
1364.7815523594438 1.1535233798383842 	idx: 0 4 3 32 1024 128
1364.7815523594438 1.1419881460400003 	idx: 0 4 3 32 1024 128
1364.7815523594438 1.1305682645796002 	idx: 0 4 3 32 1024 128
1364.7815523594438 1.1192625819338042 	idx: 0 4 3 16 1024 128
1364.7815523594438 1.1080699561144662 	idx: 0 4 3 16 1024 128
1364.7815523594438 1.0969892565533215 	idx: 0 4 3 16 1024 128
1364.7815523594438 1.0860193639877882 	idx: 0 4 3 16 1024 128
1364.7815523594438 1.0751591703479102 	idx: 0 4 3 16 1024 128
1364.7328872142916 1.0644075786444311 	idx: 0 4 3 8 1024 128
1364.7328872142916 1.0537635028579868 	idx: 0 4 3 8 1024 128
1364.7328872142916 1.0432258678294068 	idx: 0 4 3 8 1024 128
1364.8139977177634 1.0327936091511127 	idx: 0 4 3 16 2048 64
1364.7815523594438 1.0224656730596016 	idx: 0 4 3 32 1024 64
1364.7815523594438 1.0122410163290056 	idx: 0 4 3 32 1024 64
1364.7815523594438 1.0021186061657157 	idx: 0 4 3 32 1024 64
###### ACC Parameters ######
cim type:    FPCIM
bus_width:   25.6
macros_row:  4
macros_col:  3
scr:         32
is_size:     1024
os_size:     64
best=1364.7815523594438, area=4425179.830254608 459
bert_base_sl64_FPCIM@ISSCC23_tt_running end at 1757780459.118768
0.7117157981502659 100 	idx: 2 3 2 2 128 256
0.719962236043705 99.0 	idx: 1 3 2 2 128 128
0.8490516221697948 98.01 	idx: 2 2 3 4 128 1024
0.8048406936190239 97.0299 	idx: 2 1 3 8 256 512
1.0336748567904108 96.059601 	idx: 2 2 4 4 256 512
0.8252070392998364 95.09900499 	idx: 0 1 3 8 256 256
1.0569424996642183 94.1480149401 	idx: 0 2 3 8 256 256
0.95641092367876 93.206534790699 	idx: 0 2 3 16 128 128
0.9466464640192456 92.27446944279201 	idx: 0 2 4 8 128 256
0.6032868551402547 91.35172474836409 	idx: 0 1 4 4 64 512
0.6260334781718642 90.43820750088045 	idx: 2 1 2 64 512 1024
0.4872229751580401 89.53382542587164 	idx: 2 2 1 32 1024 512
0.7440928552342659 88.63848717161292 	idx: 1 2 2 4 128 64
0.5598965178258151 87.75210229989679 	idx: 1 3 2 4 64 64
0.8414023775133982 86.87458127689783 	idx: 2 2 2 256 512 512
0.6196447883610339 86.00583546412885 	idx: 4 1 3 32 64 256
0.6384939838018258 85.14577710948755 	idx: 4 1 4 64 64 256
0.9483057235032468 84.29431933839268 	idx: 0 3 3 4 128 128
0.9149577817456027 83.45137614500875 	idx: 4 2 3 32 128 512
0.9005877017639887 82.61686238355867 	idx: 4 3 2 16 256 256
0.8360215377110887 81.79069375972308 	idx: 2 2 2 32 512 512
0.9798324253338215 80.97278682212585 	idx: 2 2 3 16 1024 256
0.908868056550186 80.1630589539046 	idx: 4 4 2 8 512 128
0.8562995602661684 79.36142836436555 	idx: 4 5 2 16 256 64
1.0938878244923356 78.56781408072189 	idx: 2 2 4 32 512 128
0.9794697545524436 77.78213593991467 	idx: 4 4 3 8 128 32
1.0362317582319802 77.00431458051553 	idx: 2 2 3 32 256 512
0.9240728883155356 76.23427143471037 	idx: 2 3 3 32 128 512
0.9240728883155356 75.47192872036327 	idx: 2 3 3 32 128 512
0.9240728883155356 74.71720943315964 	idx: 2 3 3 32 128 512
0.8135861901228484 73.97003733882804 	idx: 2 2 2 32 256 1024
0.8649712140919783 73.23033696543976 	idx: 2 2 3 32 128 1024
0.8649712140919783 72.49803359578536 	idx: 2 2 3 32 128 1024
0.9073556904402863 71.7730532598275 	idx: 0 3 2 8 256 32
0.923916207878943 71.05532272722922 	idx: 0 3 2 16 512 16
0.9307863500885206 70.34476949995693 	idx: 0 3 2 32 256 32
0.9405671087785422 69.64132180495736 	idx: 0 4 2 64 512 32
0.688814202452659 68.94490858690779 	idx: 2 2 5 32 64 256
0.5328461677109858 68.25545950103871 	idx: 4 2 6 8 32 4
0.5368029859843096 67.57290490602833 	idx: 0 7 1 64 512 8
0.6418762902603125 66.89717585696805 	idx: 1 1 2 256 1024 8
0.6413880981631144 66.22820409839836 	idx: 1 1 2 256 1024 16
0.8169029914707278 65.56592205741438 	idx: 4 2 6 16 64 8
0.9261233253449096 64.91026283684023 	idx: 1 2 2 256 256 32
0.9325397690239324 64.26116020847184 	idx: 4 2 5 32 128 4
0.9363012799105104 63.618548606387115 	idx: 4 2 5 64 128 4
0.9856480006070021 62.98236312032324 	idx: 4 2 4 128 128 8
0.8737485484832492 62.35253948912001 	idx: 1 1 4 64 256 8
0.9711944468667242 61.72901409422881 	idx: 0 4 2 64 256 8
0.9673678325283862 61.11172395328652 	idx: 1 2 3 64 128 32
0.808203882075913 60.500606713753655 	idx: 1 3 2 64 128 64
0.9409508682413255 59.89560064661612 	idx: 0 3 2 128 256 8
1.0897897225287654 59.29664464014996 	idx: 0 2 3 64 256 16
0.9673678325283862 58.70367819374846 	idx: 4 2 3 256 128 32
0.9242314418557727 58.116641411810974 	idx: 0 2 2 64 256 8
0.8945116715753443 57.535474997692866 	idx: 0 2 2 128 512 8
0.9234884847251912 56.960120247715935 	idx: 4 1 6 64 512 32
0.9234884847251912 56.390519045238776 	idx: 4 1 6 64 512 32
0.9355290672005911 55.82661385478639 	idx: 4 1 6 32 256 32
1.0750837771643118 55.26834771623852 	idx: 0 2 3 32 512 32
0.8847460095325348 54.71566423907614 	idx: 4 1 6 8 1024 8
0.872885278640193 54.16850759668538 	idx: 0 1 4 128 256 64
0.872885278640193 53.62682252071853 	idx: 0 1 4 128 256 64
0.9249590391144943 53.09055429551134 	idx: 4 1 6 8 512 4
0.7990302032772598 52.55964875255623 	idx: 4 1 5 16 256 8
0.9920700121154655 52.03405226503067 	idx: 0 2 3 64 1024 128
1.1012609749739162 51.51371174238036 	idx: 4 2 4 32 512 8
1.0906989663848772 50.998574624956554 	idx: 4 2 3 16 256 8
0.9793410898225334 50.488588878706985 	idx: 4 2 4 32 128 16
1.0843659359729119 49.98370298991991 	idx: 1 2 3 32 256 64
0.8815640935644914 49.483865960020715 	idx: 1 2 2 32 512 64
0.926647125507197 48.98902730042051 	idx: 0 3 2 64 512 128
0.9123128108484565 48.4991370274163 	idx: 0 3 2 128 256 256
0.9095403932876525 48.01414565714214 	idx: 4 2 5 8 128 2
0.9095403932876525 47.53400420057071 	idx: 4 2 5 8 128 2
1.103311431145699 47.05866415856501 	idx: 4 2 4 16 256 2
1.1142925243055986 46.58807751697936 	idx: 4 2 4 32 256 2
1.11561651695665 46.12219674180957 	idx: 4 3 3 16 256 4
1.11561651695665 45.66097477439147 	idx: 4 3 3 16 256 4
0.788351521884128 45.20436502664755 	idx: 4 2 2 16 128 2
0.6455785896206325 44.752321376381076 	idx: 0 1 4 32 64 128
0.9705219078752484 44.30479816261727 	idx: 0 2 4 16 128 64
0.746616914858928 43.861750180991095 	idx: 0 2 4 32 64 64
0.9397688069323789 43.42313267918119 	idx: 4 4 2 8 256 4
0.6360803167796167 42.98890135238938 	idx: 0 1 3 64 64 32
0.9050938135930171 42.559012338865486 	idx: 4 3 2 8 512 16
1.1123940675293333 42.133422215476834 	idx: 4 3 3 16 256 32
0.9748964668362741 41.712087993322065 	idx: 4 3 3 16 128 16
0.9181651701557527 41.29496711338884 	idx: 4 2 2 32 256 8
0.6258757980075879 40.882017442254956 	idx: 4 1 2 32 128 4
0.6362386283662925 40.473197267832404 	idx: 1 1 2 512 128 8
0.9692184384102508 40.06846529515408 	idx: 0 2 3 16 128 16
0.8042021968721283 39.66778064220254 	idx: 0 3 2 16 128 8
0.9663596307395222 39.27110283578051 	idx: 0 4 2 32 256 4
0.8599407677882657 38.8783918074227 	idx: 0 5 2 16 256 8
0.7228607737928431 38.48960788934848 	idx: 0 5 2 16 128 16
0.9249632736492188 38.104711810454994 	idx: 1 2 2 128 256 32
0.6990751664355771 37.72366469235045 	idx: 1 1 2 128 512 64
0.9063388603653237 37.34642804542694 	idx: 4 2 2 16 256 8
1.0654300749672252 36.97296376497267 	idx: 4 2 3 8 512 8
0.7380210499309852 36.60323412732294 	idx: 4 1 4 4 1024 8
0.7265355882209549 36.23720178604971 	idx: 4 1 5 8 1024 4
0.6938115837764454 35.874829768189215 	idx: 4 1 5 4 1024 8
0.9247486732428283 35.516081470507324 	idx: 4 1 6 8 512 8
0.72787102861085 35.16092065580225 	idx: 4 1 5 8 1024 16
0.9247486732428283 34.80931144924423 	idx: 4 1 6 8 512 8
0.8705369943347677 34.461218334751784 	idx: 4 1 7 16 512 4
0.8249431137279555 34.11660615140427 	idx: 4 1 8 8 512 8
0.8177631102943661 33.775440089890225 	idx: 4 1 8 4 256 8
0.811772253388088 33.43768568899132 	idx: 1 2 2 32 1024 16
0.6099652181321049 33.10330883210141 	idx: 4 1 8 2 64 16
0.9079503109591027 32.7722757437804 	idx: 1 2 2 16 256 16
0.9072649567634934 32.44455298634259 	idx: 1 2 2 16 256 32
0.8324088372170615 32.12010745647917 	idx: 1 1 3 16 512 16
0.8324088372170615 31.798906381914374 	idx: 1 1 3 32 512 16
0.6207921664799708 31.48091731809523 	idx: 1 1 2 16 1024 8
0.611681509078801 31.16610814491428 	idx: 0 2 2 64 64 4
0.7716176474096289 30.854447063465138 	idx: 1 1 3 32 1024 8
0.8330638411777637 30.545902592830487 	idx: 1 1 3 16 512 8
0.746757074740286 30.240443566902183 	idx: 2 1 3 32 128 512
1.070013298179166 29.93803913123316 	idx: 1 2 3 4 256 16
1.0500368711404577 29.638658739920828 	idx: 1 2 4 4 256 8
1.0708778486591515 29.34227215252162 	idx: 1 2 4 8 512 8
1.0708778486591515 29.048849430996402 	idx: 1 2 4 8 512 8
0.857313911404177 28.758360936686437 	idx: 1 1 4 16 256 4
1.1148194328386378 28.47077732731957 	idx: 0 2 4 32 256 16
0.9692184384102508 28.186069554046373 	idx: 0 2 3 64 128 16
0.9731666322720276 27.90420885850591 	idx: 0 3 3 32 128 32
1.090940377893463 27.625166769920853 	idx: 1 2 4 16 512 4
1.090940377893463 27.348915102221643 	idx: 1 2 4 16 512 4
0.8588005251743283 27.075425951199424 	idx: 1 1 4 16 256 8
0.956227743857374 26.804671691687428 	idx: 1 2 4 8 128 8
0.9717575824089333 26.536624974770554 	idx: 1 2 4 16 128 16
1.1062805202985655 26.271258725022847 	idx: 0 2 4 16 256 16
0.9791787321706148 26.00854613777262 	idx: 1 3 4 8 128 8
1.0562245468641327 25.748460676394892 	idx: 1 2 3 4 256 4
0.8282713251044986 25.490976069630943 	idx: 4 1 8 16 256 4
1.0413435009249434 25.23606630893463 	idx: 0 2 3 4 512 8
1.0413435009249434 24.983705645845284 	idx: 0 2 3 4 512 8
1.111756077136013 24.73386858938683 	idx: 1 3 3 4 512 32
1.0601345650827094 24.48652990349296 	idx: 1 2 4 4 256 64
1.0650762675546503 24.24166460445803 	idx: 0 2 3 8 512 16
1.0601345650827094 23.99924795841345 	idx: 1 2 4 4 256 64
1.0427066404337355 23.759255478829314 	idx: 4 2 5 32 256 4
1.1066908625044 23.52166292404102 	idx: 4 2 4 64 512 2
1.0002282095365373 23.28644629480061 	idx: 1 2 4 2 256 256
1.0533052726658794 23.053581831852604 	idx: 1 2 4 4 256 256
0.9437026591575832 22.82304601353408 	idx: 0 2 3 4 128 16
0.9865101734032348 22.59481555339874 	idx: 1 2 5 4 256 256
0.9865101734032348 22.36886739786475 	idx: 1 2 5 4 256 256
0.9884196069426141 22.145178723886104 	idx: 1 2 4 2 512 256
0.9884196069426141 21.923726936647242 	idx: 1 2 4 2 512 256
0.9555538465160138 21.704489667280768 	idx: 1 2 3 2 512 128
0.9142815966437439 21.48744477060796 	idx: 0 4 2 8 512 16
0.9516473839520139 21.27257032290188 	idx: 1 2 3 8 128 128
0.9422643847183567 21.059844619672862 	idx: 1 2 3 4 128 128
0.9720210031664654 20.849246173476132 	idx: 1 2 3 2 256 128
0.9685866544307817 20.64075371174137 	idx: 1 2 3 2 256 64
1.05859482917425 20.434346174623958 	idx: 1 2 4 4 256 32
0.9579416616121356 20.230002712877717 	idx: 1 3 4 4 128 32
0.9579416616121356 20.027702685748938 	idx: 1 3 4 4 128 32
0.8546618563298373 19.82742565889145 	idx: 1 2 3 2 128 32
0.7988282575191924 19.629151402302536 	idx: 0 2 2 4 512 2
0.8038267448705634 19.43285988827951 	idx: 2 3 2 16 128 16
0.8616888372735134 19.238531289396715 	idx: 0 3 2 4 512 2
0.8616888372735134 19.046145976502746 	idx: 0 3 2 4 512 2
1.1151519388311981 18.855684516737718 	idx: 2 3 3 32 256 8
0.9930198000009598 18.66712767157034 	idx: 0 2 3 8 1024 4
0.9930198000009598 18.480456394854638 	idx: 0 2 3 8 1024 4
0.8566895084208244 18.295651830906092 	idx: 4 1 6 32 128 2
1.0029505209860659 18.11269531259703 	idx: 0 2 5 8 512 8
1.0319663262245264 17.931568359471058 	idx: 0 2 4 4 512 4
1.0428585188941113 17.752252675876345 	idx: 0 2 4 4 256 2
1.1043939376753096 17.57473014911758 	idx: 0 3 3 8 256 2
1.1429887783663195 17.398982847626407 	idx: 0 3 3 16 512 4
1.103311431145699 17.22499301915014 	idx: 0 2 4 16 256 2
0.9706110461008195 17.05274308895864 	idx: 0 2 3 16 128 4
0.9706110461008195 16.882215658069054 	idx: 0 2 3 16 128 4
1.076905707030225 16.713393501488362 	idx: 4 2 3 64 512 16
1.076905707030225 16.546259566473477 	idx: 4 2 3 64 512 16
1.0897897225287654 16.380796970808742 	idx: 4 2 3 128 256 16
0.9392905028758901 16.216989001100654 	idx: 4 3 2 128 512 32
1.11561651695665 16.054819111089646 	idx: 2 3 3 64 256 4
1.11561651695665 15.89427091997875 	idx: 2 3 3 64 256 4
0.9390084687992029 15.735328210778961 	idx: 2 4 2 32 512 8
0.9345898399610841 15.577974928671171 	idx: 2 3 2 32 512 4
0.819375450192575 15.42219517938446 	idx: 4 2 2 128 1024 16
0.819375450192575 15.267973227590614 	idx: 4 2 2 128 1024 16
0.819375450192575 15.115293495314708 	idx: 4 2 2 128 1024 16
0.698019627955079 14.96414056036156 	idx: 4 1 2 64 512 16
0.8156460236319083 14.814499154757945 	idx: 4 2 2 64 1024 32
0.8006234866588647 14.666354163210364 	idx: 2 2 2 4 512 8
0.8330638411777637 14.519690621578262 	idx: 4 1 3 64 512 8
0.8758119697388652 14.374493715362478 	idx: 4 1 4 128 256 16
0.8374486735562336 14.230748778208852 	idx: 2 3 2 8 1024 2
0.8773772889893462 14.088441290426763 	idx: 4 1 4 256 256 4
0.992871524552408 13.947556877522496 	idx: 2 2 3 8 1024 8
1.106303392942439 13.808081308747271 	idx: 4 2 4 64 512 8
1.119905746970918 13.670000495659798 	idx: 4 2 4 64 256 16
1.076905707030225 13.5333004907032 	idx: 4 2 3 64 512 16
1.076905707030225 13.397967485796167 	idx: 4 2 3 64 512 16
1.076905707030225 13.263987810938206 	idx: 4 2 3 64 512 16
1.076905707030225 13.131347932828824 	idx: 4 2 3 64 512 16
1.076905707030225 13.000034453500536 	idx: 4 2 3 64 512 16
1.1137376018921816 12.87003410896553 	idx: 4 2 4 32 256 32
0.9397688069323789 12.741333767875876 	idx: 2 4 2 8 256 4
0.9397688069323789 12.613920430197117 	idx: 2 4 2 8 256 4
1.0804140964570264 12.487781225895146 	idx: 2 3 3 4 256 2
1.0804140964570264 12.362903413636195 	idx: 2 3 3 4 256 2
1.0804140964570264 12.239274379499832 	idx: 2 3 3 4 256 2
1.0094949820061807 12.116881635704834 	idx: 2 3 4 2 256 4
1.0735590907779775 11.995712819347785 	idx: 4 2 4 8 512 64
1.0735590907779775 11.875755691154307 	idx: 4 2 4 8 512 64
1.086932954922821 11.756998134242764 	idx: 4 2 4 16 512 128
1.086932954922821 11.639428152900336 	idx: 4 2 4 16 512 128
1.086932954922821 11.523033871371332 	idx: 4 2 4 16 512 128
1.0804140964570264 11.407803532657619 	idx: 2 3 3 4 256 2
0.9685631913420273 11.293725497331042 	idx: 2 4 3 4 128 4
0.9684956313564463 11.180788242357732 	idx: 2 4 3 4 128 2
0.9717522654953474 11.068980359934155 	idx: 3 2 4 16 128 8
1.0825706955837238 10.958290556334813 	idx: 2 3 3 4 256 4
1.0843659359729119 10.848707650771464 	idx: 0 2 3 128 256 64
1.1149279646973087 10.74022057426375 	idx: 3 2 4 32 256 8
1.1415445762517997 10.632818368521113 	idx: 3 3 3 16 512 16
1.1123940675293333 10.526490184835902 	idx: 3 3 3 16 256 32
1.1123940675293333 10.421225282987542 	idx: 3 3 3 16 256 32
1.1123940675293333 10.317013030157668 	idx: 3 3 3 16 256 32
1.1123940675293333 10.213842899856092 	idx: 3 3 3 16 256 32
1.1123940675293333 10.11170447085753 	idx: 3 3 3 16 256 32
1.1415445762517997 10.010587426148955 	idx: 4 3 3 32 512 16
1.1415445762517997 9.910481551887466 	idx: 4 3 3 32 512 16
1.1415445762517997 9.811376736368592 	idx: 4 3 3 32 512 16
1.1151519388311981 9.713262969004907 	idx: 4 3 3 64 256 8
1.1043939376753096 9.616130339314857 	idx: 2 3 3 8 256 2
1.1137376018921816 9.519969035921708 	idx: 3 2 4 32 256 32
1.1158435446611419 9.42476934556249 	idx: 2 3 3 16 256 2
1.1158435446611419 9.330521652106865 	idx: 2 3 3 16 256 2
1.130229771207095 9.237216435585797 	idx: 3 3 3 8 512 32
1.0933565873731672 9.144844271229939 	idx: 3 3 3 4 256 32
0.9316647601700573 9.053395828517639 	idx: 3 2 4 4 128 32
0.9316647601700573 8.962861870232462 	idx: 3 2 4 4 128 32
0.8854659718335758 8.873233251530138 	idx: 3 2 4 2 128 64
1.06653171638132 8.784500919014837 	idx: 3 2 3 4 256 64
1.06653171638132 8.696655909824688 	idx: 3 2 3 4 256 64
1.1014416752013765 8.609689350726441 	idx: 0 2 4 32 512 4
1.0911541575071984 8.523592457219177 	idx: 0 2 3 16 256 4
1.1324268039958794 8.438356532646985 	idx: 2 3 3 8 512 2
1.1324268039958794 8.353972967320516 	idx: 2 3 3 8 512 2
1.1324268039958794 8.27043323764731 	idx: 2 3 3 8 512 2
1.1324268039958794 8.187728905270838 	idx: 2 3 3 8 512 2
1.103311431145699 8.105851616218128 	idx: 2 2 4 16 256 2
1.103311431145699 8.024793100055946 	idx: 2 2 4 16 256 2
1.0911541575071984 7.944545169055387 	idx: 2 2 3 16 256 4
1.0911541575071984 7.865099717364833 	idx: 2 2 3 16 256 4
1.0804140964570264 7.786448720191185 	idx: 0 3 3 4 256 2
1.0804140964570264 7.708584232989273 	idx: 0 3 3 4 256 2
1.0804140964570264 7.63149839065938 	idx: 0 3 3 4 256 2
1.1324268039958794 7.5551834067527865 	idx: 0 3 3 8 512 2
1.1324268039958794 7.479631572685259 	idx: 0 3 3 8 512 2
1.1324268039958794 7.404835256958406 	idx: 0 3 3 8 512 2
1.1324268039958794 7.330786904388821 	idx: 0 3 3 8 512 2
1.1324268039958794 7.257479035344933 	idx: 0 3 3 8 512 2
1.1324268039958794 7.1849042449914835 	idx: 0 3 3 8 512 2
1.1324268039958794 7.1130552025415685 	idx: 0 3 3 8 512 2
1.1324268039958794 7.041924650516153 	idx: 0 3 3 8 512 2
1.1324268039958794 6.971505404010991 	idx: 0 3 3 8 512 2
1.1324268039958794 6.901790349970882 	idx: 0 3 3 8 512 2
1.0778189896268753 6.832772446471173 	idx: 2 2 3 64 512 8
1.0778189896268753 6.764444722006462 	idx: 2 2 3 64 512 8
1.0778189896268753 6.696800274786397 	idx: 2 2 3 64 512 8
1.0804140964570264 6.6298322720385325 	idx: 4 3 3 4 256 2
1.0804140964570264 6.563533949318147 	idx: 4 3 3 4 256 2
1.0804140964570264 6.497898609824966 	idx: 4 3 3 4 256 2
1.052598009550784 6.432919623726716 	idx: 4 2 3 4 256 2
1.0896378759162757 6.3685904274894485 	idx: 3 3 3 4 256 64
1.052598009550784 6.304904523214554 	idx: 4 2 3 4 256 2
1.052598009550784 6.2418554779824085 	idx: 4 2 3 4 256 2
1.052598009550784 6.1794369232025845 	idx: 4 2 3 4 256 2
1.052598009550784 6.117642553970558 	idx: 4 2 3 4 256 2
1.108741613878305 6.056466128430853 	idx: 2 3 3 32 256 64
1.0714583493223586 5.9959014671465445 	idx: 2 2 3 32 512 64
1.1282356274211005 5.935942452475079 	idx: 2 3 3 16 512 128
1.1282356274211005 5.8765830279503275 	idx: 2 3 3 16 512 128
1.1432260667865224 5.817817197670824 	idx: 4 3 3 32 512 2
1.1432260667865224 5.759639025694116 	idx: 4 3 3 32 512 2
1.1432260667865224 5.7020426354371745 	idx: 4 3 3 32 512 2
1.1432260667865224 5.645022209082803 	idx: 4 3 3 32 512 2
1.1432260667865224 5.588571986991974 	idx: 4 3 3 32 512 2
1.1432260667865224 5.532686267122054 	idx: 4 3 3 32 512 2
1.0089459637659905 5.477359404450834 	idx: 2 2 5 8 256 256
1.0089459637659905 5.422585810406325 	idx: 2 2 5 8 256 256
1.0089459637659905 5.368359952302262 	idx: 2 2 5 8 256 256
1.0016279044495988 5.314676352779239 	idx: 3 3 3 2 256 32
1.05859482917425 5.261529589251447 	idx: 3 2 4 4 256 32
1.05859482917425 5.208914293358933 	idx: 3 2 4 4 256 32
1.0601345650827094 5.156825150425344 	idx: 3 2 4 4 256 64
1.0601345650827094 5.10525689892109 	idx: 3 2 4 4 256 64
1.130229771207095 5.0542043299318795 	idx: 3 3 3 8 512 32
1.0334062536323805 5.003662286632561 	idx: 0 2 5 16 256 4
1.032623519168631 4.953625663766235 	idx: 0 2 5 16 256 2
1.003031425849112 4.9040894071285726 	idx: 1 2 3 64 1024 16
1.1008598149765971 4.8550485130572865 	idx: 1 2 4 32 512 16
1.1008598149765971 4.806498027926714 	idx: 1 2 4 32 512 16
1.1062862699651441 4.758433047647447 	idx: 4 3 3 8 256 8
1.1062862699651441 4.710848717170973 	idx: 4 3 3 8 256 8
1.1415445762517997 4.663740229999263 	idx: 4 3 3 16 512 16
1.1415445762517997 4.61710282769927 	idx: 4 3 3 16 512 16
1.1415445762517997 4.570931799422278 	idx: 4 3 3 16 512 16
1.1415445762517997 4.525222481428055 	idx: 4 3 3 16 512 16
1.118658986652914 4.4799702566137745 	idx: 1 2 4 64 256 32
1.118658986652914 4.4351705540476365 	idx: 1 2 4 64 256 32
1.118658986652914 4.39081884850716 	idx: 1 2 4 64 256 32
1.1396208974685715 4.346910660022088 	idx: 3 3 3 32 512 32
1.1396208974685715 4.303441553421867 	idx: 3 3 3 32 512 32
1.118658986652914 4.260407137887648 	idx: 1 2 4 64 256 32
1.118658986652914 4.217803066508771 	idx: 1 2 4 64 256 32
1.118658986652914 4.175625035843683 	idx: 1 2 4 64 256 32
1.118658986652914 4.133868785485246 	idx: 1 2 4 64 256 32
1.118658986652914 4.0925300976303935 	idx: 1 2 4 64 256 32
1.118658986652914 4.05160479665409 	idx: 1 2 4 64 256 32
1.118658986652914 4.011088748687548 	idx: 1 2 4 64 256 32
1.118658986652914 3.970977861200673 	idx: 1 2 4 64 256 32
1.118658986652914 3.9312680825886663 	idx: 1 2 4 64 256 32
1.1396208974685715 3.8919554017627798 	idx: 1 3 3 32 512 32
1.1396208974685715 3.853035847745152 	idx: 1 3 3 32 512 32
1.1396208974685715 3.8145054892677006 	idx: 1 3 3 32 512 32
1.114234724185563 3.7763604343750234 	idx: 3 3 3 32 256 16
1.114234724185563 3.7385968300312733 	idx: 3 3 3 32 256 16
1.114234724185563 3.7012108617309605 	idx: 3 3 3 32 256 16
1.1396208974685715 3.664198753113651 	idx: 3 3 3 32 512 32
1.1396208974685715 3.6275567655825145 	idx: 3 3 3 32 512 32
1.1396208974685715 3.591281197926689 	idx: 3 3 3 32 512 32
1.111756077136013 3.555368385947422 	idx: 0 3 3 4 512 32
1.111756077136013 3.519814702087948 	idx: 0 3 3 4 512 32
1.1114311045078207 3.4846165550670687 	idx: 4 3 3 4 512 8
1.1114311045078207 3.449770389516398 	idx: 4 3 3 4 512 8
1.1114311045078207 3.415272685621234 	idx: 4 3 3 4 512 8
1.1114311045078207 3.3811199587650216 	idx: 4 3 3 4 512 8
1.1114311045078207 3.347308759177371 	idx: 4 3 3 4 512 8
1.1114311045078207 3.3138356715855974 	idx: 4 3 3 4 512 8
1.1113295363414415 3.2806973148697414 	idx: 4 3 3 4 512 4
1.1113295363414415 3.247890341721044 	idx: 4 3 3 4 512 4
1.1113295363414415 3.2154114383038332 	idx: 4 3 3 4 512 4
1.130229771207095 3.183257323920795 	idx: 1 3 3 8 512 32
1.1425032092950602 3.1514247506815867 	idx: 3 3 3 16 512 8
1.1425032092950602 3.1199105031747707 	idx: 3 3 3 16 512 8
1.1425032092950602 3.088711398143023 	idx: 3 3 3 16 512 8
1.1425032092950602 3.0578242841615926 	idx: 3 3 3 16 512 8
1.1425032092950602 3.0272460413199767 	idx: 3 3 3 16 512 8
1.1425032092950602 2.996973580906777 	idx: 3 3 3 16 512 8
1.1425032092950602 2.967003845097709 	idx: 3 3 3 16 512 8
1.1425032092950602 2.9373338066467323 	idx: 3 3 3 16 512 8
1.1425032092950602 2.907960468580265 	idx: 3 3 3 16 512 8
1.1425032092950602 2.8788808638944623 	idx: 3 3 3 16 512 8
1.1149279646973087 2.8500920552555176 	idx: 1 2 4 32 256 8
1.1149279646973087 2.8215911347029623 	idx: 1 2 4 32 256 8
1.1149279646973087 2.7933752233559326 	idx: 1 2 4 32 256 8
1.0970707958824126 2.765441471122373 	idx: 0 2 4 64 512 128
1.0970707958824126 2.7377870564111495 	idx: 0 2 4 64 512 128
1.0891246923900415 2.710409185847038 	idx: 2 2 4 8 256 16
1.0891246923900415 2.6833050939885674 	idx: 2 2 4 8 256 16
1.0906989663848772 2.656472043048682 	idx: 1 2 3 64 256 8
1.131428685203983 2.629907322618195 	idx: 4 3 3 8 512 16
1.131428685203983 2.603608249392013 	idx: 4 3 3 8 512 16
1.1415445762517997 2.577572166898093 	idx: 1 3 3 32 512 16
1.1415445762517997 2.551796445229112 	idx: 1 3 3 32 512 16
1.131428685203983 2.526278480776821 	idx: 4 3 3 8 512 16
1.131428685203983 2.501015695969053 	idx: 4 3 3 8 512 16
1.131428685203983 2.4760055390093623 	idx: 4 3 3 8 512 16
1.131428685203983 2.4512454836192688 	idx: 4 3 3 8 512 16
1.131428685203983 2.426733028783076 	idx: 4 3 3 8 512 16
1.131428685203983 2.402465698495245 	idx: 4 3 3 8 512 16
1.1358040801584282 2.3784410415102926 	idx: 0 3 3 32 512 64
1.1358040801584282 2.3546566310951897 	idx: 0 3 3 32 512 64
1.1358040801584282 2.3311100647842378 	idx: 0 3 3 32 512 64
1.131428685203983 2.307798964136395 	idx: 4 3 3 8 512 16
1.131428685203983 2.2847209744950314 	idx: 4 3 3 8 512 16
1.131428685203983 2.261873764750081 	idx: 4 3 3 8 512 16
1.131428685203983 2.23925502710258 	idx: 4 3 3 8 512 16
1.131428685203983 2.2168624768315546 	idx: 4 3 3 8 512 16
1.1282356274211005 2.194693852063239 	idx: 0 3 3 32 512 128
1.1282356274211005 2.1727469135426065 	idx: 0 3 3 32 512 128
1.1282356274211005 2.1510194444071806 	idx: 0 3 3 32 512 128
1.1282356274211005 2.129509249963109 	idx: 0 3 3 32 512 128
1.1415445762517997 2.108214157463478 	idx: 4 3 3 16 512 16
1.1415445762517997 2.087132015888843 	idx: 4 3 3 16 512 16
1.1415445762517997 2.0662606957299547 	idx: 4 3 3 16 512 16
1.1415445762517997 2.045598088772655 	idx: 4 3 3 16 512 16
1.1415445762517997 2.0251421078849283 	idx: 4 3 3 16 512 16
1.1415445762517997 2.004890686806079 	idx: 4 3 3 16 512 16
1.1415445762517997 1.9848417799380185 	idx: 4 3 3 16 512 16
1.1415445762517997 1.9649933621386382 	idx: 4 3 3 16 512 16
1.1415445762517997 1.9453434285172517 	idx: 4 3 3 16 512 16
1.1415445762517997 1.9258899942320793 	idx: 4 3 3 16 512 16
1.1415445762517997 1.9066310942897584 	idx: 4 3 3 16 512 16
1.1415445762517997 1.8875647833468607 	idx: 4 3 3 16 512 16
1.1415445762517997 1.868689135513392 	idx: 4 3 3 16 512 16
1.1425032092950602 1.8500022441582582 	idx: 4 3 3 32 512 8
1.1425032092950602 1.8315022217166756 	idx: 4 3 3 32 512 8
1.1425032092950602 1.8131871994995088 	idx: 4 3 3 32 512 8
1.1425032092950602 1.7950553275045138 	idx: 4 3 3 32 512 8
1.1425032092950602 1.7771047742294686 	idx: 4 3 3 32 512 8
1.1425032092950602 1.7593337264871738 	idx: 4 3 3 32 512 8
1.1425032092950602 1.741740389222302 	idx: 4 3 3 32 512 8
1.1425032092950602 1.724322985330079 	idx: 4 3 3 32 512 8
1.1415445762517997 1.7070797554767783 	idx: 1 3 3 32 512 16
1.1415445762517997 1.6900089579220106 	idx: 1 3 3 32 512 16
1.1415445762517997 1.6731088683427904 	idx: 1 3 3 32 512 16
1.1415445762517997 1.6563777796593624 	idx: 1 3 3 32 512 16
1.1415445762517997 1.6398140018627687 	idx: 1 3 3 32 512 16
1.1415445762517997 1.623415861844141 	idx: 1 3 3 32 512 16
1.1415445762517997 1.6071817032256996 	idx: 1 3 3 32 512 16
1.1415445762517997 1.5911098861934427 	idx: 1 3 3 32 512 16
1.1123940675293333 1.5751987873315083 	idx: 2 3 3 64 256 32
1.1415445762517997 1.5594467994581933 	idx: 1 3 3 32 512 16
1.1415445762517997 1.5438523314636114 	idx: 1 3 3 32 512 16
1.1415445762517997 1.5284138081489753 	idx: 1 3 3 32 512 16
1.1396208974685715 1.5131296700674854 	idx: 4 3 3 16 512 32
1.1396208974685715 1.4979983733668105 	idx: 4 3 3 16 512 32
1.1396208974685715 1.4830183896331424 	idx: 4 3 3 16 512 32
1.1008598149765971 1.468188205736811 	idx: 4 2 4 32 512 16
1.1358040801584282 1.4535063236794428 	idx: 0 3 3 32 512 64
1.1358040801584282 1.4389712604426483 	idx: 0 3 3 32 512 64
1.1358040801584282 1.4245815478382218 	idx: 0 3 3 32 512 64
1.1358040801584282 1.4103357323598396 	idx: 0 3 3 32 512 64
1.106559218840346 1.396232375036241 	idx: 1 2 4 64 512 4
1.114234724185563 1.3822700512858788 	idx: 4 3 3 32 256 16
1.114234724185563 1.36844735077302 	idx: 4 3 3 32 256 16
1.119905746970918 1.3547628772652898 	idx: 4 2 4 64 256 16
1.119905746970918 1.341215248492637 	idx: 4 2 4 64 256 16
1.119905746970918 1.3278030960077105 	idx: 4 2 4 64 256 16
1.1396208974685715 1.3145250650476334 	idx: 2 3 3 16 512 32
1.1396208974685715 1.301379814397157 	idx: 2 3 3 16 512 32
1.1396208974685715 1.2883660162531856 	idx: 2 3 3 16 512 32
1.1396208974685715 1.2754823560906536 	idx: 2 3 3 16 512 32
1.1396208974685715 1.2627275325297471 	idx: 2 3 3 16 512 32
1.1396208974685715 1.2501002572044497 	idx: 2 3 3 16 512 32
1.1396208974685715 1.2375992546324053 	idx: 2 3 3 16 512 32
1.1396208974685715 1.2252232620860812 	idx: 2 3 3 16 512 32
1.1415445762517997 1.2129710294652205 	idx: 1 3 3 32 512 16
1.1415445762517997 1.2008413191705682 	idx: 1 3 3 32 512 16
1.1415445762517997 1.1888329059788625 	idx: 1 3 3 32 512 16
1.1415445762517997 1.1769445769190738 	idx: 1 3 3 32 512 16
1.1415445762517997 1.165175131149883 	idx: 1 3 3 32 512 16
1.1415445762517997 1.1535233798383842 	idx: 1 3 3 32 512 16
1.1415445762517997 1.1419881460400003 	idx: 1 3 3 32 512 16
1.1415445762517997 1.1305682645796002 	idx: 1 3 3 32 512 16
1.1415445762517997 1.1192625819338042 	idx: 1 3 3 32 512 16
1.1396208974685715 1.1080699561144662 	idx: 1 3 3 32 512 32
1.130229771207095 1.0969892565533215 	idx: 2 3 3 8 512 32
1.130229771207095 1.0860193639877882 	idx: 2 3 3 8 512 32
1.130229771207095 1.0751591703479102 	idx: 2 3 3 8 512 32
1.130229771207095 1.0644075786444311 	idx: 2 3 3 8 512 32
1.1282356274211005 1.0537635028579868 	idx: 0 3 3 32 512 128
1.1282356274211005 1.0432258678294068 	idx: 0 3 3 32 512 128
1.1282356274211005 1.0327936091511127 	idx: 0 3 3 32 512 128
1.1282356274211005 1.0224656730596016 	idx: 0 3 3 32 512 128
1.1282356274211005 1.0122410163290056 	idx: 0 3 3 32 512 128
1.1282356274211005 1.0021186061657157 	idx: 0 3 3 32 512 128
###### ACC Parameters ######
cim type:    LccCIM
bus_width:   25.6
macros_row:  3
macros_col:  3
scr:         32
is_size:     512
os_size:     128
best=1.1282356274211005, area=4990392.5127633745 459
bert_base_sl64_LCC-CIM@ISSCC20_ee_running start at 1757780933.3956437
1.5996616022328114 100 	idx: 2 4 2 2 32 256
1.5996616022328114 99.0 	idx: 2 4 2 2 32 256
1.5996616022328114 98.01 	idx: 2 4 2 2 32 256
2.4648076184504992 97.0299 	idx: 2 4 3 4 16 128
2.4648076184504992 96.059601 	idx: 2 4 3 4 16 128
2.0622669299084175 95.09900499 	idx: 1 3 4 8 32 64
1.9898339850027897 94.1480149401 	idx: 3 4 2 16 32 256
1.9898339850027897 93.206534790699 	idx: 3 4 2 16 32 256
1.7424050169272396 92.27446944279201 	idx: 4 5 2 8 8 64
1.9966815821449817 91.35172474836409 	idx: 3 4 2 32 64 256
2.006675960795474 90.43820750088045 	idx: 3 4 2 32 128 128
1.8978137831968558 89.53382542587164 	idx: 0 3 3 8 4 64
2.0616001903373364 88.63848717161292 	idx: 1 3 4 8 4 8
2.0119158146372085 87.75210229989679 	idx: 1 2 4 16 2 4
2.018844456321425 86.87458127689783 	idx: 3 4 2 64 64 128
2.018844456321425 86.00583546412885 	idx: 3 4 2 64 64 128
2.018844456321425 85.14577710948755 	idx: 3 4 2 64 64 128
2.0271820547412425 84.29431933839268 	idx: 3 4 2 64 32 64
2.0271820547412425 83.45137614500875 	idx: 3 4 2 64 32 64
1.5793775534020111 82.61686238355867 	idx: 2 3 3 2 32 128
2.003317141661949 81.79069375972308 	idx: 1 2 4 16 8 2
1.8613064191516577 80.97278682212585 	idx: 4 5 2 32 8 8
1.8613064191516577 80.1630589539046 	idx: 4 5 2 32 8 8
2.0037905168821157 79.36142836436555 	idx: 4 4 2 16 8 8
2.0254165265611417 78.56781408072189 	idx: 3 4 2 128 128 32
2.020947190672971 77.78213593991467 	idx: 4 4 2 32 8 16
2.0338631637869717 77.00431458051553 	idx: 4 4 2 64 16 8
2.0338631637869717 76.23427143471037 	idx: 4 4 2 64 16 8
2.0338631637869717 75.47192872036327 	idx: 4 4 2 64 16 8
2.035398329380389 74.71720943315964 	idx: 2 2 4 64 4 16
2.035398329380389 73.97003733882804 	idx: 2 2 4 64 4 16
2.0214173921153242 73.23033696543976 	idx: 4 4 2 32 16 4
2.0214173921153242 72.49803359578536 	idx: 4 4 2 32 16 4
1.8726663930955503 71.7730532598275 	idx: 4 5 2 64 16 8
1.9857786031294031 71.05532272722922 	idx: 0 2 4 16 8 128
1.9610958120031041 70.34476949995693 	idx: 0 2 5 16 4 64
1.7853965272249857 69.64132180495736 	idx: 0 2 4 8 8 32
1.9552782375553828 68.94490858690779 	idx: 0 2 5 16 8 64
2.1886646747596123 68.25545950103871 	idx: 0 3 4 16 8 32
1.9643021689473605 67.57290490602833 	idx: 0 2 5 32 8 64
1.9843877162832089 66.89717585696805 	idx: 0 2 4 16 16 64
1.9235249620782169 66.22820409839836 	idx: 0 3 3 32 8 32
1.9235249620782169 65.56592205741438 	idx: 0 3 3 16 8 32
2.0345113282872958 64.91026283684023 	idx: 2 4 2 128 8 4
2.5908748412106206 64.26116020847184 	idx: 0 4 3 16 8 32
1.8602678887310686 63.618548606387115 	idx: 0 5 2 32 16 16
2.034299490240229 62.98236312032324 	idx: 2 4 2 128 16 4
1.3636632228916228 62.35253948912001 	idx: 4 2 2 512 8 2
1.3636351748374547 61.72901409422881 	idx: 4 2 2 512 4 4
1.3636351748374547 61.11172395328652 	idx: 4 2 2 512 4 4
2.032991072152213 60.500606713753655 	idx: 0 4 2 64 16 16
2.032991072152213 59.89560064661612 	idx: 0 4 2 64 16 16
1.3353292924992632 59.29664464014996 	idx: 2 2 2 512 256 2
1.3353292924992632 58.70367819374846 	idx: 2 2 2 512 256 2
1.4824698065513302 58.116641411810974 	idx: 1 3 2 256 2 4
1.4613823521482827 57.535474997692866 	idx: 3 1 4 128 128 4
1.7538862766115773 56.960120247715935 	idx: 4 2 3 256 8 16
1.7538862766115773 56.390519045238776 	idx: 4 2 3 256 8 16
1.7538862766115773 55.82661385478639 	idx: 4 2 3 256 8 16
2.0261838022411767 55.26834771623852 	idx: 1 4 2 32 2 2
2.0261838022411767 54.71566423907614 	idx: 1 4 2 32 2 2
2.0392249687223285 54.16850759668538 	idx: 1 4 2 64 2 2
2.0392249687223285 53.62682252071853 	idx: 1 4 2 64 2 2
2.039005740148611 53.09055429551134 	idx: 1 4 2 128 2 4
2.039005740148611 52.55964875255623 	idx: 1 4 2 128 2 4
2.039005740148611 52.03405226503067 	idx: 1 4 2 128 2 4
2.0323740807849195 51.51371174238036 	idx: 0 4 2 128 64 4
2.033284639937793 50.998574624956554 	idx: 0 4 2 64 32 8
2.033284639937793 50.488588878706985 	idx: 0 4 2 64 32 8
2.033284639937793 49.98370298991991 	idx: 0 4 2 64 32 8
1.9839726471367454 49.483865960020715 	idx: 3 2 4 128 64 64
2.0332046184570753 48.98902730042051 	idx: 0 4 2 64 8 16
2.0230194070788663 48.4991370274163 	idx: 0 4 2 32 4 32
2.0230194070788663 48.01414565714214 	idx: 0 4 2 32 4 32
1.9257044855074068 47.53400420057071 	idx: 0 3 3 32 4 64
1.9257044855074068 47.05866415856501 	idx: 0 3 3 32 4 64
2.1973085058006254 46.58807751697936 	idx: 0 3 4 16 4 64
2.1973085058006254 46.12219674180957 	idx: 0 3 4 16 4 64
1.9653028708447717 45.66097477439147 	idx: 0 2 5 16 4 32
1.355285813080526 45.20436502664755 	idx: 3 2 2 128 64 2
1.7786904548182312 44.752321376381076 	idx: 0 2 5 8 2 32
1.6720125268654251 44.30479816261727 	idx: 0 2 4 4 2 16
2.037102077757243 43.861750180991095 	idx: 1 4 2 128 4 8
1.752050470868526 43.42313267918119 	idx: 3 2 3 128 16 4
1.752050470868526 42.98890135238938 	idx: 3 2 3 256 16 4
1.752050470868526 42.559012338865486 	idx: 3 2 3 256 16 4
1.825326886367505 42.133422215476834 	idx: 0 3 3 4 8 32
2.0003813171277653 41.712087993322065 	idx: 0 4 3 2 16 16
1.7141129248500993 41.29496711338884 	idx: 2 2 3 256 128 2
1.7141129248500993 40.882017442254956 	idx: 2 2 3 256 128 2
1.9018662267925923 40.473197267832404 	idx: 3 3 3 64 128 4
2.033284639937793 40.06846529515408 	idx: 1 4 2 64 32 8
2.033284639937793 39.66778064220254 	idx: 1 4 2 64 32 8
2.033284639937793 39.27110283578051 	idx: 1 4 2 64 32 8
1.831935695552158 38.8783918074227 	idx: 4 2 4 64 512 32
1.6105424357975666 38.48960788934848 	idx: 4 2 3 128 512 64
1.6105424357975666 38.104711810454994 	idx: 4 2 3 128 512 64
1.8693665077192663 37.72366469235045 	idx: 0 3 3 8 64 256
1.8799420478450748 37.34642804542694 	idx: 0 4 2 8 32 512
1.8799420478450748 36.97296376497267 	idx: 0 4 2 8 32 512
1.8799420478450748 36.60323412732294 	idx: 0 4 2 8 32 512
1.8799420478450748 36.23720178604971 	idx: 0 4 2 8 32 512
1.5313123853686936 35.874829768189215 	idx: 2 3 2 64 512 32
1.5313123853686936 35.516081470507324 	idx: 2 3 2 64 512 32
1.4860536063255736 35.16092065580225 	idx: 3 3 2 256 32 4
1.9761770913346106 34.80931144924423 	idx: 4 4 2 64 512 4
1.9761770913346106 34.461218334751784 	idx: 4 4 2 64 512 4
2.033940668278633 34.11660615140427 	idx: 3 4 2 128 32 2
2.033940668278633 33.775440089890225 	idx: 3 4 2 128 32 2
2.033940668278633 33.43768568899132 	idx: 3 4 2 128 32 2
2.0323740807849195 33.10330883210141 	idx: 3 4 2 128 64 4
2.0323740807849195 32.7722757437804 	idx: 3 4 2 128 64 4
2.0323740807849195 32.44455298634259 	idx: 3 4 2 128 64 4
2.0323740807849195 32.12010745647917 	idx: 3 4 2 128 64 4
2.0319348113761544 31.798906381914374 	idx: 3 4 2 128 64 8
2.0319348113761544 31.48091731809523 	idx: 3 4 2 128 64 8
2.027183356643002 31.16610814491428 	idx: 3 4 2 128 128 16
2.027183356643002 30.854447063465138 	idx: 3 4 2 128 128 16
2.027183356643002 30.545902592830487 	idx: 3 4 2 128 128 16
2.029303177322163 30.240443566902183 	idx: 3 4 2 128 64 32
2.029303177322163 29.93803913123316 	idx: 3 4 2 128 64 32
2.029303177322163 29.638658739920828 	idx: 3 4 2 128 64 32
2.0388723125776065 29.34227215252162 	idx: 0 4 3 2 64 64
2.0157868346414776 29.048849430996402 	idx: 2 4 2 32 128 2
2.0319348113761544 28.758360936686437 	idx: 3 4 2 128 64 8
2.03241059349822 28.47077732731957 	idx: 3 4 2 64 32 16
2.03241059349822 28.186069554046373 	idx: 3 4 2 64 32 16
2.0029100325113305 27.90420885850591 	idx: 2 4 2 16 32 4
1.4860536063255736 27.625166769920853 	idx: 3 3 2 128 32 4
2.234849871420231 27.348915102221643 	idx: 1 2 6 4 8 32
2.234849871420231 27.075425951199424 	idx: 1 2 6 4 8 32
2.450971587219876 26.804671691687428 	idx: 1 2 6 8 8 64
2.450971587219876 26.536624974770554 	idx: 1 2 6 8 8 64
2.450971587219876 26.271258725022847 	idx: 1 2 6 8 8 64
2.450971587219876 26.00854613777262 	idx: 1 2 6 8 8 64
2.4687762429400197 25.748460676394892 	idx: 4 4 3 8 128 2
2.4687762429400197 25.490976069630943 	idx: 4 4 3 8 128 2
2.4687762429400197 25.23606630893463 	idx: 4 4 3 8 128 2
2.4687762429400197 24.983705645845284 	idx: 4 4 3 8 128 2
2.4687762429400197 24.73386858938683 	idx: 4 4 3 8 128 2
2.4687762429400197 24.48652990349296 	idx: 4 4 3 8 128 2
2.4687762429400197 24.24166460445803 	idx: 4 4 3 8 128 2
2.032991072152213 23.99924795841345 	idx: 3 4 2 128 16 16
1.998243235137737 23.759255478829314 	idx: 1 2 4 32 32 8
1.998243235137737 23.52166292404102 	idx: 1 2 4 32 32 8
2.037102077757243 23.28644629480061 	idx: 3 4 2 128 4 8
2.037102077757243 23.053581831852604 	idx: 3 4 2 128 4 8
2.037102077757243 22.82304601353408 	idx: 3 4 2 128 4 8
2.037102077757243 22.59481555339874 	idx: 3 4 2 128 4 8
2.034075571761054 22.36886739786475 	idx: 3 4 2 64 8 8
2.0375395845802964 22.145178723886104 	idx: 3 4 2 128 4 4
1.8183205753894915 21.923726936647242 	idx: 0 3 3 32 512 8
2.022260494725669 21.704489667280768 	idx: 1 2 4 64 2 64
1.7434612121557491 21.48744477060796 	idx: 1 2 3 64 2 64
1.8452298768449173 21.27257032290188 	idx: 2 5 2 16 8 32
2.003606732001874 21.059844619672862 	idx: 1 2 4 64 4 128
2.0192135703232745 20.849246173476132 	idx: 1 2 4 64 4 64
2.0192135703232745 20.64075371174137 	idx: 1 2 4 64 4 64
2.0192135703232745 20.434346174623958 	idx: 1 2 4 64 4 64
2.0192135703232745 20.230002712877717 	idx: 1 2 4 64 4 64
2.557971643807106 20.027702685748938 	idx: 2 4 3 8 4 16
2.557971643807106 19.82742565889145 	idx: 2 4 3 8 4 16
2.6121338893700883 19.629151402302536 	idx: 2 4 3 16 2 16
2.6121338893700883 19.43285988827951 	idx: 2 4 3 16 2 16
2.6064161853478818 19.238531289396715 	idx: 2 4 3 16 4 8
2.0145303780582196 19.046145976502746 	idx: 1 2 4 32 2 64
2.0145303780582196 18.855684516737718 	idx: 1 2 4 32 2 64
1.8957629260327884 18.66712767157034 	idx: 2 3 3 8 4 16
1.919867954651126 18.480456394854638 	idx: 2 3 4 4 2 8
2.031249130603292 18.295651830906092 	idx: 3 4 2 128 16 32
2.031249130603292 18.11269531259703 	idx: 3 4 2 128 16 32
2.031249130603292 17.931568359471058 	idx: 3 4 2 128 16 32
2.0332046184570753 17.752252675876345 	idx: 3 4 2 64 8 16
2.0332046184570753 17.57473014911758 	idx: 3 4 2 64 8 16
2.0332046184570753 17.398982847626407 	idx: 3 4 2 64 8 16
2.0332046184570753 17.22499301915014 	idx: 3 4 2 64 8 16
2.0332046184570753 17.05274308895864 	idx: 3 4 2 128 8 16
2.0332046184570753 16.882215658069054 	idx: 3 4 2 128 8 16
1.978065849995118 16.713393501488362 	idx: 0 4 2 64 64 512
2.088417257637895 16.546259566473477 	idx: 2 2 6 2 4 2
2.088417257637895 16.380796970808742 	idx: 2 2 6 2 4 2
2.088417257637895 16.216989001100654 	idx: 2 2 6 2 4 2
1.978065849995118 16.054819111089646 	idx: 0 4 2 64 64 512
2.2402272787397295 15.89427091997875 	idx: 2 2 6 4 2 4
2.2402272787397295 15.735328210778961 	idx: 2 2 6 4 2 4
2.2402272787397295 15.577974928671171 	idx: 2 2 6 4 2 4
2.2402272787397295 15.42219517938446 	idx: 2 2 6 4 2 4
2.2402272787397295 15.267973227590614 	idx: 2 2 6 4 2 4
2.2402272787397295 15.115293495314708 	idx: 2 2 6 4 2 4
2.4782781199008164 14.96414056036156 	idx: 2 2 6 8 2 4
1.9697787027579636 14.814499154757945 	idx: 2 2 5 16 2 8
1.9697787027579636 14.666354163210364 	idx: 2 2 5 16 2 8
1.9697787027579636 14.519690621578262 	idx: 2 2 5 16 2 8
1.9697787027579636 14.374493715362478 	idx: 2 2 5 16 2 8
2.4727455652470383 14.230748778208852 	idx: 2 2 6 8 4 8
2.4727455652470383 14.088441290426763 	idx: 2 2 6 8 4 8
2.239069883737308 13.947556877522496 	idx: 2 2 6 4 4 16
2.239069883737308 13.808081308747271 	idx: 2 2 6 4 4 16
2.239069883737308 13.670000495659798 	idx: 2 2 6 4 4 16
2.239069883737308 13.5333004907032 	idx: 2 2 6 4 4 16
2.239069883737308 13.397967485796167 	idx: 2 2 6 4 4 16
2.5647894782046397 13.263987810938206 	idx: 1 4 3 8 2 128
2.605839045895375 13.131347932828824 	idx: 1 4 3 16 2 64
2.239069883737308 13.000034453500536 	idx: 2 2 6 4 4 16
2.239069883737308 12.87003410896553 	idx: 2 2 6 4 4 16
2.239069883737308 12.741333767875876 	idx: 2 2 6 4 4 16
2.1973085058006254 12.613920430197117 	idx: 1 3 4 16 4 64
2.0987477251374727 12.487781225895146 	idx: 2 2 6 2 4 16
2.242545457167134 12.362903413636195 	idx: 2 2 6 4 4 32
2.242545457167134 12.239274379499832 	idx: 2 2 6 4 4 32
2.242545457167134 12.116881635704834 	idx: 2 2 6 4 4 32
2.242545457167134 11.995712819347785 	idx: 2 2 6 4 4 32
2.242545457167134 11.875755691154307 	idx: 2 2 6 4 4 32
2.242545457167134 11.756998134242764 	idx: 2 2 6 4 4 32
2.242545457167134 11.639428152900336 	idx: 2 2 6 4 4 32
2.458014867057311 11.523033871371332 	idx: 2 2 6 8 8 32
2.5576333792244603 11.407803532657619 	idx: 1 4 3 8 4 8
2.461965983683273 11.293725497331042 	idx: 1 4 3 4 2 4
2.461965983683273 11.180788242357732 	idx: 1 4 3 4 2 4
2.461965983683273 11.068980359934155 	idx: 1 4 3 4 2 4
2.461965983683273 10.958290556334813 	idx: 1 4 3 4 2 4
2.461965983683273 10.848707650771464 	idx: 1 4 3 4 2 4
2.461965983683273 10.74022057426375 	idx: 1 4 3 4 2 4
2.461965983683273 10.632818368521113 	idx: 1 4 3 4 2 4
2.461965983683273 10.526490184835902 	idx: 1 4 3 4 2 4
2.4327536469092377 10.421225282987542 	idx: 2 2 6 8 16 64
2.4448888338824997 10.317013030157668 	idx: 1 4 3 4 8 4
2.569645228943187 10.213842899856092 	idx: 3 4 3 16 32 8
2.569645228943187 10.11170447085753 	idx: 3 4 3 16 32 8
2.569645228943187 10.010587426148955 	idx: 3 4 3 16 32 8
2.569645228943187 9.910481551887466 	idx: 3 4 3 16 32 8
2.569645228943187 9.811376736368592 	idx: 3 4 3 16 32 8
2.569645228943187 9.713262969004907 	idx: 3 4 3 16 32 8
2.569645228943187 9.616130339314857 	idx: 3 4 3 16 32 8
2.569645228943187 9.519969035921708 	idx: 3 4 3 16 32 8
2.569645228943187 9.42476934556249 	idx: 3 4 3 16 32 8
2.569645228943187 9.330521652106865 	idx: 3 4 3 16 32 8
2.569645228943187 9.237216435585797 	idx: 3 4 3 16 32 8
2.569645228943187 9.144844271229939 	idx: 3 4 3 16 32 8
2.569645228943187 9.053395828517639 	idx: 3 4 3 16 32 8
2.569645228943187 8.962861870232462 	idx: 3 4 3 16 32 8
2.569645228943187 8.873233251530138 	idx: 3 4 3 16 32 8
2.569645228943187 8.784500919014837 	idx: 3 4 3 16 32 8
2.569645228943187 8.696655909824688 	idx: 3 4 3 16 32 8
2.5701543943945677 8.609689350726441 	idx: 4 4 3 16 32 4
2.5701543943945677 8.523592457219177 	idx: 4 4 3 16 32 4
2.5701543943945677 8.438356532646985 	idx: 4 4 3 16 32 4
2.5701543943945677 8.353972967320516 	idx: 4 4 3 16 32 4
2.5701543943945677 8.27043323764731 	idx: 4 4 3 16 32 4
2.5701543943945677 8.187728905270838 	idx: 4 4 3 16 32 4
2.5701543943945677 8.105851616218128 	idx: 4 4 3 16 32 4
2.5701543943945677 8.024793100055946 	idx: 4 4 3 16 32 4
2.5701543943945677 7.944545169055387 	idx: 4 4 3 16 32 4
2.5790541892363725 7.865099717364833 	idx: 3 4 3 16 16 4
2.5790541892363725 7.786448720191185 	idx: 3 4 3 16 16 4
2.5790541892363725 7.708584232989273 	idx: 3 4 3 16 16 4
2.5790541892363725 7.63149839065938 	idx: 3 4 3 16 16 4
2.605839045895375 7.5551834067527865 	idx: 1 4 3 16 2 64
2.605839045895375 7.479631572685259 	idx: 1 4 3 16 2 64
2.605839045895375 7.404835256958406 	idx: 1 4 3 16 2 64
2.605839045895375 7.330786904388821 	idx: 1 4 3 16 2 64
2.605839045895375 7.257479035344933 	idx: 1 4 3 16 2 64
2.605839045895375 7.1849042449914835 	idx: 1 4 3 16 2 64
2.605839045895375 7.1130552025415685 	idx: 1 4 3 16 2 64
2.605839045895375 7.041924650516153 	idx: 1 4 3 16 2 64
2.605839045895375 6.971505404010991 	idx: 1 4 3 16 2 64
2.605839045895375 6.901790349970882 	idx: 1 4 3 16 2 64
2.597492964451171 6.832772446471173 	idx: 1 4 3 16 2 128
2.597492964451171 6.764444722006462 	idx: 1 4 3 16 2 128
2.597492964451171 6.696800274786397 	idx: 1 4 3 16 2 128
2.597492964451171 6.6298322720385325 	idx: 1 4 3 16 2 128
2.597492964451171 6.563533949318147 	idx: 1 4 3 16 2 128
2.605839045895375 6.497898609824966 	idx: 1 4 3 16 2 64
2.605839045895375 6.432919623726716 	idx: 1 4 3 16 2 64
2.605839045895375 6.3685904274894485 	idx: 1 4 3 16 2 64
2.605839045895375 6.304904523214554 	idx: 1 4 3 16 2 64
2.605839045895375 6.2418554779824085 	idx: 1 4 3 16 2 64
2.605839045895375 6.1794369232025845 	idx: 1 4 3 16 2 64
2.597492964451171 6.117642553970558 	idx: 1 4 3 16 2 128
2.597492964451171 6.056466128430853 	idx: 1 4 3 16 2 128
2.597492964451171 5.9959014671465445 	idx: 1 4 3 16 2 128
2.597492964451171 5.935942452475079 	idx: 1 4 3 16 2 128
2.597492964451171 5.8765830279503275 	idx: 1 4 3 16 2 128
2.597492964451171 5.817817197670824 	idx: 1 4 3 16 2 128
2.597492964451171 5.759639025694116 	idx: 1 4 3 16 2 128
2.597492964451171 5.7020426354371745 	idx: 1 4 3 16 2 128
2.597492964451171 5.645022209082803 	idx: 1 4 3 16 2 128
2.597492964451171 5.588571986991974 	idx: 1 4 3 16 2 128
2.597492964451171 5.532686267122054 	idx: 1 4 3 16 2 128
2.597492964451171 5.477359404450834 	idx: 1 4 3 16 2 128
2.597492964451171 5.422585810406325 	idx: 1 4 3 16 2 128
2.597492964451171 5.368359952302262 	idx: 1 4 3 16 2 128
2.597492964451171 5.314676352779239 	idx: 1 4 3 16 2 128
2.597492964451171 5.261529589251447 	idx: 1 4 3 16 2 128
2.597492964451171 5.208914293358933 	idx: 1 4 3 16 2 128
2.597492964451171 5.156825150425344 	idx: 1 4 3 16 2 128
2.597492964451171 5.10525689892109 	idx: 1 4 3 16 2 128
2.597492964451171 5.0542043299318795 	idx: 1 4 3 16 2 128
2.597492964451171 5.003662286632561 	idx: 1 4 3 16 2 128
2.597492964451171 4.953625663766235 	idx: 1 4 3 16 2 128
2.5908110714187877 4.9040894071285726 	idx: 1 4 3 16 4 128
2.5908110714187877 4.8550485130572865 	idx: 1 4 3 16 4 128
2.5908110714187877 4.806498027926714 	idx: 1 4 3 16 4 128
2.5908110714187877 4.758433047647447 	idx: 1 4 3 16 4 128
2.5908110714187877 4.710848717170973 	idx: 1 4 3 16 4 128
2.5908110714187877 4.663740229999263 	idx: 1 4 3 16 4 128
2.5908110714187877 4.61710282769927 	idx: 1 4 3 16 4 128
2.5991104704651704 4.570931799422278 	idx: 1 4 3 16 4 64
2.5991104704651704 4.525222481428055 	idx: 1 4 3 16 4 64
2.5991104704651704 4.4799702566137745 	idx: 1 4 3 16 4 64
2.5991104704651704 4.4351705540476365 	idx: 1 4 3 16 4 64
2.5991104704651704 4.39081884850716 	idx: 1 4 3 16 4 64
2.5991104704651704 4.346910660022088 	idx: 1 4 3 16 4 64
2.5991104704651704 4.303441553421867 	idx: 1 4 3 16 4 64
2.5991104704651704 4.260407137887648 	idx: 1 4 3 16 4 64
2.5991104704651704 4.217803066508771 	idx: 1 4 3 16 4 64
2.5991104704651704 4.175625035843683 	idx: 1 4 3 16 4 64
2.6064161853478818 4.133868785485246 	idx: 2 4 3 16 4 8
2.6064161853478818 4.0925300976303935 	idx: 2 4 3 16 4 8
2.6064161853478818 4.05160479665409 	idx: 2 4 3 16 4 8
2.6064161853478818 4.011088748687548 	idx: 2 4 3 16 4 8
2.5991104704651704 3.970977861200673 	idx: 1 4 3 16 4 64
2.5991104704651704 3.9312680825886663 	idx: 1 4 3 16 4 64
2.5991104704651704 3.8919554017627798 	idx: 1 4 3 16 4 64
2.5991104704651704 3.853035847745152 	idx: 1 4 3 16 4 64
2.5991104704651704 3.8145054892677006 	idx: 1 4 3 16 4 64
2.5991104704651704 3.7763604343750234 	idx: 1 4 3 16 4 64
2.5991104704651704 3.7385968300312733 	idx: 1 4 3 16 4 64
2.5991104704651704 3.7012108617309605 	idx: 1 4 3 16 4 64
2.5991104704651704 3.664198753113651 	idx: 1 4 3 16 4 64
2.5991104704651704 3.6275567655825145 	idx: 1 4 3 16 4 64
2.5991104704651704 3.591281197926689 	idx: 1 4 3 16 4 64
2.5991104704651704 3.555368385947422 	idx: 1 4 3 16 4 64
2.6064161853478818 3.519814702087948 	idx: 3 4 3 16 4 8
2.6064161853478818 3.4846165550670687 	idx: 3 4 3 16 4 8
2.6064161853478818 3.449770389516398 	idx: 3 4 3 16 4 8
2.6064161853478818 3.415272685621234 	idx: 3 4 3 16 4 8
2.6064161853478818 3.3811199587650216 	idx: 3 4 3 16 4 8
2.6064161853478818 3.347308759177371 	idx: 3 4 3 16 4 8
2.6064161853478818 3.3138356715855974 	idx: 2 4 3 16 4 8
2.6064161853478818 3.2806973148697414 	idx: 2 4 3 16 4 8
2.6064161853478818 3.247890341721044 	idx: 2 4 3 16 4 8
2.6064161853478818 3.2154114383038332 	idx: 2 4 3 16 4 8
2.6064161853478818 3.183257323920795 	idx: 3 4 3 16 4 8
2.6064161853478818 3.1514247506815867 	idx: 3 4 3 16 4 8
2.6064161853478818 3.1199105031747707 	idx: 3 4 3 16 4 8
2.6069395940186224 3.088711398143023 	idx: 2 4 3 16 4 4
2.6069395940186224 3.0578242841615926 	idx: 2 4 3 16 4 4
2.6069395940186224 3.0272460413199767 	idx: 2 4 3 16 4 4
2.6069395940186224 2.996973580906777 	idx: 2 4 3 16 4 4
2.6064161853478818 2.967003845097709 	idx: 3 4 3 16 4 8
2.6064161853478818 2.9373338066467323 	idx: 3 4 3 16 4 8
2.6064161853478818 2.907960468580265 	idx: 3 4 3 16 4 8
2.6064161853478818 2.8788808638944623 	idx: 3 4 3 16 4 8
2.6064161853478818 2.8500920552555176 	idx: 3 4 3 16 4 8
2.6064161853478818 2.8215911347029623 	idx: 3 4 3 16 4 8
2.6064161853478818 2.7933752233559326 	idx: 3 4 3 16 4 8
2.6064161853478818 2.765441471122373 	idx: 3 4 3 16 4 8
2.6053699982780207 2.7377870564111495 	idx: 3 4 3 16 4 16
2.6053699982780207 2.710409185847038 	idx: 3 4 3 16 4 16
2.6053699982780207 2.6833050939885674 	idx: 3 4 3 16 4 16
2.6053699982780207 2.656472043048682 	idx: 3 4 3 16 4 16
2.6053699982780207 2.629907322618195 	idx: 3 4 3 16 4 16
2.6053699982780207 2.603608249392013 	idx: 3 4 3 16 4 16
2.6053699982780207 2.577572166898093 	idx: 3 4 3 16 4 16
2.6053699982780207 2.551796445229112 	idx: 3 4 3 16 4 16
2.6053699982780207 2.526278480776821 	idx: 3 4 3 16 4 16
2.6053699982780207 2.501015695969053 	idx: 3 4 3 16 4 16
2.6053699982780207 2.4760055390093623 	idx: 3 4 3 16 4 16
2.6053699982780207 2.4512454836192688 	idx: 3 4 3 16 4 16
2.5939779344714973 2.426733028783076 	idx: 3 4 3 16 8 8
2.5939779344714973 2.402465698495245 	idx: 3 4 3 16 8 8
2.5939779344714973 2.3784410415102926 	idx: 3 4 3 16 8 8
2.5939779344714973 2.3546566310951897 	idx: 3 4 3 16 8 8
2.5939779344714973 2.3311100647842378 	idx: 3 4 3 16 8 8
2.557971643807106 2.307798964136395 	idx: 3 4 3 8 4 16
2.557971643807106 2.2847209744950314 	idx: 3 4 3 8 4 16
2.557971643807106 2.261873764750081 	idx: 3 4 3 8 4 16
2.557971643807106 2.23925502710258 	idx: 3 4 3 8 4 16
2.592942744474636 2.2168624768315546 	idx: 3 4 3 16 8 16
2.592942744474636 2.194693852063239 	idx: 3 4 3 16 8 16
2.592942744474636 2.1727469135426065 	idx: 3 4 3 16 8 16
2.5947548695651284 2.1510194444071806 	idx: 4 4 3 16 8 2
2.5947548695651284 2.129509249963109 	idx: 4 4 3 16 8 2
2.5947548695651284 2.108214157463478 	idx: 4 4 3 16 8 2
2.5947548695651284 2.087132015888843 	idx: 4 4 3 16 8 2
2.5947548695651284 2.0662606957299547 	idx: 4 4 3 16 8 2
2.5947548695651284 2.045598088772655 	idx: 4 4 3 16 8 2
2.5947548695651284 2.0251421078849283 	idx: 4 4 3 16 8 2
2.592942744474636 2.004890686806079 	idx: 3 4 3 16 8 16
2.6069395940186224 1.9848417799380185 	idx: 2 4 3 16 4 4
2.6069395940186224 1.9649933621386382 	idx: 2 4 3 16 4 4
2.6069395940186224 1.9453434285172517 	idx: 2 4 3 16 4 4
2.6069395940186224 1.9258899942320793 	idx: 2 4 3 16 4 4
2.6069395940186224 1.9066310942897584 	idx: 2 4 3 16 4 4
2.6069395940186224 1.8875647833468607 	idx: 2 4 3 16 4 4
2.6069395940186224 1.868689135513392 	idx: 2 4 3 16 4 4
2.6069395940186224 1.8500022441582582 	idx: 4 4 3 16 4 4
2.6069395940186224 1.8315022217166756 	idx: 4 4 3 16 4 4
2.6069395940186224 1.8131871994995088 	idx: 4 4 3 16 4 4
2.6069395940186224 1.7950553275045138 	idx: 4 4 3 16 4 4
2.6069395940186224 1.7771047742294686 	idx: 4 4 3 16 4 4
2.6069395940186224 1.7593337264871738 	idx: 4 4 3 16 4 4
2.6069395940186224 1.741740389222302 	idx: 4 4 3 16 4 4
2.6069395940186224 1.724322985330079 	idx: 4 4 3 16 4 4
2.6069395940186224 1.7070797554767783 	idx: 4 4 3 16 4 4
2.6069395940186224 1.6900089579220106 	idx: 4 4 3 16 4 4
2.6069395940186224 1.6731088683427904 	idx: 4 4 3 16 4 4
2.6069395940186224 1.6563777796593624 	idx: 4 4 3 16 4 4
2.6069395940186224 1.6398140018627687 	idx: 4 4 3 16 4 4
2.6069395940186224 1.623415861844141 	idx: 4 4 3 16 4 4
2.6139756181682623 1.6071817032256996 	idx: 4 4 3 16 2 2
2.6139756181682623 1.5911098861934427 	idx: 4 4 3 16 2 2
2.6139756181682623 1.5751987873315083 	idx: 4 4 3 16 2 2
2.6139756181682623 1.5594467994581933 	idx: 4 4 3 16 2 2
2.6139756181682623 1.5438523314636114 	idx: 4 4 3 16 2 2
2.6139756181682623 1.5284138081489753 	idx: 4 4 3 16 2 2
2.6139756181682623 1.5131296700674854 	idx: 4 4 3 16 2 2
2.6139756181682623 1.4979983733668105 	idx: 4 4 3 16 2 2
2.6139756181682623 1.4830183896331424 	idx: 4 4 3 16 2 2
2.6139756181682623 1.468188205736811 	idx: 4 4 3 16 2 2
2.6139756181682623 1.4535063236794428 	idx: 4 4 3 16 2 2
2.6139756181682623 1.4389712604426483 	idx: 4 4 3 16 2 2
2.6139756181682623 1.4245815478382218 	idx: 4 4 3 16 2 2
2.6139756181682623 1.4103357323598396 	idx: 4 4 3 16 2 2
2.6139756181682623 1.396232375036241 	idx: 4 4 3 16 2 2
2.6139756181682623 1.3822700512858788 	idx: 4 4 3 16 2 2
2.6139756181682623 1.36844735077302 	idx: 4 4 3 16 2 2
2.6139756181682623 1.3547628772652898 	idx: 4 4 3 16 2 2
2.6139756181682623 1.341215248492637 	idx: 4 4 3 16 2 2
2.6139756181682623 1.3278030960077105 	idx: 4 4 3 16 2 2
2.6139756181682623 1.3145250650476334 	idx: 4 4 3 16 2 2
2.6139756181682623 1.301379814397157 	idx: 4 4 3 16 2 2
2.6139756181682623 1.2883660162531856 	idx: 4 4 3 16 2 2
2.6139756181682623 1.2754823560906536 	idx: 4 4 3 16 2 2
2.6139756181682623 1.2627275325297471 	idx: 4 4 3 16 2 2
2.6139756181682623 1.2501002572044497 	idx: 4 4 3 16 2 2
2.6139756181682623 1.2375992546324053 	idx: 4 4 3 16 2 2
2.6139756181682623 1.2252232620860812 	idx: 4 4 3 16 2 2
2.6139756181682623 1.2129710294652205 	idx: 4 4 3 16 2 2
2.6139756181682623 1.2008413191705682 	idx: 4 4 3 16 2 2
2.6139756181682623 1.1888329059788625 	idx: 4 4 3 16 2 2
2.6139756181682623 1.1769445769190738 	idx: 4 4 3 16 2 2
2.6139756181682623 1.165175131149883 	idx: 4 4 3 16 2 2
2.6139756181682623 1.1535233798383842 	idx: 4 4 3 16 2 2
2.6139756181682623 1.1419881460400003 	idx: 4 4 3 16 2 2
2.6139756181682623 1.1305682645796002 	idx: 4 4 3 16 2 2
2.6139756181682623 1.1192625819338042 	idx: 4 4 3 16 2 2
2.6139756181682623 1.1080699561144662 	idx: 4 4 3 16 2 2
2.6139756181682623 1.0969892565533215 	idx: 4 4 3 16 2 2
2.6139756181682623 1.0860193639877882 	idx: 4 4 3 16 2 2
2.6139756181682623 1.0751591703479102 	idx: 4 4 3 16 2 2
2.6139756181682623 1.0644075786444311 	idx: 4 4 3 16 2 2
2.6139756181682623 1.0537635028579868 	idx: 4 4 3 16 2 2
2.6139756181682623 1.0432258678294068 	idx: 4 4 3 16 2 2
2.6139756181682623 1.0327936091511127 	idx: 4 4 3 16 2 2
2.6139756181682623 1.0224656730596016 	idx: 4 4 3 16 2 2
2.6069395940186224 1.0122410163290056 	idx: 4 4 3 16 4 4
2.6069395940186224 1.0021186061657157 	idx: 4 4 3 16 4 4
###### ACC Parameters ######
cim type:    LccCIM
bus_width:   25.6
macros_row:  4
macros_col:  3
scr:         16
is_size:     4
os_size:     4
best=2.6069395940186224, area=4771666.412380816 459
bert_base_sl64_LCC-CIM@ISSCC20_ee_running end at 1757781967.5750403
75.79216856335648 100 	idx: 0 4 2 2 128 256
100.14976095178804 99.0 	idx: 1 4 2 4 256 128
100.16308430119393 98.01 	idx: 4 2 2 8 256 128
100.39594023586504 97.0299 	idx: 1 4 2 16 512 128
100.39594023586504 96.059601 	idx: 1 4 2 16 256 128
112.52758832328178 95.09900499 	idx: 4 1 3 4 128 64
111.41911762565319 94.1480149401 	idx: 4 2 3 2 128 64
110.95734046189918 93.206534790699 	idx: 4 3 3 2 128 32
99.38280975962313 92.27446944279201 	idx: 4 2 4 2 64 32
100.03676437435676 91.35172474836409 	idx: 4 3 4 4 64 64
112.06794405829883 90.43820750088045 	idx: 4 4 3 2 128 64
72.84936755141 89.53382542587164 	idx: 4 5 2 2 128 64
76.03509218054673 88.63848717161292 	idx: 1 1 3 64 64 64
100.0244548788668 87.75210229989679 	idx: 4 4 2 8 256 16
148.20910017942197 86.87458127689783 	idx: 1 1 4 16 128 64
205.01529458241544 86.00583546412885 	idx: 1 1 5 16 256 64
193.21637438709638 85.14577710948755 	idx: 1 1 4 8 256 64
148.43375014139585 84.29431933839268 	idx: 1 2 4 8 128 128
112.72686145146089 83.45137614500875 	idx: 1 1 3 4 128 128
186.41653766068248 82.61686238355867 	idx: 1 1 4 2 256 64
142.73744588408238 81.79069375972308 	idx: 1 1 3 2 256 64
112.05427288441808 80.97278682212585 	idx: 1 2 3 2 128 128
147.28655111039845 80.1630589539046 	idx: 1 1 3 2 256 256
148.63695111847557 79.36142836436555 	idx: 1 2 4 4 128 512
100.65491268672417 78.56781408072189 	idx: 1 1 4 8 64 1024
111.27604279733292 77.78213593991467 	idx: 1 1 5 16 64 512
148.85276913503424 77.00431458051553 	idx: 1 1 6 32 64 1024
82.85639071700727 76.23427143471037 	idx: 1 1 6 32 32 512
89.83153282844088 75.47192872036327 	idx: 1 1 7 64 32 256
50.476134205528595 74.71720943315964 	idx: 4 1 1 16 2048 8
50.71110600747291 73.97003733882804 	idx: 4 1 1 32 2048 4
50.71110600747291 73.23033696543976 	idx: 4 1 1 32 2048 4
50.83504024510108 72.49803359578536 	idx: 4 1 1 64 1024 2
89.83153282844088 71.7730532598275 	idx: 1 1 7 64 32 128
168.69280677009874 71.05532272722922 	idx: 1 1 8 32 64 128
74.44182572614108 70.34476949995693 	idx: 1 1 9 32 32 128
127.96348074179743 69.64132180495736 	idx: 1 1 9 16 64 256
137.3959793222286 68.94490858690779 	idx: 1 1 10 16 64 128
245.76 68.25545950103871 	idx: 1 1 9 8 128 128
245.45069115065294 67.57290490602833 	idx: 1 1 8 4 128 64
295.5198651335474 66.89717585696805 	idx: 1 1 7 2 256 128
245.76 66.22820409839836 	idx: 1 1 8 2 128 256
245.76 65.56592205741438 	idx: 1 1 8 4 128 512
303.81845893310754 64.91026283684023 	idx: 1 1 9 4 256 256
306.15153583617746 64.26116020847184 	idx: 1 1 8 2 512 256
305.8253569145536 63.618548606387115 	idx: 1 1 8 4 256 128
306.15153583617746 62.98236312032324 	idx: 1 1 8 8 512 256
305.99039808121523 62.35253948912001 	idx: 1 1 8 8 512 128
304.78623911658525 61.72901409422881 	idx: 1 1 8 4 512 64
293.44383867103267 61.11172395328652 	idx: 1 1 7 4 256 32
279.52921757601024 60.500606713753655 	idx: 1 1 6 2 512 32
290.446815386318 59.89560064661612 	idx: 1 1 7 2 512 32
289.2022366631404 59.29664464014996 	idx: 1 1 7 2 1024 16
290.446815386318 58.70367819374846 	idx: 1 1 7 2 1024 32
292.80869099533317 58.116641411810974 	idx: 1 1 7 4 1024 16
282.6359100909245 57.535474997692866 	idx: 1 1 6 4 1024 8
288.2004819277108 56.960120247715935 	idx: 1 1 7 2 1024 4
288.02877802514814 56.390519045238776 	idx: 1 1 7 2 512 2
288.2004819277108 55.82661385478639 	idx: 1 1 7 2 1024 4
303.3018137632037 55.26834771623852 	idx: 1 1 8 4 512 8
300.2276749294007 54.71566423907614 	idx: 1 1 9 2 512 4
303.1126504751848 54.16850759668538 	idx: 1 1 8 4 512 2
304.63259664110797 53.62682252071853 	idx: 1 1 8 8 512 2
305.40337736520297 53.09055429551134 	idx: 1 1 8 16 512 2
305.78870527451164 52.55964875255623 	idx: 1 1 8 32 512 2
296.24038958944755 52.03405226503067 	idx: 1 1 7 64 512 4
295.9702583831959 51.51371174238036 	idx: 1 1 7 32 512 4
295.4390729179733 50.998574624956554 	idx: 1 1 7 16 256 4
245.5609285066954 50.488588878706985 	idx: 1 1 8 32 128 8
231.59453886707965 49.98370298991991 	idx: 1 1 7 16 128 16
294.64207960173474 49.483865960020715 	idx: 1 1 7 8 256 16
285.10893921334923 48.98902730042051 	idx: 1 1 6 8 256 8
285.10893921334923 48.4991370274163 	idx: 1 1 6 8 256 8
282.5272440944882 48.01414565714214 	idx: 1 1 6 4 512 4
282.5272440944882 47.53400420057071 	idx: 1 1 6 4 512 4
277.76427705287347 47.05866415856501 	idx: 1 1 6 2 512 8
282.6359100909245 46.58807751697936 	idx: 1 1 6 4 512 8
202.16760925449873 46.12219674180957 	idx: 1 1 5 8 512 4
191.82630240202488 45.66097477439147 	idx: 1 2 4 4 256 8
191.82630240202488 45.20436502664755 	idx: 1 2 4 4 256 8
147.63857317133935 44.752321376381076 	idx: 1 2 3 4 256 16
147.97893068184015 44.30479816261727 	idx: 1 2 4 8 128 32
147.67370175960386 43.861750180991095 	idx: 1 3 3 8 256 32
100.03186199986932 43.42313267918119 	idx: 1 2 2 16 512 16
99.6186376507615 42.98890135238938 	idx: 1 3 2 8 1024 32
50.775383115235556 42.559012338865486 	idx: 1 3 1 16 512 64
100.08788662658296 42.133422215476834 	idx: 1 2 2 16 256 32
100.08897722220769 41.712087993322065 	idx: 1 1 2 32 512 32
100.03393183271058 41.29496711338884 	idx: 0 1 2 32 256 16
148.57540372670806 40.882017442254956 	idx: 0 2 3 64 256 16
148.26675447559185 40.473197267832404 	idx: 1 2 3 8 512 16
99.5040331220596 40.06846529515408 	idx: 1 3 2 8 256 8
95.19833762228167 39.66778064220254 	idx: 4 5 2 2 256 256
75.177934881711 39.27110283578051 	idx: 1 1 2 8 128 32
76.03509218054673 38.8783918074227 	idx: 1 1 3 16 64 16
50.9809073138568 38.48960788934848 	idx: 1 1 2 32 64 32
95.30827645600091 38.104711810454994 	idx: 4 5 2 4 256 256
75.95436350827057 37.72366469235045 	idx: 0 2 2 256 128 8
100.46292064047599 37.34642804542694 	idx: 0 2 2 512 256 16
100.46292064047599 36.97296376497267 	idx: 0 2 2 512 256 16
100.4494075628552 36.60323412732294 	idx: 0 2 2 256 512 8
50.94121193769612 36.23720178604971 	idx: 4 4 1 16 512 256
50.93197552078222 35.874829768189215 	idx: 0 2 1 128 2048 4
50.83504024510108 35.516081470507324 	idx: 0 1 1 64 2048 2
100.45764681178694 35.16092065580225 	idx: 4 4 2 64 256 256
100.42206294577846 34.80931144924423 	idx: 0 2 2 128 1024 2
100.35447914800264 34.461218334751784 	idx: 0 1 2 128 1024 2
100.23019173041858 34.11660615140427 	idx: 0 1 2 64 1024 2
50.94163570690576 33.775440089890225 	idx: 4 2 1 8 1024 512
100.46467870642587 33.43768568899132 	idx: 4 2 2 16 512 1024
100.3931970424775 33.10330883210141 	idx: 4 1 2 8 256 512
100.16941959587743 32.7722757437804 	idx: 4 1 2 8 256 256
148.57540372670806 32.44455298634259 	idx: 4 1 3 16 512 512
195.32035723398826 32.12010745647917 	idx: 4 2 4 16 256 512
112.72686145146089 31.798906381914374 	idx: 4 1 3 32 128 512
148.7120309808442 31.48091731809523 	idx: 4 2 4 64 128 512
195.28838222881768 31.16610814491428 	idx: 4 2 4 32 256 256
148.677369313841 30.854447063465138 	idx: 4 1 4 16 128 512
112.72686145146089 30.545902592830487 	idx: 4 2 3 8 128 1024
100.42952907424252 30.240443566902183 	idx: 4 1 2 16 256 512
148.57540372670806 29.93803913123316 	idx: 4 1 3 32 256 512
148.7067344024711 29.638658739920828 	idx: 4 1 4 64 128 512
148.57540372670806 29.34227215252162 	idx: 4 2 3 64 256 512
100.46467870642587 29.048849430996402 	idx: 4 2 2 64 512 1024
100.45676789417045 28.758360936686437 	idx: 4 2 2 32 512 512
100.44797956380624 28.47077732731957 	idx: 4 2 2 16 512 512
148.57540372670806 28.186069554046373 	idx: 4 1 3 16 512 1024
100.46467870642587 27.90420885850591 	idx: 4 2 2 8 512 1024
50.96003408606732 27.625166769920853 	idx: 4 1 1 8 1024 1024
100.3931970424775 27.348915102221643 	idx: 4 1 2 8 512 512
100.46467870642587 27.075425951199424 	idx: 4 1 2 8 256 1024
82.85639071700727 26.804671691687428 	idx: 1 1 6 2 32 32
75.96265481105112 26.536624974770554 	idx: 4 2 2 2 128 1024
75.88019925156749 26.271258725022847 	idx: 4 1 2 4 128 512
75.86559681787435 26.00854613777262 	idx: 4 2 3 2 64 256
54.153170476331965 25.748460676394892 	idx: 1 3 4 4 32 32
54.153170476331965 25.490976069630943 	idx: 1 3 4 4 32 32
75.790167397159 25.23606630893463 	idx: 1 4 3 2 64 64
54.12518589184185 24.983705645845284 	idx: 1 3 4 2 32 64
49.30520812477556 24.73386858938683 	idx: 2 5 1 16 512 4
50.684691174912594 24.48652990349296 	idx: 2 4 1 8 1024 4
72.38756344877642 24.24166460445803 	idx: 0 5 2 2 128 8
72.38756344877642 23.99924795841345 	idx: 0 5 2 2 128 8
111.27604279733292 23.759255478829314 	idx: 1 2 5 4 64 128
100.35404058943836 23.52166292404102 	idx: 2 4 2 32 512 4
111.94270421519067 23.28644629480061 	idx: 0 3 3 4 128 8
147.8407911001236 23.053581831852604 	idx: 2 3 3 16 512 16
99.88099520794391 22.82304601353408 	idx: 2 3 2 16 256 32
75.6167185292752 22.59481555339874 	idx: 2 3 2 16 128 16
75.96322019306868 22.36886739786475 	idx: 2 2 3 8 64 8
111.66020480603721 22.145178723886104 	idx: 2 1 3 4 128 8
50.207820383809576 21.923726936647242 	idx: 2 1 2 4 64 16
72.65259541187748 21.704489667280768 	idx: 2 1 2 2 128 32
111.8434763127006 21.48744477060796 	idx: 2 1 3 4 128 16
73.96402550626424 21.27257032290188 	idx: 2 1 3 2 64 16
111.8434763127006 21.059844619672862 	idx: 2 1 3 4 128 16
111.8434763127006 20.849246173476132 	idx: 2 1 3 4 128 16
193.608967260142 20.64075371174137 	idx: 2 2 4 8 256 8
147.50698968072226 20.434346174623958 	idx: 2 2 3 4 512 4
111.27604279733292 20.230002712877717 	idx: 1 1 5 16 64 256
99.40012466237275 20.027702685748938 	idx: 2 4 2 4 256 4
161.75345429956047 19.82742565889145 	idx: 1 1 7 16 64 256
148.85276913503424 19.629151402302536 	idx: 1 1 6 16 64 256
148.85276913503424 19.43285988827951 	idx: 1 1 6 16 64 256
144.50080088347312 19.238531289396715 	idx: 2 1 4 4 128 2
109.78121217336431 19.046145976502746 	idx: 2 1 5 4 64 4
100.19203657972582 18.855684516737718 	idx: 2 2 4 8 64 4
55.6106025216769 18.66712767157034 	idx: 2 2 4 16 32 4
55.542576435453064 18.480456394854638 	idx: 2 2 4 8 32 4
43.40526220286699 18.295651830906092 	idx: 1 1 6 32 16 128
46.95078020216559 18.11269531259703 	idx: 1 1 7 64 16 256
95.45347166799681 17.931568359471058 	idx: 1 1 8 32 32 128
50.401685630004216 17.752252675876345 	idx: 1 1 8 64 16 64
89.83153282844088 17.57473014911758 	idx: 1 1 7 128 32 128
161.75345429956047 17.398982847626407 	idx: 1 1 7 128 64 256
161.75345429956047 17.22499301915014 	idx: 1 1 7 128 64 128
89.83153282844088 17.05274308895864 	idx: 1 1 7 128 32 128
43.40526220286699 16.882215658069054 	idx: 1 1 6 128 16 256
73.6530187990875 16.713393501488362 	idx: 2 2 2 2 128 8
112.28054913474973 16.546259566473477 	idx: 2 2 3 4 128 16
96.32603800177645 16.380796970808742 	idx: 2 2 2 2 256 8
75.45410139596473 16.216989001100654 	idx: 4 3 2 8 128 16
97.8504572662456 16.054819111089646 	idx: 2 3 2 2 256 32
112.43585353941518 15.89427091997875 	idx: 2 2 3 4 128 32
75.39470798021874 15.735328210778961 	idx: 4 3 2 4 128 64
147.32552924288476 15.577974928671171 	idx: 4 3 3 4 256 32
112.43585353941518 15.42219517938446 	idx: 4 2 3 4 128 32
146.7772494702899 15.267973227590614 	idx: 4 3 4 4 128 16
146.9853448717292 15.115293495314708 	idx: 4 3 4 4 128 32
112.71123108958588 14.96414056036156 	idx: 4 4 3 8 128 64
112.67556030956099 14.814499154757945 	idx: 4 4 3 4 128 64
75.82708089465055 14.666354163210364 	idx: 4 4 2 8 128 64
75.82708089465055 14.519690621578262 	idx: 4 4 2 8 128 64
112.30347417840376 14.374493715362478 	idx: 4 3 3 16 128 32
75.72999420412208 14.230748778208852 	idx: 4 3 2 32 128 64
76.03509218054673 14.088441290426763 	idx: 2 1 3 8 64 64
100.08614172301752 13.947556877522496 	idx: 4 3 2 32 256 128
50.95576538279541 13.808081308747271 	idx: 4 4 1 64 512 256
50.95576538279541 13.670000495659798 	idx: 4 4 1 64 512 256
50.956613412610665 13.5333004907032 	idx: 4 4 1 128 256 128
100.12105135801501 13.397967485796167 	idx: 4 3 2 128 256 128
100.44215814169134 13.263987810938206 	idx: 4 4 2 64 256 64
100.09628482601025 13.131347932828824 	idx: 4 3 2 64 512 64
100.28260674000288 13.000034453500536 	idx: 4 2 2 32 1024 32
100.18657260465817 12.87003410896553 	idx: 4 1 2 32 1024 64
50.88798613665676 12.741333767875876 	idx: 4 2 1 32 1024 64
50.86318923013542 12.613920430197117 	idx: 4 1 1 64 512 32
100.40669499973765 12.487781225895146 	idx: 4 1 2 128 512 64
100.38090937603477 12.362903413636195 	idx: 4 1 2 128 1024 32
148.57540372670806 12.239274379499832 	idx: 4 2 3 128 512 32
100.36632167832168 12.116881635704834 	idx: 4 2 2 64 1024 16
100.25633767152294 11.995712819347785 	idx: 4 1 2 64 1024 16
100.23992649129049 11.875755691154307 	idx: 4 2 2 32 512 8
100.23992649129049 11.756998134242764 	idx: 4 2 2 32 1024 8
99.97851167346938 11.639428152900336 	idx: 4 3 2 32 512 4
148.57540372670806 11.523033871371332 	idx: 4 2 3 16 512 2
194.46563141080603 11.407803532657619 	idx: 4 1 4 32 1024 2
205.21316059328566 11.293725497331042 	idx: 4 1 5 32 1024 4
194.5084577219779 11.180788242357732 	idx: 4 1 4 32 1024 8
194.97872571661458 11.068980359934155 	idx: 4 2 4 32 512 16
148.57540372670806 10.958290556334813 	idx: 4 2 3 64 1024 16
148.57540372670806 10.848707650771464 	idx: 4 1 3 64 1024 32
100.3671990139774 10.74022057426375 	idx: 4 1 2 128 1024 16
112.72686145146089 10.632818368521113 	idx: 3 1 3 32 128 256
148.677369313841 10.526490184835902 	idx: 3 1 4 16 128 512
148.57540372670806 10.421225282987542 	idx: 4 1 3 64 1024 4
100.46467870642587 10.317013030157668 	idx: 3 2 2 16 256 1024
148.57540372670806 10.213842899856092 	idx: 4 2 3 32 512 4
193.5587862440998 10.11170447085753 	idx: 4 1 4 16 256 4
194.95348253796442 10.010587426148955 	idx: 4 2 4 32 256 8
194.4788067285604 9.910481551887466 	idx: 4 1 4 32 512 4
204.1904043783386 9.811376736368592 	idx: 4 1 5 16 1024 4
202.10533430731454 9.713262969004907 	idx: 4 1 5 8 1024 2
204.1904043783386 9.616130339314857 	idx: 4 1 5 16 1024 4
285.10893921334923 9.519969035921708 	idx: 4 1 6 32 1024 8
285.10893921334923 9.42476934556249 	idx: 4 1 6 32 1024 8
285.10893921334923 9.330521652106865 	idx: 4 1 6 32 1024 16
295.5693127481707 9.237216435585797 	idx: 4 1 7 16 512 16
285.10893921334923 9.144844271229939 	idx: 4 1 6 8 1024 32
296.0055478931154 9.053395828517639 	idx: 4 1 7 16 512 64
285.10893921334923 8.962861870232462 	idx: 4 1 6 16 1024 64
205.01529458241544 8.873233251530138 	idx: 4 1 5 16 1024 64
285.10893921334923 8.784500919014837 	idx: 4 1 6 8 1024 128
296.4756042140054 8.696655909824688 	idx: 4 1 7 8 512 256
285.10893921334923 8.609689350726441 	idx: 4 1 6 16 512 512
285.10893921334923 8.523592457219177 	idx: 4 1 6 16 512 512
206.11246701491734 8.438356532646985 	idx: 4 1 5 16 256 512
206.18278982904755 8.353972967320516 	idx: 4 1 5 16 256 1024
148.677369313841 8.27043323764731 	idx: 4 1 4 16 128 512
112.72686145146089 8.187728905270838 	idx: 4 1 3 32 128 1024
148.7028825824416 8.105851616218128 	idx: 1 1 4 256 128 128
148.57540372670806 8.024793100055946 	idx: 1 1 3 128 256 64
156.9713820893686 7.944545169055387 	idx: 2 1 5 4 128 8
147.6848609574769 7.865099717364833 	idx: 2 2 4 8 128 4
202.16760925449873 7.786448720191185 	idx: 2 1 5 8 256 4
147.65732216228034 7.708584232989273 	idx: 2 2 4 8 128 2
188.20716068303918 7.63149839065938 	idx: 2 1 4 4 256 4
191.82630240202488 7.5551834067527865 	idx: 2 2 4 4 256 8
146.9148176345269 7.479631572685259 	idx: 2 1 4 8 128 16
100.3172153491298 7.404835256958406 	idx: 3 4 2 4 512 256
146.90142511014977 7.330786904388821 	idx: 2 2 4 4 128 16
192.0513033024243 7.257479035344933 	idx: 2 2 4 4 256 16
204.36803631023895 7.1849042449914835 	idx: 2 2 5 8 256 16
217.90452982998013 7.1130552025415685 	idx: 2 2 6 4 128 16
217.90452982998013 7.041924650516153 	idx: 2 2 6 4 128 16
294.96377018226656 6.971505404010991 	idx: 2 1 7 8 256 32
285.10893921334923 6.901790349970882 	idx: 2 1 6 16 256 32
295.73108395255696 6.832772446471173 	idx: 2 1 7 16 512 32
295.5170128913325 6.764444722006462 	idx: 2 1 7 8 256 64
304.78623911658525 6.696800274786397 	idx: 2 1 8 4 512 64
303.81845893310754 6.6298322720385325 	idx: 2 1 9 2 256 128
304.78623911658525 6.563533949318147 	idx: 2 1 8 4 256 64
285.10893921334923 6.497898609824966 	idx: 3 1 6 32 512 64
296.3665558918235 6.432919623726716 	idx: 3 1 7 16 256 128
303.4009935524786 6.3685904274894485 	idx: 2 1 8 2 256 64
303.81845893310754 6.304904523214554 	idx: 3 1 9 4 256 256
263.15335533553355 6.2418554779824085 	idx: 3 1 10 2 128 128
303.81845893310754 6.1794369232025845 	idx: 3 1 9 4 256 256
303.81845893310754 6.117642553970558 	idx: 3 1 9 4 256 256
303.81845893310754 6.056466128430853 	idx: 3 1 9 4 256 256
245.76 5.9959014671465445 	idx: 3 1 9 2 128 256
187.8303869064051 5.935942452475079 	idx: 2 2 4 2 256 8
245.28945062046535 5.8765830279503275 	idx: 3 1 9 2 128 64
245.28945062046535 5.817817197670824 	idx: 3 1 9 2 128 64
245.53007831921093 5.759639025694116 	idx: 3 1 9 4 128 64
245.53007831921093 5.7020426354371745 	idx: 3 1 9 4 128 64
314.68811379512357 5.645022209082803 	idx: 3 1 10 2 256 32
303.4009935524786 5.588571986991974 	idx: 3 1 9 2 512 64
303.81845893310754 5.532686267122054 	idx: 3 1 9 2 256 128
303.81845893310754 5.477359404450834 	idx: 3 1 9 2 256 128
303.81845893310754 5.422585810406325 	idx: 3 1 9 2 256 128
303.81845893310754 5.368359952302262 	idx: 3 1 9 4 256 64
317.8822591362126 5.314676352779239 	idx: 3 1 10 4 256 64
317.02759241938435 5.261529589251447 	idx: 3 1 10 4 256 32
303.4009935524786 5.208914293358933 	idx: 3 1 9 2 256 64
305.8253569145536 5.156825150425344 	idx: 3 1 8 4 512 128
296.0065017804489 5.10525689892109 	idx: 3 1 7 4 256 128
285.10893921334923 5.0542043299318795 	idx: 3 1 6 4 256 256
158.8735027656417 5.003662286632561 	idx: 3 1 5 2 128 128
159.17165745655305 4.953625663766235 	idx: 3 2 5 2 128 64
148.6865145731962 4.9040894071285726 	idx: 3 1 6 4 64 32
161.62793671797056 4.8550485130572865 	idx: 3 1 7 8 64 32
168.69280677009874 4.806498027926714 	idx: 3 1 8 8 64 64
231.8605271527592 4.758433047647447 	idx: 3 1 7 8 128 64
245.6075466854906 4.710848717170973 	idx: 3 1 8 8 128 64
245.6075466854906 4.663740229999263 	idx: 3 1 8 8 128 64
245.6075466854906 4.61710282769927 	idx: 3 1 8 8 128 64
305.6279491325787 4.570931799422278 	idx: 3 1 8 16 256 32
296.03512125948725 4.525222481428055 	idx: 3 1 7 32 512 16
295.4846913270476 4.4799702566137745 	idx: 3 1 7 16 256 8
285.10893921334923 4.4351705540476365 	idx: 3 1 6 16 512 4
285.10893921334923 4.39081884850716 	idx: 3 1 6 16 512 4
295.4162689951276 4.346910660022088 	idx: 3 1 7 16 512 2
295.4162689951276 4.303441553421867 	idx: 3 1 7 16 512 2
304.66492955130417 4.260407137887648 	idx: 3 1 8 8 256 4
229.48266949141956 4.217803066508771 	idx: 3 1 7 4 128 2
229.59279942211413 4.175625035843683 	idx: 3 1 7 4 128 4
244.07908294228 4.133868785485246 	idx: 3 1 8 4 128 8
242.98468530192127 4.0925300976303935 	idx: 3 1 9 2 128 16
300.47418098076224 4.05160479665409 	idx: 3 1 8 2 256 8
303.3018137632037 4.011088748687548 	idx: 3 1 9 4 512 8
300.9516460473894 3.970977861200673 	idx: 3 1 8 2 512 16
303.54537090889863 3.9312680825886663 	idx: 3 1 9 4 256 16
302.93671046382775 3.8919554017627798 	idx: 3 1 9 4 256 8
244.0797315143769 3.853035847745152 	idx: 3 1 9 4 128 8
261.0466207978447 3.8145054892677006 	idx: 3 1 10 4 128 4
303.47717559370415 3.7763604343750234 	idx: 3 1 9 8 256 8
305.4511093375898 3.7385968300312733 	idx: 3 1 8 16 512 8
304.85097706032286 3.7012108617309605 	idx: 3 1 9 8 512 16
304.00045539540963 3.664198753113651 	idx: 3 1 8 4 256 32
304.00045539540963 3.6275567655825145 	idx: 3 1 8 4 256 32
303.81845893310754 3.591281197926689 	idx: 3 1 9 4 256 32
245.13234681106007 3.555368385947422 	idx: 3 1 8 2 128 64
245.13234681106007 3.519814702087948 	idx: 3 1 8 2 128 64
232.05147938561035 3.4846165550670687 	idx: 3 1 7 2 128 128
285.10893921334923 3.449770389516398 	idx: 3 1 6 2 256 256
285.10893921334923 3.415272685621234 	idx: 3 1 6 4 512 512
285.10893921334923 3.3811199587650216 	idx: 3 1 6 4 512 512
203.70903897417247 3.347308759177371 	idx: 3 1 5 2 256 256
205.88194147773757 3.3138356715855974 	idx: 3 1 5 4 256 512
205.57644857637786 3.2806973148697414 	idx: 3 1 5 2 512 512
285.10893921334923 3.247890341721044 	idx: 3 1 6 2 512 256
285.10893921334923 3.2154114383038332 	idx: 3 1 6 2 512 256
285.10893921334923 3.183257323920795 	idx: 3 1 6 2 512 256
285.10893921334923 3.1514247506815867 	idx: 3 1 6 4 512 512
285.10893921334923 3.1199105031747707 	idx: 3 1 6 4 512 512
285.10893921334923 3.088711398143023 	idx: 3 1 6 4 512 512
296.4756042140054 3.0578242841615926 	idx: 3 1 7 2 512 512
296.4756042140054 3.0272460413199767 	idx: 3 1 7 2 256 512
296.4756042140054 2.996973580906777 	idx: 3 1 7 2 256 512
285.10893921334923 2.967003845097709 	idx: 3 1 6 2 256 256
285.10893921334923 2.9373338066467323 	idx: 3 1 6 2 256 256
295.5198651335474 2.907960468580265 	idx: 3 1 7 2 256 128
295.5198651335474 2.8788808638944623 	idx: 3 1 7 2 256 128
306.15153583617746 2.8500920552555176 	idx: 3 1 8 2 512 256
306.15153583617746 2.8215911347029623 	idx: 3 1 8 4 256 256
245.76 2.7933752233559326 	idx: 3 1 8 2 128 256
232.05147938561035 2.765441471122373 	idx: 3 1 7 4 128 256
296.4756042140054 2.7377870564111495 	idx: 3 1 7 4 256 256
296.4756042140054 2.710409185847038 	idx: 3 1 7 8 512 256
296.0065017804489 2.6833050939885674 	idx: 3 1 7 4 512 128
285.10893921334923 2.656472043048682 	idx: 3 1 6 8 1024 128
285.10893921334923 2.629907322618195 	idx: 3 1 6 4 512 256
285.10893921334923 2.603608249392013 	idx: 3 1 6 8 256 256
285.10893921334923 2.577572166898093 	idx: 3 1 6 8 256 256
296.2470775294053 2.551796445229112 	idx: 3 1 7 8 512 128
294.5438202247191 2.526278480776821 	idx: 3 1 7 4 512 64
294.5438202247191 2.501015695969053 	idx: 3 1 7 4 512 64
305.47853658049905 2.4760055390093623 	idx: 3 1 8 2 256 128
305.47853658049905 2.4512454836192688 	idx: 3 1 8 2 256 128
305.47853658049905 2.426733028783076 	idx: 3 1 8 2 256 128
303.81845893310754 2.402465698495245 	idx: 3 1 9 2 256 256
303.81845893310754 2.3784410415102926 	idx: 3 1 9 2 256 128
303.81845893310754 2.3546566310951897 	idx: 3 1 9 2 256 128
303.81845893310754 2.3311100647842378 	idx: 3 1 9 2 256 128
304.78623911658525 2.307798964136395 	idx: 3 1 8 4 256 64
304.78623911658525 2.2847209744950314 	idx: 3 1 8 4 256 64
303.81845893310754 2.261873764750081 	idx: 3 1 9 4 256 128
306.15153583617746 2.23925502710258 	idx: 3 1 8 8 256 256
245.76 2.2168624768315546 	idx: 3 1 9 16 128 128
245.76 2.194693852063239 	idx: 3 1 9 16 128 128
303.81845893310754 2.1727469135426065 	idx: 3 1 9 8 256 128
303.81845893310754 2.1510194444071806 	idx: 3 1 9 4 256 128
303.81845893310754 2.129509249963109 	idx: 3 1 9 4 256 128
305.47853658049905 2.108214157463478 	idx: 3 1 8 2 512 128
296.4756042140054 2.087132015888843 	idx: 3 1 7 4 512 256
285.10893921334923 2.0662606957299547 	idx: 3 1 6 4 256 512
296.4756042140054 2.045598088772655 	idx: 3 1 7 4 512 512
285.10893921334923 2.0251421078849283 	idx: 3 1 6 2 256 256
296.2508993449634 2.004890686806079 	idx: 4 1 7 64 256 8
296.2508993449634 1.9848417799380185 	idx: 4 1 7 64 256 8
296.03512125948725 1.9649933621386382 	idx: 4 1 7 32 512 16
305.8986865592114 1.9453434285172517 	idx: 4 1 8 32 256 32
296.4756042140054 1.9258899942320793 	idx: 3 1 7 2 256 512
296.4756042140054 1.9066310942897584 	idx: 3 1 7 2 256 512
305.47345708983767 1.8875647833468607 	idx: 4 1 8 8 256 64
306.0780849305574 1.868689135513392 	idx: 4 1 8 16 256 128
306.0780849305574 1.8500022441582582 	idx: 4 1 8 16 256 128
296.25376577134455 1.8315022217166756 	idx: 4 1 7 32 256 64
285.10893921334923 1.8131871994995088 	idx: 2 1 6 128 256 16
285.10893921334923 1.7950553275045138 	idx: 2 1 6 64 256 32
305.8986865592114 1.7771047742294686 	idx: 4 1 8 32 256 32
285.10893921334923 1.7593337264871738 	idx: 3 1 6 2 256 1024
285.10893921334923 1.741740389222302 	idx: 3 1 6 2 256 1024
296.38568137378275 1.724322985330079 	idx: 2 1 7 128 256 8
296.38568137378275 1.7070797554767783 	idx: 2 1 7 128 256 8
296.38568137378275 1.6900089579220106 	idx: 2 1 7 128 256 8
296.38568137378275 1.6731088683427904 	idx: 2 1 7 128 256 8
285.10893921334923 1.6563777796593624 	idx: 2 1 6 64 256 8
285.10893921334923 1.6398140018627687 	idx: 2 1 6 128 512 8
285.10893921334923 1.623415861844141 	idx: 2 1 6 64 256 8
285.10893921334923 1.6071817032256996 	idx: 2 1 6 128 512 16
296.4756042140054 1.5911098861934427 	idx: 3 1 7 8 512 512
296.4756042140054 1.5751987873315083 	idx: 3 1 7 4 256 256
285.10893921334923 1.5594467994581933 	idx: 2 1 6 128 512 16
296.4756042140054 1.5438523314636114 	idx: 3 1 7 4 256 256
296.4756042140054 1.5284138081489753 	idx: 3 1 7 4 256 256
294.64207960173474 1.5131296700674854 	idx: 4 1 7 8 512 16
294.64207960173474 1.4979983733668105 	idx: 4 1 7 8 512 16
305.0808163807563 1.4830183896331424 	idx: 4 1 8 8 512 32
303.81845893310754 1.468188205736811 	idx: 4 1 9 16 256 32
305.9975335045622 1.4535063236794428 	idx: 4 1 8 32 512 64
304.78623911658525 1.4389712604426483 	idx: 3 1 8 4 256 64
303.81845893310754 1.4245815478382218 	idx: 3 1 9 8 256 32
305.82332048183144 1.4103357323598396 	idx: 3 1 8 16 256 64
305.82332048183144 1.396232375036241 	idx: 3 1 8 16 256 64
305.47345708983767 1.3822700512858788 	idx: 3 1 8 8 512 64
305.6279491325787 1.36844735077302 	idx: 3 1 8 16 512 32
305.84368602955374 1.3547628772652898 	idx: 3 1 8 32 512 16
305.84368602955374 1.341215248492637 	idx: 3 1 8 32 512 16
305.82332048183144 1.3278030960077105 	idx: 4 1 8 16 256 64
303.81845893310754 1.3145250650476334 	idx: 3 1 9 16 256 32
305.51206545599683 1.301379814397157 	idx: 3 1 8 16 512 16
304.85097706032286 1.2883660162531856 	idx: 3 1 8 8 512 16
318.20601525638625 1.2754823560906536 	idx: 4 1 10 8 256 32
318.20601525638625 1.2627275325297471 	idx: 4 1 10 8 256 32
317.02759241938435 1.2501002572044497 	idx: 4 1 10 4 256 32
305.99039808121523 1.2375992546324053 	idx: 0 1 8 8 256 128
303.81845893310754 1.2252232620860812 	idx: 0 1 9 8 256 256
303.81845893310754 1.2129710294652205 	idx: 0 1 9 8 256 256
305.0808163807563 1.2008413191705682 	idx: 4 1 8 8 256 32
306.15153583617746 1.1888329059788625 	idx: 0 1 8 8 512 256
296.4756042140054 1.1769445769190738 	idx: 0 1 7 4 512 512
306.15153583617746 1.165175131149883 	idx: 0 1 8 4 256 256
306.15153583617746 1.1535233798383842 	idx: 0 1 8 4 256 256
306.15153583617746 1.1419881460400003 	idx: 0 1 8 4 256 256
306.15153583617746 1.1305682645796002 	idx: 0 1 8 4 256 256
306.15153583617746 1.1192625819338042 	idx: 0 1 8 4 256 256
303.81845893310754 1.1080699561144662 	idx: 4 1 9 8 256 128
305.6279491325787 1.0969892565533215 	idx: 2 1 8 16 512 32
304.85097706032286 1.0860193639877882 	idx: 2 1 8 8 512 16
304.85097706032286 1.0751591703479102 	idx: 2 1 8 8 256 16
304.85097706032286 1.0644075786444311 	idx: 2 1 8 8 256 16
306.0780849305574 1.0537635028579868 	idx: 0 1 8 16 512 128
303.81845893310754 1.0432258678294068 	idx: 0 1 9 16 256 128
306.1209270084183 1.0327936091511127 	idx: 0 1 8 32 256 128
306.1209270084183 1.0224656730596016 	idx: 0 1 8 32 256 128
306.15153583617746 1.0122410163290056 	idx: 0 1 8 32 256 256
306.14337288361554 1.0021186061657157 	idx: 0 1 8 64 256 128
###### ACC Parameters ######
cim type:    LccCIM
bus_width:   25.6
macros_row:  1
macros_col:  8
scr:         64
is_size:     256
os_size:     128
best=306.14337288361554, area=4874017.464968751 459
bert_base_sl64_LCC-CIM@ISSCC20_tt_running start at 1757782490.4815652
436.99188673590265 100 	idx: 1 3 2 2 32 128
629.6458665789257 99.0 	idx: 3 4 2 4 128 128
864.7968065074941 98.01 	idx: 2 4 3 4 128 32
864.7968065074941 97.0299 	idx: 2 4 3 4 128 32
881.6976156651948 96.059601 	idx: 2 4 3 4 64 32
679.8151067955416 95.09900499 	idx: 0 2 5 4 32 64
901.6378499352154 94.1480149401 	idx: 2 4 3 16 64 64
901.6378499352154 93.206534790699 	idx: 2 4 3 16 64 32
654.4215102485733 92.27446944279201 	idx: 0 3 3 8 16 128
910.7926228532899 91.35172474836409 	idx: 2 4 3 8 16 32
616.5858310846188 90.43820750088045 	idx: 4 4 2 16 256 128
661.4954457727207 89.53382542587164 	idx: 0 3 3 16 4 64
620.8282029792641 88.63848717161292 	idx: 4 3 3 16 256 128
674.8604628609213 87.75210229989679 	idx: 1 4 2 4 4 512
674.8604628609213 86.87458127689783 	idx: 1 4 2 4 4 512
668.261801038893 86.00583546412885 	idx: 2 4 2 16 16 512
366.9073600958658 85.14577710948755 	idx: 4 1 4 16 128 512
531.2346818268569 84.29431933839268 	idx: 0 2 3 8 2 64
530.8417136219422 83.45137614500875 	idx: 0 2 3 4 2 128
676.7797707111491 82.61686238355867 	idx: 0 2 4 8 4 128
676.7797707111491 81.79069375972308 	idx: 0 2 4 8 4 128
710.4975719932241 80.97278682212585 	idx: 0 2 5 8 2 128
825.4129758096402 80.1630589539046 	idx: 0 3 4 8 2 64
700.2764168636121 79.36142836436555 	idx: 4 2 5 32 32 256
907.0153408642072 78.56781408072189 	idx: 0 4 3 4 2 16
572.050280248113 77.78213593991467 	idx: 0 4 2 2 2 16
627.0325860797859 77.00431458051553 	idx: 0 4 2 4 2 8
656.8455882668421 76.23427143471037 	idx: 2 2 4 2 32 256
656.8455882668421 75.47192872036327 	idx: 2 2 4 2 32 256
687.7967622613254 74.71720943315964 	idx: 2 2 5 4 64 128
527.6975526805617 73.97003733882804 	idx: 4 2 3 256 16 8
527.6975526805617 73.23033696543976 	idx: 2 1 6 8 32 32
910.882941631463 72.49803359578536 	idx: 2 2 6 4 16 16
588.7289540644648 71.7730532598275 	idx: 0 2 4 2 16 16
588.7289540644648 71.05532272722922 	idx: 0 2 4 2 16 16
881.7822559278103 70.34476949995693 	idx: 2 2 6 2 16 16
898.4980984427576 69.64132180495736 	idx: 0 4 3 4 8 16
922.593535686306 68.94490858690779 	idx: 2 2 6 8 16 32
910.882941631463 68.25545950103871 	idx: 2 2 6 4 16 16
910.882941631463 67.57290490602833 	idx: 2 2 6 4 16 16
639.66947729077 66.89717585696805 	idx: 3 5 2 4 16 512
931.5760086002313 66.22820409839836 	idx: 2 2 6 16 4 8
931.5760086002313 65.56592205741438 	idx: 2 2 6 8 4 8
702.311014603563 64.91026283684023 	idx: 2 2 5 8 4 8
931.5760086002313 64.26116020847184 	idx: 2 2 6 8 4 8
674.711749669458 63.618548606387115 	idx: 0 2 4 16 4 2
709.9539163098422 62.98236312032324 	idx: 0 2 5 32 4 2
824.3610791018255 62.35253948912001 	idx: 2 3 4 16 4 4
551.4844956772334 61.72901409422881 	idx: 1 5 2 2 8 32
470.6567686663524 61.11172395328652 	idx: 0 1 8 16 8 8
702.9990173118427 60.500606713753655 	idx: 2 2 5 8 4 16
931.5760086002313 59.89560064661612 	idx: 2 2 6 16 4 16
600.3376181326222 59.29664464014996 	idx: 3 4 2 2 4 64
703.9903861187327 58.70367819374846 	idx: 2 2 5 8 2 16
455.9523950401572 58.116641411810974 	idx: 0 1 9 8 8 4
688.9316552913823 57.535474997692866 	idx: 2 2 5 4 4 64
537.6683306017326 56.960120247715935 	idx: 0 1 7 4 8 8
618.7372527887051 56.390519045238776 	idx: 1 6 2 8 2 128
705.9489809093425 55.82661385478639 	idx: 0 2 5 16 8 4
673.5935467785225 55.26834771623852 	idx: 1 4 2 8 4 128
472.31695924474747 54.71566423907614 	idx: 4 3 2 128 4 32
674.8604628609213 54.16850759668538 	idx: 4 4 2 64 4 64
757.7191163611766 53.62682252071853 	idx: 2 3 4 2 8 64
914.3465817240693 53.09055429551134 	idx: 3 4 3 4 4 64
929.3328369081344 52.55964875255623 	idx: 3 4 3 8 2 64
813.9949275554965 52.03405226503067 	idx: 4 3 4 16 16 8
821.3609363962337 51.51371174238036 	idx: 4 3 4 16 8 16
909.6381224004754 50.998574624956554 	idx: 4 4 3 8 16 16
784.3770396051441 50.488588878706985 	idx: 4 3 4 4 32 32
896.0089898162238 49.98370298991991 	idx: 4 4 3 8 64 16
896.0089898162238 49.483865960020715 	idx: 4 4 3 8 64 16
801.2705984978671 48.98902730042051 	idx: 4 3 4 8 64 16
790.1595506197903 48.4991370274163 	idx: 4 3 4 8 128 8
620.8282029792641 48.01414565714214 	idx: 4 3 3 16 256 16
638.5577665313386 47.53400420057071 	idx: 4 3 3 16 128 32
663.6844669874713 47.05866415856501 	idx: 4 2 4 16 64 64
656.8455882668421 46.58807751697936 	idx: 4 2 4 8 128 128
807.5897450325303 46.12219674180957 	idx: 4 3 4 8 64 128
677.203883838719 45.66097477439147 	idx: 0 2 4 32 4 16
661.4954457727207 45.20436502664755 	idx: 0 3 3 64 4 8
661.4954457727207 44.752321376381076 	idx: 0 3 3 64 4 8
677.3387133881957 44.30479816261727 	idx: 0 4 2 32 2 8
674.8604628609213 43.861750180991095 	idx: 0 4 2 64 4 8
641.4652476326154 43.42313267918119 	idx: 0 5 2 64 8 4
633.3447625351647 42.98890135238938 	idx: 1 5 2 4 16 256
633.3447625351647 42.559012338865486 	idx: 1 5 2 4 16 256
637.0476083473774 42.133422215476834 	idx: 2 3 3 2 128 512
517.0865660887188 41.712087993322065 	idx: 4 2 3 64 128 512
505.3990008143143 41.29496711338884 	idx: 2 2 3 4 256 1024
643.190051256197 40.882017442254956 	idx: 4 4 2 32 128 256
584.3098261483559 40.473197267832404 	idx: 3 3 3 8 512 8
664.6353043327256 40.06846529515408 	idx: 4 4 2 128 32 128
652.4923111894072 39.66778064220254 	idx: 4 3 3 64 32 64
668.261801038893 39.27110283578051 	idx: 4 2 4 64 32 32
677.3387133881957 38.8783918074227 	idx: 0 4 2 64 2 128
616.5858310846188 38.48960788934848 	idx: 2 4 2 32 256 256
554.1126717741449 38.104711810454994 	idx: 3 6 2 4 128 16
554.1126717741449 37.72366469235045 	idx: 3 6 2 4 128 16
596.9200920185597 37.34642804542694 	idx: 3 6 2 8 64 8
677.203883838719 36.97296376497267 	idx: 0 2 4 32 4 64
523.081806792556 36.60323412732294 	idx: 4 2 3 128 64 32
286.9508340934934 36.23720178604971 	idx: 0 1 3 32 4 128
532.0254477214281 35.874829768189215 	idx: 0 2 3 16 4 256
828.9138339920949 35.516081470507324 	idx: 0 3 4 16 2 128
709.9539163098422 35.16092065580225 	idx: 0 2 5 32 4 128
674.8604628609213 34.80931144924423 	idx: 0 2 4 32 8 256
638.5577665313386 34.461218334751784 	idx: 2 3 3 64 128 256
662.1821390466853 34.11660615140427 	idx: 3 4 2 8 8 16
658.5550444508174 33.775440089890225 	idx: 0 3 3 64 8 64
664.5054842980229 33.43768568899132 	idx: 4 2 4 32 64 64
533.0752216908863 33.10330883210141 	idx: 3 2 3 32 2 8
674.8604628609213 32.7722757437804 	idx: 0 2 4 16 8 256
661.4954457727207 32.44455298634259 	idx: 3 3 3 32 4 16
697.0348884504477 32.12010745647917 	idx: 4 2 5 32 64 32
812.2171117320412 31.798906381914374 	idx: 4 3 4 16 32 32
668.261801038893 31.48091731809523 	idx: 4 2 4 32 32 16
668.261801038893 31.16610814491428 	idx: 4 2 4 32 32 16
668.261801038893 30.854447063465138 	idx: 4 2 4 32 32 16
915.4400797289217 30.545902592830487 	idx: 2 4 3 16 16 64
665.868715747963 30.240443566902183 	idx: 2 4 2 8 8 64
667.8488108827314 29.93803913123316 	idx: 0 2 4 8 32 128
794.8087947459959 29.638658739920828 	idx: 0 3 4 4 32 64
794.8087947459959 29.34227215252162 	idx: 0 3 4 4 32 64
807.5897450325303 29.048849430996402 	idx: 0 3 4 8 64 128
901.6378499352154 28.758360936686437 	idx: 0 4 3 16 64 64
674.8604628609213 28.47077732731957 	idx: 2 4 2 16 4 256
674.8604628609213 28.186069554046373 	idx: 2 4 2 16 4 256
670.0899306239468 27.90420885850591 	idx: 4 2 4 128 16 256
707.8639499398909 27.625166769920853 	idx: 4 2 5 64 8 128
707.8639499398909 27.348915102221643 	idx: 4 2 5 64 8 128
707.8639499398909 27.075425951199424 	idx: 4 2 5 64 8 128
670.0899306239468 26.804671691687428 	idx: 4 2 4 32 16 256
675.5056449477864 26.536624974770554 	idx: 2 2 4 16 4 32
700.2764168636121 26.271258725022847 	idx: 0 2 5 64 32 32
670.0899306239468 26.00854613777262 	idx: 0 2 4 128 16 64
670.0899306239468 25.748460676394892 	idx: 0 2 4 128 16 64
668.261801038893 25.490976069630943 	idx: 4 2 4 32 32 128
677.203883838719 25.23606630893463 	idx: 0 2 4 128 4 64
697.0348884504477 24.983705645845284 	idx: 4 2 5 16 64 64
710.9650118422886 24.73386858938683 	idx: 0 2 5 64 2 128
709.9539163098422 24.48652990349296 	idx: 0 2 5 64 4 128
690.6410345864662 24.24166460445803 	idx: 4 2 5 32 128 64
690.6410345864662 23.99924795841345 	idx: 4 2 5 32 128 64
690.6410345864662 23.759255478829314 	idx: 4 2 5 32 128 64
697.0348884504477 23.52166292404102 	idx: 4 2 5 32 64 64
677.203883838719 23.28644629480061 	idx: 2 2 4 64 4 32
678.4493507644582 23.053581831852604 	idx: 2 2 4 128 2 32
663.119099047069 22.82304601353408 	idx: 0 3 3 32 2 64
677.203883838719 22.59481555339874 	idx: 2 2 4 64 4 64
709.9539163098422 22.36886739786475 	idx: 2 2 5 64 4 32
639.66947729077 22.145178723886104 	idx: 1 5 2 32 16 128
639.66947729077 21.923726936647242 	idx: 1 5 2 32 16 128
634.9778278572367 21.704489667280768 	idx: 4 3 3 8 128 32
677.203883838719 21.48744477060796 	idx: 0 2 4 32 4 64
664.5054842980229 21.27257032290188 	idx: 2 2 4 128 64 16
664.5054842980229 21.059844619672862 	idx: 2 2 4 128 64 16
645.7130035007802 20.849246173476132 	idx: 1 5 2 8 4 512
526.1861142935704 20.64075371174137 	idx: 2 2 3 256 32 64
530.1217600073873 20.434346174623958 	idx: 3 2 3 256 8 32
532.0254477214281 20.230002712877717 	idx: 3 2 3 256 4 32
532.0254477214281 20.027702685748938 	idx: 3 2 3 256 4 32
670.2219420365992 19.82742565889145 	idx: 1 4 2 16 8 512
661.4954457727207 19.629151402302536 	idx: 1 3 3 32 4 512
674.8604628609213 19.43285988827951 	idx: 1 2 4 32 8 256
710.9650118422886 19.238531289396715 	idx: 3 2 5 32 2 32
677.203883838719 19.046145976502746 	idx: 3 2 4 64 4 16
677.203883838719 18.855684516737718 	idx: 3 2 4 64 4 16
674.8604628609213 18.66712767157034 	idx: 1 2 4 16 8 256
674.8604628609213 18.480456394854638 	idx: 2 2 4 64 8 512
709.9539163098422 18.295651830906092 	idx: 1 2 5 64 4 128
533.0752216908863 18.11269531259703 	idx: 3 2 3 64 2 64
677.203883838719 17.931568359471058 	idx: 3 2 4 128 4 64
677.203883838719 17.752252675876345 	idx: 1 2 4 64 4 32
677.203883838719 17.57473014911758 	idx: 1 2 4 32 4 64
663.119099047069 17.398982847626407 	idx: 1 3 3 32 2 128
678.4493507644582 17.22499301915014 	idx: 2 2 4 64 2 256
928.5437062795681 17.05274308895864 	idx: 1 4 3 16 4 128
791.9034562430492 16.882215658069054 	idx: 4 3 4 8 128 32
674.8604628609213 16.713393501488362 	idx: 1 4 2 32 4 256
802.4676113431062 16.546259566473477 	idx: 4 3 4 8 64 32
910.9010075366917 16.380796970808742 	idx: 4 4 3 16 32 32
910.9010075366917 16.216989001100654 	idx: 4 4 3 16 32 32
910.9010075366917 16.054819111089646 	idx: 4 4 3 16 32 32
910.9010075366917 15.89427091997875 	idx: 4 4 3 16 32 32
663.4064538494872 15.735328210778961 	idx: 4 4 2 16 32 64
899.3778404417812 15.577974928671171 	idx: 4 4 3 8 64 64
899.3778404417812 15.42219517938446 	idx: 4 4 3 8 64 64
899.3778404417812 15.267973227590614 	idx: 4 4 3 8 64 64
670.2219420365992 15.115293495314708 	idx: 3 4 2 128 8 8
670.2219420365992 14.96414056036156 	idx: 3 4 2 128 8 8
643.0684728960578 14.814499154757945 	idx: 0 2 4 16 256 128
638.5577665313386 14.666354163210364 	idx: 0 3 3 32 128 64
443.0132708279075 14.519690621578262 	idx: 0 3 2 64 256 32
442.5565033051321 14.374493715362478 	idx: 0 3 2 32 256 32
645.7130035007802 14.230748778208852 	idx: 1 5 2 8 4 512
659.2261809413081 14.088441290426763 	idx: 4 2 4 4 2 64
674.8604628609213 13.947556877522496 	idx: 3 4 2 128 4 2
674.8604628609213 13.808081308747271 	idx: 3 4 2 128 4 2
665.2514383383065 13.670000495659798 	idx: 1 4 2 2 8 512
673.5935467785225 13.5333004907032 	idx: 4 4 2 8 4 128
673.5935467785225 13.397967485796167 	idx: 4 4 2 8 4 128
931.746100787146 13.263987810938206 	idx: 4 4 3 8 2 128
931.746100787146 13.131347932828824 	idx: 4 4 3 8 2 128
931.746100787146 13.000034453500536 	idx: 4 4 3 8 2 128
931.746100787146 12.87003410896553 	idx: 4 4 3 8 2 128
878.0230328056894 12.741333767875876 	idx: 0 4 3 8 128 8
878.0230328056894 12.613920430197117 	idx: 0 4 3 8 128 8
878.0230328056894 12.487781225895146 	idx: 0 4 3 8 128 8
878.0230328056894 12.362903413636195 	idx: 0 4 3 8 128 8
878.0230328056894 12.239274379499832 	idx: 0 4 3 8 128 8
664.5054842980229 12.116881635704834 	idx: 1 2 4 8 64 256
878.4596763704526 11.995712819347785 	idx: 0 4 3 4 64 16
931.746100787146 11.875755691154307 	idx: 2 4 3 8 2 128
672.8928531661148 11.756998134242764 	idx: 2 4 2 8 2 64
677.3387133881957 11.639428152900336 	idx: 3 4 2 128 2 8
677.3387133881957 11.523033871371332 	idx: 3 4 2 128 2 8
677.3387133881957 11.407803532657619 	idx: 3 4 2 128 2 8
567.4771576489195 11.293725497331042 	idx: 0 6 2 4 64 32
533.0752216908863 11.180788242357732 	idx: 2 2 3 64 2 32
678.4493507644582 11.068980359934155 	idx: 2 2 4 32 2 64
533.0752216908863 10.958290556334813 	idx: 2 2 3 32 2 64
533.0752216908863 10.848707650771464 	idx: 2 2 3 32 2 64
533.0752216908863 10.74022057426375 	idx: 2 2 3 32 2 64
663.119099047069 10.632818368521113 	idx: 3 3 3 64 2 64
460.57741920926617 10.526490184835902 	idx: 4 3 2 8 64 128
605.6017932962367 10.421225282987542 	idx: 0 3 3 2 16 64
605.6017932962367 10.317013030157668 	idx: 0 3 3 2 16 64
826.8395347999856 10.213842899856092 	idx: 0 4 3 2 16 32
826.8395347999856 10.11170447085753 	idx: 0 4 3 2 16 32
826.8395347999856 10.010587426148955 	idx: 0 4 3 2 16 32
601.6352118211114 9.910481551887466 	idx: 0 5 2 4 8 32
370.31541568902543 9.811376736368592 	idx: 1 1 4 128 32 128
697.0348884504477 9.713262969004907 	idx: 1 2 5 64 64 64
668.261801038893 9.616130339314857 	idx: 1 2 4 64 32 128
668.261801038893 9.519969035921708 	idx: 1 2 4 64 32 128
928.5437062795681 9.42476934556249 	idx: 0 4 3 16 4 64
928.5437062795681 9.330521652106865 	idx: 0 4 3 16 4 64
928.5437062795681 9.237216435585797 	idx: 0 4 3 16 4 64
928.5437062795681 9.144844271229939 	idx: 0 4 3 16 4 64
928.5437062795681 9.053395828517639 	idx: 0 4 3 16 4 64
928.5437062795681 8.962861870232462 	idx: 0 4 3 16 4 64
928.5437062795681 8.873233251530138 	idx: 0 4 3 16 4 64
928.5437062795681 8.784500919014837 	idx: 0 4 3 16 4 64
928.5437062795681 8.696655909824688 	idx: 0 4 3 16 4 64
928.5437062795681 8.609689350726441 	idx: 0 4 3 16 4 64
928.5437062795681 8.523592457219177 	idx: 0 4 3 16 4 64
928.5437062795681 8.438356532646985 	idx: 0 4 3 16 4 64
928.5437062795681 8.353972967320516 	idx: 0 4 3 16 4 64
918.4607299270073 8.27043323764731 	idx: 3 2 6 4 4 8
918.4607299270073 8.187728905270838 	idx: 3 2 6 4 4 8
918.4607299270073 8.105851616218128 	idx: 3 2 6 4 4 8
918.4607299270073 8.024793100055946 	idx: 3 2 6 4 4 8
885.0447806062475 7.944545169055387 	idx: 3 2 6 2 4 4
885.0447806062475 7.865099717364833 	idx: 3 2 6 2 4 4
710.9650118422886 7.786448720191185 	idx: 0 2 5 32 2 64
710.9650118422886 7.708584232989273 	idx: 0 2 5 32 2 64
646.8452350269357 7.63149839065938 	idx: 3 2 4 4 2 16
704.3790745824579 7.5551834067527865 	idx: 3 2 5 8 4 32
704.3790745824579 7.479631572685259 	idx: 3 2 5 8 4 32
689.8837186246676 7.404835256958406 	idx: 3 2 5 4 2 64
689.8837186246676 7.330786904388821 	idx: 3 2 5 4 2 64
896.6562308428183 7.257479035344933 	idx: 3 2 6 2 4 32
896.6562308428183 7.1849042449914835 	idx: 3 2 6 2 4 32
896.6562308428183 7.1130552025415685 	idx: 3 2 6 2 4 32
908.387717441826 7.041924650516153 	idx: 3 2 6 2 4 64
908.387717441826 6.971505404010991 	idx: 3 2 6 2 4 64
908.387717441826 6.901790349970882 	idx: 3 2 6 2 4 64
909.8093085448837 6.832772446471173 	idx: 3 2 6 2 2 64
909.8093085448837 6.764444722006462 	idx: 3 2 6 2 2 64
909.8093085448837 6.696800274786397 	idx: 3 2 6 2 2 64
883.9716067441682 6.6298322720385325 	idx: 4 4 3 16 128 4
706.6930627255172 6.563533949318147 	idx: 3 2 5 8 4 64
895.4499668551374 6.497898609824966 	idx: 4 4 3 8 64 8
827.0554334026633 6.432919623726716 	idx: 3 3 4 16 4 128
827.0554334026633 6.3685904274894485 	idx: 3 3 4 16 4 128
827.0554334026633 6.304904523214554 	idx: 3 3 4 16 4 128
827.0554334026633 6.2418554779824085 	idx: 3 3 4 16 4 128
827.0554334026633 6.1794369232025845 	idx: 3 3 4 16 4 128
823.5628382376674 6.117642553970558 	idx: 3 3 4 16 8 128
823.5628382376674 6.056466128430853 	idx: 3 3 4 16 8 128
928.5437062795681 5.9959014671465445 	idx: 4 2 6 16 8 64
928.5437062795681 5.935942452475079 	idx: 4 2 6 16 8 64
928.5437062795681 5.8765830279503275 	idx: 4 2 6 16 8 64
928.5437062795681 5.817817197670824 	idx: 4 2 6 16 8 64
928.5437062795681 5.759639025694116 	idx: 4 2 6 16 8 64
928.5437062795681 5.7020426354371745 	idx: 4 2 6 8 8 32
931.5760086002313 5.645022209082803 	idx: 0 2 6 8 4 8
931.5760086002313 5.588571986991974 	idx: 0 2 6 16 4 16
931.5760086002313 5.532686267122054 	idx: 0 2 6 16 4 16
928.5437062795681 5.477359404450834 	idx: 0 2 6 8 8 32
928.5437062795681 5.422585810406325 	idx: 4 2 6 16 8 32
928.5437062795681 5.368359952302262 	idx: 4 2 6 16 8 32
931.5760086002313 5.314676352779239 	idx: 4 2 6 16 4 32
931.5760086002313 5.261529589251447 	idx: 4 2 6 16 4 32
931.5760086002313 5.208914293358933 	idx: 4 2 6 16 4 32
931.5760086002313 5.156825150425344 	idx: 4 2 6 16 4 32
931.5760086002313 5.10525689892109 	idx: 4 2 6 16 4 32
931.5760086002313 5.0542043299318795 	idx: 4 2 6 16 4 32
931.5760086002313 5.003662286632561 	idx: 4 2 6 16 4 32
931.5760086002313 4.953625663766235 	idx: 4 2 6 8 4 32
928.5437062795681 4.9040894071285726 	idx: 4 2 6 8 8 64
928.5437062795681 4.8550485130572865 	idx: 4 2 6 8 8 64
928.5437062795681 4.806498027926714 	idx: 4 2 6 8 8 64
927.7465442535527 4.758433047647447 	idx: 0 2 6 4 8 128
928.5437062795681 4.710848717170973 	idx: 4 2 6 8 8 16
928.5437062795681 4.663740229999263 	idx: 4 2 6 8 8 16
927.7465442535527 4.61710282769927 	idx: 0 2 6 4 8 128
927.7465442535527 4.570931799422278 	idx: 0 2 6 4 8 128
931.5760086002313 4.525222481428055 	idx: 4 2 6 8 4 4
931.5760086002313 4.4799702566137745 	idx: 4 2 6 8 4 4
927.7465442535527 4.4351705540476365 	idx: 0 2 6 4 8 128
927.7465442535527 4.39081884850716 	idx: 0 2 6 4 8 128
677.3387133881957 4.346910660022088 	idx: 3 4 2 64 2 128
708.9456925427967 4.303441553421867 	idx: 4 2 5 16 2 2
931.5760086002313 4.260407137887648 	idx: 4 2 6 8 4 2
931.5760086002313 4.217803066508771 	idx: 4 2 6 8 4 2
931.5760086002313 4.175625035843683 	idx: 4 2 6 8 4 2
931.5760086002313 4.133868785485246 	idx: 4 2 6 8 4 2
914.6379256780978 4.0925300976303935 	idx: 4 2 6 4 8 2
914.6379256780978 4.05160479665409 	idx: 4 2 6 4 8 2
928.5437062795681 4.011088748687548 	idx: 2 2 6 8 8 128
928.5437062795681 3.970977861200673 	idx: 2 2 6 8 8 128
928.5437062795681 3.9312680825886663 	idx: 2 2 6 8 8 128
928.5437062795681 3.8919554017627798 	idx: 2 2 6 8 8 128
928.5437062795681 3.853035847745152 	idx: 2 2 6 8 8 128
928.5437062795681 3.8145054892677006 	idx: 2 2 6 8 8 128
928.5437062795681 3.7763604343750234 	idx: 2 2 6 8 8 128
928.5437062795681 3.7385968300312733 	idx: 2 2 6 8 8 128
922.593535686306 3.7012108617309605 	idx: 2 2 6 8 16 128
922.593535686306 3.664198753113651 	idx: 2 2 6 8 16 128
922.593535686306 3.6275567655825145 	idx: 2 2 6 8 16 128
922.593535686306 3.591281197926689 	idx: 2 2 6 8 16 128
922.593535686306 3.555368385947422 	idx: 2 2 6 8 16 128
928.5437062795681 3.519814702087948 	idx: 4 2 6 8 8 2
928.5437062795681 3.4846165550670687 	idx: 4 2 6 8 8 2
928.5437062795681 3.449770389516398 	idx: 4 2 6 8 8 2
928.5437062795681 3.415272685621234 	idx: 4 2 6 8 8 4
928.5437062795681 3.3811199587650216 	idx: 4 2 6 8 8 4
922.593535686306 3.347308759177371 	idx: 2 2 6 8 16 128
922.593535686306 3.3138356715855974 	idx: 2 2 6 8 16 128
922.593535686306 3.2806973148697414 	idx: 2 2 6 8 16 128
922.593535686306 3.247890341721044 	idx: 2 2 6 8 16 128
922.593535686306 3.2154114383038332 	idx: 2 2 6 8 16 128
922.593535686306 3.183257323920795 	idx: 2 2 6 8 16 128
922.593535686306 3.1514247506815867 	idx: 2 2 6 8 16 128
922.593535686306 3.1199105031747707 	idx: 2 2 6 8 16 128
922.593535686306 3.088711398143023 	idx: 2 2 6 8 16 128
922.593535686306 3.0578242841615926 	idx: 2 2 6 8 16 128
922.593535686306 3.0272460413199767 	idx: 2 2 6 8 16 128
922.593535686306 2.996973580906777 	idx: 2 2 6 8 16 128
922.593535686306 2.967003845097709 	idx: 2 2 6 8 16 128
922.593535686306 2.9373338066467323 	idx: 2 2 6 8 16 128
922.593535686306 2.907960468580265 	idx: 2 2 6 8 16 128
927.7465442535527 2.8788808638944623 	idx: 2 2 6 4 8 128
927.7465442535527 2.8500920552555176 	idx: 2 2 6 4 8 128
927.7465442535527 2.8215911347029623 	idx: 2 2 6 4 8 128
931.5760086002313 2.7933752233559326 	idx: 2 2 6 8 4 128
931.5760086002313 2.765441471122373 	idx: 2 2 6 8 4 128
931.5760086002313 2.7377870564111495 	idx: 2 2 6 8 4 128
931.5760086002313 2.710409185847038 	idx: 2 2 6 8 4 128
931.5760086002313 2.6833050939885674 	idx: 2 2 6 8 4 128
931.5760086002313 2.656472043048682 	idx: 2 2 6 8 4 128
928.5437062795681 2.629907322618195 	idx: 2 2 6 8 8 64
928.5437062795681 2.603608249392013 	idx: 2 2 6 8 8 64
928.5437062795681 2.577572166898093 	idx: 2 2 6 8 8 64
928.5437062795681 2.551796445229112 	idx: 2 2 6 8 8 64
928.5437062795681 2.526278480776821 	idx: 2 2 6 8 8 64
928.5437062795681 2.501015695969053 	idx: 2 2 6 8 8 64
928.5437062795681 2.4760055390093623 	idx: 2 2 6 8 8 64
928.5437062795681 2.4512454836192688 	idx: 2 2 6 8 8 64
928.5437062795681 2.426733028783076 	idx: 2 2 6 8 8 64
928.5437062795681 2.402465698495245 	idx: 2 2 6 8 8 64
928.5437062795681 2.3784410415102926 	idx: 2 2 6 8 8 64
928.5437062795681 2.3546566310951897 	idx: 2 2 6 8 8 64
928.5437062795681 2.3311100647842378 	idx: 2 2 6 8 8 64
931.5760086002313 2.307798964136395 	idx: 2 2 6 8 4 64
931.5760086002313 2.2847209744950314 	idx: 2 2 6 8 4 64
931.5760086002313 2.261873764750081 	idx: 2 2 6 8 4 64
931.5760086002313 2.23925502710258 	idx: 2 2 6 8 4 64
931.5760086002313 2.2168624768315546 	idx: 2 2 6 8 4 64
931.5760086002313 2.194693852063239 	idx: 2 2 6 8 4 64
928.5437062795681 2.1727469135426065 	idx: 2 2 6 8 8 32
928.5437062795681 2.1510194444071806 	idx: 2 2 6 8 8 32
928.5437062795681 2.129509249963109 	idx: 2 2 6 16 8 64
928.5437062795681 2.108214157463478 	idx: 2 2 6 16 8 64
928.5437062795681 2.087132015888843 	idx: 2 2 6 16 8 64
928.5437062795681 2.0662606957299547 	idx: 2 2 6 16 8 64
928.5437062795681 2.045598088772655 	idx: 2 2 6 16 8 64
928.5437062795681 2.0251421078849283 	idx: 2 2 6 16 8 64
928.5437062795681 2.004890686806079 	idx: 2 2 6 16 8 64
928.5437062795681 1.9848417799380185 	idx: 2 2 6 16 8 64
928.5437062795681 1.9649933621386382 	idx: 2 2 6 16 8 64
928.5437062795681 1.9453434285172517 	idx: 2 2 6 16 8 64
928.5437062795681 1.9258899942320793 	idx: 2 2 6 16 8 64
928.5437062795681 1.9066310942897584 	idx: 2 2 6 16 8 64
928.5437062795681 1.8875647833468607 	idx: 2 2 6 16 8 64
928.5437062795681 1.868689135513392 	idx: 2 2 6 16 8 64
928.5437062795681 1.8500022441582582 	idx: 2 2 6 16 8 64
928.5437062795681 1.8315022217166756 	idx: 2 2 6 16 8 32
928.5437062795681 1.8131871994995088 	idx: 2 2 6 16 8 32
928.5437062795681 1.7950553275045138 	idx: 2 2 6 16 8 32
928.5437062795681 1.7771047742294686 	idx: 2 2 6 16 8 32
931.5760086002313 1.7593337264871738 	idx: 2 2 6 16 4 64
931.5760086002313 1.741740389222302 	idx: 2 2 6 8 4 32
931.5760086002313 1.724322985330079 	idx: 2 2 6 8 4 32
931.5760086002313 1.7070797554767783 	idx: 2 2 6 8 4 32
933.071163300963 1.6900089579220106 	idx: 2 2 6 8 2 16
933.071163300963 1.6731088683427904 	idx: 2 2 6 8 2 16
933.071163300963 1.6563777796593624 	idx: 2 2 6 8 2 16
933.071163300963 1.6398140018627687 	idx: 2 2 6 8 2 16
933.071163300963 1.623415861844141 	idx: 2 2 6 8 2 16
933.071163300963 1.6071817032256996 	idx: 2 2 6 8 2 16
933.071163300963 1.5911098861934427 	idx: 2 2 6 8 2 16
933.071163300963 1.5751987873315083 	idx: 2 2 6 8 2 16
933.071163300963 1.5594467994581933 	idx: 2 2 6 8 2 8
933.071163300963 1.5438523314636114 	idx: 2 2 6 8 2 8
933.071163300963 1.5284138081489753 	idx: 2 2 6 8 2 8
933.071163300963 1.5131296700674854 	idx: 2 2 6 8 2 8
933.071163300963 1.4979983733668105 	idx: 2 2 6 8 2 8
933.071163300963 1.4830183896331424 	idx: 2 2 6 8 2 8
933.071163300963 1.468188205736811 	idx: 2 2 6 8 2 8
933.071163300963 1.4535063236794428 	idx: 2 2 6 8 2 8
933.071163300963 1.4389712604426483 	idx: 2 2 6 8 2 8
933.071163300963 1.4245815478382218 	idx: 2 2 6 8 2 4
933.071163300963 1.4103357323598396 	idx: 2 2 6 8 2 4
933.071163300963 1.396232375036241 	idx: 2 2 6 8 2 4
933.071163300963 1.3822700512858788 	idx: 2 2 6 8 2 4
933.071163300963 1.36844735077302 	idx: 2 2 6 8 2 4
933.071163300963 1.3547628772652898 	idx: 2 2 6 16 2 8
933.071163300963 1.341215248492637 	idx: 2 2 6 16 2 8
933.071163300963 1.3278030960077105 	idx: 2 2 6 16 2 8
933.071163300963 1.3145250650476334 	idx: 2 2 6 16 2 8
931.5760086002313 1.301379814397157 	idx: 2 2 6 16 4 4
931.5760086002313 1.2883660162531856 	idx: 2 2 6 16 4 4
931.5760086002313 1.2754823560906536 	idx: 2 2 6 8 4 2
931.5760086002313 1.2627275325297471 	idx: 2 2 6 8 4 2
931.5760086002313 1.2501002572044497 	idx: 2 2 6 8 4 4
933.071163300963 1.2375992546324053 	idx: 4 2 6 8 2 4
933.071163300963 1.2252232620860812 	idx: 4 2 6 8 2 4
931.5760086002313 1.2129710294652205 	idx: 2 2 6 8 4 4
931.5760086002313 1.2008413191705682 	idx: 4 2 6 16 4 8
931.5760086002313 1.1888329059788625 	idx: 4 2 6 16 4 4
931.5760086002313 1.1769445769190738 	idx: 4 2 6 16 4 4
931.5760086002313 1.165175131149883 	idx: 4 2 6 16 4 4
931.5760086002313 1.1535233798383842 	idx: 4 2 6 16 4 4
931.5760086002313 1.1419881460400003 	idx: 4 2 6 16 4 2
931.5760086002313 1.1305682645796002 	idx: 4 2 6 16 4 2
931.5760086002313 1.1192625819338042 	idx: 4 2 6 16 4 2
931.5760086002313 1.1080699561144662 	idx: 4 2 6 16 4 2
931.5760086002313 1.0969892565533215 	idx: 4 2 6 16 4 2
931.5760086002313 1.0860193639877882 	idx: 4 2 6 16 4 2
931.5760086002313 1.0751591703479102 	idx: 4 2 6 16 4 2
931.5760086002313 1.0644075786444311 	idx: 4 2 6 16 4 2
931.5760086002313 1.0537635028579868 	idx: 4 2 6 16 4 2
931.5760086002313 1.0432258678294068 	idx: 4 2 6 16 4 2
931.5760086002313 1.0327936091511127 	idx: 4 2 6 16 4 2
931.5760086002313 1.0224656730596016 	idx: 4 2 6 16 4 2
931.5760086002313 1.0122410163290056 	idx: 4 2 6 16 4 2
931.5760086002313 1.0021186061657157 	idx: 4 2 6 16 4 2
###### ACC Parameters ######
cim type:    LccCIM
bus_width:   25.6
macros_row:  2
macros_col:  6
scr:         16
is_size:     4
os_size:     2
best=931.5760086002313, area=4877640.734044688 459
bert_base_sl64_LCC-CIM@ISSCC20_tt_running end at 1757783580.7558687
