1.79046471424603 100 	idx: 3 3 1 2 128 256
1.6547416394531351 99.0 	idx: 0 2 1 2 128 128
1.7833170947703898 98.01 	idx: 0 2 1 4 128 64
1.1661092215007376 97.0299 	idx: 4 3 3 4 64 128
1.3794272623016166 96.059601 	idx: 3 3 3 32 128 256
1.9527456839496904 95.09900499 	idx: 4 4 2 4 128 256
2.1864985764855924 94.1480149401 	idx: 4 4 2 4 256 128
2.575640085452846 93.206534790699 	idx: 1 3 1 2 1024 64
2.368994819436585 92.27446944279201 	idx: 3 2 1 16 1024 256
2.128534914421951 91.35172474836409 	idx: 3 2 1 32 2048 512
2.1096875361785514 90.43820750088045 	idx: 4 4 3 4 1024 64
2.201610907994191 89.53382542587164 	idx: 2 3 2 2 1024 256
2.201610907994191 88.63848717161292 	idx: 2 3 2 2 1024 256
2.338921974240974 87.75210229989679 	idx: 4 5 2 4 256 16
2.8597062222128127 86.87458127689783 	idx: 4 5 1 4 256 16
1.9499283045254034 86.00583546412885 	idx: 4 4 1 2 128 8
1.9499283045254034 85.14577710948755 	idx: 4 4 1 2 128 8
1.7657478466772156 84.29431933839268 	idx: 2 2 3 8 2048 64
2.407571606795048 83.45137614500875 	idx: 2 2 2 16 4096 64
2.407571606795048 82.61686238355867 	idx: 2 2 2 16 4096 64
2.407571606795048 81.79069375972308 	idx: 2 2 2 16 4096 64
1.7912151525332651 80.97278682212585 	idx: 1 3 2 16 256 1024
2.361740718684333 80.1630589539046 	idx: 2 3 2 8 1024 128
2.556488054833723 79.36142836436555 	idx: 2 3 2 16 2048 64
2.556488054833723 78.56781408072189 	idx: 2 3 2 16 2048 64
2.361740718684333 77.78213593991467 	idx: 2 3 2 8 1024 128
2.3983199555421573 77.00431458051553 	idx: 2 2 1 16 1024 128
2.049643511120064 76.23427143471037 	idx: 2 3 2 32 512 64
3.5858025842181633 75.47192872036327 	idx: 2 4 1 16 1024 32
2.8741778450617037 74.71720943315964 	idx: 2 3 1 8 512 32
2.9819343528264612 73.97003733882804 	idx: 2 3 1 8 1024 64
2.7850691612027667 73.23033696543976 	idx: 2 4 2 16 1024 64
3.5486755475392293 72.49803359578536 	idx: 2 5 1 32 512 64
3.8785448656429624 71.7730532598275 	idx: 2 5 1 32 1024 64
3.888253119583064 71.05532272722922 	idx: 2 5 1 64 1024 32
3.3689157593702506 70.34476949995693 	idx: 2 4 1 128 512 32
3.535200689880867 69.64132180495736 	idx: 4 4 1 32 1024 256
2.9789191360133325 68.94490858690779 	idx: 2 5 2 64 1024 64
3.6639953987468066 68.25545950103871 	idx: 2 6 1 128 512 32
3.535200689880867 67.57290490602833 	idx: 4 4 1 64 1024 256
3.535200689880867 66.89717585696805 	idx: 4 4 1 64 1024 256
3.3588525151645814 66.22820409839836 	idx: 2 4 1 64 512 64
3.3588525151645814 65.56592205741438 	idx: 2 4 1 64 512 64
2.3747246566381532 64.91026283684023 	idx: 2 4 2 32 512 128
3.8785448656429624 64.26116020847184 	idx: 2 5 1 32 1024 64
3.8785448656429624 63.618548606387115 	idx: 2 5 1 32 1024 64
4.020274765443135 62.98236312032324 	idx: 2 6 1 64 1024 128
3.5486755475392293 62.35253948912001 	idx: 2 5 1 128 512 64
3.5486755475392293 61.72901409422881 	idx: 2 5 1 128 512 64
2.963894082722596 61.11172395328652 	idx: 2 5 1 128 256 128
2.5585915198971327 60.500606713753655 	idx: 1 7 2 8 512 256
2.786292881996904 59.89560064661612 	idx: 1 7 1 16 256 256
3.9051394270274002 59.29664464014996 	idx: 1 8 1 16 512 128
3.421488635654357 58.70367819374846 	idx: 1 8 2 8 1024 64
3.92383665521737 58.116641411810974 	idx: 1 8 1 16 512 64
3.92383665521737 57.535474997692866 	idx: 1 8 1 16 512 64
3.558058050957227 56.960120247715935 	idx: 1 7 1 32 512 32
3.521358799268785 56.390519045238776 	idx: 0 9 1 8 512 8
3.665161656181773 55.82661385478639 	idx: 0 10 1 16 512 4
3.665161656181773 55.26834771623852 	idx: 0 10 1 16 512 4
3.665161656181773 54.71566423907614 	idx: 0 10 1 16 512 4
3.8946018376210616 54.16850759668538 	idx: 0 11 1 32 512 8
3.8946018376210616 53.62682252071853 	idx: 0 11 1 32 512 8
3.5559547233553266 53.09055429551134 	idx: 2 4 1 8 1024 16
3.2591145031839757 52.55964875255623 	idx: 2 5 2 16 2048 32
3.541951538412992 52.03405226503067 	idx: 2 4 1 8 1024 64
3.844025178900933 51.51371174238036 	idx: 2 5 1 16 1024 128
3.9849663688366626 50.998574624956554 	idx: 2 6 1 8 1024 64
3.9849663688366626 50.488588878706985 	idx: 2 6 1 8 1024 64
3.9849663688366626 49.98370298991991 	idx: 2 6 1 8 1024 64
3.9849663688366626 49.483865960020715 	idx: 2 6 1 8 1024 64
3.6514173707677293 48.98902730042051 	idx: 2 6 1 4 2048 128
3.3538576364034802 48.4991370274163 	idx: 2 6 2 4 2048 64
3.0933384152710786 48.01414565714214 	idx: 2 6 2 8 1024 32
3.991975921600475 47.53400420057071 	idx: 2 7 1 16 1024 64
4.209376485732987 47.05866415856501 	idx: 1 10 1 8 1024 8
4.053771145940167 46.58807751697936 	idx: 0 6 1 32 1024 16
3.996051753013804 46.12219674180957 	idx: 1 10 1 4 1024 8
3.9949737856902017 45.66097477439147 	idx: 2 6 1 8 1024 32
3.9949737856902017 45.20436502664755 	idx: 2 6 1 8 1024 32
3.9401586448422314 44.752321376381076 	idx: 1 8 1 16 512 8
3.9401586448422314 44.30479816261727 	idx: 1 8 1 16 512 8
3.9651400615474355 43.861750180991095 	idx: 2 6 1 8 1024 128
3.9651400615474355 43.42313267918119 	idx: 2 6 1 8 1024 128
3.871641729617408 42.98890135238938 	idx: 2 7 1 16 2048 256
3.892182373253639 42.559012338865486 	idx: 2 6 1 16 1024 512
3.5755068883016747 42.133422215476834 	idx: 2 5 1 8 2048 256
4.4247978107120565 41.712087993322065 	idx: 1 8 1 16 1024 16
4.4247978107120565 41.29496711338884 	idx: 1 8 1 16 1024 16
4.4247978107120565 40.882017442254956 	idx: 1 8 1 16 1024 16
4.4247978107120565 40.473197267832404 	idx: 1 8 1 16 1024 16
4.4247978107120565 40.06846529515408 	idx: 1 8 1 16 1024 16
4.4247978107120565 39.66778064220254 	idx: 1 8 1 16 1024 16
3.908083501092259 39.27110283578051 	idx: 1 8 1 8 512 8
3.908083501092259 38.8783918074227 	idx: 1 8 1 8 512 8
3.908083501092259 38.48960788934848 	idx: 1 8 1 8 512 8
3.908083501092259 38.104711810454994 	idx: 1 8 1 8 512 8
3.369635065894238 37.72366469235045 	idx: 2 5 1 4 512 16
3.5582978517257584 37.34642804542694 	idx: 2 4 1 8 1024 8
3.297040684001629 36.97296376497267 	idx: 0 5 1 2 1024 128
4.074448733356622 36.60323412732294 	idx: 1 9 1 16 1024 32
4.41056396070152 36.23720178604971 	idx: 1 8 1 16 1024 64
3.5173778052846214 35.874829768189215 	idx: 1 7 1 16 512 128
3.5173778052846214 35.516081470507324 	idx: 1 7 1 16 512 128
3.5173778052846214 35.16092065580225 	idx: 1 7 1 16 512 128
3.7329529048574095 34.80931144924423 	idx: 0 6 1 8 2048 512
3.7329529048574095 34.461218334751784 	idx: 0 6 1 8 2048 512
3.7682608459609424 34.11660615140427 	idx: 0 5 1 8 1024 256
3.7682608459609424 33.775440089890225 	idx: 0 5 1 8 1024 256
3.7682608459609424 33.43768568899132 	idx: 0 5 1 8 1024 256
3.377770692654097 33.10330883210141 	idx: 2 4 1 32 512 4
3.377770692654097 32.7722757437804 	idx: 2 4 1 32 512 4
3.4868333333600066 32.44455298634259 	idx: 0 4 1 8 1024 256
3.4868333333600066 32.12010745647917 	idx: 0 4 1 8 1024 256
2.9314602479360463 31.798906381914374 	idx: 0 4 2 8 2048 512
2.9314602479360463 31.48091731809523 	idx: 0 4 2 8 2048 512
3.36291299029602 31.16610814491428 	idx: 0 5 1 4 1024 1024
3.36291299029602 30.854447063465138 	idx: 0 5 1 4 1024 1024
3.5540051080831403 30.545902592830487 	idx: 0 6 1 4 2048 512
3.7410195426618325 30.240443566902183 	idx: 0 6 1 4 1024 256
3.7410195426618325 29.93803913123316 	idx: 0 6 1 4 1024 256
3.7410195426618325 29.638658739920828 	idx: 0 6 1 4 1024 256
3.4846412479351803 29.34227215252162 	idx: 0 7 1 8 512 128
3.4846412479351803 29.048849430996402 	idx: 0 7 1 8 512 128
3.0398027812363595 28.758360936686437 	idx: 3 3 1 64 1024 16
3.3765028533154244 28.47077732731957 	idx: 3 4 1 32 512 8
3.877963786976285 28.186069554046373 	idx: 3 5 1 16 1024 16
3.9651400615474355 27.90420885850591 	idx: 0 6 1 8 1024 128
3.877963786976285 27.625166769920853 	idx: 3 5 1 16 1024 16
3.877963786976285 27.348915102221643 	idx: 3 5 1 16 1024 16
3.6185926892377616 27.075425951199424 	idx: 0 6 1 4 2048 256
3.6185926892377616 26.804671691687428 	idx: 0 6 1 4 2048 256
3.5905181721778665 26.536624974770554 	idx: 3 4 1 16 1024 16
3.5905181721778665 26.271258725022847 	idx: 3 4 1 16 1024 16
3.2390538938255697 26.00854613777262 	idx: 3 5 2 8 2048 16
3.192490979080964 25.748460676394892 	idx: 3 5 2 4 2048 32
3.192490979080964 25.490976069630943 	idx: 3 5 2 4 2048 32
3.192490979080964 25.23606630893463 	idx: 3 5 2 4 2048 32
3.6524179300363033 24.983705645845284 	idx: 3 5 1 4 1024 32
4.35403352361368 24.73386858938683 	idx: 4 8 1 16 1024 256
4.35403352361368 24.48652990349296 	idx: 4 8 1 16 1024 256
4.35403352361368 24.24166460445803 	idx: 4 8 1 16 1024 256
4.35403352361368 23.99924795841345 	idx: 4 8 1 16 1024 256
4.299501104550741 23.759255478829314 	idx: 4 8 1 32 1024 512
4.299501104550741 23.52166292404102 	idx: 4 8 1 32 1024 512
4.299501104550741 23.28644629480061 	idx: 4 8 1 32 1024 512
4.299501104550741 23.053581831852604 	idx: 4 8 1 32 1024 512
4.299501104550741 22.82304601353408 	idx: 4 8 1 32 1024 512
4.299501104550741 22.59481555339874 	idx: 4 8 1 32 1024 512
4.299501104550741 22.36886739786475 	idx: 4 8 1 32 1024 512
4.299501104550741 22.145178723886104 	idx: 4 8 1 32 1024 512
4.299501104550741 21.923726936647242 	idx: 4 8 1 32 1024 512
4.299501104550741 21.704489667280768 	idx: 4 8 1 32 1024 512
4.299501104550741 21.48744477060796 	idx: 4 8 1 32 1024 512
4.299501104550741 21.27257032290188 	idx: 4 8 1 32 1024 512
4.299501104550741 21.059844619672862 	idx: 4 8 1 32 1024 512
3.882908253455257 20.849246173476132 	idx: 4 8 1 32 512 256
3.8822558277801957 20.64075371174137 	idx: 0 5 1 16 1024 2
3.8822558277801957 20.434346174623958 	idx: 0 5 1 16 1024 2
3.956747453298465 20.230002712877717 	idx: 4 7 1 32 1024 256
3.956747453298465 20.027702685748938 	idx: 4 7 1 32 1024 256
3.956747453298465 19.82742565889145 	idx: 4 7 1 32 1024 256
3.9202430155847585 19.629151402302536 	idx: 4 8 1 32 512 128
4.065903931041088 19.43285988827951 	idx: 4 9 1 16 1024 64
4.0618477056627205 19.238531289396715 	idx: 4 9 1 8 2048 64
4.231989841009624 19.046145976502746 	idx: 4 10 1 16 1024 64
4.4563444848093265 18.855684516737718 	idx: 4 11 1 32 1024 32
4.4563444848093265 18.66712767157034 	idx: 4 11 1 32 1024 32
4.4564317598163585 18.480456394854638 	idx: 1 11 1 8 2048 16
4.4564317598163585 18.295651830906092 	idx: 1 11 1 8 2048 16
4.4564317598163585 18.11269531259703 	idx: 1 11 1 8 2048 16
4.448521726178245 17.931568359471058 	idx: 0 8 1 32 1024 4
4.448521726178245 17.752252675876345 	idx: 0 8 1 64 1024 4
4.448521726178245 17.57473014911758 	idx: 0 8 1 64 1024 4
4.448521726178245 17.398982847626407 	idx: 0 8 1 64 1024 4
4.448521726178245 17.22499301915014 	idx: 0 8 1 64 1024 4
4.448521726178245 17.05274308895864 	idx: 0 8 1 64 1024 4
4.448521726178245 16.882215658069054 	idx: 0 8 1 64 1024 4
4.448521726178245 16.713393501488362 	idx: 0 8 1 64 1024 4
4.448521726178245 16.546259566473477 	idx: 0 8 1 64 1024 4
4.448521726178245 16.380796970808742 	idx: 0 8 1 64 1024 4
4.448521726178245 16.216989001100654 	idx: 0 8 1 64 1024 4
4.448521726178245 16.054819111089646 	idx: 0 8 1 64 1024 4
4.386229447453223 15.89427091997875 	idx: 3 8 1 8 1024 8
4.430385065892069 15.735328210778961 	idx: 4 8 1 64 1024 64
4.386229447453223 15.577974928671171 	idx: 3 8 1 8 1024 8
4.386229447453223 15.42219517938446 	idx: 3 8 1 8 1024 8
4.386229447453223 15.267973227590614 	idx: 3 8 1 8 1024 8
4.386229447453223 15.115293495314708 	idx: 3 8 1 8 1024 8
4.386229447453223 14.96414056036156 	idx: 3 8 1 8 1024 8
4.4247978107120565 14.814499154757945 	idx: 4 8 1 16 1024 16
4.446202037355679 14.666354163210364 	idx: 0 11 1 16 1024 2
4.446202037355679 14.519690621578262 	idx: 0 11 1 16 1024 2
4.446202037355679 14.374493715362478 	idx: 0 11 1 16 1024 2
4.4564317598163585 14.230748778208852 	idx: 1 11 1 8 2048 16
4.427177161447029 14.088441290426763 	idx: 4 8 1 16 1024 8
4.427177161447029 13.947556877522496 	idx: 4 8 1 16 1024 8
4.427177161447029 13.808081308747271 	idx: 4 8 1 16 1024 8
4.427177161447029 13.670000495659798 	idx: 4 8 1 16 1024 8
4.427177161447029 13.5333004907032 	idx: 4 8 1 16 1024 8
4.427177161447029 13.397967485796167 	idx: 4 8 1 16 1024 8
4.4445072669075545 13.263987810938206 	idx: 1 11 1 16 1024 8
4.4445072669075545 13.131347932828824 	idx: 1 11 1 16 1024 8
4.4445072669075545 13.000034453500536 	idx: 1 11 1 16 1024 8
4.4445072669075545 12.87003410896553 	idx: 1 11 1 16 1024 8
4.427177161447029 12.741333767875876 	idx: 4 8 1 16 1024 8
4.452344806282774 12.613920430197117 	idx: 1 11 1 8 2048 32
4.427177161447029 12.487781225895146 	idx: 4 8 1 16 1024 8
4.427177161447029 12.362903413636195 	idx: 4 8 1 16 1024 8
4.428367593584799 12.239274379499832 	idx: 4 8 1 16 1024 4
4.202866395699286 12.116881635704834 	idx: 1 10 1 8 1024 32
4.4002038617937 11.995712819347785 	idx: 1 11 1 8 1024 32
4.1358718774954095 11.875755691154307 	idx: 3 8 1 4 1024 64
4.1358718774954095 11.756998134242764 	idx: 3 8 1 4 1024 64
4.1358718774954095 11.639428152900336 	idx: 3 8 1 4 1024 64
4.4563444848093265 11.523033871371332 	idx: 1 11 1 32 1024 32
4.4563444848093265 11.407803532657619 	idx: 1 11 1 32 1024 32
4.4563444848093265 11.293725497331042 	idx: 1 11 1 32 1024 32
4.4563444848093265 11.180788242357732 	idx: 1 11 1 32 1024 32
4.4563444848093265 11.068980359934155 	idx: 1 11 1 32 1024 32
4.44765035185739 10.958290556334813 	idx: 1 11 1 32 1024 64
4.383942179439787 10.848707650771464 	idx: 4 8 1 8 1024 16
4.44765035185739 10.74022057426375 	idx: 1 11 1 32 1024 64
4.44765035185739 10.632818368521113 	idx: 1 11 1 32 1024 64
4.44765035185739 10.526490184835902 	idx: 1 11 1 32 1024 64
4.44765035185739 10.421225282987542 	idx: 1 11 1 32 1024 64
4.44765035185739 10.317013030157668 	idx: 1 11 1 32 1024 64
4.44765035185739 10.213842899856092 	idx: 1 11 1 32 1024 64
4.44765035185739 10.11170447085753 	idx: 1 11 1 32 1024 64
4.429134082345341 10.010587426148955 	idx: 1 11 1 16 1024 64
4.429134082345341 9.910481551887466 	idx: 1 11 1 16 1024 64
4.383942179439787 9.811376736368592 	idx: 4 8 1 8 1024 16
4.383942179439787 9.713262969004907 	idx: 4 8 1 8 1024 16
4.383942179439787 9.616130339314857 	idx: 4 8 1 8 1024 16
4.383942179439787 9.519969035921708 	idx: 4 8 1 8 1024 16
4.383942179439787 9.42476934556249 	idx: 4 8 1 8 1024 16
4.383942179439787 9.330521652106865 	idx: 4 8 1 8 1024 16
4.383942179439787 9.237216435585797 	idx: 4 8 1 8 1024 16
4.383942179439787 9.144844271229939 	idx: 4 8 1 8 1024 16
4.383942179439787 9.053395828517639 	idx: 4 8 1 8 1024 16
4.383942179439787 8.962861870232462 	idx: 4 8 1 8 1024 16
4.383942179439787 8.873233251530138 	idx: 4 8 1 8 1024 16
4.383942179439787 8.784500919014837 	idx: 4 8 1 8 1024 16
4.383942179439787 8.696655909824688 	idx: 4 8 1 8 1024 16
4.379370028653033 8.609689350726441 	idx: 3 8 1 8 1024 32
4.420045155075904 8.523592457219177 	idx: 2 8 1 16 1024 32
4.420045155075904 8.438356532646985 	idx: 2 8 1 16 1024 32
4.420045155075904 8.353972967320516 	idx: 2 8 1 16 1024 32
4.420045155075904 8.27043323764731 	idx: 2 8 1 16 1024 32
4.4247978107120565 8.187728905270838 	idx: 4 8 1 16 1024 16
4.4247978107120565 8.105851616218128 	idx: 4 8 1 16 1024 16
4.4247978107120565 8.024793100055946 	idx: 4 8 1 16 1024 16
4.4247978107120565 7.944545169055387 	idx: 4 8 1 16 1024 16
4.4247978107120565 7.865099717364833 	idx: 4 8 1 16 1024 16
4.4247978107120565 7.786448720191185 	idx: 4 8 1 16 1024 16
4.4247978107120565 7.708584232989273 	idx: 4 8 1 16 1024 16
4.4247978107120565 7.63149839065938 	idx: 4 8 1 16 1024 16
4.379370028653033 7.5551834067527865 	idx: 3 8 1 8 1024 32
4.4445072669075545 7.479631572685259 	idx: 1 11 1 16 1024 8
4.4445072669075545 7.404835256958406 	idx: 1 11 1 16 1024 8
4.459478526988749 7.330786904388821 	idx: 1 11 1 8 2048 4
4.459478526988749 7.257479035344933 	idx: 1 11 1 8 2048 4
4.459478526988749 7.1849042449914835 	idx: 1 11 1 8 2048 4
4.446202037355679 7.1130552025415685 	idx: 1 11 1 16 1024 2
4.464038525464487 7.041924650516153 	idx: 1 11 1 32 1024 4
4.464038525464487 6.971505404010991 	idx: 1 11 1 32 1024 4
4.464038525464487 6.901790349970882 	idx: 1 11 1 32 1024 4
4.464038525464487 6.832772446471173 	idx: 1 11 1 32 1024 4
4.464038525464487 6.764444722006462 	idx: 1 11 1 32 1024 4
4.464038525464487 6.696800274786397 	idx: 1 11 1 32 1024 4
4.464038525464487 6.6298322720385325 	idx: 1 11 1 32 1024 4
4.464038525464487 6.563533949318147 	idx: 1 11 1 32 1024 4
4.464038525464487 6.497898609824966 	idx: 1 11 1 32 1024 4
4.386229447453223 6.432919623726716 	idx: 2 8 1 8 1024 8
4.462910909197351 6.3685904274894485 	idx: 1 11 1 32 1024 8
4.460751236226617 6.304904523214554 	idx: 1 11 1 32 1024 16
4.460751236226617 6.2418554779824085 	idx: 1 11 1 32 1024 16
4.460751236226617 6.1794369232025845 	idx: 1 11 1 32 1024 16
4.460751236226617 6.117642553970558 	idx: 1 11 1 32 1024 16
4.4423344759971535 6.056466128430853 	idx: 1 11 1 16 1024 16
4.4423344759971535 5.9959014671465445 	idx: 1 11 1 16 1024 16
4.4423344759971535 5.935942452475079 	idx: 1 11 1 16 1024 16
4.437893742602575 5.8765830279503275 	idx: 1 11 1 16 1024 32
4.437893742602575 5.817817197670824 	idx: 1 11 1 16 1024 32
4.437893742602575 5.759639025694116 	idx: 1 11 1 16 1024 32
4.437893742602575 5.7020426354371745 	idx: 1 11 1 16 1024 32
4.460751236226617 5.645022209082803 	idx: 4 11 1 32 1024 16
4.460751236226617 5.588571986991974 	idx: 4 11 1 32 1024 16
4.446202037355679 5.532686267122054 	idx: 0 11 1 16 1024 2
4.446202037355679 5.477359404450834 	idx: 0 11 1 16 1024 2
4.464038525464487 5.422585810406325 	idx: 0 11 1 32 1024 4
4.464038525464487 5.368359952302262 	idx: 0 11 1 32 1024 4
4.464038525464487 5.314676352779239 	idx: 0 11 1 32 1024 4
4.464038525464487 5.261529589251447 	idx: 0 11 1 32 1024 4
4.452344806282774 5.208914293358933 	idx: 1 11 1 8 2048 32
4.452344806282774 5.156825150425344 	idx: 1 11 1 8 2048 32
4.459478526988749 5.10525689892109 	idx: 4 11 1 8 2048 4
4.459478526988749 5.0542043299318795 	idx: 4 11 1 8 2048 4
4.452344806282774 5.003662286632561 	idx: 1 11 1 8 2048 32
4.459478526988749 4.953625663766235 	idx: 4 11 1 8 2048 4
4.4600011122815255 4.9040894071285726 	idx: 4 11 1 8 2048 2
4.4600011122815255 4.8550485130572865 	idx: 4 11 1 8 2048 2
4.4600011122815255 4.806498027926714 	idx: 4 11 1 8 2048 2
4.427177161447029 4.758433047647447 	idx: 2 8 1 16 1024 8
4.427177161447029 4.710848717170973 	idx: 2 8 1 16 1024 8
4.408631490424116 4.663740229999263 	idx: 0 11 1 8 1024 2
4.408631490424116 4.61710282769927 	idx: 0 11 1 8 1024 2
4.408631490424116 4.570931799422278 	idx: 0 11 1 8 1024 2
4.408631490424116 4.525222481428055 	idx: 0 11 1 8 1024 2
4.408631490424116 4.4799702566137745 	idx: 0 11 1 8 1024 2
4.459478526988749 4.4351705540476365 	idx: 0 11 1 8 2048 4
4.459478526988749 4.39081884850716 	idx: 0 11 1 8 2048 4
4.459478526988749 4.346910660022088 	idx: 0 11 1 8 2048 4
4.459478526988749 4.303441553421867 	idx: 0 11 1 8 2048 4
4.459478526988749 4.260407137887648 	idx: 0 11 1 8 2048 4
4.464038525464487 4.217803066508771 	idx: 4 11 1 32 1024 4
4.464038525464487 4.175625035843683 	idx: 4 11 1 32 1024 4
4.464038525464487 4.133868785485246 	idx: 4 11 1 32 1024 4
4.464038525464487 4.0925300976303935 	idx: 4 11 1 32 1024 4
4.464038525464487 4.05160479665409 	idx: 4 11 1 32 1024 4
4.464038525464487 4.011088748687548 	idx: 4 11 1 32 1024 4
4.464038525464487 3.970977861200673 	idx: 4 11 1 32 1024 4
4.464038525464487 3.9312680825886663 	idx: 4 11 1 32 1024 4
4.464038525464487 3.8919554017627798 	idx: 4 11 1 32 1024 4
4.464038525464487 3.853035847745152 	idx: 4 11 1 32 1024 4
4.464602547305956 3.8145054892677006 	idx: 4 11 1 32 1024 2
4.464602547305956 3.7763604343750234 	idx: 4 11 1 32 1024 2
4.464602547305956 3.7385968300312733 	idx: 4 11 1 32 1024 2
4.464602547305956 3.7012108617309605 	idx: 4 11 1 32 1024 2
4.464602547305956 3.664198753113651 	idx: 4 11 1 32 1024 2
4.464602547305956 3.6275567655825145 	idx: 4 11 1 32 1024 2
4.464038525464487 3.591281197926689 	idx: 4 11 1 32 1024 4
4.464038525464487 3.555368385947422 	idx: 4 11 1 32 1024 4
4.464038525464487 3.519814702087948 	idx: 4 11 1 32 1024 4
4.464038525464487 3.4846165550670687 	idx: 4 11 1 32 1024 4
4.464038525464487 3.449770389516398 	idx: 4 11 1 32 1024 4
4.464038525464487 3.415272685621234 	idx: 4 11 1 32 1024 4
4.464038525464487 3.3811199587650216 	idx: 4 11 1 32 1024 4
4.464038525464487 3.347308759177371 	idx: 4 11 1 32 1024 4
4.464038525464487 3.3138356715855974 	idx: 4 11 1 32 1024 4
4.464038525464487 3.2806973148697414 	idx: 4 11 1 32 1024 4
4.462910909197351 3.247890341721044 	idx: 1 11 1 32 1024 8
4.464602547305956 3.2154114383038332 	idx: 4 11 1 32 1024 2
4.464602547305956 3.183257323920795 	idx: 4 11 1 32 1024 2
4.464602547305956 3.1514247506815867 	idx: 4 11 1 32 1024 2
4.464602547305956 3.1199105031747707 	idx: 4 11 1 32 1024 2
4.464602547305956 3.088711398143023 	idx: 4 11 1 32 1024 2
4.464038525464487 3.0578242841615926 	idx: 4 11 1 32 1024 4
4.464038525464487 3.0272460413199767 	idx: 4 11 1 32 1024 4
4.464038525464487 2.996973580906777 	idx: 4 11 1 32 1024 4
4.464038525464487 2.967003845097709 	idx: 4 11 1 32 1024 4
4.464038525464487 2.9373338066467323 	idx: 4 11 1 32 1024 4
4.464038525464487 2.907960468580265 	idx: 4 11 1 32 1024 4
4.464038525464487 2.8788808638944623 	idx: 4 11 1 32 1024 4
4.464038525464487 2.8500920552555176 	idx: 4 11 1 32 1024 4
4.464038525464487 2.8215911347029623 	idx: 4 11 1 32 1024 4
4.464038525464487 2.7933752233559326 	idx: 4 11 1 32 1024 4
4.464038525464487 2.765441471122373 	idx: 4 11 1 32 1024 4
4.464038525464487 2.7377870564111495 	idx: 4 11 1 32 1024 4
4.464038525464487 2.710409185847038 	idx: 4 11 1 32 1024 4
4.464038525464487 2.6833050939885674 	idx: 4 11 1 32 1024 4
4.464038525464487 2.656472043048682 	idx: 4 11 1 32 1024 4
4.464038525464487 2.629907322618195 	idx: 4 11 1 32 1024 4
4.464038525464487 2.603608249392013 	idx: 4 11 1 32 1024 4
4.460751236226617 2.577572166898093 	idx: 1 11 1 32 1024 16
4.460751236226617 2.551796445229112 	idx: 1 11 1 32 1024 16
4.460751236226617 2.526278480776821 	idx: 1 11 1 32 1024 16
4.460751236226617 2.501015695969053 	idx: 1 11 1 32 1024 16
4.460751236226617 2.4760055390093623 	idx: 1 11 1 32 1024 16
4.460751236226617 2.4512454836192688 	idx: 1 11 1 32 1024 16
4.460751236226617 2.426733028783076 	idx: 1 11 1 32 1024 16
4.460751236226617 2.402465698495245 	idx: 1 11 1 32 1024 16
4.460751236226617 2.3784410415102926 	idx: 1 11 1 32 1024 16
4.460751236226617 2.3546566310951897 	idx: 1 11 1 32 1024 16
4.460751236226617 2.3311100647842378 	idx: 1 11 1 32 1024 16
4.460751236226617 2.307798964136395 	idx: 1 11 1 32 1024 16
4.462910909197351 2.2847209744950314 	idx: 1 11 1 32 1024 8
4.462910909197351 2.261873764750081 	idx: 1 11 1 32 1024 8
4.462910909197351 2.23925502710258 	idx: 1 11 1 32 1024 8
4.462910909197351 2.2168624768315546 	idx: 1 11 1 32 1024 8
4.462910909197351 2.194693852063239 	idx: 1 11 1 32 1024 8
4.462910909197351 2.1727469135426065 	idx: 1 11 1 32 1024 8
4.462910909197351 2.1510194444071806 	idx: 1 11 1 32 1024 8
4.462910909197351 2.129509249963109 	idx: 1 11 1 32 1024 8
4.462910909197351 2.108214157463478 	idx: 1 11 1 32 1024 8
4.462910909197351 2.087132015888843 	idx: 1 11 1 32 1024 8
4.460751236226617 2.0662606957299547 	idx: 1 11 1 32 1024 16
4.460751236226617 2.045598088772655 	idx: 1 11 1 32 1024 16
4.460751236226617 2.0251421078849283 	idx: 1 11 1 32 1024 16
4.460751236226617 2.004890686806079 	idx: 1 11 1 32 1024 16
4.460751236226617 1.9848417799380185 	idx: 1 11 1 32 1024 16
4.460751236226617 1.9649933621386382 	idx: 1 11 1 32 1024 16
4.460751236226617 1.9453434285172517 	idx: 1 11 1 32 1024 16
4.460751236226617 1.9258899942320793 	idx: 1 11 1 32 1024 16
4.460751236226617 1.9066310942897584 	idx: 1 11 1 32 1024 16
4.460751236226617 1.8875647833468607 	idx: 1 11 1 32 1024 16
4.460751236226617 1.868689135513392 	idx: 1 11 1 32 1024 16
4.460751236226617 1.8500022441582582 	idx: 1 11 1 32 1024 16
4.460751236226617 1.8315022217166756 	idx: 1 11 1 32 1024 16
4.460751236226617 1.8131871994995088 	idx: 1 11 1 32 1024 16
4.460751236226617 1.7950553275045138 	idx: 1 11 1 32 1024 16
4.460751236226617 1.7771047742294686 	idx: 1 11 1 32 1024 16
4.460751236226617 1.7593337264871738 	idx: 1 11 1 32 1024 16
4.460751236226617 1.741740389222302 	idx: 1 11 1 32 1024 16
4.460751236226617 1.724322985330079 	idx: 1 11 1 32 1024 16
4.460751236226617 1.7070797554767783 	idx: 1 11 1 32 1024 16
4.460751236226617 1.6900089579220106 	idx: 4 11 1 32 1024 16
4.460751236226617 1.6731088683427904 	idx: 4 11 1 32 1024 16
4.460751236226617 1.6563777796593624 	idx: 4 11 1 32 1024 16
4.460751236226617 1.6398140018627687 	idx: 1 11 1 32 1024 16
4.460751236226617 1.623415861844141 	idx: 1 11 1 32 1024 16
4.462910909197351 1.6071817032256996 	idx: 1 11 1 32 1024 8
4.460751236226617 1.5911098861934427 	idx: 1 11 1 32 1024 16
4.460751236226617 1.5751987873315083 	idx: 1 11 1 32 1024 16
4.460751236226617 1.5594467994581933 	idx: 1 11 1 32 1024 16
4.460751236226617 1.5438523314636114 	idx: 1 11 1 32 1024 16
4.460751236226617 1.5284138081489753 	idx: 1 11 1 32 1024 16
4.460751236226617 1.5131296700674854 	idx: 1 11 1 32 1024 16
4.460751236226617 1.4979983733668105 	idx: 1 11 1 32 1024 16
4.460751236226617 1.4830183896331424 	idx: 1 11 1 32 1024 16
4.460751236226617 1.468188205736811 	idx: 1 11 1 32 1024 16
4.460751236226617 1.4535063236794428 	idx: 1 11 1 32 1024 16
4.460751236226617 1.4389712604426483 	idx: 1 11 1 32 1024 16
4.460751236226617 1.4245815478382218 	idx: 1 11 1 32 1024 16
4.460751236226617 1.4103357323598396 	idx: 1 11 1 32 1024 16
4.460751236226617 1.396232375036241 	idx: 1 11 1 32 1024 16
4.460751236226617 1.3822700512858788 	idx: 1 11 1 32 1024 16
4.460751236226617 1.36844735077302 	idx: 1 11 1 32 1024 16
4.460751236226617 1.3547628772652898 	idx: 1 11 1 32 1024 16
4.460751236226617 1.341215248492637 	idx: 1 11 1 32 1024 16
4.460751236226617 1.3278030960077105 	idx: 1 11 1 32 1024 16
4.460751236226617 1.3145250650476334 	idx: 1 11 1 32 1024 16
4.460751236226617 1.301379814397157 	idx: 1 11 1 32 1024 16
4.460751236226617 1.2883660162531856 	idx: 4 11 1 32 1024 16
4.460751236226617 1.2754823560906536 	idx: 4 11 1 32 1024 16
4.460751236226617 1.2627275325297471 	idx: 4 11 1 32 1024 16
4.460751236226617 1.2501002572044497 	idx: 4 11 1 32 1024 16
4.460751236226617 1.2375992546324053 	idx: 4 11 1 32 1024 16
4.460751236226617 1.2252232620860812 	idx: 4 11 1 32 1024 16
4.460751236226617 1.2129710294652205 	idx: 4 11 1 32 1024 16
4.460751236226617 1.2008413191705682 	idx: 4 11 1 32 1024 16
4.460751236226617 1.1888329059788625 	idx: 4 11 1 32 1024 16
4.460751236226617 1.1769445769190738 	idx: 4 11 1 32 1024 16
4.460751236226617 1.165175131149883 	idx: 4 11 1 32 1024 16
4.460751236226617 1.1535233798383842 	idx: 4 11 1 32 1024 16
4.462910909197351 1.1419881460400003 	idx: 1 11 1 32 1024 8
4.462910909197351 1.1305682645796002 	idx: 1 11 1 32 1024 8
4.462910909197351 1.1192625819338042 	idx: 1 11 1 32 1024 8
4.462910909197351 1.1080699561144662 	idx: 1 11 1 32 1024 8
4.462910909197351 1.0969892565533215 	idx: 1 11 1 32 1024 8
4.462910909197351 1.0860193639877882 	idx: 1 11 1 32 1024 8
4.462910909197351 1.0751591703479102 	idx: 1 11 1 32 1024 8
4.462910909197351 1.0644075786444311 	idx: 1 11 1 32 1024 8
4.462910909197351 1.0537635028579868 	idx: 1 11 1 32 1024 8
4.462910909197351 1.0432258678294068 	idx: 1 11 1 32 1024 8
4.462910909197351 1.0327936091511127 	idx: 1 11 1 32 1024 8
4.462910909197351 1.0224656730596016 	idx: 1 11 1 32 1024 8
4.462910909197351 1.0122410163290056 	idx: 1 11 1 32 1024 8
4.462910909197351 1.0021186061657157 	idx: 1 11 1 32 1024 8
###### ACC Parameters ######
cim type:    FPCIM
bus_width:   25.6
macros_row:  11
macros_col:  1
scr:         32
is_size:     1024
os_size:     8
best=4.462910909197351, area=4733635.585926893 459
bert_large_sl512_FPCIM@ISSCC23_ee_running start at 1757778819.594912
3.2449502797748537 100 	idx: 3 4 1 2 128 128
3.7910243504175285 99.0 	idx: 4 4 1 4 64 32
3.938369804514438 98.01 	idx: 3 4 2 4 128 128
4.3233690406351855 97.0299 	idx: 4 4 1 16 128 16
4.3233690406351855 96.059601 	idx: 4 4 1 16 128 16
4.328601652922871 95.09900499 	idx: 4 4 1 32 256 32
4.8519916146107755 94.1480149401 	idx: 4 3 2 64 256 32
4.605261930917531 93.206534790699 	idx: 4 3 3 32 128 64
5.232366485026459 92.27446944279201 	idx: 4 4 3 64 64 32
5.42649011334301 91.35172474836409 	idx: 4 4 2 32 64 64
5.370565781759198 90.43820750088045 	idx: 4 4 2 16 32 64
5.085840551883271 89.53382542587164 	idx: 4 4 3 16 16 64
5.051398493739844 88.63848717161292 	idx: 4 4 3 16 8 128
5.051398493739844 87.75210229989679 	idx: 4 4 3 16 8 128
3.7103945664076474 86.87458127689783 	idx: 4 4 4 8 16 128
4.545201448298814 86.00583546412885 	idx: 2 3 2 32 2 256
4.227128978593044 85.14577710948755 	idx: 2 4 1 16 2 256
4.397706279350768 84.29431933839268 	idx: 2 5 1 16 4 128
4.410882126380404 83.45137614500875 	idx: 2 5 1 32 2 256
5.232834370307199 82.61686238355867 	idx: 2 6 2 32 4 128
4.6238586685362755 81.79069375972308 	idx: 2 6 1 16 8 64
4.671397622930262 80.97278682212585 	idx: 4 6 3 16 64 16
5.070521689999831 80.1630589539046 	idx: 4 5 2 16 128 16
4.2045858312264945 79.36142836436555 	idx: 4 5 3 8 128 16
4.10790398269285 78.56781408072189 	idx: 1 2 4 16 128 32
4.888588563821664 77.78213593991467 	idx: 3 3 3 32 512 16
4.840137070422808 77.00431458051553 	idx: 3 3 3 64 256 16
4.929619994826124 76.23427143471037 	idx: 3 3 2 64 512 32
5.418432436630634 75.47192872036327 	idx: 3 4 3 32 512 64
5.418432436630634 74.71720943315964 	idx: 3 4 3 32 512 64
5.195165300486937 73.97003733882804 	idx: 4 5 2 16 256 16
4.906804337991299 73.23033696543976 	idx: 3 3 3 32 1024 32
5.485429594568758 72.49803359578536 	idx: 3 4 2 32 512 32
5.441796262027365 71.7730532598275 	idx: 3 4 2 16 512 16
5.538857547351543 71.05532272722922 	idx: 3 5 2 32 1024 8
5.538857547351543 70.34476949995693 	idx: 3 5 2 32 1024 8
5.432771120853019 69.64132180495736 	idx: 3 4 3 32 512 16
5.666787146899923 68.94490858690779 	idx: 4 6 2 64 512 2
5.562396155127392 68.25545950103871 	idx: 4 5 2 64 1024 2
5.562396155127392 67.57290490602833 	idx: 4 5 2 64 1024 2
4.608921999780966 66.89717585696805 	idx: 2 6 1 64 4 256
4.850991073867329 66.22820409839836 	idx: 3 3 3 64 256 128
5.218540294683382 65.56592205741438 	idx: 3 4 3 32 256 256
5.411112859534646 64.91026283684023 	idx: 0 4 2 32 4 32
5.535758113349131 64.26116020847184 	idx: 4 5 2 32 1024 16
5.535758113349131 63.618548606387115 	idx: 4 5 2 32 1024 16
5.4154823618922885 62.98236312032324 	idx: 3 4 2 16 256 128
5.4154823618922885 62.35253948912001 	idx: 3 4 2 16 256 128
5.260680573942144 61.72901409422881 	idx: 0 5 2 32 2 16
5.260680573942144 61.11172395328652 	idx: 0 5 2 32 2 16
5.37802859170836 60.500606713753655 	idx: 0 4 2 16 4 16
5.37802859170836 59.89560064661612 	idx: 0 4 2 16 4 16
5.37802859170836 59.29664464014996 	idx: 0 4 2 16 4 16
5.40023499492235 58.70367819374846 	idx: 3 5 2 16 512 32
5.277133112818209 58.116641411810974 	idx: 3 6 2 8 512 16
5.046883238412223 57.535474997692866 	idx: 3 6 2 4 1024 32
4.3429661091866345 56.960120247715935 	idx: 2 10 1 16 8 256
5.295286584354924 56.390519045238776 	idx: 0 6 2 32 16 32
4.91101516295912 55.82661385478639 	idx: 0 5 3 32 16 64
5.235974971836479 55.26834771623852 	idx: 3 6 2 8 512 128
5.138258354730517 54.71566423907614 	idx: 3 5 2 8 512 128
5.138258354730517 54.16850759668538 	idx: 3 5 2 8 512 128
4.803116172366582 53.62682252071853 	idx: 3 6 1 16 512 64
4.840540701330414 53.09055429551134 	idx: 3 6 1 32 512 32
5.195165300486937 52.55964875255623 	idx: 3 5 2 16 256 16
4.557121253439962 52.03405226503067 	idx: 2 9 2 8 4 512
5.51640739825214 51.51371174238036 	idx: 3 4 2 64 1024 8
5.51640739825214 50.998574624956554 	idx: 3 4 2 64 1024 8
5.51640739825214 50.488588878706985 	idx: 3 4 2 64 1024 8
5.087819698509269 49.98370298991991 	idx: 3 3 2 128 512 16
5.087819698509269 49.483865960020715 	idx: 3 3 2 128 512 16
5.102610669073967 48.98902730042051 	idx: 4 4 3 16 8 2
5.087819698509269 48.4991370274163 	idx: 3 3 2 128 512 16
5.087819698509269 48.01414565714214 	idx: 3 3 2 128 512 16
5.103113514412429 47.53400420057071 	idx: 3 3 2 128 1024 16
5.51640739825214 47.05866415856501 	idx: 3 4 2 64 1024 8
5.045008551124529 46.58807751697936 	idx: 0 9 2 4 512 64
4.824637026621407 46.12219674180957 	idx: 3 3 2 32 1024 8
4.823710160806522 45.66097477439147 	idx: 3 3 2 32 512 16
4.820617469299043 45.20436502664755 	idx: 3 3 2 32 512 32
4.841562008135891 44.752321376381076 	idx: 3 3 2 64 256 64
4.841562008135891 44.30479816261727 	idx: 3 3 2 64 256 64
4.646354271700307 43.861750180991095 	idx: 4 3 2 32 4 8
5.27922636766774 43.42313267918119 	idx: 3 5 2 32 64 64
5.381706046940172 42.98890135238938 	idx: 4 5 2 64 16 4
5.19615197254636 42.559012338865486 	idx: 0 11 1 16 512 64
5.19615197254636 42.133422215476834 	idx: 0 11 1 16 512 64
5.178977593519177 41.712087993322065 	idx: 4 4 3 64 4 4
5.260096151723503 41.29496711338884 	idx: 3 6 2 16 256 64
5.432824161632128 40.882017442254956 	idx: 4 4 2 64 2 4
5.432824161632128 40.473197267832404 	idx: 4 4 2 64 2 4
5.260096151723503 40.06846529515408 	idx: 3 6 2 16 256 64
5.418523565346688 39.66778064220254 	idx: 4 4 2 32 2 16
5.6091444542782325 39.27110283578051 	idx: 1 8 2 8 1024 64
5.6091444542782325 38.8783918074227 	idx: 1 8 2 8 1024 64
5.6091444542782325 38.48960788934848 	idx: 1 8 2 8 1024 64
5.6091444542782325 38.104711810454994 	idx: 1 8 2 8 1024 64
5.6091444542782325 37.72366469235045 	idx: 1 8 2 8 1024 64
5.178832091728314 37.34642804542694 	idx: 3 8 2 8 32 32
5.178832091728314 36.97296376497267 	idx: 3 8 2 8 32 32
5.2761086043141034 36.60323412732294 	idx: 1 8 1 32 1024 16
5.301593653185512 36.23720178604971 	idx: 0 8 2 32 64 4
5.301593653185512 35.874829768189215 	idx: 0 8 2 32 64 4
5.178832091728314 35.516081470507324 	idx: 3 8 2 8 32 32
5.178832091728314 35.16092065580225 	idx: 3 8 2 8 32 32
5.318275179579373 34.80931144924423 	idx: 1 11 1 8 1024 32
5.393824758321492 34.461218334751784 	idx: 1 10 2 8 512 32
5.397089875960569 34.11660615140427 	idx: 0 10 2 8 512 16
5.397089875960569 33.775440089890225 	idx: 0 10 2 8 512 16
5.397089875960569 33.43768568899132 	idx: 0 10 2 8 512 16
5.178832091728314 33.10330883210141 	idx: 3 8 2 8 32 32
5.264532390274419 32.7722757437804 	idx: 4 4 2 16 2 256
5.264532390274419 32.44455298634259 	idx: 4 4 2 16 2 256
5.278381104261268 32.12010745647917 	idx: 2 8 2 16 64 16
5.278381104261268 31.798906381914374 	idx: 2 8 2 16 64 16
5.278381104261268 31.48091731809523 	idx: 2 8 2 16 64 16
5.278381104261268 31.16610814491428 	idx: 2 8 2 16 64 16
5.278381104261268 30.854447063465138 	idx: 1 8 2 16 64 16
5.278381104261268 30.545902592830487 	idx: 2 8 2 16 64 16
4.9810496653137735 30.240443566902183 	idx: 4 4 3 32 16 512
5.450301402448254 29.93803913123316 	idx: 0 8 2 16 256 2
5.450301402448254 29.638658739920828 	idx: 0 8 2 16 256 2
5.450301402448254 29.34227215252162 	idx: 0 8 2 16 256 2
5.18523707863536 29.048849430996402 	idx: 3 5 3 16 512 8
5.178832091728314 28.758360936686437 	idx: 2 8 2 8 32 32
5.178832091728314 28.47077732731957 	idx: 2 8 2 8 32 32
5.496204135482339 28.186069554046373 	idx: 3 6 2 16 512 4
5.521753454899324 27.90420885850591 	idx: 3 5 2 32 512 4
5.297677500367467 27.625166769920853 	idx: 1 8 2 32 64 16
5.525192395742053 27.348915102221643 	idx: 3 4 2 64 256 8
5.525192395742053 27.075425951199424 	idx: 3 4 2 64 256 8
5.525192395742053 26.804671691687428 	idx: 3 4 2 64 256 8
5.527403954601508 26.536624974770554 	idx: 3 4 2 64 256 4
5.510467689227827 26.271258725022847 	idx: 3 4 2 32 256 8
5.510467689227827 26.00854613777262 	idx: 3 4 2 32 256 8
5.510467689227827 25.748460676394892 	idx: 3 4 2 32 256 8
5.507671888311457 25.490976069630943 	idx: 1 6 2 64 128 32
5.397829404475969 25.23606630893463 	idx: 1 5 2 64 64 32
5.505941495900484 24.983705645845284 	idx: 3 5 2 64 256 32
5.5105750018668 24.73386858938683 	idx: 3 4 2 128 256 64
5.5105750018668 24.48652990349296 	idx: 3 4 2 128 256 64
5.5105750018668 24.24166460445803 	idx: 3 4 2 128 256 64
5.5105750018668 23.99924795841345 	idx: 3 4 2 128 256 64
5.5105750018668 23.759255478829314 	idx: 3 4 2 128 256 64
5.5105750018668 23.52166292404102 	idx: 3 4 2 128 256 64
5.5105750018668 23.28644629480061 	idx: 3 4 2 128 256 64
5.207158704946942 23.053581831852604 	idx: 4 5 2 32 2 128
5.090249298062499 22.82304601353408 	idx: 2 7 2 8 1024 32
5.58770374909162 22.59481555339874 	idx: 3 5 2 64 512 32
5.617617502009555 22.36886739786475 	idx: 2 8 2 8 1024 16
5.617617502009555 22.145178723886104 	idx: 2 8 2 8 1024 16
5.6190207268523364 21.923726936647242 	idx: 2 8 2 8 1024 8
5.6190207268523364 21.704489667280768 	idx: 2 8 2 8 1024 8
5.706375610725521 21.48744477060796 	idx: 2 8 2 16 512 8
5.38185098724472 21.27257032290188 	idx: 1 9 2 8 512 128
5.42002822201088 21.059844619672862 	idx: 0 8 2 32 128 8
5.49508376081658 20.849246173476132 	idx: 2 6 2 32 256 2
5.49508376081658 20.64075371174137 	idx: 2 6 2 32 256 2
5.49508376081658 20.434346174623958 	idx: 2 6 2 32 256 2
5.49508376081658 20.230002712877717 	idx: 2 6 2 32 256 2
5.49508376081658 20.027702685748938 	idx: 2 6 2 32 256 2
5.410858833886461 19.82742565889145 	idx: 2 5 2 16 512 2
5.410858833886461 19.629151402302536 	idx: 2 5 2 16 512 2
5.410858833886461 19.43285988827951 	idx: 2 5 2 16 512 2
5.410858833886461 19.238531289396715 	idx: 2 5 2 16 512 2
5.358880405720134 19.046145976502746 	idx: 3 4 2 16 256 256
5.390767143802777 18.855684516737718 	idx: 3 4 2 32 512 256
5.390767143802777 18.66712767157034 	idx: 3 4 2 32 512 256
5.390767143802777 18.480456394854638 	idx: 3 4 2 32 512 256
5.463825505307745 18.295651830906092 	idx: 3 5 2 64 256 128
5.463825505307745 18.11269531259703 	idx: 3 5 2 64 256 128
5.359179041067914 17.931568359471058 	idx: 3 6 2 32 128 128
5.359179041067914 17.752252675876345 	idx: 3 6 2 32 128 128
5.26826566044438 17.57473014911758 	idx: 2 5 2 8 2048 8
5.450443416190866 17.398982847626407 	idx: 2 4 2 16 1024 4
5.502711407058999 17.22499301915014 	idx: 2 4 2 32 1024 8
5.518603490555768 17.05274308895864 	idx: 2 4 2 64 1024 4
5.518603490555768 16.882215658069054 	idx: 2 4 2 64 1024 4
5.518603490555768 16.713393501488362 	idx: 2 4 2 64 1024 4
5.518603490555768 16.546259566473477 	idx: 2 4 2 64 1024 4
5.518603490555768 16.380796970808742 	idx: 2 4 2 64 1024 4
5.502711407058999 16.216989001100654 	idx: 2 4 2 32 1024 8
5.382208694997806 16.054819111089646 	idx: 3 5 2 64 32 32
5.408992986184316 15.89427091997875 	idx: 3 4 2 32 32 64
5.492225754545825 15.735328210778961 	idx: 2 4 2 32 512 16
5.517370798560477 15.577974928671171 	idx: 2 5 2 32 512 16
5.517370798560477 15.42219517938446 	idx: 2 5 2 32 512 16
5.363223242012578 15.267973227590614 	idx: 3 4 2 64 16 128
5.363223242012578 15.115293495314708 	idx: 3 4 2 64 16 128
5.259256425467902 14.96414056036156 	idx: 0 8 2 16 32 4
5.259256425467902 14.814499154757945 	idx: 0 8 2 16 32 4
5.259256425467902 14.666354163210364 	idx: 0 8 2 16 32 4
5.422662279008926 14.519690621578262 	idx: 3 4 2 64 16 32
5.422662279008926 14.374493715362478 	idx: 3 4 2 64 16 32
5.422662279008926 14.230748778208852 	idx: 3 4 2 64 16 32
5.422662279008926 14.088441290426763 	idx: 3 4 2 64 16 32
5.499399954450815 13.947556877522496 	idx: 2 4 2 32 1024 16
5.499399954450815 13.808081308747271 	idx: 2 4 2 32 1024 16
5.2951838498209876 13.670000495659798 	idx: 2 4 3 16 512 16
5.2951838498209876 13.5333004907032 	idx: 2 4 3 16 512 16
5.2951838498209876 13.397967485796167 	idx: 2 4 3 16 512 16
5.250535398337743 13.263987810938206 	idx: 2 5 3 16 1024 16
5.412325056059545 13.131347932828824 	idx: 3 4 2 128 2 64
5.412325056059545 13.000034453500536 	idx: 3 4 2 128 2 64
5.412325056059545 12.87003410896553 	idx: 1 4 2 128 2 64
5.502711407058999 12.741333767875876 	idx: 2 4 2 32 1024 8
5.502711407058999 12.613920430197117 	idx: 2 4 2 32 1024 8
5.502711407058999 12.487781225895146 	idx: 2 4 2 32 1024 8
5.502711407058999 12.362903413636195 	idx: 2 4 2 32 1024 8
5.502711407058999 12.239274379499832 	idx: 2 4 2 32 1024 8
5.502711407058999 12.116881635704834 	idx: 2 4 2 32 1024 8
5.502711407058999 11.995712819347785 	idx: 2 4 2 32 1024 8
5.672465855482661 11.875755691154307 	idx: 4 8 2 8 512 8
5.672465855482661 11.756998134242764 	idx: 4 8 2 8 512 8
5.672465855482661 11.639428152900336 	idx: 4 8 2 8 512 8
5.672465855482661 11.523033871371332 	idx: 4 8 2 8 512 8
5.672465855482661 11.407803532657619 	idx: 4 8 2 8 512 8
5.672465855482661 11.293725497331042 	idx: 4 8 2 8 512 8
5.672465855482661 11.180788242357732 	idx: 4 8 2 8 512 8
5.672465855482661 11.068980359934155 	idx: 4 8 2 8 512 8
5.672465855482661 10.958290556334813 	idx: 4 8 2 8 512 8
5.672465855482661 10.848707650771464 	idx: 4 8 2 8 512 8
5.672465855482661 10.74022057426375 	idx: 4 8 2 8 512 8
5.672465855482661 10.632818368521113 	idx: 4 8 2 8 512 8
5.672465855482661 10.526490184835902 	idx: 4 8 2 8 512 8
5.707227698612654 10.421225282987542 	idx: 4 8 2 16 512 4
5.707227698612654 10.317013030157668 	idx: 4 8 2 16 512 4
5.707227698612654 10.213842899856092 	idx: 4 8 2 16 512 4
5.707227698612654 10.11170447085753 	idx: 4 8 2 16 512 4
5.707227698612654 10.010587426148955 	idx: 4 8 2 16 512 4
5.707227698612654 9.910481551887466 	idx: 4 8 2 16 512 4
5.707227698612654 9.811376736368592 	idx: 4 8 2 16 512 4
5.400300512793957 9.713262969004907 	idx: 0 8 2 16 128 4
5.400300512793957 9.616130339314857 	idx: 0 8 2 16 128 4
5.407484861639322 9.519969035921708 	idx: 4 9 2 8 512 4
5.407484861639322 9.42476934556249 	idx: 4 9 2 8 512 4
5.44715115819746 9.330521652106865 	idx: 3 4 2 128 8 16
5.44715115819746 9.237216435585797 	idx: 3 4 2 128 8 16
5.4943876179569635 9.144844271229939 	idx: 4 8 2 4 1024 8
5.4943876179569635 9.053395828517639 	idx: 4 8 2 4 1024 8
5.538857547351543 8.962861870232462 	idx: 2 5 2 32 1024 8
5.670815855851352 8.873233251530138 	idx: 4 8 2 8 512 16
5.670815855851352 8.784500919014837 	idx: 4 8 2 8 512 16
5.670815855851352 8.696655909824688 	idx: 4 8 2 8 512 16
5.670815855851352 8.609689350726441 	idx: 4 8 2 8 512 16
5.670815855851352 8.523592457219177 	idx: 4 8 2 8 512 16
5.670815855851352 8.438356532646985 	idx: 4 8 2 8 512 16
5.611979033827218 8.353972967320516 	idx: 2 6 2 32 1024 4
5.611979033827218 8.27043323764731 	idx: 2 6 2 32 1024 4
5.611979033827218 8.187728905270838 	idx: 2 6 2 32 1024 4
5.611979033827218 8.105851616218128 	idx: 2 6 2 32 1024 4
5.538857547351543 8.024793100055946 	idx: 2 5 2 32 1024 8
5.538857547351543 7.944545169055387 	idx: 2 5 2 32 1024 8
5.538857547351543 7.865099717364833 	idx: 2 5 2 32 1024 8
5.538857547351543 7.786448720191185 	idx: 2 5 2 32 1024 8
5.594312275915456 7.708584232989273 	idx: 2 5 2 64 512 16
5.594312275915456 7.63149839065938 	idx: 2 5 2 64 512 16
5.5976198782742586 7.5551834067527865 	idx: 2 5 2 64 512 8
5.516266857236504 7.479631572685259 	idx: 2 5 2 64 256 8
5.485250819521955 7.404835256958406 	idx: 1 4 2 128 64 4
5.512431008996606 7.330786904388821 	idx: 2 4 2 32 256 4
5.520503212779661 7.257479035344933 	idx: 2 4 2 64 512 2
5.520503212779661 7.1849042449914835 	idx: 2 4 2 64 512 2
5.527403954601508 7.1130552025415685 	idx: 2 4 2 64 256 4
5.527403954601508 7.041924650516153 	idx: 2 4 2 64 256 4
5.527403954601508 6.971505404010991 	idx: 2 4 2 64 256 4
5.527403954601508 6.901790349970882 	idx: 2 4 2 64 256 4
5.527403954601508 6.832772446471173 	idx: 2 4 2 64 256 4
5.527403954601508 6.764444722006462 	idx: 2 4 2 64 256 4
5.485250819521955 6.696800274786397 	idx: 1 4 2 128 64 4
5.485250819521955 6.6298322720385325 	idx: 1 4 2 128 64 4
5.530875240067536 6.563533949318147 	idx: 2 4 2 64 512 4
5.530875240067536 6.497898609824966 	idx: 2 4 2 64 512 4
5.530875240067536 6.432919623726716 	idx: 2 4 2 64 512 4
5.530875240067536 6.3685904274894485 	idx: 2 4 2 64 512 4
5.530875240067536 6.304904523214554 	idx: 2 4 2 64 512 4
5.530875240067536 6.2418554779824085 	idx: 2 4 2 64 512 4
5.5814532615409505 6.1794369232025845 	idx: 2 4 2 128 512 4
5.5814532615409505 6.117642553970558 	idx: 2 4 2 128 512 4
5.5814532615409505 6.056466128430853 	idx: 2 4 2 128 512 4
5.5814532615409505 5.9959014671465445 	idx: 2 4 2 128 512 4
5.5814532615409505 5.935942452475079 	idx: 2 4 2 128 512 4
5.5814532615409505 5.8765830279503275 	idx: 2 4 2 128 512 4
5.5814532615409505 5.817817197670824 	idx: 2 4 2 128 512 4
5.5814532615409505 5.759639025694116 	idx: 2 4 2 128 512 4
5.5814532615409505 5.7020426354371745 	idx: 2 4 2 128 512 4
5.5814532615409505 5.645022209082803 	idx: 2 4 2 128 512 4
5.5814532615409505 5.588571986991974 	idx: 2 4 2 128 512 4
5.5814532615409505 5.532686267122054 	idx: 2 4 2 128 512 4
5.5814532615409505 5.477359404450834 	idx: 2 4 2 128 512 4
5.5814532615409505 5.422585810406325 	idx: 2 4 2 128 512 4
5.5814532615409505 5.368359952302262 	idx: 2 4 2 128 512 4
5.5814532615409505 5.314676352779239 	idx: 2 4 2 128 512 4
5.5814532615409505 5.261529589251447 	idx: 2 4 2 128 512 4
5.5814532615409505 5.208914293358933 	idx: 2 4 2 128 512 4
5.527403954601508 5.156825150425344 	idx: 2 4 2 64 256 4
5.527403954601508 5.10525689892109 	idx: 2 4 2 64 256 4
5.527403954601508 5.0542043299318795 	idx: 2 4 2 64 256 4
5.527403954601508 5.003662286632561 	idx: 2 4 2 64 256 4
5.527403954601508 4.953625663766235 	idx: 2 4 2 64 256 4
5.527403954601508 4.9040894071285726 	idx: 2 4 2 64 256 4
5.546571378736235 4.8550485130572865 	idx: 2 4 2 128 256 8
5.579265207369033 4.806498027926714 	idx: 2 4 2 128 512 8
5.579265207369033 4.758433047647447 	idx: 2 4 2 128 512 8
5.579265207369033 4.710848717170973 	idx: 2 4 2 128 512 8
5.579265207369033 4.663740229999263 	idx: 2 4 2 128 512 8
5.579265207369033 4.61710282769927 	idx: 2 4 2 128 512 8
5.579265207369033 4.570931799422278 	idx: 2 4 2 128 512 8
5.579265207369033 4.525222481428055 	idx: 2 4 2 128 512 8
5.579265207369033 4.4799702566137745 	idx: 2 4 2 128 512 8
5.579265207369033 4.4351705540476365 	idx: 2 4 2 128 512 8
5.579265207369033 4.39081884850716 	idx: 2 4 2 128 512 8
5.579265207369033 4.346910660022088 	idx: 2 4 2 128 512 8
5.579265207369033 4.303441553421867 	idx: 2 4 2 128 512 8
5.579265207369033 4.260407137887648 	idx: 2 4 2 128 512 8
5.599369032785406 4.217803066508771 	idx: 2 5 2 64 512 4
5.599369032785406 4.175625035843683 	idx: 2 5 2 64 512 4
5.599369032785406 4.133868785485246 	idx: 2 5 2 64 512 4
5.599369032785406 4.0925300976303935 	idx: 2 5 2 64 512 4
5.599369032785406 4.05160479665409 	idx: 2 5 2 64 512 4
5.599369032785406 4.011088748687548 	idx: 2 5 2 64 512 4
5.599369032785406 3.970977861200673 	idx: 2 5 2 64 512 4
5.599369032785406 3.9312680825886663 	idx: 2 5 2 64 512 4
5.599369032785406 3.8919554017627798 	idx: 2 5 2 64 512 4
5.599369032785406 3.853035847745152 	idx: 2 5 2 64 512 4
5.599369032785406 3.8145054892677006 	idx: 2 5 2 64 512 4
5.599369032785406 3.7763604343750234 	idx: 2 5 2 64 512 4
5.666787146899923 3.7385968300312733 	idx: 2 6 2 64 512 2
5.666787146899923 3.7012108617309605 	idx: 2 6 2 64 512 2
5.666787146899923 3.664198753113651 	idx: 2 6 2 64 512 2
5.666787146899923 3.6275567655825145 	idx: 2 6 2 64 512 2
5.666787146899923 3.591281197926689 	idx: 2 6 2 64 512 2
5.666787146899923 3.555368385947422 	idx: 2 6 2 64 512 2
5.666787146899923 3.519814702087948 	idx: 2 6 2 64 512 2
5.666787146899923 3.4846165550670687 	idx: 2 6 2 64 512 2
5.666787146899923 3.449770389516398 	idx: 2 6 2 64 512 2
5.666787146899923 3.415272685621234 	idx: 2 6 2 64 512 2
5.666787146899923 3.3811199587650216 	idx: 2 6 2 64 512 2
5.666787146899923 3.347308759177371 	idx: 2 6 2 64 512 2
5.666787146899923 3.3138356715855974 	idx: 2 6 2 64 512 2
5.666787146899923 3.2806973148697414 	idx: 2 6 2 64 512 2
5.666787146899923 3.247890341721044 	idx: 2 6 2 64 512 2
5.666787146899923 3.2154114383038332 	idx: 2 6 2 64 512 2
5.666787146899923 3.183257323920795 	idx: 2 6 2 64 512 2
5.666787146899923 3.1514247506815867 	idx: 2 6 2 64 512 2
5.666787146899923 3.1199105031747707 	idx: 2 6 2 64 512 2
5.666787146899923 3.088711398143023 	idx: 2 6 2 64 512 2
5.666787146899923 3.0578242841615926 	idx: 2 6 2 64 512 2
5.666787146899923 3.0272460413199767 	idx: 2 6 2 64 512 2
5.666787146899923 2.996973580906777 	idx: 2 6 2 64 512 2
5.666787146899923 2.967003845097709 	idx: 2 6 2 64 512 2
5.666787146899923 2.9373338066467323 	idx: 2 6 2 64 512 2
5.666787146899923 2.907960468580265 	idx: 2 6 2 64 512 2
5.666787146899923 2.8788808638944623 	idx: 2 6 2 64 512 2
5.666787146899923 2.8500920552555176 	idx: 2 6 2 64 512 2
5.666787146899923 2.8215911347029623 	idx: 2 6 2 64 512 2
5.666787146899923 2.7933752233559326 	idx: 2 6 2 64 512 2
5.666787146899923 2.765441471122373 	idx: 2 6 2 64 512 2
5.707227698612654 2.7377870564111495 	idx: 4 8 2 16 512 4
5.707227698612654 2.710409185847038 	idx: 4 8 2 16 512 4
5.707227698612654 2.6833050939885674 	idx: 4 8 2 16 512 4
5.707227698612654 2.656472043048682 	idx: 4 8 2 16 512 4
5.707227698612654 2.629907322618195 	idx: 4 8 2 16 512 4
5.707227698612654 2.603608249392013 	idx: 4 8 2 16 512 4
5.707227698612654 2.577572166898093 	idx: 4 8 2 16 512 4
5.707227698612654 2.551796445229112 	idx: 4 8 2 16 512 4
5.707227698612654 2.526278480776821 	idx: 4 8 2 16 512 4
5.707227698612654 2.501015695969053 	idx: 4 8 2 16 512 4
5.707227698612654 2.4760055390093623 	idx: 4 8 2 16 512 4
5.707227698612654 2.4512454836192688 	idx: 4 8 2 16 512 4
5.707227698612654 2.426733028783076 	idx: 4 8 2 16 512 4
5.707227698612654 2.402465698495245 	idx: 4 8 2 16 512 4
5.707227698612654 2.3784410415102926 	idx: 4 8 2 16 512 4
5.707227698612654 2.3546566310951897 	idx: 4 8 2 16 512 4
5.672465855482661 2.3311100647842378 	idx: 4 8 2 8 512 8
5.672465855482661 2.307798964136395 	idx: 4 8 2 8 512 8
5.672465855482661 2.2847209744950314 	idx: 4 8 2 8 512 8
5.672465855482661 2.261873764750081 	idx: 4 8 2 8 512 8
5.672465855482661 2.23925502710258 	idx: 4 8 2 8 512 8
5.672465855482661 2.2168624768315546 	idx: 4 8 2 8 512 8
5.672465855482661 2.194693852063239 	idx: 4 8 2 8 512 8
5.672465855482661 2.1727469135426065 	idx: 4 8 2 8 512 8
5.672465855482661 2.1510194444071806 	idx: 4 8 2 8 512 8
5.672465855482661 2.129509249963109 	idx: 4 8 2 8 512 8
5.672465855482661 2.108214157463478 	idx: 4 8 2 8 512 8
5.672465855482661 2.087132015888843 	idx: 4 8 2 8 512 8
5.672465855482661 2.0662606957299547 	idx: 4 8 2 8 512 8
5.672465855482661 2.045598088772655 	idx: 4 8 2 8 512 8
5.707227698612654 2.0251421078849283 	idx: 4 8 2 16 512 4
5.707227698612654 2.004890686806079 	idx: 4 8 2 16 512 4
5.707227698612654 1.9848417799380185 	idx: 4 8 2 16 512 4
5.707227698612654 1.9649933621386382 	idx: 4 8 2 16 512 4
5.707227698612654 1.9453434285172517 	idx: 4 8 2 16 512 4
5.707227698612654 1.9258899942320793 	idx: 4 8 2 16 512 4
5.707227698612654 1.9066310942897584 	idx: 4 8 2 16 512 4
5.707227698612654 1.8875647833468607 	idx: 4 8 2 16 512 4
5.707227698612654 1.868689135513392 	idx: 4 8 2 16 512 4
5.707227698612654 1.8500022441582582 	idx: 4 8 2 16 512 4
5.707227698612654 1.8315022217166756 	idx: 4 8 2 16 512 4
5.707227698612654 1.8131871994995088 	idx: 4 8 2 16 512 4
5.707227698612654 1.7950553275045138 	idx: 4 8 2 16 512 4
5.707227698612654 1.7771047742294686 	idx: 4 8 2 16 512 4
5.707227698612654 1.7593337264871738 	idx: 4 8 2 16 512 4
5.707227698612654 1.741740389222302 	idx: 4 8 2 16 512 4
5.707227698612654 1.724322985330079 	idx: 4 8 2 16 512 4
5.707227698612654 1.7070797554767783 	idx: 4 8 2 16 512 4
5.707227698612654 1.6900089579220106 	idx: 4 8 2 16 512 4
5.707227698612654 1.6731088683427904 	idx: 4 8 2 16 512 4
5.707227698612654 1.6563777796593624 	idx: 4 8 2 16 512 4
5.707227698612654 1.6398140018627687 	idx: 4 8 2 16 512 4
5.707227698612654 1.623415861844141 	idx: 4 8 2 16 512 4
5.707227698612654 1.6071817032256996 	idx: 4 8 2 16 512 4
5.707227698612654 1.5911098861934427 	idx: 4 8 2 16 512 4
5.707227698612654 1.5751987873315083 	idx: 4 8 2 16 512 4
5.707227698612654 1.5594467994581933 	idx: 4 8 2 16 512 4
5.707227698612654 1.5438523314636114 	idx: 4 8 2 16 512 4
5.707227698612654 1.5284138081489753 	idx: 4 8 2 16 512 4
5.707227698612654 1.5131296700674854 	idx: 4 8 2 16 512 4
5.707227698612654 1.4979983733668105 	idx: 4 8 2 16 512 4
5.707227698612654 1.4830183896331424 	idx: 4 8 2 16 512 4
5.707227698612654 1.468188205736811 	idx: 4 8 2 16 512 4
5.707227698612654 1.4535063236794428 	idx: 4 8 2 16 512 4
5.707227698612654 1.4389712604426483 	idx: 4 8 2 16 512 4
5.707227698612654 1.4245815478382218 	idx: 4 8 2 16 512 4
5.707227698612654 1.4103357323598396 	idx: 4 8 2 16 512 4
5.707227698612654 1.396232375036241 	idx: 4 8 2 16 512 4
5.707227698612654 1.3822700512858788 	idx: 4 8 2 16 512 4
5.707227698612654 1.36844735077302 	idx: 4 8 2 16 512 4
5.707227698612654 1.3547628772652898 	idx: 4 8 2 16 512 4
5.707227698612654 1.341215248492637 	idx: 4 8 2 16 512 4
5.707227698612654 1.3278030960077105 	idx: 4 8 2 16 512 4
5.707227698612654 1.3145250650476334 	idx: 4 8 2 16 512 4
5.707227698612654 1.301379814397157 	idx: 4 8 2 16 512 4
5.707227698612654 1.2883660162531856 	idx: 4 8 2 16 512 4
5.707227698612654 1.2754823560906536 	idx: 4 8 2 16 512 4
5.707227698612654 1.2627275325297471 	idx: 4 8 2 16 512 4
5.707227698612654 1.2501002572044497 	idx: 4 8 2 16 512 4
5.707227698612654 1.2375992546324053 	idx: 4 8 2 16 512 4
5.707227698612654 1.2252232620860812 	idx: 4 8 2 16 512 4
5.707227698612654 1.2129710294652205 	idx: 4 8 2 16 512 4
5.707227698612654 1.2008413191705682 	idx: 4 8 2 16 512 4
5.707227698612654 1.1888329059788625 	idx: 4 8 2 16 512 4
5.707227698612654 1.1769445769190738 	idx: 4 8 2 16 512 4
5.707227698612654 1.165175131149883 	idx: 4 8 2 16 512 4
5.707227698612654 1.1535233798383842 	idx: 4 8 2 16 512 4
5.707227698612654 1.1419881460400003 	idx: 4 8 2 16 512 4
5.707227698612654 1.1305682645796002 	idx: 4 8 2 16 512 4
5.707227698612654 1.1192625819338042 	idx: 4 8 2 16 512 4
5.707227698612654 1.1080699561144662 	idx: 4 8 2 16 512 4
5.707227698612654 1.0969892565533215 	idx: 4 8 2 16 512 4
5.707227698612654 1.0860193639877882 	idx: 4 8 2 16 512 4
5.707227698612654 1.0751591703479102 	idx: 4 8 2 16 512 4
5.707227698612654 1.0644075786444311 	idx: 4 8 2 16 512 4
5.707227698612654 1.0537635028579868 	idx: 4 8 2 16 512 4
5.707227698612654 1.0432258678294068 	idx: 4 8 2 16 512 4
5.707227698612654 1.0327936091511127 	idx: 4 8 2 16 512 4
5.707227698612654 1.0224656730596016 	idx: 4 8 2 16 512 4
5.707227698612654 1.0122410163290056 	idx: 4 8 2 16 512 4
5.707227698612654 1.0021186061657157 	idx: 4 8 2 16 512 4
###### ACC Parameters ######
cim type:    FPCIM
bus_width:   25.6
macros_row:  8
macros_col:  2
scr:         16
is_size:     512
os_size:     4
best=5.707227698612654, area=4403514.166474769 459
bert_large_sl512_FPCIM@ISSCC23_ee_running end at 1757785165.446863
132.06360801347498 100 	idx: 0 2 1 2 64 64
217.7986788571299 99.0 	idx: 0 2 2 2 128 128
198.17775330003698 98.01 	idx: 4 2 1 4 128 128
332.8688386990279 97.0299 	idx: 4 3 2 2 256 128
252.7432039965118 96.059601 	idx: 4 2 3 4 512 256
325.5329607095778 95.09900499 	idx: 4 2 3 2 1024 512
248.59834102543314 94.1480149401 	idx: 4 1 4 4 2048 256
295.0275609570102 93.206534790699 	idx: 3 3 2 32 128 8
335.4157009792783 92.27446944279201 	idx: 3 3 2 32 256 16
326.220133047179 91.35172474836409 	idx: 3 3 3 64 256 16
259.9213909424757 90.43820750088045 	idx: 3 2 2 32 512 16
330.86135922330095 89.53382542587164 	idx: 3 2 1 32 1024 16
303.5454885800137 88.63848717161292 	idx: 0 2 8 4 128 64
329.2629951690821 87.75210229989679 	idx: 3 3 1 32 256 32
410.1916225324988 86.87458127689783 	idx: 3 3 1 32 512 32
338.4463674290241 86.00583546412885 	idx: 3 2 2 32 1024 32
416.1361224078998 85.14577710948755 	idx: 0 2 8 32 256 64
416.1361224078998 84.29431933839268 	idx: 0 2 8 32 256 64
326.0001941244199 83.45137614500875 	idx: 3 3 3 16 256 32
292.4193295053125 82.61686238355867 	idx: 3 3 4 16 128 16
209.4946074660627 81.79069375972308 	idx: 3 2 3 8 128 8
292.4193295053125 80.97278682212585 	idx: 3 3 4 16 128 8
324.7059476835795 80.1630589539046 	idx: 4 3 3 2 256 512
338.6433626341677 79.36142836436555 	idx: 4 3 4 2 256 256
425.60162354134957 78.56781408072189 	idx: 4 4 5 2 512 256
626.4178214338284 77.78213593991467 	idx: 4 5 4 2 512 256
520.9236362957835 77.00431458051553 	idx: 4 4 4 4 512 512
324.7059476835795 76.23427143471037 	idx: 4 3 3 2 256 512
334.9564070908619 75.47192872036327 	idx: 4 3 2 4 256 256
264.8438072666541 74.71720943315964 	idx: 4 2 1 2 256 512
334.26200737421067 73.97003733882804 	idx: 4 3 2 2 256 1024
396.2551867917244 73.23033696543976 	idx: 3 5 2 16 128 2
339.01595749667473 72.49803359578536 	idx: 4 3 4 4 256 512
266.9920150154373 71.7730532598275 	idx: 4 2 4 2 512 512
189.47577156709843 71.05532272722922 	idx: 1 2 3 32 64 128
102.47148315926025 70.34476949995693 	idx: 1 1 3 64 64 256
115.55784306521497 69.64132180495736 	idx: 4 1 6 2 1024 256
125.47955387072999 68.94490858690779 	idx: 1 2 5 64 64 256
118.03551313230395 68.25545950103871 	idx: 1 2 4 128 32 256
396.85195631202055 67.57290490602833 	idx: 4 2 5 2 2048 256
115.63721002995445 66.89717585696805 	idx: 4 1 6 4 1024 512
170.89594060666607 66.22820409839836 	idx: 4 1 6 4 2048 256
285.3932250633784 65.56592205741438 	idx: 4 2 5 2 1024 128
404.6640765262812 64.91026283684023 	idx: 4 3 5 2 1024 64
702.1383453578663 64.26116020847184 	idx: 4 4 4 2 1024 128
765.5660409292944 63.618548606387115 	idx: 4 5 3 4 1024 256
922.1244238474504 62.98236312032324 	idx: 4 6 2 8 1024 128
824.1826226055346 62.35253948912001 	idx: 4 5 1 16 2048 128
866.7019328585961 61.72901409422881 	idx: 4 6 1 32 1024 64
866.7019328585961 61.11172395328652 	idx: 4 6 1 32 1024 64
947.6840934371523 60.500606713753655 	idx: 4 6 1 32 2048 64
751.9576345984113 59.89560064661612 	idx: 4 5 1 64 1024 32
866.7019328585961 59.29664464014996 	idx: 4 6 1 32 1024 32
648.1183293043324 58.70367819374846 	idx: 4 6 1 16 512 32
722.1376623312124 58.116641411810974 	idx: 4 6 2 16 512 64
793.0640217116121 57.535474997692866 	idx: 4 5 2 32 1024 128
599.9774647887324 56.960120247715935 	idx: 4 5 1 64 512 128
866.7019328585961 56.390519045238776 	idx: 4 6 1 64 1024 256
793.0669054431493 55.82661385478639 	idx: 4 5 2 64 1024 128
537.8585858585859 55.26834771623852 	idx: 4 4 1 128 512 256
335.4173774233136 54.71566423907614 	idx: 4 3 2 64 256 128
259.9230558957394 54.16850759668538 	idx: 4 2 2 128 512 64
259.9230558957394 53.62682252071853 	idx: 4 2 2 128 512 64
255.92310003003905 53.09055429551134 	idx: 0 5 1 32 128 128
259.92313333594524 52.55964875255623 	idx: 4 2 2 256 512 128
259.92313333594524 52.03405226503067 	idx: 4 2 2 256 512 128
232.90385835720218 51.51371174238036 	idx: 3 2 2 64 256 512
396.21208602884025 50.998574624956554 	idx: 0 5 2 8 128 64
507.79651475139417 50.488588878706985 	idx: 3 4 2 32 512 128
456.56445537165604 49.98370298991991 	idx: 3 4 2 16 256 128
599.9774647887324 49.483865960020715 	idx: 3 5 1 32 512 64
543.8638294476799 48.98902730042051 	idx: 3 5 2 16 256 128
495.0993072759997 48.4991370274163 	idx: 3 4 3 16 512 256
543.8638294476799 48.01414565714214 	idx: 3 5 2 16 256 256
456.3689702766388 47.53400420057071 	idx: 3 4 2 8 256 256
543.817892754925 47.05866415856501 	idx: 3 5 2 8 256 256
648.3774733637747 46.58807751697936 	idx: 3 6 1 16 512 256
648.3774733637747 46.12219674180957 	idx: 3 6 1 16 512 256
648.3774733637747 45.66097477439147 	idx: 3 6 1 32 512 512
613.154285662076 45.20436502664755 	idx: 3 7 2 16 256 512
673.1308153351398 44.752321376381076 	idx: 0 9 2 4 256 32
553.8811561876798 44.30479816261727 	idx: 0 8 3 2 128 32
711.2884760886013 43.861750180991095 	idx: 0 8 2 2 256 64
711.2884760886013 43.42313267918119 	idx: 0 8 2 2 256 64
711.2884760886013 42.98890135238938 	idx: 0 8 2 2 256 64
711.2884760886013 42.559012338865486 	idx: 0 8 2 2 256 64
711.2884760886013 42.133422215476834 	idx: 0 8 2 2 256 64
711.2884760886013 41.712087993322065 	idx: 0 8 2 2 256 64
945.9105932763889 41.29496711338884 	idx: 0 9 2 4 512 64
1028.619301956512 40.882017442254956 	idx: 0 10 2 8 512 32
1141.181806290256 40.473197267832404 	idx: 0 11 1 16 1024 64
1067.6290726817042 40.06846529515408 	idx: 0 10 1 32 1024 64
1066.5913952860026 39.66778064220254 	idx: 0 10 1 16 1024 32
1066.5248961488903 39.27110283578051 	idx: 0 10 1 16 1024 16
1009.4407582938388 38.8783918074227 	idx: 0 9 1 32 1024 8
1066.4740494623104 38.48960788934848 	idx: 0 10 1 16 1024 4
1117.084710778194 38.104711810454994 	idx: 3 6 2 2 2048 64
979.1631040185504 37.72366469235045 	idx: 3 7 2 2 1024 64
996.5374605986774 37.34642804542694 	idx: 3 7 2 4 1024 128
1078.525832739932 36.97296376497267 	idx: 0 8 1 16 1024 16
1129.8309793170658 36.60323412732294 	idx: 3 6 2 4 2048 256
1129.8309793170658 36.23720178604971 	idx: 3 6 2 4 2048 256
767.2447713454384 35.874829768189215 	idx: 3 5 3 8 1024 256
767.2447713454384 35.516081470507324 	idx: 3 5 3 8 1024 256
1023.9519253340344 35.16092065580225 	idx: 0 8 1 2 1024 8
976.0624494527435 34.80931144924423 	idx: 3 5 2 4 2048 512
976.0624494527435 34.461218334751784 	idx: 3 5 2 4 2048 512
891.0511206631086 34.11660615140427 	idx: 3 6 3 4 1024 256
1129.8309793170658 33.775440089890225 	idx: 3 6 2 4 2048 256
766.1671886550571 33.43768568899132 	idx: 3 5 3 4 1024 512
968.4995923025388 33.10330883210141 	idx: 3 5 2 2 2048 512
923.2627752694985 32.7722757437804 	idx: 3 6 1 2 2048 256
996.5374605986774 32.44455298634259 	idx: 3 7 2 4 1024 128
720.8262768979274 32.12010745647917 	idx: 3 6 2 4 512 64
612.9643002306304 31.798906381914374 	idx: 3 7 2 8 256 64
612.9643002306304 31.48091731809523 	idx: 3 7 2 8 256 64
720.7889808127571 31.16610814491428 	idx: 3 6 2 4 512 32
908.125685356703 30.854447063465138 	idx: 3 7 1 4 1024 64
715.8366929644262 30.545902592830487 	idx: 3 6 2 2 512 64
596.8286894181398 30.240443566902183 	idx: 0 6 2 16 256 8
630.6944779953895 29.93803913123316 	idx: 3 6 3 8 256 64
616.8514975746012 29.638658739920828 	idx: 3 5 2 4 512 128
543.220364119097 29.34227215252162 	idx: 3 5 3 8 256 64
543.220364119097 29.048849430996402 	idx: 3 5 3 8 256 64
543.8638294476799 28.758360936686437 	idx: 3 5 2 16 256 32
391.8371523763583 28.47077732731957 	idx: 3 4 1 8 256 64
456.56445537165604 28.186069554046373 	idx: 3 4 2 16 256 128
409.95270730174394 27.90420885850591 	idx: 3 3 1 16 512 128
537.7803399225274 27.625166769920853 	idx: 3 4 1 16 512 128
654.7181676616598 27.348915102221643 	idx: 3 4 2 32 1024 256
517.284760170006 27.075425951199424 	idx: 3 3 1 64 2048 128
517.284760170006 26.804671691687428 	idx: 3 3 1 64 2048 128
603.2545248485494 26.536624974770554 	idx: 3 3 2 32 2048 128
689.8526315789474 26.271258725022847 	idx: 3 4 1 32 2048 64
484.26914991820746 26.00854613777262 	idx: 3 3 2 32 1024 64
423.8033167228392 25.748460676394892 	idx: 3 2 2 32 2048 64
423.7946701124076 25.490976069630943 	idx: 3 2 2 16 2048 64
467.40684781401774 25.23606630893463 	idx: 3 3 1 8 1024 128
626.5046982094857 24.983705645845284 	idx: 3 4 1 16 1024 128
507.79651475139417 24.73386858938683 	idx: 3 4 2 32 512 64
507.79651475139417 24.48652990349296 	idx: 3 4 2 32 512 64
507.79651475139417 24.24166460445803 	idx: 3 4 2 32 512 64
751.9576345984113 23.99924795841345 	idx: 3 5 1 64 1024 64
824.7512100677639 23.759255478829314 	idx: 3 5 1 64 2048 64
824.7512100677639 23.52166292404102 	idx: 3 5 1 32 2048 32
922.7561962885202 23.28644629480061 	idx: 3 6 2 16 1024 32
922.7561962885202 23.053581831852604 	idx: 3 6 2 16 1024 32
866.1328456705345 22.82304601353408 	idx: 3 6 1 16 1024 64
1131.491221093305 22.59481555339874 	idx: 3 6 2 8 2048 64
1131.491221093305 22.36886739786475 	idx: 3 6 2 8 2048 64
922.082880581439 22.145178723886104 	idx: 3 6 2 8 1024 64
857.8084693833405 21.923726936647242 	idx: 3 6 1 4 1024 64
857.8084693833405 21.704489667280768 	idx: 3 6 1 4 1024 64
635.6485443691186 21.48744477060796 	idx: 3 6 1 2 512 32
626.9080206033849 21.27257032290188 	idx: 2 4 1 128 1024 64
737.6371267489405 21.059844619672862 	idx: 3 8 1 2 512 64
879.6652127673251 20.849246173476132 	idx: 3 7 1 2 1024 64
920.740285905764 20.64075371174137 	idx: 3 6 2 4 1024 128
731.1441145455875 20.434346174623958 	idx: 3 5 1 2 1024 64
976.8751815722724 20.230002712877717 	idx: 1 5 2 8 2048 4
976.8784631116966 20.027702685748938 	idx: 1 5 2 8 2048 8
976.8784631116966 19.82742565889145 	idx: 1 5 2 8 2048 8
764.9071496615012 19.629151402302536 	idx: 1 5 3 4 1024 4
764.9071496615012 19.43285988827951 	idx: 1 5 3 4 1024 4
832.5957173699921 19.238531289396715 	idx: 1 5 4 4 1024 4
832.5957173699921 19.046145976502746 	idx: 1 5 4 4 1024 4
699.0646003461006 18.855684516737718 	idx: 1 6 3 2 512 2
611.3061865992868 18.66712767157034 	idx: 1 7 2 4 256 2
732.4649795246701 18.480456394854638 	idx: 1 8 1 2 512 4
434.09730620803293 18.295651830906092 	idx: 1 7 1 2 256 2
423.51333322815265 18.11269531259703 	idx: 1 6 2 4 128 2
300.91219124077634 17.931568359471058 	idx: 1 6 3 2 64 2
326.1987264861712 17.752252675876345 	idx: 2 3 3 32 256 256
393.7214982389405 17.57473014911758 	idx: 1 5 2 2 128 2
443.2338982659043 17.398982847626407 	idx: 1 4 3 2 256 4
443.2338982659043 17.22499301915014 	idx: 1 4 3 2 256 4
382.65118251800607 17.05274308895864 	idx: 1 5 4 4 128 2
543.7287536432588 16.882215658069054 	idx: 4 5 2 4 256 512
721.0493895537893 16.713393501488362 	idx: 4 6 2 4 512 256
920.4997211195156 16.546259566473477 	idx: 1 6 2 4 1024 4
761.0171596603396 16.380796970808742 	idx: 1 5 3 2 1024 2
991.0236701598202 16.216989001100654 	idx: 1 5 3 4 2048 2
833.337534972533 16.054819111089646 	idx: 1 5 4 8 1024 2
946.9167478905313 15.89427091997875 	idx: 4 9 2 4 512 128
833.337534972533 15.735328210778961 	idx: 1 5 4 8 1024 2
1027.1908011277237 15.577974928671171 	idx: 4 10 2 4 512 64
1027.1908011277237 15.42219517938446 	idx: 4 10 2 4 512 64
1006.3585337690606 15.267973227590614 	idx: 4 9 1 8 1024 64
1227.84074941452 15.115293495314708 	idx: 4 8 1 8 2048 128
1227.84074941452 14.96414056036156 	idx: 4 8 1 8 2048 128
1014.1179304171947 14.814499154757945 	idx: 4 7 1 16 2048 128
924.7084177311121 14.666354163210364 	idx: 4 7 1 16 1024 256
924.7084177311121 14.519690621578262 	idx: 4 7 1 16 1024 256
1015.4564958283671 14.374493715362478 	idx: 4 7 1 32 2048 256
925.0466883821932 14.230748778208852 	idx: 4 7 1 32 1024 128
1231.612576797976 14.088441290426763 	idx: 4 8 1 16 2048 256
1231.612576797976 13.947556877522496 	idx: 4 8 1 16 2048 256
925.0466883821932 13.808081308747271 	idx: 2 7 1 64 1024 128
866.1750901070959 13.670000495659798 	idx: 4 6 1 8 1024 1024
922.7561962885202 13.5333004907032 	idx: 2 6 2 16 1024 128
921.4076273032479 13.397967485796167 	idx: 4 6 2 4 1024 512
864.9957311163495 13.263987810938206 	idx: 2 6 1 8 1024 128
824.2573765802656 13.131347932828824 	idx: 2 5 1 16 2048 256
824.2573765802656 13.000034453500536 	idx: 2 5 1 16 2048 256
824.7512100677639 12.87003410896553 	idx: 2 5 1 32 2048 256
922.768884488784 12.741333767875876 	idx: 2 6 2 32 1024 128
977.8241908629283 12.613920430197117 	idx: 2 5 2 16 2048 128
977.8241908629283 12.487781225895146 	idx: 2 5 2 16 2048 128
977.8241908629283 12.362903413636195 	idx: 2 5 2 16 2048 128
977.8241908629283 12.239274379499832 	idx: 2 5 2 16 2048 128
822.829471003643 12.116881635704834 	idx: 2 5 1 8 2048 64
824.1429150712598 11.995712819347785 	idx: 2 5 1 16 2048 64
866.1695002758856 11.875755691154307 	idx: 2 6 1 16 1024 128
793.0640217116121 11.756998134242764 	idx: 3 5 2 32 1024 64
689.3642837268442 11.639428152900336 	idx: 2 4 1 16 2048 128
689.3642837268442 11.523033871371332 	idx: 2 4 1 16 2048 128
654.7098149223802 11.407803532657619 	idx: 2 4 2 16 1024 256
977.8241908629283 11.293725497331042 	idx: 2 5 2 16 2048 256
977.8241908629283 11.180788242357732 	idx: 2 5 2 16 2048 256
977.8241908629283 11.068980359934155 	idx: 2 5 2 16 2048 256
977.8241908629283 10.958290556334813 	idx: 2 5 2 16 2048 256
977.8241908629283 10.848707650771464 	idx: 2 5 2 16 2048 256
977.8241908629283 10.74022057426375 	idx: 2 5 2 16 2048 256
977.8241908629283 10.632818368521113 	idx: 2 5 2 16 2048 256
977.8241908629283 10.526490184835902 	idx: 2 5 2 16 2048 256
977.8241908629283 10.421225282987542 	idx: 2 5 2 16 2048 256
977.8241908629283 10.317013030157668 	idx: 2 5 2 16 2048 256
977.8241908629283 10.213842899856092 	idx: 2 5 2 16 2048 256
977.8241908629283 10.11170447085753 	idx: 2 5 2 16 2048 256
977.8241908629283 10.010587426148955 	idx: 2 5 2 16 2048 256
977.8241908629283 9.910481551887466 	idx: 2 5 2 16 2048 256
825.854876099674 9.811376736368592 	idx: 2 4 3 8 2048 128
825.854876099674 9.713262969004907 	idx: 2 4 3 8 2048 128
810.5564041803689 9.616130339314857 	idx: 2 4 2 8 2048 256
810.5564041803689 9.519969035921708 	idx: 2 4 2 8 2048 256
823.1730218338963 9.42476934556249 	idx: 2 5 1 8 2048 256
809.2301381946895 9.330521652106865 	idx: 2 4 2 4 2048 256
809.7150484385426 9.237216435585797 	idx: 2 4 2 4 2048 512
789.2866717805651 9.144844271229939 	idx: 2 5 2 2 1024 1024
844.1986314186346 9.053395828517639 	idx: 4 6 1 2 1024 128
791.5170451272062 8.962861870232462 	idx: 4 5 2 4 1024 256
927.6579592147051 8.873233251530138 	idx: 2 6 1 2 2048 512
927.6579592147051 8.784500919014837 	idx: 2 6 1 2 2048 512
927.6579592147051 8.696655909824688 	idx: 2 6 1 2 2048 512
999.8469793235048 8.609689350726441 	idx: 2 7 1 4 2048 512
925.0466883821932 8.523592457219177 	idx: 2 7 1 8 1024 1024
925.0466883821932 8.438356532646985 	idx: 2 7 1 8 1024 1024
1007.0648358815415 8.353972967320516 	idx: 4 9 1 8 1024 128
1007.0648358815415 8.27043323764731 	idx: 4 9 1 8 1024 128
1051.8348549246177 8.187728905270838 	idx: 4 10 1 4 1024 64
1051.8348549246177 8.105851616218128 	idx: 4 10 1 4 1024 64
824.2011151650735 8.024793100055946 	idx: 4 11 1 8 512 128
923.8271359423264 7.944545169055387 	idx: 2 7 1 8 1024 256
923.8271359423264 7.865099717364833 	idx: 2 7 1 8 1024 256
997.0246146154011 7.786448720191185 	idx: 2 7 2 4 1024 256
997.0246146154011 7.708584232989273 	idx: 2 7 2 4 1024 256
997.0246146154011 7.63149839065938 	idx: 2 7 2 4 1024 256
997.0246146154011 7.5551834067527865 	idx: 2 7 2 4 1024 256
1208.0381209408658 7.479631572685259 	idx: 2 8 1 4 2048 128
1084.7131130623338 7.404835256958406 	idx: 4 12 1 16 1024 128
1084.7131130623338 7.330786904388821 	idx: 4 12 1 16 1024 128
1084.7131130623338 7.257479035344933 	idx: 4 12 1 16 1024 128
1199.604307994816 7.1849042449914835 	idx: 4 13 1 16 1024 64
1199.604307994816 7.1130552025415685 	idx: 4 13 1 16 1024 64
1129.122320743313 7.041924650516153 	idx: 4 14 1 8 1024 64
1129.122320743313 6.971505404010991 	idx: 4 14 1 8 1024 64
1129.122320743313 6.901790349970882 	idx: 4 14 1 8 1024 64
1010.8949514361173 6.832772446471173 	idx: 2 7 1 8 2048 64
1010.8949514361173 6.764444722006462 	idx: 2 7 1 8 2048 64
1000.8015587636577 6.696800274786397 	idx: 2 7 2 16 1024 32
1231.2232308178657 6.6298322720385325 	idx: 2 8 1 16 2048 32
1227.2155073218078 6.563533949318147 	idx: 2 8 2 8 1024 64
1227.2155073218078 6.497898609824966 	idx: 2 8 2 8 1024 64
1227.2155073218078 6.432919623726716 	idx: 2 8 2 8 1024 64
1227.2155073218078 6.3685904274894485 	idx: 2 8 2 8 1024 64
1227.2155073218078 6.304904523214554 	idx: 2 8 2 8 1024 64
1227.2155073218078 6.2418554779824085 	idx: 2 8 2 8 1024 64
1231.2232308178657 6.1794369232025845 	idx: 2 8 1 16 2048 32
1227.5090499774876 6.117642553970558 	idx: 2 8 1 8 2048 64
1227.84074941452 6.056466128430853 	idx: 2 8 1 8 2048 128
1181.6223042891809 5.9959014671465445 	idx: 4 13 1 4 1024 128
1188.3778727740014 5.935942452475079 	idx: 3 9 1 8 2048 128
1191.7487890963173 5.8765830279503275 	idx: 3 9 1 16 2048 128
1191.7487890963173 5.817817197670824 	idx: 3 9 1 16 2048 128
1231.2788366001264 5.759639025694116 	idx: 3 8 1 16 2048 64
1231.2788366001264 5.7020426354371745 	idx: 3 8 1 16 2048 64
1231.2788366001264 5.645022209082803 	idx: 3 8 1 16 2048 64
1231.2788366001264 5.588571986991974 	idx: 3 8 1 16 2048 64
1188.1011271034242 5.532686267122054 	idx: 3 9 1 8 2048 64
1231.2788366001264 5.477359404450834 	idx: 3 8 1 16 2048 64
1231.2788366001264 5.422585810406325 	idx: 3 8 1 16 2048 64
1231.3900632339657 5.368359952302262 	idx: 3 8 1 16 2048 128
1231.3900632339657 5.314676352779239 	idx: 3 8 1 16 2048 128
1231.3900632339657 5.261529589251447 	idx: 3 8 1 16 2048 128
1231.3900632339657 5.208914293358933 	idx: 3 8 1 16 2048 128
1231.3900632339657 5.156825150425344 	idx: 3 8 1 16 2048 128
1231.3900632339657 5.10525689892109 	idx: 3 8 1 16 2048 128
1231.3900632339657 5.0542043299318795 	idx: 3 8 1 16 2048 128
1227.84074941452 5.003662286632561 	idx: 3 8 1 8 2048 128
1231.3900632339657 4.953625663766235 	idx: 0 8 1 16 2048 128
1232.9493487698987 4.9040894071285726 	idx: 0 8 1 32 2048 128
1228.5046863734678 4.8550485130572865 	idx: 3 8 1 8 2048 256
1228.5046863734678 4.806498027926714 	idx: 3 8 1 8 2048 256
1191.7487890963173 4.758433047647447 	idx: 3 9 1 16 2048 128
1191.656002073478 4.710848717170973 	idx: 3 9 1 16 2048 64
1297.0504021804459 4.663740229999263 	idx: 3 10 1 16 2048 32
1414.2135086317958 4.61710282769927 	idx: 3 11 1 8 2048 32
1414.2135086317958 4.570931799422278 	idx: 3 11 1 8 2048 32
1414.2135086317958 4.525222481428055 	idx: 3 11 1 8 2048 32
1414.2135086317958 4.4799702566137745 	idx: 3 11 1 8 2048 32
1293.1375261246571 4.4351705540476365 	idx: 3 10 1 8 2048 16
1293.1375261246571 4.39081884850716 	idx: 3 10 1 8 2048 16
1392.4156361523778 4.346910660022088 	idx: 3 11 1 4 2048 16
1392.4156361523778 4.303441553421867 	idx: 3 11 1 4 2048 16
1392.4156361523778 4.260407137887648 	idx: 3 11 1 4 2048 16
1229.5140685578829 4.217803066508771 	idx: 3 10 1 2 2048 16
1216.4887287817128 4.175625035843683 	idx: 2 7 2 4 2048 2
1216.4887287817128 4.133868785485246 	idx: 2 7 2 4 2048 2
1229.5140685578829 4.0925300976303935 	idx: 3 10 1 2 2048 16
1392.2578664228183 4.05160479665409 	idx: 3 11 1 4 2048 8
1392.2578664228183 4.011088748687548 	idx: 3 11 1 4 2048 8
1414.13499533979 3.970977861200673 	idx: 3 11 1 8 2048 16
1414.13499533979 3.9312680825886663 	idx: 3 11 1 8 2048 16
1414.2135086317958 3.8919554017627798 	idx: 3 11 1 8 2048 32
1414.2135086317958 3.853035847745152 	idx: 3 11 1 8 2048 32
1414.2135086317958 3.8145054892677006 	idx: 3 11 1 8 2048 32
1293.653338394765 3.7763604343750234 	idx: 1 10 1 8 2048 128
1293.653338394765 3.7385968300312733 	idx: 1 10 1 8 2048 128
1272.8732481702036 3.7012108617309605 	idx: 3 10 1 4 2048 32
1227.3432674559942 3.664198753113651 	idx: 4 8 1 8 2048 32
1227.3432674559942 3.6275567655825145 	idx: 4 8 1 8 2048 32
1227.5090499774876 3.591281197926689 	idx: 4 8 1 8 2048 64
1227.5090499774876 3.555368385947422 	idx: 4 8 1 8 2048 64
1227.5090499774876 3.519814702087948 	idx: 4 8 1 8 2048 64
1228.9044319515208 3.4846165550670687 	idx: 2 8 2 16 1024 8
1228.9044319515208 3.449770389516398 	idx: 2 8 2 16 1024 8
1227.218959948684 3.415272685621234 	idx: 2 8 1 8 2048 8
1227.218959948684 3.3811199587650216 	idx: 2 8 1 8 2048 8
1227.218959948684 3.347308759177371 	idx: 2 8 1 8 2048 8
1227.260392986563 3.3138356715855974 	idx: 2 8 1 8 2048 16
1227.3432674559942 3.2806973148697414 	idx: 2 8 1 8 2048 32
1293.1375261246571 3.247890341721044 	idx: 4 10 1 8 2048 16
1392.2578664228183 3.2154114383038332 	idx: 4 11 1 4 2048 8
1392.17899496453 3.183257323920795 	idx: 4 11 1 4 2048 4
1392.17899496453 3.1514247506815867 	idx: 4 11 1 4 2048 4
1392.17899496453 3.1199105031747707 	idx: 4 11 1 4 2048 4
1392.17899496453 3.088711398143023 	idx: 4 11 1 4 2048 4
1345.5079296288814 3.0578242841615926 	idx: 4 11 1 2 2048 2
1392.136785742496 3.0272460413199767 	idx: 4 11 1 4 2048 2
1293.0728389412077 2.996973580906777 	idx: 4 10 1 8 2048 2
1297.007015296878 2.967003845097709 	idx: 4 10 1 16 2048 4
1297.007015296878 2.9373338066467323 	idx: 4 10 1 16 2048 4
1297.007015296878 2.907960468580265 	idx: 4 10 1 16 2048 4
1297.007015296878 2.8788808638944623 	idx: 4 10 1 16 2048 4
1297.007015296878 2.8500920552555176 	idx: 4 10 1 16 2048 4
1297.007015296878 2.8215911347029623 	idx: 4 10 1 16 2048 4
1297.007015296878 2.7933752233559326 	idx: 4 10 1 16 2048 4
1297.007015296878 2.765441471122373 	idx: 4 10 1 16 2048 4
1223.2337900516543 2.7377870564111495 	idx: 2 8 2 4 1024 32
1223.2337900516543 2.710409185847038 	idx: 2 8 2 4 1024 32
1232.9493487698987 2.6833050939885674 	idx: 1 8 1 32 2048 4
1232.9493487698987 2.656472043048682 	idx: 1 8 1 32 2048 4
1232.9493487698987 2.629907322618195 	idx: 1 8 1 32 2048 4
1232.9493487698987 2.603608249392013 	idx: 1 8 1 32 2048 4
1293.1011088400387 2.577572166898093 	idx: 4 10 1 8 2048 8
1293.1011088400387 2.551796445229112 	idx: 4 10 1 8 2048 8
1293.1011088400387 2.526278480776821 	idx: 4 10 1 8 2048 8
1272.589167572882 2.501015695969053 	idx: 4 10 1 4 2048 16
1272.589167572882 2.4760055390093623 	idx: 4 10 1 4 2048 16
1272.589167572882 2.4512454836192688 	idx: 4 10 1 4 2048 16
1272.589167572882 2.426733028783076 	idx: 4 10 1 4 2048 16
1392.2578664228183 2.402465698495245 	idx: 4 11 1 4 2048 8
1392.2578664228183 2.3784410415102926 	idx: 4 11 1 4 2048 8
1392.17899496453 2.3546566310951897 	idx: 4 11 1 4 2048 4
1392.17899496453 2.3311100647842378 	idx: 4 11 1 4 2048 4
1392.17899496453 2.307798964136395 	idx: 4 11 1 4 2048 4
1392.17899496453 2.2847209744950314 	idx: 4 11 1 4 2048 4
1392.17899496453 2.261873764750081 	idx: 4 11 1 4 2048 4
1392.17899496453 2.23925502710258 	idx: 4 11 1 4 2048 4
1392.17899496453 2.2168624768315546 	idx: 4 11 1 4 2048 4
1392.17899496453 2.194693852063239 	idx: 4 11 1 4 2048 4
1414.073680802429 2.1727469135426065 	idx: 4 11 1 8 2048 4
1414.073680802429 2.1510194444071806 	idx: 4 11 1 8 2048 4
1414.073680802429 2.129509249963109 	idx: 4 11 1 8 2048 4
1414.073680802429 2.108214157463478 	idx: 4 11 1 8 2048 4
1414.073680802429 2.087132015888843 	idx: 4 11 1 8 2048 4
1414.073680802429 2.0662606957299547 	idx: 4 11 1 8 2048 4
1414.073680802429 2.045598088772655 	idx: 4 11 1 8 2048 4
1414.073680802429 2.0251421078849283 	idx: 4 11 1 8 2048 4
1414.073680802429 2.004890686806079 	idx: 4 11 1 8 2048 4
1414.073680802429 1.9848417799380185 	idx: 4 11 1 8 2048 4
1414.2135086317958 1.9649933621386382 	idx: 0 11 1 8 2048 32
1414.2135086317958 1.9453434285172517 	idx: 0 11 1 8 2048 32
1414.2135086317958 1.9258899942320793 	idx: 0 11 1 8 2048 32
1414.2135086317958 1.9066310942897584 	idx: 0 11 1 8 2048 32
1414.0943093990488 1.8875647833468607 	idx: 4 11 1 8 2048 8
1414.0943093990488 1.868689135513392 	idx: 4 11 1 8 2048 8
1414.0943093990488 1.8500022441582582 	idx: 4 11 1 8 2048 8
1414.0943093990488 1.8315022217166756 	idx: 4 11 1 8 2048 8
1414.0943093990488 1.8131871994995088 	idx: 4 11 1 8 2048 8
1414.0943093990488 1.7950553275045138 	idx: 4 11 1 8 2048 8
1414.0943093990488 1.7771047742294686 	idx: 4 11 1 8 2048 8
1414.0943093990488 1.7593337264871738 	idx: 4 11 1 8 2048 8
1414.0943093990488 1.741740389222302 	idx: 4 11 1 8 2048 8
1414.0943093990488 1.724322985330079 	idx: 4 11 1 8 2048 8
1414.0943093990488 1.7070797554767783 	idx: 4 11 1 8 2048 8
1414.0943093990488 1.6900089579220106 	idx: 4 11 1 8 2048 8
1414.0943093990488 1.6731088683427904 	idx: 4 11 1 8 2048 8
1414.0943093990488 1.6563777796593624 	idx: 4 11 1 8 2048 8
1414.0943093990488 1.6398140018627687 	idx: 4 11 1 8 2048 8
1414.0943093990488 1.623415861844141 	idx: 4 11 1 8 2048 8
1414.0943093990488 1.6071817032256996 	idx: 4 11 1 8 2048 8
1414.0943093990488 1.5911098861934427 	idx: 4 11 1 8 2048 8
1414.13499533979 1.5751987873315083 	idx: 4 11 1 8 2048 16
1414.13499533979 1.5594467994581933 	idx: 4 11 1 8 2048 16
1414.2135086317958 1.5438523314636114 	idx: 0 11 1 8 2048 32
1414.2135086317958 1.5284138081489753 	idx: 0 11 1 8 2048 32
1414.0943093990488 1.5131296700674854 	idx: 4 11 1 8 2048 8
1414.0943093990488 1.4979983733668105 	idx: 4 11 1 8 2048 8
1414.0943093990488 1.4830183896331424 	idx: 4 11 1 8 2048 8
1414.0943093990488 1.468188205736811 	idx: 4 11 1 8 2048 8
1414.0943093990488 1.4535063236794428 	idx: 4 11 1 8 2048 8
1414.0943093990488 1.4389712604426483 	idx: 4 11 1 8 2048 8
1414.0943093990488 1.4245815478382218 	idx: 4 11 1 8 2048 8
1414.0943093990488 1.4103357323598396 	idx: 4 11 1 8 2048 8
1414.0943093990488 1.396232375036241 	idx: 4 11 1 8 2048 8
1414.073680802429 1.3822700512858788 	idx: 4 11 1 8 2048 4
1414.073680802429 1.36844735077302 	idx: 4 11 1 8 2048 4
1414.073680802429 1.3547628772652898 	idx: 4 11 1 8 2048 4
1414.073680802429 1.341215248492637 	idx: 4 11 1 8 2048 4
1414.073680802429 1.3278030960077105 	idx: 4 11 1 8 2048 4
1414.0633667298127 1.3145250650476334 	idx: 4 11 1 8 2048 2
1414.0633667298127 1.301379814397157 	idx: 4 11 1 8 2048 2
1414.0633667298127 1.2883660162531856 	idx: 4 11 1 8 2048 2
1414.0633667298127 1.2754823560906536 	idx: 4 11 1 8 2048 2
1414.0633667298127 1.2627275325297471 	idx: 4 11 1 8 2048 2
1414.0633667298127 1.2501002572044497 	idx: 4 11 1 8 2048 2
1414.0633667298127 1.2375992546324053 	idx: 4 11 1 8 2048 2
1414.0633667298127 1.2252232620860812 	idx: 4 11 1 8 2048 2
1414.073680802429 1.2129710294652205 	idx: 4 11 1 8 2048 4
1414.073680802429 1.2008413191705682 	idx: 4 11 1 8 2048 4
1414.073680802429 1.1888329059788625 	idx: 4 11 1 8 2048 4
1414.073680802429 1.1769445769190738 	idx: 4 11 1 8 2048 4
1414.073680802429 1.165175131149883 	idx: 4 11 1 8 2048 4
1414.073680802429 1.1535233798383842 	idx: 4 11 1 8 2048 4
1414.073680802429 1.1419881460400003 	idx: 4 11 1 8 2048 4
1414.073680802429 1.1305682645796002 	idx: 4 11 1 8 2048 4
1414.073680802429 1.1192625819338042 	idx: 4 11 1 8 2048 4
1414.073680802429 1.1080699561144662 	idx: 4 11 1 8 2048 4
1414.073680802429 1.0969892565533215 	idx: 4 11 1 8 2048 4
1414.073680802429 1.0860193639877882 	idx: 4 11 1 8 2048 4
1414.073680802429 1.0751591703479102 	idx: 4 11 1 8 2048 4
1414.073680802429 1.0644075786444311 	idx: 4 11 1 8 2048 4
1414.0633667298127 1.0537635028579868 	idx: 1 11 1 8 2048 2
1414.0633667298127 1.0432258678294068 	idx: 1 11 1 8 2048 2
1414.0633667298127 1.0327936091511127 	idx: 1 11 1 8 2048 2
1414.0633667298127 1.0224656730596016 	idx: 1 11 1 8 2048 2
1414.0633667298127 1.0122410163290056 	idx: 1 11 1 8 2048 2
1414.0633667298127 1.0021186061657157 	idx: 1 11 1 8 2048 2
###### ACC Parameters ######
cim type:    FPCIM
bus_width:   25.6
macros_row:  11
macros_col:  1
scr:         8
is_size:     2048
os_size:     2
best=1414.0633667298127, area=4940787.167998247 459
bert_large_sl512_FPCIM@ISSCC23_tt_running start at 1757787269.9158506
614.9176834205432 100 	idx: 1 4 1 2 64 128
826.2617972466708 99.0 	idx: 1 3 2 4 128 64
761.8082868344991 98.01 	idx: 1 2 2 8 256 64
661.7274866589224 97.0299 	idx: 1 3 1 16 256 32
901.0468982384242 96.059601 	idx: 1 4 1 32 512 16
901.0468982384242 95.09900499 	idx: 1 4 1 32 512 16
1569.7697423348209 94.1480149401 	idx: 1 4 2 16 256 16
1569.7697423348209 93.206534790699 	idx: 1 4 2 16 256 16
1569.7697423348209 92.27446944279201 	idx: 1 4 2 16 256 16
1569.7697423348209 91.35172474836409 	idx: 1 4 2 16 256 16
1569.7697423348209 90.43820750088045 	idx: 1 4 2 16 256 16
1655.5468237928515 89.53382542587164 	idx: 1 5 2 32 128 16
1679.7053481671985 88.63848717161292 	idx: 1 4 3 32 64 32
1682.3938828192815 87.75210229989679 	idx: 1 4 3 64 32 16
988.2597852181052 86.87458127689783 	idx: 1 3 2 32 16 32
1301.7625593124235 86.00583546412885 	idx: 0 3 3 8 256 64
2051.2551656681744 85.14577710948755 	idx: 0 4 4 16 128 32
1079.971097289164 84.29431933839268 	idx: 0 3 4 8 64 64
1937.1421922808763 83.45137614500875 	idx: 0 4 4 16 64 128
2064.3018125029575 82.61686238355867 	idx: 0 4 4 16 128 256
1801.4035422441784 81.79069375972308 	idx: 0 5 3 16 128 256
1818.651814463856 80.97278682212585 	idx: 0 6 2 16 128 256
1929.6829996933773 80.1630589539046 	idx: 0 5 3 32 128 128
1679.201800240741 79.36142836436555 	idx: 0 5 2 32 128 256
1859.4517164300387 78.56781408072189 	idx: 0 5 3 32 64 128
1708.3056088535054 77.78213593991467 	idx: 0 4 3 64 64 64
1045.8049938594193 77.00431458051553 	idx: 0 3 2 64 32 64
1303.5919607255698 76.23427143471037 	idx: 2 2 5 4 1024 256
1077.5826601647225 75.47192872036327 	idx: 0 3 2 64 64 256
824.509284368632 74.71720943315964 	idx: 1 3 6 8 2 256
1345.9617621007067 73.97003733882804 	idx: 2 2 6 4 1024 64
1184.42265935851 73.23033696543976 	idx: 0 3 2 32 256 64
1385.0339596491276 72.49803359578536 	idx: 0 3 3 16 256 64
1186.5879842722711 71.7730532598275 	idx: 0 3 4 8 128 32
1186.5879842722711 71.05532272722922 	idx: 0 3 4 8 128 32
887.484271182544 70.34476949995693 	idx: 0 3 3 4 128 16
843.8207826170537 69.64132180495736 	idx: 0 3 2 8 64 8
1191.6547812879044 68.94490858690779 	idx: 2 2 8 2 512 128
1191.6547812879044 68.25545950103871 	idx: 2 2 8 2 512 128
1191.6547812879044 67.57290490602833 	idx: 2 2 8 2 512 128
1047.0416183975585 66.89717585696805 	idx: 2 2 9 4 512 64
1421.8712494756594 66.22820409839836 	idx: 2 2 9 2 1024 32
1211.9346276594174 65.56592205741438 	idx: 0 3 3 32 64 16
1428.2876433337917 64.91026283684023 	idx: 2 2 9 4 1024 16
1428.2876433337917 64.26116020847184 	idx: 2 2 9 4 1024 16
1166.2806297056811 63.618548606387115 	idx: 2 1 8 2 2048 8
1158.0815156213496 62.98236312032324 	idx: 2 1 9 4 2048 4
1120.319539757551 62.35253948912001 	idx: 2 1 10 4 2048 2
1169.4043142477947 61.72901409422881 	idx: 2 1 11 4 2048 2
1169.4043142477947 61.11172395328652 	idx: 2 1 11 4 2048 2
1163.0225954920998 60.500606713753655 	idx: 2 1 11 2 2048 4
1120.319539757551 59.89560064661612 	idx: 2 1 10 4 2048 2
1149.1001664875346 59.29664464014996 	idx: 2 1 9 2 2048 4
1202.1242559195732 58.70367819374846 	idx: 1 3 5 16 8 32
1165.9470708831052 58.116641411810974 	idx: 1 2 4 32 4 32
1595.9827306121852 57.535474997692866 	idx: 2 2 8 4 1024 2
1489.707608150901 56.960120247715935 	idx: 2 2 7 4 2048 2
1489.707608150901 56.390519045238776 	idx: 2 2 7 4 2048 2
1561.0538396709032 55.82661385478639 	idx: 2 3 6 2 1024 2
1295.9834454523645 55.26834771623852 	idx: 3 2 5 64 128 32
1295.9834454523645 54.71566423907614 	idx: 3 2 5 64 128 32
1338.5523771969831 54.16850759668538 	idx: 2 2 6 2 1024 4
1338.5523771969831 53.62682252071853 	idx: 2 2 6 2 1024 4
1480.0134986953199 53.09055429551134 	idx: 2 2 5 2 2048 8
1972.6743516110796 52.55964875255623 	idx: 0 3 4 16 1024 16
1179.8491025851688 52.03405226503067 	idx: 0 2 5 8 512 32
1324.5706789748572 51.51371174238036 	idx: 0 2 4 16 256 64
1090.4563387605212 50.998574624956554 	idx: 0 2 3 16 512 128
1671.0606558185616 50.488588878706985 	idx: 4 6 2 16 16 4
1671.0606558185616 49.98370298991991 	idx: 4 6 2 16 16 4
1347.7507477074425 49.483865960020715 	idx: 0 2 4 16 512 256
1263.956596801227 48.98902730042051 	idx: 2 3 2 2 2048 8
2099.366175262973 48.4991370274163 	idx: 2 4 3 2 2048 8
1562.3146207459724 48.01414565714214 	idx: 2 3 3 2 1024 16
2022.6793530158964 47.53400420057071 	idx: 0 4 3 8 1024 256
2153.582593905942 47.05866415856501 	idx: 2 4 3 8 2048 16
2526.7083659912555 46.58807751697936 	idx: 2 5 3 4 2048 32
2135.3398062648635 46.12219674180957 	idx: 2 4 3 4 2048 16
2022.6793530158964 45.66097477439147 	idx: 0 4 3 8 1024 256
1943.8484742649005 45.20436502664755 	idx: 0 5 3 4 512 512
1943.8484742649005 44.752321376381076 	idx: 0 5 3 4 512 512
1684.719666306195 44.30479816261727 	idx: 2 4 2 2 2048 16
1726.3515965109468 43.861750180991095 	idx: 2 4 2 4 1024 16
1726.3515965109468 43.42313267918119 	idx: 2 4 2 4 1024 16
1512.2364067505166 42.98890135238938 	idx: 2 4 2 8 512 16
1975.2693351808707 42.559012338865486 	idx: 2 5 2 16 1024 16
1687.9009410599306 42.133422215476834 	idx: 1 8 1 32 512 256
1679.1682680463168 41.712087993322065 	idx: 1 8 1 32 1024 128
1681.7322889516079 41.29496711338884 	idx: 4 4 3 64 32 2
1681.7322889516079 40.882017442254956 	idx: 4 4 3 64 32 2
1618.941567695962 40.473197267832404 	idx: 1 8 1 64 256 256
1410.0733988252825 40.06846529515408 	idx: 4 4 2 64 32 2
1850.9422041506505 39.66778064220254 	idx: 4 5 3 32 64 4
1926.2079866466042 39.27110283578051 	idx: 4 6 2 32 128 8
2326.8423867854517 38.8783918074227 	idx: 2 7 2 8 1024 2
2730.089865453732 38.48960788934848 	idx: 2 7 2 4 2048 4
2521.8394653469927 38.104711810454994 	idx: 2 8 2 2 1024 4
2051.7158644207307 37.72366469235045 	idx: 1 6 2 64 256 128
2752.4176130829046 37.34642804542694 	idx: 2 9 2 8 1024 2
2752.4176130829046 36.97296376497267 	idx: 2 9 2 8 1024 2
2767.3407220844147 36.60323412732294 	idx: 2 9 2 16 512 4
2767.3407220844147 36.23720178604971 	idx: 2 9 2 16 512 4
2767.3407220844147 35.874829768189215 	idx: 2 9 2 16 512 4
2767.3407220844147 35.516081470507324 	idx: 2 9 2 16 512 4
2274.1918196736056 35.16092065580225 	idx: 0 5 3 32 512 8
2274.1918196736056 34.80931144924423 	idx: 0 5 3 32 512 8
2085.8976794673927 34.461218334751784 	idx: 0 5 3 32 256 8
1975.2693351808707 34.11660615140427 	idx: 4 5 2 16 1024 256
2271.0053774042294 33.775440089890225 	idx: 4 6 2 32 1024 256
2271.0053774042294 33.43768568899132 	idx: 4 6 2 32 1024 256
2271.0053774042294 33.10330883210141 	idx: 4 6 2 32 1024 256
2364.0639077369983 32.7722757437804 	idx: 2 8 2 32 64 4
2364.0639077369983 32.44455298634259 	idx: 2 8 2 32 64 4
2364.0639077369983 32.12010745647917 	idx: 2 8 2 32 64 4
2364.0639077369983 31.798906381914374 	idx: 2 8 2 32 64 4
2331.4766081402495 31.48091731809523 	idx: 2 8 2 32 64 2
1579.43946085642 31.16610814491428 	idx: 4 5 3 4 256 256
1510.720524829416 30.854447063465138 	idx: 3 4 3 16 32 32
2243.508576307276 30.545902592830487 	idx: 2 8 2 8 256 2
2243.508576307276 30.240443566902183 	idx: 2 8 2 8 256 2
1900.711625860033 29.93803913123316 	idx: 1 4 4 16 32 16
1900.711625860033 29.638658739920828 	idx: 1 4 4 16 32 16
2254.4937123232003 29.34227215252162 	idx: 2 7 2 8 512 2
2254.4937123232003 29.048849430996402 	idx: 2 7 2 8 512 2
2215.4826034386488 28.758360936686437 	idx: 2 6 3 16 256 2
2444.453967299975 28.47077732731957 	idx: 2 5 4 8 512 2
1919.4209979758866 28.186069554046373 	idx: 2 4 4 8 256 2
1919.4209979758866 27.90420885850591 	idx: 2 4 4 8 256 2
2375.6385084169765 27.625166769920853 	idx: 2 4 4 8 512 2
2375.6385084169765 27.348915102221643 	idx: 2 4 4 8 512 2
2375.6385084169765 27.075425951199424 	idx: 2 4 4 8 512 2
1603.2966467399033 26.804671691687428 	idx: 3 3 3 8 1024 64
2096.2676370906024 26.536624974770554 	idx: 2 6 2 8 512 8
2159.300670067019 26.271258725022847 	idx: 2 6 3 4 512 16
2159.300670067019 26.00854613777262 	idx: 2 6 3 4 512 16
2127.4061704431288 25.748460676394892 	idx: 2 5 4 8 256 32
2378.449378407852 25.490976069630943 	idx: 2 4 4 8 512 64
2357.519005881534 25.23606630893463 	idx: 2 5 3 16 1024 32
2102.139528159359 24.983705645845284 	idx: 2 5 2 32 2048 64
2102.139528159359 24.73386858938683 	idx: 2 5 2 32 2048 64
2102.043293047283 24.48652990349296 	idx: 2 5 2 16 2048 64
2102.043293047283 24.24166460445803 	idx: 2 5 2 16 2048 64
2251.9702156067665 23.99924795841345 	idx: 0 5 4 16 128 32
2251.9702156067665 23.759255478829314 	idx: 0 5 4 16 128 32
2251.9702156067665 23.52166292404102 	idx: 0 5 4 16 128 32
2251.9702156067665 23.28644629480061 	idx: 0 5 4 16 128 32
2441.5712848915373 23.053581831852604 	idx: 2 6 2 8 2048 128
2441.5712848915373 22.82304601353408 	idx: 2 6 2 8 2048 128
2441.5712848915373 22.59481555339874 	idx: 2 6 2 8 2048 128
2446.0834524951074 22.36886739786475 	idx: 2 6 2 16 2048 64
2359.2387558505 22.145178723886104 	idx: 2 5 3 16 1024 64
2359.2387558505 21.923726936647242 	idx: 2 5 3 16 1024 64
2359.2387558505 21.704489667280768 	idx: 2 5 3 16 1024 64
2638.054671246795 21.48744477060796 	idx: 2 4 4 16 1024 128
2638.054671246795 21.27257032290188 	idx: 2 4 4 16 1024 128
2638.054671246795 21.059844619672862 	idx: 2 4 4 16 1024 128
2638.054671246795 20.849246173476132 	idx: 2 4 4 16 1024 128
2638.054671246795 20.64075371174137 	idx: 2 4 4 16 1024 128
2638.054671246795 20.434346174623958 	idx: 2 4 4 16 1024 128
2638.054671246795 20.230002712877717 	idx: 2 4 4 16 1024 128
2495.124330755503 20.027702685748938 	idx: 2 4 4 8 1024 64
2495.124330755503 19.82742565889145 	idx: 2 4 4 8 1024 64
2495.124330755503 19.629151402302536 	idx: 2 4 4 8 1024 64
2495.124330755503 19.43285988827951 	idx: 2 4 4 8 1024 64
2495.124330755503 19.238531289396715 	idx: 2 4 4 8 1024 64
2026.6821661936315 19.046145976502746 	idx: 2 4 3 16 1024 128
2266.178402585123 18.855684516737718 	idx: 0 4 4 16 256 32
2266.178402585123 18.66712767157034 	idx: 0 4 4 16 256 32
2266.178402585123 18.480456394854638 	idx: 0 4 4 16 256 32
2265.060499218511 18.295651830906092 	idx: 0 4 4 16 256 16
2323.961726158764 18.11269531259703 	idx: 0 4 4 32 128 32
2323.961726158764 17.931568359471058 	idx: 0 4 4 32 128 32
2482.122661492349 17.752252675876345 	idx: 2 6 3 16 512 32
2482.122661492349 17.57473014911758 	idx: 2 6 3 16 512 32
2392.0645166154964 17.398982847626407 	idx: 2 7 2 16 1024 16
2392.0645166154964 17.22499301915014 	idx: 2 7 2 16 1024 16
2619.7160882712396 17.05274308895864 	idx: 2 6 3 8 1024 32
2619.7160882712396 16.882215658069054 	idx: 2 6 3 8 1024 32
2446.4752981887664 16.713393501488362 	idx: 0 5 4 16 256 32
2446.4752981887664 16.546259566473477 	idx: 0 5 4 16 256 32
2446.4752981887664 16.380796970808742 	idx: 0 5 4 16 256 32
2446.4752981887664 16.216989001100654 	idx: 0 5 4 16 256 32
2446.4752981887664 16.054819111089646 	idx: 0 5 4 16 256 32
2446.4752981887664 15.89427091997875 	idx: 0 5 4 16 256 32
2323.961726158764 15.735328210778961 	idx: 0 4 4 32 128 32
2274.0599224137873 15.577974928671171 	idx: 2 5 3 8 1024 32
2274.0599224137873 15.42219517938446 	idx: 2 5 3 8 1024 32
2225.5185455046376 15.267973227590614 	idx: 2 6 2 16 1024 64
2449.182201067217 15.115293495314708 	idx: 0 5 4 16 256 64
2527.2161479455863 14.96414056036156 	idx: 0 4 4 32 256 64
2527.2161479455863 14.814499154757945 	idx: 0 4 4 32 256 64
2527.2161479455863 14.666354163210364 	idx: 0 4 4 32 256 64
2527.2161479455863 14.519690621578262 	idx: 0 4 4 32 256 64
2841.077115464777 14.374493715362478 	idx: 2 8 2 8 1024 64
2841.077115464777 14.230748778208852 	idx: 2 8 2 8 1024 64
2841.077115464777 14.088441290426763 	idx: 2 8 2 8 1024 64
2841.077115464777 13.947556877522496 	idx: 2 8 2 8 1024 64
2841.077115464777 13.808081308747271 	idx: 2 8 2 8 1024 64
2841.077115464777 13.670000495659798 	idx: 2 8 2 8 1024 64
2841.077115464777 13.5333004907032 	idx: 2 8 2 8 1024 64
2841.077115464777 13.397967485796167 	idx: 2 8 2 8 1024 64
2841.077115464777 13.263987810938206 	idx: 2 8 2 8 1024 64
2841.077115464777 13.131347932828824 	idx: 2 8 2 8 1024 64
2841.077115464777 13.000034453500536 	idx: 2 8 2 8 1024 64
2841.077115464777 12.87003410896553 	idx: 2 8 2 8 1024 64
2841.077115464777 12.741333767875876 	idx: 2 8 2 8 1024 64
2841.077115464777 12.613920430197117 	idx: 2 8 2 8 1024 64
2841.077115464777 12.487781225895146 	idx: 2 8 2 8 1024 64
2841.077115464777 12.362903413636195 	idx: 2 8 2 8 1024 64
2841.077115464777 12.239274379499832 	idx: 2 8 2 8 1024 64
2841.077115464777 12.116881635704834 	idx: 2 8 2 8 1024 64
2521.8394653469927 11.995712819347785 	idx: 3 8 2 2 1024 4
2521.8394653469927 11.875755691154307 	idx: 3 8 2 2 1024 4
2634.4857708846694 11.756998134242764 	idx: 0 4 4 16 1024 64
2634.4857708846694 11.639428152900336 	idx: 0 4 4 16 1024 64
2634.4857708846694 11.523033871371332 	idx: 0 4 4 16 1024 64
2634.4857708846694 11.407803532657619 	idx: 0 4 4 16 1024 64
2634.4857708846694 11.293725497331042 	idx: 0 4 4 16 1024 64
2692.706091508432 11.180788242357732 	idx: 2 8 2 4 1024 32
2692.706091508432 11.068980359934155 	idx: 2 8 2 4 1024 32
2634.4857708846694 10.958290556334813 	idx: 0 4 4 16 1024 64
2634.4857708846694 10.848707650771464 	idx: 0 4 4 16 1024 64
2634.4857708846694 10.74022057426375 	idx: 0 4 4 16 1024 64
2634.4857708846694 10.632818368521113 	idx: 0 4 4 16 1024 64
2634.4857708846694 10.526490184835902 	idx: 0 4 4 16 1024 64
2525.189898258969 10.421225282987542 	idx: 1 5 3 4 2048 4
2525.189898258969 10.317013030157668 	idx: 1 5 3 4 2048 4
2696.7013031974084 10.213842899856092 	idx: 3 8 2 4 1024 64
2696.7013031974084 10.11170447085753 	idx: 3 8 2 4 1024 64
2755.869370155536 10.010587426148955 	idx: 3 9 2 8 1024 32
2755.869370155536 9.910481551887466 	idx: 3 9 2 8 1024 32
2755.869370155536 9.811376736368592 	idx: 3 9 2 8 1024 32
2769.75022045068 9.713262969004907 	idx: 3 9 2 16 512 16
2769.75022045068 9.616130339314857 	idx: 3 9 2 16 512 16
2769.75022045068 9.519969035921708 	idx: 3 9 2 16 512 16
2769.75022045068 9.42476934556249 	idx: 3 9 2 16 512 16
2769.75022045068 9.330521652106865 	idx: 3 9 2 16 512 16
2893.6212487064504 9.237216435585797 	idx: 3 8 2 16 512 8
2893.6212487064504 9.144844271229939 	idx: 3 8 2 16 512 8
2893.6212487064504 9.053395828517639 	idx: 3 8 2 16 512 8
2920.355203256387 8.962861870232462 	idx: 3 8 2 16 1024 4
2920.355203256387 8.873233251530138 	idx: 3 8 2 16 1024 4
2920.355203256387 8.784500919014837 	idx: 3 8 2 16 1024 4
2920.355203256387 8.696655909824688 	idx: 3 8 2 16 1024 4
2920.355203256387 8.609689350726441 	idx: 3 8 2 16 1024 4
2920.355203256387 8.523592457219177 	idx: 3 8 2 16 1024 4
2920.355203256387 8.438356532646985 	idx: 3 8 2 16 1024 4
2920.355203256387 8.353972967320516 	idx: 3 8 2 16 1024 4
2920.355203256387 8.27043323764731 	idx: 3 8 2 16 1024 4
2920.355203256387 8.187728905270838 	idx: 3 8 2 16 1024 4
2920.355203256387 8.105851616218128 	idx: 3 8 2 16 1024 4
2920.355203256387 8.024793100055946 	idx: 3 8 2 16 1024 4
2920.355203256387 7.944545169055387 	idx: 3 8 2 16 1024 4
2920.355203256387 7.865099717364833 	idx: 3 8 2 16 1024 4
2920.355203256387 7.786448720191185 	idx: 3 8 2 16 1024 4
2920.355203256387 7.708584232989273 	idx: 3 8 2 16 1024 4
2920.355203256387 7.63149839065938 	idx: 3 8 2 16 1024 4
2920.355203256387 7.5551834067527865 	idx: 3 8 2 16 1024 4
2920.355203256387 7.479631572685259 	idx: 3 8 2 16 1024 4
2920.355203256387 7.404835256958406 	idx: 3 8 2 16 1024 4
2920.355203256387 7.330786904388821 	idx: 3 8 2 16 1024 4
2812.8317311800047 7.257479035344933 	idx: 2 10 2 8 512 4
2812.8317311800047 7.1849042449914835 	idx: 2 10 2 8 512 4
2812.8317311800047 7.1130552025415685 	idx: 2 10 2 8 512 4
2812.8317311800047 7.041924650516153 	idx: 2 10 2 8 512 4
2812.8317311800047 6.971505404010991 	idx: 2 10 2 8 512 4
2812.8317311800047 6.901790349970882 	idx: 2 10 2 8 512 4
2812.8317311800047 6.832772446471173 	idx: 2 10 2 8 512 4
2812.8317311800047 6.764444722006462 	idx: 2 10 2 8 512 4
2812.8317311800047 6.696800274786397 	idx: 2 10 2 8 512 4
2812.8317311800047 6.6298322720385325 	idx: 2 10 2 8 512 4
2812.8317311800047 6.563533949318147 	idx: 2 10 2 8 512 4
2812.8317311800047 6.497898609824966 	idx: 2 10 2 8 512 4
2812.8317311800047 6.432919623726716 	idx: 2 10 2 8 512 4
2812.629958144967 6.3685904274894485 	idx: 2 10 2 8 512 2
2812.629958144967 6.304904523214554 	idx: 2 10 2 8 512 2
2924.1923149116456 6.2418554779824085 	idx: 0 8 2 16 1024 32
2924.1923149116456 6.1794369232025845 	idx: 0 8 2 16 1024 32
2924.1923149116456 6.117642553970558 	idx: 0 8 2 16 1024 32
2924.1923149116456 6.056466128430853 	idx: 0 8 2 16 1024 32
2924.1923149116456 5.9959014671465445 	idx: 0 8 2 16 1024 32
2924.1923149116456 5.935942452475079 	idx: 0 8 2 16 1024 32
2924.1923149116456 5.8765830279503275 	idx: 0 8 2 16 1024 32
2924.1923149116456 5.817817197670824 	idx: 0 8 2 16 1024 32
2924.1923149116456 5.759639025694116 	idx: 0 8 2 16 1024 32
2924.1923149116456 5.7020426354371745 	idx: 0 8 2 16 1024 32
2924.1923149116456 5.645022209082803 	idx: 0 8 2 16 1024 32
2924.1923149116456 5.588571986991974 	idx: 0 8 2 16 1024 32
2924.1923149116456 5.532686267122054 	idx: 0 8 2 16 1024 32
2924.1923149116456 5.477359404450834 	idx: 0 8 2 16 1024 32
2924.1923149116456 5.422585810406325 	idx: 0 8 2 16 1024 32
2924.1923149116456 5.368359952302262 	idx: 0 8 2 16 1024 32
2924.1923149116456 5.314676352779239 	idx: 0 8 2 16 1024 32
2924.1923149116456 5.261529589251447 	idx: 0 8 2 16 1024 32
2924.1923149116456 5.208914293358933 	idx: 0 8 2 16 1024 32
2924.1923149116456 5.156825150425344 	idx: 0 8 2 16 1024 32
2924.1923149116456 5.10525689892109 	idx: 0 8 2 16 1024 32
2924.1923149116456 5.0542043299318795 	idx: 0 8 2 16 1024 32
2901.1653409242067 5.003662286632561 	idx: 0 8 2 16 512 64
2901.1653409242067 4.953625663766235 	idx: 0 8 2 16 512 64
2901.1653409242067 4.9040894071285726 	idx: 0 8 2 16 512 64
2901.1653409242067 4.8550485130572865 	idx: 0 8 2 16 512 64
2901.1653409242067 4.806498027926714 	idx: 0 8 2 16 512 64
2901.1653409242067 4.758433047647447 	idx: 0 8 2 16 512 64
2901.1653409242067 4.710848717170973 	idx: 0 8 2 16 512 64
2901.1653409242067 4.663740229999263 	idx: 0 8 2 16 512 64
2901.1653409242067 4.61710282769927 	idx: 0 8 2 16 512 64
2901.1653409242067 4.570931799422278 	idx: 0 8 2 16 512 64
2901.1653409242067 4.525222481428055 	idx: 0 8 2 16 512 64
2901.1653409242067 4.4799702566137745 	idx: 0 8 2 16 512 64
2920.355203256387 4.4351705540476365 	idx: 3 8 2 16 1024 4
2920.355203256387 4.39081884850716 	idx: 3 8 2 16 1024 4
2920.355203256387 4.346910660022088 	idx: 3 8 2 16 1024 4
2920.355203256387 4.303441553421867 	idx: 3 8 2 16 1024 4
2920.355203256387 4.260407137887648 	idx: 3 8 2 16 1024 4
2920.355203256387 4.217803066508771 	idx: 3 8 2 16 1024 4
2920.355203256387 4.175625035843683 	idx: 3 8 2 16 1024 4
2920.355203256387 4.133868785485246 	idx: 3 8 2 16 1024 4
2920.355203256387 4.0925300976303935 	idx: 3 8 2 16 1024 4
2920.355203256387 4.05160479665409 	idx: 3 8 2 16 1024 4
2920.355203256387 4.011088748687548 	idx: 3 8 2 16 1024 4
2920.355203256387 3.970977861200673 	idx: 3 8 2 16 1024 4
2920.355203256387 3.9312680825886663 	idx: 3 8 2 16 1024 4
2920.355203256387 3.8919554017627798 	idx: 3 8 2 16 1024 4
2920.355203256387 3.853035847745152 	idx: 3 8 2 16 1024 4
2920.355203256387 3.8145054892677006 	idx: 3 8 2 16 1024 4
2920.355203256387 3.7763604343750234 	idx: 3 8 2 16 1024 4
2920.355203256387 3.7385968300312733 	idx: 3 8 2 16 1024 4
2920.355203256387 3.7012108617309605 	idx: 3 8 2 16 1024 4
2920.355203256387 3.664198753113651 	idx: 3 8 2 16 1024 4
2920.355203256387 3.6275567655825145 	idx: 3 8 2 16 1024 4
2920.355203256387 3.591281197926689 	idx: 3 8 2 16 1024 4
2920.355203256387 3.555368385947422 	idx: 3 8 2 16 1024 4
2920.355203256387 3.519814702087948 	idx: 3 8 2 16 1024 4
2920.355203256387 3.4846165550670687 	idx: 3 8 2 16 1024 4
2920.355203256387 3.449770389516398 	idx: 3 8 2 16 1024 4
2920.355203256387 3.415272685621234 	idx: 3 8 2 16 1024 4
2901.1653409242067 3.3811199587650216 	idx: 0 8 2 16 512 64
2901.1653409242067 3.347308759177371 	idx: 0 8 2 16 512 64
2901.1653409242067 3.3138356715855974 	idx: 0 8 2 16 512 64
2901.1653409242067 3.2806973148697414 	idx: 0 8 2 16 512 64
2901.1653409242067 3.247890341721044 	idx: 0 8 2 16 512 64
2901.1653409242067 3.2154114383038332 	idx: 0 8 2 16 512 64
2901.1653409242067 3.183257323920795 	idx: 0 8 2 16 512 64
2901.1653409242067 3.1514247506815867 	idx: 0 8 2 16 512 64
2901.1653409242067 3.1199105031747707 	idx: 0 8 2 16 512 64
2901.1653409242067 3.088711398143023 	idx: 0 8 2 16 512 64
2901.1653409242067 3.0578242841615926 	idx: 0 8 2 16 512 64
2901.1653409242067 3.0272460413199767 	idx: 0 8 2 16 512 64
2901.1653409242067 2.996973580906777 	idx: 0 8 2 16 512 64
2901.1653409242067 2.967003845097709 	idx: 0 8 2 16 512 64
2901.1653409242067 2.9373338066467323 	idx: 0 8 2 16 512 64
2901.1653409242067 2.907960468580265 	idx: 0 8 2 16 512 64
2901.1653409242067 2.8788808638944623 	idx: 0 8 2 16 512 64
2920.081509151036 2.8500920552555176 	idx: 3 8 2 16 1024 2
2920.081509151036 2.8215911347029623 	idx: 3 8 2 16 1024 2
2920.081509151036 2.7933752233559326 	idx: 3 8 2 16 1024 2
2920.081509151036 2.765441471122373 	idx: 3 8 2 16 1024 2
2920.081509151036 2.7377870564111495 	idx: 3 8 2 16 1024 2
2920.081509151036 2.710409185847038 	idx: 3 8 2 16 1024 2
2901.1653409242067 2.6833050939885674 	idx: 0 8 2 16 512 64
2901.1653409242067 2.656472043048682 	idx: 0 8 2 16 512 64
2901.1653409242067 2.629907322618195 	idx: 0 8 2 16 512 64
2901.1653409242067 2.603608249392013 	idx: 0 8 2 16 512 64
2901.1653409242067 2.577572166898093 	idx: 0 8 2 16 512 64
2901.1653409242067 2.551796445229112 	idx: 0 8 2 16 512 64
2901.1653409242067 2.526278480776821 	idx: 0 8 2 16 512 64
2901.1653409242067 2.501015695969053 	idx: 0 8 2 16 512 64
2921.9984459151683 2.4760055390093623 	idx: 2 8 2 16 1024 16
2921.9984459151683 2.4512454836192688 	idx: 2 8 2 16 1024 16
2921.9984459151683 2.426733028783076 	idx: 2 8 2 16 1024 16
2921.9984459151683 2.402465698495245 	idx: 2 8 2 16 1024 16
2921.9984459151683 2.3784410415102926 	idx: 2 8 2 16 1024 16
2920.902745413151 2.3546566310951897 	idx: 2 8 2 16 1024 8
2920.902745413151 2.3311100647842378 	idx: 2 8 2 16 1024 8
2920.902745413151 2.307798964136395 	idx: 2 8 2 16 1024 8
2920.902745413151 2.2847209744950314 	idx: 2 8 2 16 1024 8
2920.902745413151 2.261873764750081 	idx: 2 8 2 16 1024 8
2920.902745413151 2.23925502710258 	idx: 2 8 2 16 1024 8
2920.902745413151 2.2168624768315546 	idx: 2 8 2 16 1024 8
2920.902745413151 2.194693852063239 	idx: 2 8 2 16 1024 8
2920.902745413151 2.1727469135426065 	idx: 2 8 2 16 1024 8
2920.902745413151 2.1510194444071806 	idx: 2 8 2 16 1024 8
2920.902745413151 2.129509249963109 	idx: 4 8 2 16 1024 8
2920.902745413151 2.108214157463478 	idx: 4 8 2 16 1024 8
2920.902745413151 2.087132015888843 	idx: 4 8 2 16 1024 8
2920.902745413151 2.0662606957299547 	idx: 4 8 2 16 1024 8
2920.902745413151 2.045598088772655 	idx: 4 8 2 16 1024 8
2920.902745413151 2.0251421078849283 	idx: 4 8 2 16 1024 8
2928.589950855332 2.004890686806079 	idx: 0 8 2 16 1024 64
2928.589950855332 1.9848417799380185 	idx: 0 8 2 16 1024 64
2928.589950855332 1.9649933621386382 	idx: 0 8 2 16 1024 64
2928.589950855332 1.9453434285172517 	idx: 0 8 2 16 1024 64
2928.589950855332 1.9258899942320793 	idx: 0 8 2 16 1024 64
2928.589950855332 1.9066310942897584 	idx: 0 8 2 16 1024 64
2928.589950855332 1.8875647833468607 	idx: 0 8 2 16 1024 64
2928.589950855332 1.868689135513392 	idx: 0 8 2 16 1024 64
2928.589950855332 1.8500022441582582 	idx: 0 8 2 16 1024 64
2928.589950855332 1.8315022217166756 	idx: 0 8 2 16 1024 64
2928.589950855332 1.8131871994995088 	idx: 0 8 2 16 1024 64
2928.589950855332 1.7950553275045138 	idx: 0 8 2 16 1024 64
2928.589950855332 1.7771047742294686 	idx: 0 8 2 16 1024 64
2928.589950855332 1.7593337264871738 	idx: 0 8 2 16 1024 64
2928.589950855332 1.741740389222302 	idx: 0 8 2 16 1024 64
2928.589950855332 1.724322985330079 	idx: 0 8 2 16 1024 64
2928.589950855332 1.7070797554767783 	idx: 0 8 2 16 1024 64
2928.589950855332 1.6900089579220106 	idx: 0 8 2 16 1024 64
2928.589950855332 1.6731088683427904 	idx: 0 8 2 16 1024 64
2928.589950855332 1.6563777796593624 	idx: 0 8 2 16 1024 64
2928.589950855332 1.6398140018627687 	idx: 0 8 2 16 1024 64
2928.589950855332 1.623415861844141 	idx: 0 8 2 16 1024 64
2928.589950855332 1.6071817032256996 	idx: 0 8 2 16 1024 64
2928.589950855332 1.5911098861934427 	idx: 0 8 2 16 1024 64
2928.589950855332 1.5751987873315083 	idx: 0 8 2 16 1024 64
2928.589950855332 1.5594467994581933 	idx: 0 8 2 16 1024 64
2928.589950855332 1.5438523314636114 	idx: 0 8 2 16 1024 64
2928.589950855332 1.5284138081489753 	idx: 0 8 2 16 1024 64
2928.589950855332 1.5131296700674854 	idx: 0 8 2 16 1024 64
2928.589950855332 1.4979983733668105 	idx: 0 8 2 16 1024 64
2928.589950855332 1.4830183896331424 	idx: 0 8 2 16 1024 64
2928.589950855332 1.468188205736811 	idx: 0 8 2 16 1024 64
2928.589950855332 1.4535063236794428 	idx: 0 8 2 16 1024 64
2928.589950855332 1.4389712604426483 	idx: 0 8 2 16 1024 64
2928.589950855332 1.4245815478382218 	idx: 0 8 2 16 1024 64
2928.589950855332 1.4103357323598396 	idx: 0 8 2 16 1024 64
2928.589950855332 1.396232375036241 	idx: 0 8 2 16 1024 64
2928.589950855332 1.3822700512858788 	idx: 0 8 2 16 1024 64
2928.589950855332 1.36844735077302 	idx: 0 8 2 16 1024 64
2928.589950855332 1.3547628772652898 	idx: 0 8 2 16 1024 64
2928.589950855332 1.341215248492637 	idx: 0 8 2 16 1024 64
2928.589950855332 1.3278030960077105 	idx: 0 8 2 16 1024 64
2928.589950855332 1.3145250650476334 	idx: 0 8 2 16 1024 64
2928.589950855332 1.301379814397157 	idx: 0 8 2 16 1024 64
2928.589950855332 1.2883660162531856 	idx: 0 8 2 16 1024 64
2928.589950855332 1.2754823560906536 	idx: 0 8 2 16 1024 64
2928.589950855332 1.2627275325297471 	idx: 0 8 2 16 1024 64
2928.589950855332 1.2501002572044497 	idx: 0 8 2 16 1024 64
2928.589950855332 1.2375992546324053 	idx: 0 8 2 16 1024 64
2928.589950855332 1.2252232620860812 	idx: 0 8 2 16 1024 64
2928.589950855332 1.2129710294652205 	idx: 0 8 2 16 1024 64
2928.589950855332 1.2008413191705682 	idx: 0 8 2 16 1024 64
2920.902745413151 1.1888329059788625 	idx: 1 8 2 16 1024 8
2920.902745413151 1.1769445769190738 	idx: 1 8 2 16 1024 8
2920.902745413151 1.165175131149883 	idx: 1 8 2 16 1024 8
2920.902745413151 1.1535233798383842 	idx: 1 8 2 16 1024 8
2920.902745413151 1.1419881460400003 	idx: 1 8 2 16 1024 8
2920.902745413151 1.1305682645796002 	idx: 1 8 2 16 1024 8
2920.902745413151 1.1192625819338042 	idx: 1 8 2 16 1024 8
2920.355203256387 1.1080699561144662 	idx: 1 8 2 16 1024 4
2920.355203256387 1.0969892565533215 	idx: 1 8 2 16 1024 4
2920.355203256387 1.0860193639877882 	idx: 1 8 2 16 1024 4
2920.355203256387 1.0751591703479102 	idx: 1 8 2 16 1024 4
2920.355203256387 1.0644075786444311 	idx: 1 8 2 16 1024 4
2920.355203256387 1.0537635028579868 	idx: 1 8 2 16 1024 4
2920.355203256387 1.0432258678294068 	idx: 1 8 2 16 1024 4
2920.355203256387 1.0327936091511127 	idx: 1 8 2 16 1024 4
2920.355203256387 1.0224656730596016 	idx: 1 8 2 16 1024 4
2920.355203256387 1.0122410163290056 	idx: 1 8 2 16 1024 4
2920.355203256387 1.0021186061657157 	idx: 1 8 2 16 1024 4
###### ACC Parameters ######
cim type:    FPCIM
bus_width:   25.6
macros_row:  8
macros_col:  2
scr:         16
is_size:     1024
os_size:     4
best=2920.355203256387, area=4859349.814474769 459
bert_large_sl512_FPCIM@ISSCC23_tt_running end at 1757790985.3674247
0.8465456726732772 100 	idx: 2 3 2 2 128 256
0.8533840532703784 99.0 	idx: 1 3 2 2 128 128
0.8776080100797374 98.01 	idx: 1 4 2 2 128 256
0.9777299991099562 97.0299 	idx: 1 3 3 4 128 128
0.8933704686949854 96.059601 	idx: 0 2 2 2 256 256
1.1411640166040946 95.09900499 	idx: 1 2 4 4 128 128
0.7753012996363955 94.1480149401 	idx: 3 1 6 8 128 1024
1.134056822416674 93.206534790699 	idx: 0 2 2 8 256 64
0.7515136919252081 92.27446944279201 	idx: 3 1 5 4 128 512
1.135294385423951 91.35172474836409 	idx: 0 2 2 32 256 256
1.3422037262616968 90.43820750088045 	idx: 4 3 2 32 256 256
1.3422037262616968 89.53382542587164 	idx: 4 3 2 32 256 256
1.5287333296783796 88.63848717161292 	idx: 2 4 2 32 256 16
1.8999792943104172 87.75210229989679 	idx: 2 4 2 32 512 32
1.0254833198020938 86.87458127689783 	idx: 2 3 1 16 512 64
1.2993519656428578 86.00583546412885 	idx: 3 2 4 2 256 32
0.965250461357991 85.14577710948755 	idx: 1 3 3 4 128 4
1.0540851301738314 84.29431933839268 	idx: 3 2 4 2 128 128
1.2142677479271864 83.45137614500875 	idx: 1 5 2 2 256 2
0.9234228386378471 82.61686238355867 	idx: 2 3 3 2 128 128
1.0503375685360803 81.79069375972308 	idx: 2 2 4 2 128 64
1.053210010577756 80.97278682212585 	idx: 3 1 8 8 512 64
1.022674839022299 80.1630589539046 	idx: 3 1 8 8 256 32
0.9331959539840807 79.36142836436555 	idx: 2 2 2 8 128 64
0.9331959539840807 78.56781408072189 	idx: 2 2 2 8 128 64
1.14464662721933 77.78213593991467 	idx: 1 2 2 4 512 8
1.184809542588869 77.00431458051553 	idx: 1 2 2 4 1024 8
1.731316291997951 76.23427143471037 	idx: 1 3 2 8 1024 4
1.731316291997951 75.47192872036327 	idx: 1 3 2 8 1024 4
1.731316291997951 74.71720943315964 	idx: 1 3 2 8 1024 4
1.414581965363915 73.97003733882804 	idx: 1 2 3 8 1024 2
1.5389974151814678 73.23033696543976 	idx: 1 3 2 4 1024 4
0.8298293966296308 72.49803359578536 	idx: 3 1 6 16 128 128
1.040473410891629 71.7730532598275 	idx: 2 3 1 8 1024 2
1.5791055322847283 71.05532272722922 	idx: 2 3 2 8 512 2
0.9190666765034896 70.34476949995693 	idx: 1 3 2 4 128 4
1.1431217491736563 69.64132180495736 	idx: 2 4 1 8 512 4
1.969640084191844 68.94490858690779 	idx: 2 5 2 8 512 2
1.969640084191844 68.25545950103871 	idx: 2 5 2 8 512 2
1.3846437795052955 67.57290490602833 	idx: 2 4 2 4 256 4
1.174795983988957 66.89717585696805 	idx: 2 3 2 2 512 8
1.259307928037223 66.22820409839836 	idx: 2 2 3 4 512 8
0.8111499327669754 65.56592205741438 	idx: 2 1 3 8 512 4
0.8065412179250918 64.91026283684023 	idx: 2 1 3 16 256 4
0.9931119187416825 64.26116020847184 	idx: 2 2 3 16 128 4
0.9707769505196131 63.618548606387115 	idx: 1 3 2 8 128 128
0.9769531254367638 62.98236312032324 	idx: 3 1 6 16 256 256
0.948914185150993 62.35253948912001 	idx: 2 2 2 32 128 4
0.9491128682385462 61.72901409422881 	idx: 2 2 2 64 128 2
1.2923532369976967 61.11172395328652 	idx: 2 2 3 32 256 2
1.310911455260719 60.500606713753655 	idx: 2 2 2 16 512 2
1.3653769696304745 59.89560064661612 	idx: 1 2 2 16 1024 32
1.3629626476478098 59.29664464014996 	idx: 1 2 2 16 1024 64
1.6047684852744168 58.70367819374846 	idx: 1 3 2 16 512 64
1.0399412876389664 58.116641411810974 	idx: 2 3 1 32 512 4
0.7898871656729266 57.535474997692866 	idx: 3 1 10 16 128 64
0.9968324304207896 56.960120247715935 	idx: 2 3 2 32 128 4
1.0205825466918188 56.390519045238776 	idx: 1 3 1 64 512 256
1.129437653872024 55.82661385478639 	idx: 1 3 1 128 1024 128
1.6181126546347513 55.26834771623852 	idx: 1 3 2 64 512 64
1.8951567376799803 54.71566423907614 	idx: 1 4 2 64 512 64
1.3577534167049428 54.16850759668538 	idx: 1 3 2 64 256 128
0.9777299991099562 53.62682252071853 	idx: 0 3 3 4 128 128
0.8553187754562448 53.09055429551134 	idx: 3 1 7 4 256 32
0.9589622211315556 52.55964875255623 	idx: 0 2 3 8 128 256
0.9589622211315556 52.03405226503067 	idx: 0 2 3 8 128 256
1.0242176143398387 51.51371174238036 	idx: 3 2 6 4 128 16
1.5311589197046356 50.998574624956554 	idx: 2 4 2 32 256 2
1.5311589197046356 50.488588878706985 	idx: 2 4 2 32 256 2
1.271808582928547 49.98370298991991 	idx: 4 5 1 16 512 256
1.5072435501666444 49.483865960020715 	idx: 2 5 2 16 256 4
1.5072435501666444 48.98902730042051 	idx: 2 5 2 16 256 4
1.5072435501666444 48.4991370274163 	idx: 2 5 2 16 256 4
1.8879269914939627 48.01414565714214 	idx: 2 4 2 16 512 4
1.8879269914939627 47.53400420057071 	idx: 2 4 2 16 512 4
1.8879269914939627 47.05866415856501 	idx: 2 4 2 16 512 4
1.7902688134656228 46.58807751697936 	idx: 2 3 2 32 1024 4
1.530391634397093 46.12219674180957 	idx: 1 2 5 8 512 2
1.6893481803504968 45.66097477439147 	idx: 1 2 4 4 512 2
1.3552380141284635 45.20436502664755 	idx: 1 2 3 8 512 4
1.6859248751689144 44.752321376381076 	idx: 2 3 3 16 512 2
1.5473452972404727 44.30479816261727 	idx: 1 2 4 16 256 4
1.1008821798144883 43.861750180991095 	idx: 1 1 4 32 512 8
1.5489382304748962 43.42313267918119 	idx: 1 2 4 64 256 8
1.5489382304748962 42.98890135238938 	idx: 1 2 4 64 256 8
1.0131020655448844 42.559012338865486 	idx: 1 2 3 64 128 4
1.0131020655448844 42.133422215476834 	idx: 1 2 3 64 128 4
1.4515280148933716 41.712087993322065 	idx: 1 3 3 64 256 2
1.549603179184605 41.29496711338884 	idx: 1 2 4 128 256 2
1.269107813938796 40.882017442254956 	idx: 0 2 2 16 512 512
1.269107813938796 40.473197267832404 	idx: 0 2 2 16 512 512
0.9303549975501627 40.06846529515408 	idx: 2 4 1 8 256 16
1.0252329793437345 39.66778064220254 	idx: 3 2 2 4 256 8
1.8814869506363723 39.27110283578051 	idx: 2 4 2 16 512 64
1.8814869506363723 38.8783918074227 	idx: 2 4 2 16 512 64
1.5253910330139806 38.48960788934848 	idx: 3 3 3 4 512 8
1.2828579826756172 38.104711810454994 	idx: 3 2 2 8 512 8
1.7302878080131332 37.72366469235045 	idx: 0 3 2 8 1024 16
1.526254820149989 37.34642804542694 	idx: 3 3 3 4 512 16
1.4394544918102414 36.97296376497267 	idx: 1 3 3 32 256 16
1.4221513168062851 36.60323412732294 	idx: 0 3 2 4 512 16
1.5493814661886705 36.23720178604971 	idx: 1 2 4 128 256 4
1.0187091158125614 35.874829768189215 	idx: 1 2 3 256 128 4
0.9970980612781171 35.516081470507324 	idx: 1 3 2 128 128 2
1.3289169499297693 35.16092065580225 	idx: 3 2 2 8 1024 128
1.3518994025394842 34.80931144924423 	idx: 3 2 3 8 512 256
1.3518994025394842 34.461218334751784 	idx: 3 2 3 8 512 256
1.184809542588869 34.11660615140427 	idx: 0 2 2 4 1024 8
1.16042722140473 33.775440089890225 	idx: 1 2 2 256 256 2
1.3094452448549811 33.43768568899132 	idx: 1 2 3 128 256 2
1.3094452448549811 33.10330883210141 	idx: 1 2 3 128 256 2
1.4515280148933716 32.7722757437804 	idx: 1 3 3 64 256 2
1.303432140715162 32.44455298634259 	idx: 1 2 3 64 256 4
1.5489382304748962 32.12010745647917 	idx: 1 2 4 32 256 8
1.5489382304748962 31.798906381914374 	idx: 1 2 4 32 256 8
1.4191720872424003 31.48091731809523 	idx: 1 3 3 16 256 8
1.4379924823352663 31.16610814491428 	idx: 1 2 3 32 512 4
1.7902688134656228 30.854447063465138 	idx: 1 3 2 64 1024 4
1.904522785095276 30.545902592830487 	idx: 1 4 2 64 512 2
1.904522785095276 30.240443566902183 	idx: 1 4 2 64 512 2
1.5162517839041956 29.93803913123316 	idx: 1 5 2 32 256 4
1.9042192097718373 29.638658739920828 	idx: 1 4 2 32 512 4
1.9042192097718373 29.34227215252162 	idx: 1 4 2 32 512 4
1.9042192097718373 29.048849430996402 	idx: 1 4 2 32 512 4
1.9042192097718373 28.758360936686437 	idx: 1 4 2 32 512 4
1.9042192097718373 28.47077732731957 	idx: 1 4 2 32 512 4
1.9042192097718373 28.186069554046373 	idx: 1 4 2 32 512 4
1.7159347448390696 27.90420885850591 	idx: 1 3 3 32 512 8
1.6096050325240236 27.625166769920853 	idx: 1 3 2 16 512 4
1.6096050325240236 27.348915102221643 	idx: 1 3 2 16 512 4
1.3675021425798726 27.075425951199424 	idx: 0 2 2 16 1024 4
1.7905283455086916 26.804671691687428 	idx: 1 3 2 32 1024 2
1.716342285374224 26.536624974770554 	idx: 1 3 3 32 512 4
1.716342285374224 26.271258725022847 	idx: 1 3 3 32 512 4
1.7694124330034393 26.00854613777262 	idx: 1 3 2 16 1024 8
1.7694124330034393 25.748460676394892 	idx: 1 3 2 16 1024 8
1.7694124330034393 25.490976069630943 	idx: 1 3 2 16 1024 8
1.6221808450336486 25.23606630893463 	idx: 0 3 2 128 512 32
1.4499584263610295 24.983705645845284 	idx: 0 2 3 64 512 32
1.7819119761509232 24.73386858938683 	idx: 0 2 4 32 512 16
1.7819119761509232 24.48652990349296 	idx: 0 2 4 32 512 16
1.7819119761509232 24.24166460445803 	idx: 0 2 4 32 512 16
1.7819119761509232 23.99924795841345 	idx: 0 2 4 32 512 16
1.7819119761509232 23.759255478829314 	idx: 0 2 4 32 512 16
1.7819119761509232 23.52166292404102 	idx: 0 2 4 32 512 16
1.408660636512335 23.28644629480061 	idx: 0 2 3 16 512 32
1.408660636512335 23.053581831852604 	idx: 0 2 3 16 512 32
1.9042192097718373 22.82304601353408 	idx: 1 4 2 64 512 4
1.9042192097718373 22.59481555339874 	idx: 1 4 2 64 512 4
1.9042192097718373 22.36886739786475 	idx: 1 4 2 64 512 4
1.9042192097718373 22.145178723886104 	idx: 1 4 2 64 512 4
1.9042192097718373 21.923726936647242 	idx: 1 4 2 64 512 4
1.9042192097718373 21.704489667280768 	idx: 1 4 2 64 512 4
1.7902688134656228 21.48744477060796 	idx: 1 3 2 32 1024 4
1.887517643405527 21.27257032290188 	idx: 1 4 2 16 512 8
1.887517643405527 21.059844619672862 	idx: 1 4 2 16 512 8
1.887517643405527 20.849246173476132 	idx: 1 4 2 16 512 8
1.7902688134656228 20.64075371174137 	idx: 1 3 2 32 1024 4
1.7905283455086916 20.434346174623958 	idx: 1 3 2 64 1024 2
1.7905283455086916 20.230002712877717 	idx: 1 3 2 64 1024 2
1.7905283455086916 20.027702685748938 	idx: 1 3 2 64 1024 2
1.7905283455086916 19.82742565889145 	idx: 1 3 2 64 1024 2
1.904522785095276 19.629151402302536 	idx: 1 4 2 32 512 2
1.904522785095276 19.43285988827951 	idx: 1 4 2 32 512 2
1.904522785095276 19.238531289396715 	idx: 1 4 2 32 512 2
1.904522785095276 19.046145976502746 	idx: 1 4 2 32 512 2
1.904522785095276 18.855684516737718 	idx: 1 4 2 32 512 2
1.904522785095276 18.66712767157034 	idx: 1 4 2 32 512 2
1.7905283455086916 18.480456394854638 	idx: 1 3 2 64 1024 2
1.7905283455086916 18.295651830906092 	idx: 1 3 2 64 1024 2
1.7905283455086916 18.11269531259703 	idx: 1 3 2 64 1024 2
1.7905283455086916 17.931568359471058 	idx: 1 3 2 64 1024 2
1.7905283455086916 17.752252675876345 	idx: 1 3 2 64 1024 2
1.7905283455086916 17.57473014911758 	idx: 1 3 2 64 1024 2
1.7905283455086916 17.398982847626407 	idx: 1 3 2 64 1024 2
1.7905283455086916 17.22499301915014 	idx: 1 3 2 64 1024 2
1.7586545802317455 17.05274308895864 	idx: 0 2 4 32 512 256
1.716342285374224 16.882215658069054 	idx: 1 3 3 32 512 4
1.716342285374224 16.713393501488362 	idx: 1 3 3 32 512 4
1.6260171510037136 16.546259566473477 	idx: 1 3 2 64 512 2
1.6260171510037136 16.380796970808742 	idx: 1 3 2 64 512 2
1.6260171510037136 16.216989001100654 	idx: 1 3 2 64 512 2
1.6260171510037136 16.054819111089646 	idx: 1 3 2 64 512 2
1.748686976454782 15.89427091997875 	idx: 4 2 4 8 512 64
1.748686976454782 15.735328210778961 	idx: 4 2 4 8 512 64
1.748686976454782 15.577974928671171 	idx: 4 2 4 8 512 64
1.748686976454782 15.42219517938446 	idx: 4 2 4 8 512 64
1.748686976454782 15.267973227590614 	idx: 4 2 4 8 512 64
1.5357580774429762 15.115293495314708 	idx: 0 2 4 64 256 128
1.7902688134656228 14.96414056036156 	idx: 1 3 2 64 1024 4
1.7902688134656228 14.814499154757945 	idx: 1 3 2 64 1024 4
1.4473585896014691 14.666354163210364 	idx: 0 2 3 64 512 64
1.4194857470748081 14.519690621578262 	idx: 3 3 2 4 512 2
1.904522785095276 14.374493715362478 	idx: 1 4 2 64 512 2
1.904522785095276 14.230748778208852 	idx: 1 4 2 64 512 2
1.904522785095276 14.088441290426763 	idx: 1 4 2 64 512 2
1.904522785095276 13.947556877522496 	idx: 1 4 2 64 512 2
1.904522785095276 13.808081308747271 	idx: 1 4 2 64 512 2
1.9042192097718373 13.670000495659798 	idx: 1 4 2 32 512 4
1.9042192097718373 13.5333004907032 	idx: 1 4 2 32 512 4
1.9042192097718373 13.397967485796167 	idx: 1 4 2 32 512 4
1.9042192097718373 13.263987810938206 	idx: 1 4 2 32 512 4
1.48178516752347 13.131347932828824 	idx: 4 2 4 4 256 8
1.48178516752347 13.000034453500536 	idx: 4 2 4 4 256 8
1.4878526858644845 12.87003410896553 	idx: 1 5 2 8 256 16
1.48178516752347 12.741333767875876 	idx: 4 2 4 4 256 8
1.48178516752347 12.613920430197117 	idx: 4 2 4 4 256 8
1.7886885293245671 12.487781225895146 	idx: 1 3 2 32 1024 16
1.7886885293245671 12.362903413636195 	idx: 1 3 2 32 1024 16
1.7886885293245671 12.239274379499832 	idx: 1 3 2 32 1024 16
1.7865817164608984 12.116881635704834 	idx: 1 3 2 64 1024 32
1.8540505629987822 11.995712819347785 	idx: 3 4 2 8 512 4
1.8540505629987822 11.875755691154307 	idx: 3 4 2 8 512 4
1.6221808450336486 11.756998134242764 	idx: 1 3 2 128 512 32
1.6221808450336486 11.639428152900336 	idx: 1 3 2 128 512 32
1.6221808450336486 11.523033871371332 	idx: 1 3 2 128 512 32
1.6221808450336486 11.407803532657619 	idx: 1 3 2 128 512 32
1.9695492883281907 11.293725497331042 	idx: 3 5 2 8 512 4
1.9695492883281907 11.180788242357732 	idx: 3 5 2 8 512 4
1.9695492883281907 11.068980359934155 	idx: 3 5 2 8 512 4
1.9695492883281907 10.958290556334813 	idx: 3 5 2 8 512 4
1.9693672488284395 10.848707650771464 	idx: 3 5 2 8 512 8
1.9693672488284395 10.74022057426375 	idx: 3 5 2 8 512 8
1.9693672488284395 10.632818368521113 	idx: 3 5 2 8 512 8
1.8539486251909314 10.526490184835902 	idx: 3 4 2 8 512 16
1.8539486251909314 10.421225282987542 	idx: 3 4 2 8 512 16
1.8539486251909314 10.317013030157668 	idx: 3 4 2 8 512 16
1.8539486251909314 10.213842899856092 	idx: 3 4 2 8 512 16
1.8539486251909314 10.11170447085753 	idx: 3 4 2 8 512 16
1.8539486251909314 10.010587426148955 	idx: 3 4 2 8 512 16
1.8539486251909314 9.910481551887466 	idx: 3 4 2 8 512 16
1.8539486251909314 9.811376736368592 	idx: 3 4 2 8 512 16
1.8539486251909314 9.713262969004907 	idx: 0 4 2 8 512 16
1.8539486251909314 9.616130339314857 	idx: 0 4 2 8 512 16
1.8539486251909314 9.519969035921708 	idx: 0 4 2 8 512 16
1.8536629729707497 9.42476934556249 	idx: 3 4 2 8 512 32
1.8536629729707497 9.330521652106865 	idx: 3 4 2 8 512 32
1.8536629729707497 9.237216435585797 	idx: 3 4 2 8 512 32
1.8536629729707497 9.144844271229939 	idx: 3 4 2 8 512 32
1.8536629729707497 9.053395828517639 	idx: 3 4 2 8 512 32
1.6086984902153971 8.962861870232462 	idx: 3 3 2 16 512 16
1.6093031329613774 8.873233251530138 	idx: 3 3 2 16 512 8
1.6093031329613774 8.784500919014837 	idx: 3 3 2 16 512 8
1.4081106853791612 8.696655909824688 	idx: 1 2 3 64 512 512
1.7902688134656228 8.609689350726441 	idx: 3 3 2 32 1024 4
1.7902688134656228 8.523592457219177 	idx: 3 3 2 32 1024 4
1.6096050325240236 8.438356532646985 	idx: 0 3 2 16 512 4
1.6260171510037136 8.353972967320516 	idx: 3 3 2 32 512 2
1.748686976454782 8.27043323764731 	idx: 4 2 4 8 512 64
1.7902688134656228 8.187728905270838 	idx: 3 3 2 64 1024 4
1.7902688134656228 8.105851616218128 	idx: 3 3 2 64 1024 4
1.7902688134656228 8.024793100055946 	idx: 3 3 2 64 1024 4
1.7902688134656228 7.944545169055387 	idx: 3 3 2 64 1024 4
1.7902688134656228 7.865099717364833 	idx: 3 3 2 64 1024 4
1.7902688134656228 7.786448720191185 	idx: 3 3 2 64 1024 4
1.7902688134656228 7.708584232989273 	idx: 3 3 2 64 1024 4
1.7902688134656228 7.63149839065938 	idx: 3 3 2 64 1024 4
1.7902688134656228 7.5551834067527865 	idx: 3 3 2 64 1024 4
1.7902688134656228 7.479631572685259 	idx: 3 3 2 64 1024 4
1.7902688134656228 7.404835256958406 	idx: 3 3 2 64 1024 4
1.904522785095276 7.330786904388821 	idx: 3 4 2 64 512 2
1.9042192097718373 7.257479035344933 	idx: 3 4 2 32 512 4
1.9042192097718373 7.1849042449914835 	idx: 3 4 2 32 512 4
1.9042192097718373 7.1130552025415685 	idx: 3 4 2 32 512 4
1.9042192097718373 7.041924650516153 	idx: 3 4 2 32 512 4
1.9042192097718373 6.971505404010991 	idx: 3 4 2 32 512 4
1.9042192097718373 6.901790349970882 	idx: 3 4 2 32 512 4
1.9042192097718373 6.832772446471173 	idx: 3 4 2 32 512 4
1.8999792943104172 6.764444722006462 	idx: 1 4 2 64 512 32
1.8999792943104172 6.696800274786397 	idx: 1 4 2 64 512 32
1.8999792943104172 6.6298322720385325 	idx: 1 4 2 64 512 32
1.904522785095276 6.563533949318147 	idx: 3 4 2 64 512 2
1.904522785095276 6.497898609824966 	idx: 3 4 2 64 512 2
1.9042192097718373 6.432919623726716 	idx: 3 4 2 64 512 4
1.9042192097718373 6.3685904274894485 	idx: 3 4 2 64 512 4
1.9042192097718373 6.304904523214554 	idx: 3 4 2 64 512 4
1.9042192097718373 6.2418554779824085 	idx: 3 4 2 64 512 4
1.9042192097718373 6.1794369232025845 	idx: 3 4 2 64 512 4
1.9042192097718373 6.117642553970558 	idx: 3 4 2 64 512 4
1.9042192097718373 6.056466128430853 	idx: 3 4 2 64 512 4
1.9042192097718373 5.9959014671465445 	idx: 3 4 2 64 512 4
1.9042192097718373 5.935942452475079 	idx: 3 4 2 64 512 4
1.9042192097718373 5.8765830279503275 	idx: 3 4 2 64 512 4
1.9042192097718373 5.817817197670824 	idx: 3 4 2 64 512 4
1.9042192097718373 5.759639025694116 	idx: 3 4 2 32 512 4
1.904522785095276 5.7020426354371745 	idx: 3 4 2 32 512 2
1.904522785095276 5.645022209082803 	idx: 3 4 2 32 512 2
1.904522785095276 5.588571986991974 	idx: 3 4 2 32 512 2
1.904522785095276 5.532686267122054 	idx: 3 4 2 32 512 2
1.9023997882278993 5.477359404450834 	idx: 1 4 2 32 512 16
1.9023997882278993 5.422585810406325 	idx: 1 4 2 32 512 16
1.9023997882278993 5.368359952302262 	idx: 1 4 2 32 512 16
1.9023997882278993 5.314676352779239 	idx: 1 4 2 32 512 16
1.9023997882278993 5.261529589251447 	idx: 1 4 2 32 512 16
1.9023997882278993 5.208914293358933 	idx: 1 4 2 32 512 16
1.9023997882278993 5.156825150425344 	idx: 1 4 2 32 512 16
1.9023997882278993 5.10525689892109 	idx: 1 4 2 32 512 16
1.9023997882278993 5.0542043299318795 	idx: 1 4 2 32 512 16
1.9023997882278993 5.003662286632561 	idx: 1 4 2 32 512 16
1.9023997882278993 4.953625663766235 	idx: 1 4 2 32 512 16
1.9023997882278993 4.9040894071285726 	idx: 1 4 2 32 512 16
1.9023997882278993 4.8550485130572865 	idx: 1 4 2 32 512 16
1.9023997882278993 4.806498027926714 	idx: 1 4 2 32 512 16
1.9023997882278993 4.758433047647447 	idx: 1 4 2 32 512 16
1.9023997882278993 4.710848717170973 	idx: 1 4 2 32 512 16
1.9023997882278993 4.663740229999263 	idx: 1 4 2 32 512 16
1.9023997882278993 4.61710282769927 	idx: 1 4 2 32 512 16
1.9023997882278993 4.570931799422278 	idx: 1 4 2 32 512 16
1.9023997882278993 4.525222481428055 	idx: 1 4 2 32 512 16
1.9023997882278993 4.4799702566137745 	idx: 1 4 2 32 512 16
1.9023997882278993 4.4351705540476365 	idx: 1 4 2 32 512 16
1.9023997882278993 4.39081884850716 	idx: 1 4 2 32 512 16
1.852636909359494 4.346910660022088 	idx: 0 4 2 8 512 64
1.852636909359494 4.303441553421867 	idx: 0 4 2 8 512 64
1.852636909359494 4.260407137887648 	idx: 0 4 2 8 512 64
1.852636909359494 4.217803066508771 	idx: 0 4 2 8 512 64
1.852636909359494 4.175625035843683 	idx: 0 4 2 8 512 64
1.852636909359494 4.133868785485246 	idx: 0 4 2 8 512 64
1.852636909359494 4.0925300976303935 	idx: 0 4 2 8 512 64
1.852636909359494 4.05160479665409 	idx: 0 4 2 8 512 64
1.852636909359494 4.011088748687548 	idx: 0 4 2 8 512 64
1.852636909359494 3.970977861200673 	idx: 0 4 2 8 512 64
1.852636909359494 3.9312680825886663 	idx: 0 4 2 8 512 64
1.852636909359494 3.8919554017627798 	idx: 0 4 2 8 512 64
1.852636909359494 3.853035847745152 	idx: 0 4 2 8 512 64
1.852636909359494 3.8145054892677006 	idx: 0 4 2 8 512 64
1.852636909359494 3.7763604343750234 	idx: 0 4 2 8 512 64
1.852636909359494 3.7385968300312733 	idx: 0 4 2 8 512 64
1.887517643405527 3.7012108617309605 	idx: 1 4 2 16 512 8
1.887517643405527 3.664198753113651 	idx: 1 4 2 16 512 8
1.887517643405527 3.6275567655825145 	idx: 1 4 2 16 512 8
1.887517643405527 3.591281197926689 	idx: 1 4 2 16 512 8
1.887517643405527 3.555368385947422 	idx: 1 4 2 16 512 8
1.887517643405527 3.519814702087948 	idx: 1 4 2 16 512 8
1.887517643405527 3.4846165550670687 	idx: 1 4 2 16 512 8
1.887517643405527 3.449770389516398 	idx: 1 4 2 16 512 8
1.887517643405527 3.415272685621234 	idx: 1 4 2 16 512 8
1.887517643405527 3.3811199587650216 	idx: 1 4 2 16 512 8
1.887517643405527 3.347308759177371 	idx: 1 4 2 16 512 8
1.887517643405527 3.3138356715855974 	idx: 1 4 2 16 512 8
1.8951567376799803 3.2806973148697414 	idx: 0 4 2 32 512 64
1.8951567376799803 3.247890341721044 	idx: 0 4 2 32 512 64
1.8951567376799803 3.2154114383038332 	idx: 0 4 2 32 512 64
1.8951567376799803 3.183257323920795 	idx: 0 4 2 32 512 64
1.8951567376799803 3.1514247506815867 	idx: 0 4 2 32 512 64
1.9042192097718373 3.1199105031747707 	idx: 1 4 2 32 512 4
1.9042192097718373 3.088711398143023 	idx: 1 4 2 32 512 4
1.9042192097718373 3.0578242841615926 	idx: 1 4 2 32 512 4
1.9042192097718373 3.0272460413199767 	idx: 1 4 2 32 512 4
1.9042192097718373 2.996973580906777 	idx: 1 4 2 32 512 4
1.9042192097718373 2.967003845097709 	idx: 1 4 2 32 512 4
1.9042192097718373 2.9373338066467323 	idx: 1 4 2 32 512 4
1.9042192097718373 2.907960468580265 	idx: 1 4 2 32 512 4
1.9042192097718373 2.8788808638944623 	idx: 1 4 2 32 512 4
1.9042192097718373 2.8500920552555176 	idx: 1 4 2 32 512 4
1.9042192097718373 2.8215911347029623 	idx: 1 4 2 32 512 4
1.9042192097718373 2.7933752233559326 	idx: 1 4 2 32 512 4
1.9042192097718373 2.765441471122373 	idx: 1 4 2 32 512 4
1.9042192097718373 2.7377870564111495 	idx: 1 4 2 32 512 4
1.9042192097718373 2.710409185847038 	idx: 1 4 2 32 512 4
1.9042192097718373 2.6833050939885674 	idx: 1 4 2 32 512 4
1.9042192097718373 2.656472043048682 	idx: 1 4 2 32 512 4
1.9042192097718373 2.629907322618195 	idx: 1 4 2 32 512 4
1.9042192097718373 2.603608249392013 	idx: 1 4 2 32 512 4
1.9042192097718373 2.577572166898093 	idx: 1 4 2 32 512 4
1.9042192097718373 2.551796445229112 	idx: 1 4 2 32 512 4
1.9042192097718373 2.526278480776821 	idx: 1 4 2 32 512 4
1.9042192097718373 2.501015695969053 	idx: 1 4 2 32 512 4
1.9042192097718373 2.4760055390093623 	idx: 1 4 2 32 512 4
1.9042192097718373 2.4512454836192688 	idx: 1 4 2 32 512 4
1.9042192097718373 2.426733028783076 	idx: 1 4 2 32 512 4
1.9042192097718373 2.402465698495245 	idx: 1 4 2 32 512 4
1.9042192097718373 2.3784410415102926 	idx: 1 4 2 32 512 4
1.9042192097718373 2.3546566310951897 	idx: 1 4 2 32 512 4
1.9042192097718373 2.3311100647842378 	idx: 1 4 2 32 512 4
1.9042192097718373 2.307798964136395 	idx: 1 4 2 32 512 4
1.9042192097718373 2.2847209744950314 	idx: 1 4 2 32 512 4
1.9042192097718373 2.261873764750081 	idx: 1 4 2 32 512 4
1.904522785095276 2.23925502710258 	idx: 1 4 2 32 512 2
1.904522785095276 2.2168624768315546 	idx: 1 4 2 32 512 2
1.904522785095276 2.194693852063239 	idx: 1 4 2 32 512 2
1.904522785095276 2.1727469135426065 	idx: 1 4 2 32 512 2
1.904522785095276 2.1510194444071806 	idx: 1 4 2 32 512 2
1.904522785095276 2.129509249963109 	idx: 1 4 2 32 512 2
1.904522785095276 2.108214157463478 	idx: 1 4 2 32 512 2
1.904522785095276 2.087132015888843 	idx: 1 4 2 32 512 2
1.904522785095276 2.0662606957299547 	idx: 1 4 2 32 512 2
1.904522785095276 2.045598088772655 	idx: 1 4 2 32 512 2
1.904522785095276 2.0251421078849283 	idx: 1 4 2 32 512 2
1.904522785095276 2.004890686806079 	idx: 1 4 2 32 512 2
1.904522785095276 1.9848417799380185 	idx: 1 4 2 32 512 2
1.904522785095276 1.9649933621386382 	idx: 1 4 2 32 512 2
1.904522785095276 1.9453434285172517 	idx: 1 4 2 32 512 2
1.904522785095276 1.9258899942320793 	idx: 1 4 2 32 512 2
1.8881316443070773 1.9066310942897584 	idx: 1 4 2 16 512 2
1.8881316443070773 1.8875647833468607 	idx: 1 4 2 16 512 2
1.8881316443070773 1.868689135513392 	idx: 1 4 2 16 512 2
1.8881316443070773 1.8500022441582582 	idx: 1 4 2 16 512 2
1.8881316443070773 1.8315022217166756 	idx: 1 4 2 16 512 2
1.8881316443070773 1.8131871994995088 	idx: 1 4 2 16 512 2
1.8881316443070773 1.7950553275045138 	idx: 1 4 2 16 512 2
1.8881316443070773 1.7771047742294686 	idx: 1 4 2 16 512 2
1.8881316443070773 1.7593337264871738 	idx: 1 4 2 16 512 2
1.8881316443070773 1.741740389222302 	idx: 1 4 2 16 512 2
1.8879269914939627 1.724322985330079 	idx: 1 4 2 16 512 4
1.8879269914939627 1.7070797554767783 	idx: 1 4 2 16 512 4
1.8879269914939627 1.6900089579220106 	idx: 1 4 2 16 512 4
1.8879269914939627 1.6731088683427904 	idx: 1 4 2 16 512 4
1.8879269914939627 1.6563777796593624 	idx: 1 4 2 16 512 4
1.8879269914939627 1.6398140018627687 	idx: 1 4 2 16 512 4
1.8879269914939627 1.623415861844141 	idx: 1 4 2 16 512 4
1.8879269914939627 1.6071817032256996 	idx: 1 4 2 16 512 4
1.8879269914939627 1.5911098861934427 	idx: 1 4 2 16 512 4
1.8879269914939627 1.5751987873315083 	idx: 1 4 2 16 512 4
1.8879269914939627 1.5594467994581933 	idx: 1 4 2 16 512 4
1.8879269914939627 1.5438523314636114 	idx: 1 4 2 16 512 4
1.8879269914939627 1.5284138081489753 	idx: 1 4 2 16 512 4
1.8879269914939627 1.5131296700674854 	idx: 1 4 2 16 512 4
1.8879269914939627 1.4979983733668105 	idx: 1 4 2 16 512 4
1.8879269914939627 1.4830183896331424 	idx: 1 4 2 16 512 4
1.8879269914939627 1.468188205736811 	idx: 1 4 2 16 512 4
1.8879269914939627 1.4535063236794428 	idx: 1 4 2 16 512 4
1.8879269914939627 1.4389712604426483 	idx: 1 4 2 16 512 4
1.8879269914939627 1.4245815478382218 	idx: 1 4 2 16 512 4
1.8879269914939627 1.4103357323598396 	idx: 1 4 2 16 512 4
1.8879269914939627 1.396232375036241 	idx: 1 4 2 16 512 4
1.8879269914939627 1.3822700512858788 	idx: 1 4 2 16 512 4
1.9681933021003604 1.36844735077302 	idx: 4 5 2 8 512 32
1.8879269914939627 1.3547628772652898 	idx: 1 4 2 16 512 4
1.8879269914939627 1.341215248492637 	idx: 1 4 2 16 512 4
1.854017259672441 1.3278030960077105 	idx: 1 4 2 8 512 8
1.854017259672441 1.3145250650476334 	idx: 1 4 2 8 512 8
1.854017259672441 1.301379814397157 	idx: 1 4 2 8 512 8
1.854017259672441 1.2883660162531856 	idx: 1 4 2 8 512 8
1.854017259672441 1.2754823560906536 	idx: 1 4 2 8 512 8
1.854017259672441 1.2627275325297471 	idx: 1 4 2 8 512 8
1.854017259672441 1.2501002572044497 	idx: 1 4 2 8 512 8
1.854017259672441 1.2375992546324053 	idx: 1 4 2 8 512 8
1.854017259672441 1.2252232620860812 	idx: 1 4 2 8 512 8
1.9036123493665085 1.2129710294652205 	idx: 2 4 2 32 512 8
1.9036123493665085 1.2008413191705682 	idx: 2 4 2 32 512 8
1.9036123493665085 1.1888329059788625 	idx: 2 4 2 32 512 8
1.9036123493665085 1.1769445769190738 	idx: 2 4 2 32 512 8
1.9036123493665085 1.165175131149883 	idx: 2 4 2 32 512 8
1.9693672488284395 1.1535233798383842 	idx: 1 5 2 8 512 8
1.9693672488284395 1.1419881460400003 	idx: 1 5 2 8 512 8
1.9693672488284395 1.1305682645796002 	idx: 1 5 2 8 512 8
1.9693672488284395 1.1192625819338042 	idx: 1 5 2 8 512 8
1.9693672488284395 1.1080699561144662 	idx: 1 5 2 8 512 8
1.9693672488284395 1.0969892565533215 	idx: 1 5 2 8 512 8
1.9693672488284395 1.0860193639877882 	idx: 1 5 2 8 512 8
1.9693672488284395 1.0751591703479102 	idx: 1 5 2 8 512 8
1.9693672488284395 1.0644075786444311 	idx: 1 5 2 8 512 8
1.9693672488284395 1.0537635028579868 	idx: 1 5 2 8 512 8
1.9693672488284395 1.0432258678294068 	idx: 1 5 2 8 512 8
1.9693672488284395 1.0327936091511127 	idx: 1 5 2 8 512 8
1.9693672488284395 1.0224656730596016 	idx: 1 5 2 8 512 8
1.9693672488284395 1.0122410163290056 	idx: 1 5 2 8 512 8
1.9693672488284395 1.0021186061657157 	idx: 1 5 2 8 512 8
###### ACC Parameters ######
cim type:    LccCIM
bus_width:   25.6
macros_row:  5
macros_col:  2
scr:         8
is_size:     512
os_size:     8
best=1.9693672488284395, area=4934860.8308436945 459
bert_large_sl512_LCC-CIM@ISSCC20_ee_running start at 1757793032.2780993
1.229484075784024 100 	idx: 0 3 2 2 128 256
1.7518047905443441 99.0 	idx: 1 3 3 4 256 128
1.7518047905443441 98.01 	idx: 1 3 3 4 256 128
2.0918997071840684 97.0299 	idx: 3 5 2 4 32 256
1.6973303310638383 96.059601 	idx: 2 3 2 8 256 1024
1.5370482677260053 95.09900499 	idx: 0 4 2 2 64 32
1.7294545538136237 94.1480149401 	idx: 0 3 3 4 128 16
1.2367308303602897 93.206534790699 	idx: 3 7 1 2 512 256
1.4840327215452132 92.27446944279201 	idx: 0 3 2 4 128 16
1.5450494197484974 91.35172474836409 	idx: 1 2 4 2 256 8
1.2426593593178026 90.43820750088045 	idx: 3 7 1 2 512 32
2.082425301430978 89.53382542587164 	idx: 0 4 2 4 512 32
2.082425301430978 88.63848717161292 	idx: 0 4 2 4 512 32
2.001108314092926 87.75210229989679 	idx: 0 3 3 8 512 64
2.3819755216717193 86.87458127689783 	idx: 3 5 2 8 128 16
2.578569437775741 86.00583546412885 	idx: 3 6 2 8 64 8
2.3196252131635635 85.14577710948755 	idx: 3 6 2 4 128 8
2.4622227432683963 84.29431933839268 	idx: 4 3 4 8 4 64
2.183264042909317 83.45137614500875 	idx: 3 4 2 16 256 8
2.066038560578192 82.61686238355867 	idx: 2 4 2 4 512 256
2.3961736164265197 81.79069375972308 	idx: 2 5 2 8 256 128
1.8523984942722052 80.97278682212585 	idx: 1 3 3 8 16 2
1.9476238750576214 80.1630589539046 	idx: 1 2 4 16 32 2
1.9087168372709835 79.36142836436555 	idx: 1 2 4 8 32 2
2.326209033052718 78.56781408072189 	idx: 2 4 2 8 512 256
2.326209033052718 77.78213593991467 	idx: 2 4 2 8 512 256
2.157889317616195 77.00431458051553 	idx: 2 4 2 16 256 256
1.993910769496379 76.23427143471037 	idx: 1 3 3 32 128 4
1.952144082626014 75.47192872036327 	idx: 1 2 4 16 64 2
1.9452884484311614 74.71720943315964 	idx: 2 3 2 8 512 256
2.1183235339919557 73.97003733882804 	idx: 0 5 2 4 64 32
1.9518164297621783 73.23033696543976 	idx: 1 2 4 32 32 2
1.9158452415244551 72.49803359578536 	idx: 1 2 5 16 64 4
1.9158452415244551 71.7730532598275 	idx: 1 2 5 16 64 4
1.961034795062426 71.05532272722922 	idx: 1 2 4 16 128 4
2.4750220333927033 70.34476949995693 	idx: 0 3 4 8 128 32
2.476585133533518 69.64132180495736 	idx: 0 3 4 8 128 16
1.981596034299384 68.94490858690779 	idx: 4 3 4 2 32 4
1.9816500019404568 68.25545950103871 	idx: 4 3 4 2 32 8
1.8122414190429486 67.57290490602833 	idx: 4 2 5 4 16 4
2.367494633760896 66.89717585696805 	idx: 4 3 4 4 8 8
1.8184374236440044 66.22820409839836 	idx: 4 2 4 4 4 8
2.4669521533652325 65.56592205741438 	idx: 4 3 4 8 2 16
2.4669521533652325 64.91026283684023 	idx: 4 3 4 8 2 16
2.3659585912307555 64.26116020847184 	idx: 4 3 4 4 2 16
1.8715738910649564 63.618548606387115 	idx: 4 4 3 2 4 16
1.871369355855088 62.98236312032324 	idx: 4 4 3 2 8 8
1.9940706795876375 62.35253948912001 	idx: 0 3 3 32 128 2
1.850901286271793 61.72901409422881 	idx: 4 4 2 4 8 8
2.0684684502701605 61.11172395328652 	idx: 4 4 2 8 4 16
2.3601961659728667 60.500606713753655 	idx: 1 4 2 8 512 8
1.7091909386779571 59.89560064661612 	idx: 4 3 3 4 16 8
1.8211940068159826 59.29664464014996 	idx: 4 2 4 4 16 4
1.9718977774091015 58.70367819374846 	idx: 1 3 2 8 512 16
1.9718977774091015 58.116641411810974 	idx: 1 3 2 8 512 16
1.9718977774091015 57.535474997692866 	idx: 1 3 2 8 512 16
1.2830486676442396 56.960120247715935 	idx: 3 4 1 256 32 2
1.8132279337564579 56.390519045238776 	idx: 4 2 5 4 32 2
2.046761333603198 55.82661385478639 	idx: 1 3 2 64 512 16
2.046761333603198 55.26834771623852 	idx: 1 3 2 64 512 16
2.2027921970444684 54.71566423907614 	idx: 1 4 2 64 256 32
1.8275231491486696 54.16850759668538 	idx: 1 5 1 128 512 16
2.3712643387694694 53.62682252071853 	idx: 4 3 4 4 32 8
2.3712643387694694 53.09055429551134 	idx: 4 3 4 4 32 8
1.8824171036419672 52.55964875255623 	idx: 4 2 5 8 16 8
2.0444914757725634 52.03405226503067 	idx: 1 3 2 128 512 32
2.120449009751876 51.51371174238036 	idx: 4 2 6 16 8 8
1.655322330458904 50.998574624956554 	idx: 1 2 2 256 1024 16
2.4426790599134853 50.488588878706985 	idx: 3 4 2 32 512 16
2.4426790599134853 49.98370298991991 	idx: 3 4 2 32 512 16
2.4426790599134853 49.483865960020715 	idx: 3 4 2 32 512 16
2.4426790599134853 48.98902730042051 	idx: 3 4 2 32 512 16
1.5456452287590956 48.4991370274163 	idx: 0 5 1 16 256 8
2.433296184513283 48.01414565714214 	idx: 0 5 2 16 128 4
2.3831859897024614 47.53400420057071 	idx: 0 5 2 8 128 4
2.3831859897024614 47.05866415856501 	idx: 0 5 2 8 128 4
2.1852838018761864 46.58807751697936 	idx: 4 2 4 128 128 16
2.1852838018761864 46.12219674180957 	idx: 4 2 4 128 128 16
2.0036189911739273 45.66097477439147 	idx: 4 3 3 64 64 8
2.417238357548185 45.20436502664755 	idx: 0 5 2 16 64 16
1.9638488966354422 44.752321376381076 	idx: 1 2 4 64 128 8
1.9386941041092491 44.30479816261727 	idx: 1 2 5 64 128 16
1.9386941041092491 43.861750180991095 	idx: 1 2 5 64 128 16
1.9380091075524786 43.42313267918119 	idx: 1 2 5 64 64 8
1.6888863216882017 42.98890135238938 	idx: 3 2 3 64 1024 2
1.6888863216882017 42.559012338865486 	idx: 3 2 3 64 1024 2
1.384314188734995 42.133422215476834 	idx: 2 1 5 256 32 16
2.1714182890893388 41.712087993322065 	idx: 1 2 4 128 128 64
1.74061367527535 41.29496711338884 	idx: 1 2 3 256 256 32
1.8810239425180566 40.882017442254956 	idx: 1 3 2 128 256 32
1.7680523497328948 40.473197267832404 	idx: 1 3 2 256 128 64
1.987520554115255 40.06846529515408 	idx: 4 3 3 64 32 128
1.987520554115255 39.66778064220254 	idx: 4 3 3 64 32 128
1.6493631578654917 39.27110283578051 	idx: 4 3 2 64 16 256
2.4726322720163183 38.8783918074227 	idx: 0 3 4 8 64 8
2.4726322720163183 38.48960788934848 	idx: 0 3 4 8 64 8
2.4726322720163183 38.104711810454994 	idx: 0 3 4 8 64 8
2.523228241846135 37.72366469235045 	idx: 0 3 4 16 128 4
2.523228241846135 37.34642804542694 	idx: 0 3 4 16 128 4
2.523228241846135 36.97296376497267 	idx: 0 3 4 16 128 4
2.523228241846135 36.60323412732294 	idx: 0 3 4 16 128 4
2.35889709004447 36.23720178604971 	idx: 0 4 3 8 128 4
2.477749122312949 35.874829768189215 	idx: 0 3 4 8 128 4
2.128537841950474 35.516081470507324 	idx: 4 4 2 64 2 64
1.9634669397910247 35.16092065580225 	idx: 4 3 3 32 2 128
1.5125544453399762 34.80931144924423 	idx: 4 2 3 64 2 64
1.9362575230311312 34.461218334751784 	idx: 2 2 5 64 16 16
2.206115877925117 34.11660615140427 	idx: 3 4 2 128 256 2
2.206115877925117 33.775440089890225 	idx: 3 4 2 128 256 2
2.445038551693032 33.43768568899132 	idx: 3 4 2 64 512 2
2.445038551693032 33.10330883210141 	idx: 3 4 2 64 512 2
2.445038551693032 32.7722757437804 	idx: 3 4 2 64 512 2
2.444701202399254 32.44455298634259 	idx: 3 4 2 64 512 4
2.444701202399254 32.12010745647917 	idx: 3 4 2 64 512 4
2.444701202399254 31.798906381914374 	idx: 3 4 2 64 512 4
1.8758915072826752 31.48091731809523 	idx: 3 5 1 64 1024 4
2.5549647917690326 31.16610814491428 	idx: 4 6 2 8 16 64
1.9318427210552618 30.854447063465138 	idx: 2 2 5 64 4 64
2.022765915720472 30.545902592830487 	idx: 4 8 1 32 16 64
1.9346405958052866 30.240443566902183 	idx: 2 2 5 64 4 32
1.9419865817636286 29.93803913123316 	idx: 2 2 4 32 2 64
2.0013802844655153 29.638658739920828 	idx: 1 3 2 16 1024 128
2.0013802844655153 29.34227215252162 	idx: 1 3 2 16 1024 128
2.0013802844655153 29.048849430996402 	idx: 1 3 2 16 1024 128
2.109280223384274 28.758360936686437 	idx: 4 4 2 32 4 256
2.109280223384274 28.47077732731957 	idx: 4 4 2 32 4 256
2.109280223384274 28.186069554046373 	idx: 4 4 2 32 4 256
2.1226604057346736 27.90420885850591 	idx: 2 4 2 32 4 128
2.1226604057346736 27.625166769920853 	idx: 2 4 2 32 4 128
2.109280223384274 27.348915102221643 	idx: 4 4 2 32 4 256
2.109280223384274 27.075425951199424 	idx: 4 4 2 32 4 256
2.0830196099155995 26.804671691687428 	idx: 4 4 2 32 4 512
2.0830196099155995 26.536624974770554 	idx: 4 4 2 32 4 512
2.4558316463719736 26.271258725022847 	idx: 0 4 3 16 128 4
2.4732312207387643 26.00854613777262 	idx: 0 3 4 8 64 2
2.5174553042009777 25.748460676394892 	idx: 0 3 4 16 32 4
2.5174553042009777 25.490976069630943 	idx: 0 3 4 16 32 4
2.5174553042009777 25.23606630893463 	idx: 0 3 4 16 32 4
2.5174553042009777 24.983705645845284 	idx: 0 3 4 16 32 4
2.4488861241718674 24.73386858938683 	idx: 0 4 3 16 16 2
2.4488861241718674 24.48652990349296 	idx: 0 4 3 16 16 2
2.4079739677366447 24.24166460445803 	idx: 4 5 2 64 8 128
2.4534556944472716 23.99924795841345 	idx: 3 5 2 16 256 64
2.444701202399254 23.759255478829314 	idx: 1 4 2 32 512 4
2.444701202399254 23.52166292404102 	idx: 1 4 2 32 512 4
2.4853847656932984 23.28644629480061 	idx: 1 5 2 32 256 4
2.612758456425778 23.053581831852604 	idx: 2 6 2 16 8 32
2.434623832087853 22.82304601353408 	idx: 3 4 2 32 512 64
2.4399880679116537 22.59481555339874 	idx: 3 4 2 64 512 32
2.4399880679116537 22.36886739786475 	idx: 3 4 2 64 512 32
2.4399880679116537 22.145178723886104 	idx: 3 4 2 64 512 32
2.445483315038366 21.923726936647242 	idx: 2 4 3 16 8 32
2.445483315038366 21.704489667280768 	idx: 2 4 3 16 8 32
2.445483315038366 21.48744477060796 	idx: 2 4 3 16 8 32
2.445483315038366 21.27257032290188 	idx: 2 4 3 16 8 32
2.445483315038366 21.059844619672862 	idx: 2 4 3 16 8 32
2.445483315038366 20.849246173476132 	idx: 2 4 3 16 8 32
2.4312869054360453 20.64075371174137 	idx: 1 5 2 64 32 4
2.4312869054360453 20.434346174623958 	idx: 1 5 2 64 32 4
2.0691454553807618 20.230002712877717 	idx: 2 4 2 8 4 8
2.0596203021573714 20.027702685748938 	idx: 4 4 2 8 32 256
2.4298423434226932 19.82742565889145 	idx: 1 5 2 32 32 16
2.4298423434226932 19.629151402302536 	idx: 1 5 2 32 32 16
2.4732312207387643 19.43285988827951 	idx: 0 3 4 8 64 2
2.4391910256757674 19.238531289396715 	idx: 1 5 2 64 64 32
2.4391910256757674 19.046145976502746 	idx: 1 5 2 64 64 32
2.4391910256757674 18.855684516737718 	idx: 1 5 2 64 64 32
2.4391910256757674 18.66712767157034 	idx: 1 5 2 64 64 32
2.4391910256757674 18.480456394854638 	idx: 1 5 2 64 64 32
2.4353751004073283 18.295651830906092 	idx: 1 5 2 64 64 64
2.4353751004073283 18.11269531259703 	idx: 1 5 2 64 64 64
2.4353751004073283 17.931568359471058 	idx: 1 5 2 64 64 64
2.4353751004073283 17.752252675876345 	idx: 1 5 2 64 64 64
2.4353751004073283 17.57473014911758 	idx: 1 5 2 64 64 64
2.4353751004073283 17.398982847626407 	idx: 1 5 2 64 64 64
2.4353751004073283 17.22499301915014 	idx: 1 5 2 64 64 64
2.465295738784375 17.05274308895864 	idx: 2 3 4 8 2 32
2.465295738784375 16.882215658069054 	idx: 2 3 4 8 2 32
2.465295738784375 16.713393501488362 	idx: 2 3 4 8 2 32
2.465295738784375 16.546259566473477 	idx: 2 3 4 8 2 32
2.465295738784375 16.380796970808742 	idx: 2 3 4 8 2 32
2.465295738784375 16.216989001100654 	idx: 2 3 4 8 2 32
2.465295738784375 16.054819111089646 	idx: 2 3 4 8 2 32
1.905082890975405 15.89427091997875 	idx: 3 3 3 16 64 512
2.1603251009665656 15.735328210778961 	idx: 2 4 3 4 2 128
2.1603251009665656 15.577974928671171 	idx: 2 4 3 4 2 128
2.094480869458269 15.42219517938446 	idx: 1 8 1 64 256 32
2.094480869458269 15.267973227590614 	idx: 1 8 1 64 256 32
2.0867686599685396 15.115293495314708 	idx: 2 5 2 4 2 128
2.0903297468833384 14.96414056036156 	idx: 2 5 2 4 2 64
2.0903297468833384 14.814499154757945 	idx: 2 5 2 4 2 64
2.162863808410896 14.666354163210364 	idx: 2 4 3 4 2 64
2.3465684846692985 14.519690621578262 	idx: 2 4 3 8 4 32
2.161711560639089 14.374493715362478 	idx: 2 4 3 4 2 16
2.161711560639089 14.230748778208852 	idx: 2 4 3 4 2 16
2.3449819263340883 14.088441290426763 	idx: 2 5 2 8 4 8
2.4298423434226932 13.947556877522496 	idx: 4 5 2 64 32 16
2.61574586140734 13.808081308747271 	idx: 2 6 2 16 8 8
2.61574586140734 13.670000495659798 	idx: 2 6 2 16 8 8
2.5568856127950745 13.5333004907032 	idx: 2 6 2 8 4 8
2.5568856127950745 13.397967485796167 	idx: 2 6 2 8 4 8
2.5559832701887113 13.263987810938206 	idx: 2 6 2 8 4 16
2.5559832701887113 13.131347932828824 	idx: 2 6 2 8 4 16
2.5559832701887113 13.000034453500536 	idx: 2 6 2 8 4 16
2.5559832701887113 12.87003410896553 	idx: 2 6 2 8 4 16
2.5559832701887113 12.741333767875876 	idx: 2 6 2 8 4 16
2.5559832701887113 12.613920430197117 	idx: 2 6 2 8 4 16
2.5559832701887113 12.487781225895146 	idx: 2 6 2 8 4 16
2.5559832701887113 12.362903413636195 	idx: 2 6 2 8 4 16
2.613858313693067 12.239274379499832 	idx: 2 6 2 16 2 8
2.613858313693067 12.116881635704834 	idx: 2 6 2 16 2 8
2.613858313693067 11.995712819347785 	idx: 2 6 2 16 2 8
2.4199701455028326 11.875755691154307 	idx: 2 5 2 32 4 16
2.4199701455028326 11.756998134242764 	idx: 2 5 2 32 4 16
2.419465419194539 11.639428152900336 	idx: 2 5 2 32 8 32
2.419465419194539 11.523033871371332 	idx: 2 5 2 32 8 32
2.4450537805677945 11.407803532657619 	idx: 0 4 3 16 4 32
2.419465419194539 11.293725497331042 	idx: 2 5 2 32 8 32
2.4046809266699953 11.180788242357732 	idx: 3 5 2 16 64 128
2.4046809266699953 11.068980359934155 	idx: 3 5 2 16 64 128
2.4046809266699953 10.958290556334813 	idx: 3 5 2 16 64 128
2.419465419194539 10.848707650771464 	idx: 0 5 2 32 8 32
2.419465419194539 10.74022057426375 	idx: 0 5 2 32 8 32
2.419465419194539 10.632818368521113 	idx: 0 5 2 32 8 32
2.419465419194539 10.526490184835902 	idx: 0 5 2 32 8 32
2.419465419194539 10.421225282987542 	idx: 0 5 2 32 8 32
2.445483315038366 10.317013030157668 	idx: 0 4 3 16 8 32
2.445483315038366 10.213842899856092 	idx: 0 4 3 16 8 32
2.445483315038366 10.11170447085753 	idx: 0 4 3 16 8 32
2.430798939219673 10.010587426148955 	idx: 4 5 2 64 32 8
2.6108685615100904 9.910481551887466 	idx: 0 6 2 16 2 32
2.6108685615100904 9.811376736368592 	idx: 0 6 2 16 2 32
2.6108685615100904 9.713262969004907 	idx: 0 6 2 16 2 32
2.6108685615100904 9.616130339314857 	idx: 0 6 2 16 2 32
2.6108685615100904 9.519969035921708 	idx: 0 6 2 16 2 32
2.5533703498586924 9.42476934556249 	idx: 0 6 2 8 2 32
2.6135552400619613 9.330521652106865 	idx: 0 6 2 16 4 16
2.6135552400619613 9.237216435585797 	idx: 0 6 2 16 4 16
2.6135552400619613 9.144844271229939 	idx: 0 6 2 16 4 16
2.6135552400619613 9.053395828517639 	idx: 0 6 2 16 4 16
2.6135552400619613 8.962861870232462 	idx: 0 6 2 16 4 16
2.6135552400619613 8.873233251530138 	idx: 0 6 2 16 4 16
2.6135552400619613 8.784500919014837 	idx: 0 6 2 16 4 16
2.6135552400619613 8.696655909824688 	idx: 0 6 2 16 4 16
2.6135552400619613 8.609689350726441 	idx: 0 6 2 16 4 16
2.61574586140734 8.523592457219177 	idx: 0 6 2 16 8 8
2.61574586140734 8.438356532646985 	idx: 0 6 2 16 8 8
2.61574586140734 8.353972967320516 	idx: 0 6 2 16 8 8
2.4020707608751786 8.27043323764731 	idx: 0 5 2 16 16 4
2.5156970832328294 8.187728905270838 	idx: 4 3 4 16 4 4
2.5159302778698547 8.105851616218128 	idx: 4 3 4 16 4 2
2.4020707608751786 8.024793100055946 	idx: 0 5 2 16 16 4
2.623572032802781 7.944545169055387 	idx: 0 6 2 16 32 2
2.623572032802781 7.865099717364833 	idx: 0 6 2 16 32 2
2.623572032802781 7.786448720191185 	idx: 0 6 2 16 32 2
2.623572032802781 7.708584232989273 	idx: 0 6 2 16 32 2
2.623572032802781 7.63149839065938 	idx: 0 6 2 16 32 2
2.623572032802781 7.5551834067527865 	idx: 0 6 2 16 32 2
2.425895987291254 7.479631572685259 	idx: 0 5 2 32 16 2
2.425895987291254 7.404835256958406 	idx: 0 5 2 32 16 2
2.425895987291254 7.330786904388821 	idx: 0 5 2 32 16 2
2.425895987291254 7.257479035344933 	idx: 0 5 2 32 16 2
2.425895987291254 7.1849042449914835 	idx: 0 5 2 32 16 2
2.425895987291254 7.1130552025415685 	idx: 0 5 2 32 16 2
2.425895987291254 7.041924650516153 	idx: 0 5 2 32 16 2
2.425895987291254 6.971505404010991 	idx: 0 5 2 32 16 2
2.425895987291254 6.901790349970882 	idx: 0 5 2 32 16 2
2.425895987291254 6.832772446471173 	idx: 0 5 2 32 16 2
2.449971581656503 6.764444722006462 	idx: 4 4 3 16 32 4
2.517685819124283 6.696800274786397 	idx: 4 3 4 16 32 2
2.517685819124283 6.6298322720385325 	idx: 4 3 4 16 32 2
2.517685819124283 6.563533949318147 	idx: 4 3 4 16 32 2
2.517685819124283 6.497898609824966 	idx: 4 3 4 16 32 2
2.4501601078978616 6.432919623726716 	idx: 4 4 3 16 32 2
2.4501601078978616 6.3685904274894485 	idx: 4 4 3 16 32 2
2.4501601078978616 6.304904523214554 	idx: 4 4 3 16 32 2
2.4501601078978616 6.2418554779824085 	idx: 4 4 3 16 32 2
2.4501601078978616 6.1794369232025845 	idx: 4 4 3 16 32 2
2.4501601078978616 6.117642553970558 	idx: 4 4 3 16 32 2
2.4501601078978616 6.056466128430853 	idx: 4 4 3 16 32 2
2.4501601078978616 5.9959014671465445 	idx: 4 4 3 16 32 2
2.4501601078978616 5.935942452475079 	idx: 4 4 3 16 32 2
2.61574586140734 5.8765830279503275 	idx: 0 6 2 16 8 8
2.61574586140734 5.817817197670824 	idx: 0 6 2 16 8 8
2.4730344087638056 5.759639025694116 	idx: 4 3 4 8 64 4
2.4730344087638056 5.7020426354371745 	idx: 4 3 4 8 64 4
2.4730344087638056 5.645022209082803 	idx: 4 3 4 8 64 4
2.4730344087638056 5.588571986991974 	idx: 4 3 4 8 64 4
2.5194236628125073 5.532686267122054 	idx: 4 3 4 16 64 4
2.5194236628125073 5.477359404450834 	idx: 4 3 4 16 64 4
2.3792768052401247 5.422585810406325 	idx: 2 5 2 16 32 256
2.3792768052401247 5.368359952302262 	idx: 2 5 2 16 32 256
2.559012624834254 5.314676352779239 	idx: 0 6 2 8 8 2
2.5790058676581404 5.261529589251447 	idx: 4 6 2 8 64 4
2.5790058676581404 5.208914293358933 	idx: 4 6 2 8 64 4
2.5790058676581404 5.156825150425344 	idx: 4 6 2 8 64 4
2.5790058676581404 5.10525689892109 	idx: 4 6 2 8 64 4
2.5790058676581404 5.0542043299318795 	idx: 4 6 2 8 64 4
2.5790058676581404 5.003662286632561 	idx: 4 6 2 8 64 4
2.5790058676581404 4.953625663766235 	idx: 4 6 2 8 64 4
2.5790058676581404 4.9040894071285726 	idx: 4 6 2 8 64 4
2.559012624834254 4.8550485130572865 	idx: 0 6 2 8 8 2
2.559012624834254 4.806498027926714 	idx: 0 6 2 8 8 2
2.559012624834254 4.758433047647447 	idx: 0 6 2 8 8 2
2.559012624834254 4.710848717170973 	idx: 0 6 2 8 8 2
2.559012624834254 4.663740229999263 	idx: 0 6 2 8 8 2
2.559012624834254 4.61710282769927 	idx: 0 6 2 8 8 2
2.559012624834254 4.570931799422278 	idx: 0 6 2 8 8 2
2.559012624834254 4.525222481428055 	idx: 0 6 2 8 8 2
2.559012624834254 4.4799702566137745 	idx: 0 6 2 8 8 2
2.559012624834254 4.4351705540476365 	idx: 0 6 2 8 8 2
2.6188594198017556 4.39081884850716 	idx: 4 6 2 16 16 2
2.6188594198017556 4.346910660022088 	idx: 4 6 2 16 16 2
2.6188594198017556 4.303441553421867 	idx: 4 6 2 16 16 2
2.5677170526941273 4.260407137887648 	idx: 4 6 2 8 32 2
2.5677170526941273 4.217803066508771 	idx: 4 6 2 8 32 2
2.5677170526941273 4.175625035843683 	idx: 4 6 2 8 32 2
2.5677170526941273 4.133868785485246 	idx: 4 6 2 8 32 2
2.618602405635968 4.0925300976303935 	idx: 4 6 2 16 16 4
2.618602405635968 4.05160479665409 	idx: 4 6 2 16 16 4
2.618602405635968 4.011088748687548 	idx: 4 6 2 16 16 4
2.618602405635968 3.970977861200673 	idx: 4 6 2 16 16 4
2.618602405635968 3.9312680825886663 	idx: 4 6 2 16 16 4
2.618602405635968 3.8919554017627798 	idx: 4 6 2 16 16 4
2.618602405635968 3.853035847745152 	idx: 4 6 2 16 16 4
2.618602405635968 3.8145054892677006 	idx: 4 6 2 16 16 4
2.618602405635968 3.7763604343750234 	idx: 4 6 2 16 16 4
2.618602405635968 3.7385968300312733 	idx: 4 6 2 16 16 4
2.618602405635968 3.7012108617309605 	idx: 4 6 2 16 16 4
2.618602405635968 3.664198753113651 	idx: 4 6 2 16 16 4
2.618602405635968 3.6275567655825145 	idx: 4 6 2 16 16 4
2.618602405635968 3.591281197926689 	idx: 4 6 2 16 16 4
2.618602405635968 3.555368385947422 	idx: 4 6 2 16 16 4
2.618602405635968 3.519814702087948 	idx: 4 6 2 16 16 4
2.623572032802781 3.4846165550670687 	idx: 4 6 2 16 32 2
2.6171091913607363 3.449770389516398 	idx: 2 6 2 16 16 16
2.6171091913607363 3.415272685621234 	idx: 2 6 2 16 16 16
2.6171091913607363 3.3811199587650216 	idx: 2 6 2 16 16 16
2.6171091913607363 3.347308759177371 	idx: 2 6 2 16 16 16
2.6171091913607363 3.3138356715855974 	idx: 2 6 2 16 16 16
2.6171091913607363 3.2806973148697414 	idx: 2 6 2 16 16 16
2.6171091913607363 3.247890341721044 	idx: 2 6 2 16 16 16
2.6162363349874127 3.2154114383038332 	idx: 0 6 2 16 8 4
2.6162363349874127 3.183257323920795 	idx: 0 6 2 16 8 4
2.6162363349874127 3.1514247506815867 	idx: 0 6 2 16 8 4
2.6162363349874127 3.1199105031747707 	idx: 0 6 2 16 8 4
2.6162363349874127 3.088711398143023 	idx: 0 6 2 16 8 4
2.6162363349874127 3.0578242841615926 	idx: 0 6 2 16 8 4
2.6162363349874127 3.0272460413199767 	idx: 0 6 2 16 8 4
2.6162363349874127 2.996973580906777 	idx: 0 6 2 16 8 4
2.6162363349874127 2.967003845097709 	idx: 0 6 2 16 8 4
2.6162363349874127 2.9373338066467323 	idx: 0 6 2 16 8 4
2.6162363349874127 2.907960468580265 	idx: 0 6 2 16 8 4
2.6162363349874127 2.8788808638944623 	idx: 0 6 2 16 8 4
2.6162363349874127 2.8500920552555176 	idx: 0 6 2 16 8 4
2.6162363349874127 2.8215911347029623 	idx: 0 6 2 16 8 4
2.6162363349874127 2.7933752233559326 	idx: 0 6 2 16 8 4
2.6162363349874127 2.765441471122373 	idx: 0 6 2 16 8 4
2.6162363349874127 2.7377870564111495 	idx: 0 6 2 16 8 4
2.6162363349874127 2.710409185847038 	idx: 0 6 2 16 8 4
2.6162363349874127 2.6833050939885674 	idx: 0 6 2 16 8 4
2.6162363349874127 2.656472043048682 	idx: 0 6 2 16 8 4
2.6162363349874127 2.629907322618195 	idx: 0 6 2 16 8 4
2.6162363349874127 2.603608249392013 	idx: 0 6 2 16 8 4
2.6162363349874127 2.577572166898093 	idx: 0 6 2 16 8 4
2.6162363349874127 2.551796445229112 	idx: 0 6 2 16 8 4
2.6162363349874127 2.526278480776821 	idx: 0 6 2 16 8 4
2.6162363349874127 2.501015695969053 	idx: 0 6 2 16 8 4
2.618602405635968 2.4760055390093623 	idx: 0 6 2 16 16 4
2.618602405635968 2.4512454836192688 	idx: 0 6 2 16 16 4
2.618602405635968 2.426733028783076 	idx: 0 6 2 16 16 4
2.618602405635968 2.402465698495245 	idx: 0 6 2 16 16 4
2.618602405635968 2.3784410415102926 	idx: 0 6 2 16 16 4
2.618602405635968 2.3546566310951897 	idx: 0 6 2 16 16 4
2.618602405635968 2.3311100647842378 	idx: 0 6 2 16 16 4
2.618602405635968 2.307798964136395 	idx: 0 6 2 16 16 4
2.618602405635968 2.2847209744950314 	idx: 0 6 2 16 16 4
2.618602405635968 2.261873764750081 	idx: 0 6 2 16 16 4
2.618602405635968 2.23925502710258 	idx: 0 6 2 16 16 4
2.618602405635968 2.2168624768315546 	idx: 0 6 2 16 16 4
2.615128533108111 2.194693852063239 	idx: 2 6 2 16 16 32
2.615128533108111 2.1727469135426065 	idx: 2 6 2 16 16 32
2.615128533108111 2.1510194444071806 	idx: 2 6 2 16 16 32
2.615128533108111 2.129509249963109 	idx: 2 6 2 16 16 32
2.615128533108111 2.108214157463478 	idx: 2 6 2 16 16 32
2.615128533108111 2.087132015888843 	idx: 2 6 2 16 16 32
2.615128533108111 2.0662606957299547 	idx: 2 6 2 16 16 32
2.615128533108111 2.045598088772655 	idx: 2 6 2 16 16 32
2.615128533108111 2.0251421078849283 	idx: 2 6 2 16 16 32
2.615128533108111 2.004890686806079 	idx: 2 6 2 16 16 32
2.615128533108111 1.9848417799380185 	idx: 2 6 2 16 16 32
2.5674860376823347 1.9649933621386382 	idx: 0 6 2 8 32 4
2.5674860376823347 1.9453434285172517 	idx: 0 6 2 8 32 4
2.5674860376823347 1.9258899942320793 	idx: 0 6 2 8 32 4
2.5674860376823347 1.9066310942897584 	idx: 0 6 2 8 32 4
2.5674860376823347 1.8875647833468607 	idx: 0 6 2 8 32 4
2.5674860376823347 1.868689135513392 	idx: 0 6 2 8 32 4
2.5674860376823347 1.8500022441582582 	idx: 0 6 2 8 32 4
2.5674860376823347 1.8315022217166756 	idx: 0 6 2 8 32 4
2.5674860376823347 1.8131871994995088 	idx: 0 6 2 8 32 4
2.5674860376823347 1.7950553275045138 	idx: 0 6 2 8 32 4
2.5674860376823347 1.7771047742294686 	idx: 0 6 2 8 32 4
2.5674860376823347 1.7593337264871738 	idx: 0 6 2 8 32 4
2.5674860376823347 1.741740389222302 	idx: 0 6 2 8 32 4
2.5674860376823347 1.724322985330079 	idx: 0 6 2 8 32 4
2.623572032802781 1.7070797554767783 	idx: 0 6 2 16 32 2
2.623572032802781 1.6900089579220106 	idx: 0 6 2 16 32 2
2.623572032802781 1.6731088683427904 	idx: 0 6 2 16 32 2
2.623572032802781 1.6563777796593624 	idx: 0 6 2 16 32 2
2.623572032802781 1.6398140018627687 	idx: 0 6 2 16 32 2
2.561688740619574 1.623415861844141 	idx: 0 6 2 8 16 4
2.561688740619574 1.6071817032256996 	idx: 0 6 2 8 16 4
2.561688740619574 1.5911098861934427 	idx: 0 6 2 8 16 4
2.6188594198017556 1.5751987873315083 	idx: 0 6 2 16 16 2
2.6162363349874127 1.5594467994581933 	idx: 0 6 2 16 8 4
2.6162363349874127 1.5438523314636114 	idx: 0 6 2 16 8 4
2.6162363349874127 1.5284138081489753 	idx: 0 6 2 16 8 4
2.6162363349874127 1.5131296700674854 	idx: 0 6 2 16 8 4
2.6162363349874127 1.4979983733668105 	idx: 0 6 2 16 8 4
2.6162363349874127 1.4830183896331424 	idx: 0 6 2 16 8 4
2.6162363349874127 1.468188205736811 	idx: 0 6 2 16 8 4
2.6162363349874127 1.4535063236794428 	idx: 0 6 2 16 8 4
2.6162363349874127 1.4389712604426483 	idx: 0 6 2 16 8 4
2.6162363349874127 1.4245815478382218 	idx: 0 6 2 16 8 4
2.6162363349874127 1.4103357323598396 	idx: 0 6 2 16 8 4
2.6162363349874127 1.396232375036241 	idx: 0 6 2 16 8 4
2.6162363349874127 1.3822700512858788 	idx: 0 6 2 16 8 4
2.6162363349874127 1.36844735077302 	idx: 0 6 2 16 8 4
2.6162363349874127 1.3547628772652898 	idx: 0 6 2 16 8 4
2.6162363349874127 1.341215248492637 	idx: 0 6 2 16 8 4
2.6162363349874127 1.3278030960077105 	idx: 0 6 2 16 8 4
2.6162363349874127 1.3145250650476334 	idx: 0 6 2 16 8 4
2.6162363349874127 1.301379814397157 	idx: 0 6 2 16 8 4
2.6162363349874127 1.2883660162531856 	idx: 0 6 2 16 8 4
2.6162363349874127 1.2754823560906536 	idx: 0 6 2 16 8 4
2.6162363349874127 1.2627275325297471 	idx: 0 6 2 16 8 4
2.6162363349874127 1.2501002572044497 	idx: 0 6 2 16 8 4
2.6162363349874127 1.2375992546324053 	idx: 0 6 2 16 8 4
2.6162363349874127 1.2252232620860812 	idx: 0 6 2 16 8 4
2.6198499206535315 1.2129710294652205 	idx: 2 6 2 16 32 32
2.6198499206535315 1.2008413191705682 	idx: 2 6 2 16 32 32
2.6198499206535315 1.1888329059788625 	idx: 2 6 2 16 32 32
2.6198499206535315 1.1769445769190738 	idx: 2 6 2 16 32 32
2.6198499206535315 1.165175131149883 	idx: 2 6 2 16 32 32
2.6198499206535315 1.1535233798383842 	idx: 2 6 2 16 32 32
2.6198499206535315 1.1419881460400003 	idx: 2 6 2 16 32 32
2.6198499206535315 1.1305682645796002 	idx: 2 6 2 16 32 32
2.6198499206535315 1.1192625819338042 	idx: 2 6 2 16 32 32
2.6198499206535315 1.1080699561144662 	idx: 2 6 2 16 32 32
2.6198499206535315 1.0969892565533215 	idx: 2 6 2 16 32 32
2.6198499206535315 1.0860193639877882 	idx: 2 6 2 16 32 32
2.6198499206535315 1.0751591703479102 	idx: 2 6 2 16 32 32
2.6198499206535315 1.0644075786444311 	idx: 2 6 2 16 32 32
2.6198499206535315 1.0537635028579868 	idx: 2 6 2 16 32 32
2.6198499206535315 1.0432258678294068 	idx: 2 6 2 16 32 32
2.622826831860999 1.0327936091511127 	idx: 0 6 2 16 32 8
2.622826831860999 1.0224656730596016 	idx: 0 6 2 16 32 8
2.622826831860999 1.0122410163290056 	idx: 0 6 2 16 32 8
2.622826831860999 1.0021186061657157 	idx: 0 6 2 16 32 8
###### ACC Parameters ######
cim type:    LccCIM
bus_width:   25.6
macros_row:  6
macros_col:  2
scr:         16
is_size:     32
os_size:     8
best=2.622826831860999, area=4956780.220959565 459
bert_large_sl512_LCC-CIM@ISSCC20_ee_running end at 1757798086.3440058
100.99818266644903 100 	idx: 2 2 2 2 128 64
126.5690736864077 99.0 	idx: 2 3 3 4 128 64
220.62419815621806 98.01 	idx: 2 3 3 8 256 32
272.1093508664679 97.0299 	idx: 2 2 2 8 512 32
193.93555867759775 96.059601 	idx: 2 2 2 16 256 32
345.8524694803855 95.09900499 	idx: 2 3 3 32 512 32
520.683269671505 94.1480149401 	idx: 2 2 4 16 512 32
285.28644872152273 93.206534790699 	idx: 2 1 5 8 256 16
515.0103090288309 92.27446944279201 	idx: 2 2 5 8 512 16
349.70466906105696 91.35172474836409 	idx: 0 1 4 16 512 512
346.90133604784324 90.43820750088045 	idx: 2 1 4 8 1024 4
511.2606844819503 89.53382542587164 	idx: 2 2 4 4 512 2
322.9325614279263 88.63848717161292 	idx: 2 2 3 4 512 2
276.950182852499 87.75210229989679 	idx: 0 1 4 32 256 256
218.58452318184132 86.87458127689783 	idx: 2 4 3 2 256 4
334.89096061625924 86.00583546412885 	idx: 2 3 3 4 512 4
369.4670822604689 85.14577710948755 	idx: 2 2 4 4 256 2
129.34100020700276 84.29431933839268 	idx: 3 2 3 8 128 512
238.38020473316072 83.45137614500875 	idx: 0 1 6 64 128 64
369.6173535791757 82.61686238355867 	idx: 2 2 4 4 256 4
340.9495172750699 81.79069375972308 	idx: 2 3 3 8 512 2
325.43942582803936 80.97278682212585 	idx: 2 2 2 4 1024 4
176.09217671078315 80.1630589539046 	idx: 2 1 2 4 512 8
175.89087697934266 79.36142836436555 	idx: 2 1 2 4 512 4
144.87952358651933 78.56781408072189 	idx: 2 1 2 8 256 8
273.39355323936246 77.78213593991467 	idx: 2 2 2 16 512 16
218.04071246882933 77.00431458051553 	idx: 1 3 3 4 256 16
314.669621421976 76.23427143471037 	idx: 2 3 2 32 512 4
160.12525526170404 75.47192872036327 	idx: 2 3 1 16 512 4
183.98553111081117 74.71720943315964 	idx: 4 1 5 64 128 256
238.4785590531823 73.97003733882804 	idx: 4 1 6 128 128 128
227.76428791942234 73.23033696543976 	idx: 4 1 7 64 128 64
124.27291909216044 72.49803359578536 	idx: 4 1 7 32 64 32
238.22414482704716 71.7730532598275 	idx: 4 1 6 64 128 16
183.91513404974097 71.05532272722922 	idx: 4 1 5 64 128 16
344.3334308217245 70.34476949995693 	idx: 4 2 5 32 256 32
374.2857770455794 69.64132180495736 	idx: 4 2 4 64 256 64
348.9982006344584 68.94490858690779 	idx: 4 1 5 128 512 128
349.70466906105696 68.25545950103871 	idx: 4 1 4 64 1024 128
339.09553054901403 67.57290490602833 	idx: 4 2 3 32 512 128
349.70466906105696 66.89717585696805 	idx: 4 1 4 64 1024 128
338.74242304448853 66.22820409839836 	idx: 4 2 3 32 512 64
338.74242304448853 65.56592205741438 	idx: 4 2 3 32 512 64
146.197854997855 64.91026283684023 	idx: 4 1 2 64 256 32
129.47987270780501 64.26116020847184 	idx: 4 2 3 64 128 64
103.9460728991917 63.618548606387115 	idx: 4 1 4 64 64 128
126.26939725742635 62.98236312032324 	idx: 4 1 3 32 128 128
53.557630048719155 62.35253948912001 	idx: 4 2 2 32 64 128
52.300061387354205 61.72901409422881 	idx: 4 2 1 64 128 64
75.19576345984113 61.11172395328652 	idx: 4 1 1 32 256 128
75.19576345984113 60.500606713753655 	idx: 4 1 1 16 256 128
146.07643796715513 59.89560064661612 	idx: 4 1 2 16 256 64
145.2969562118194 59.29664464014996 	idx: 4 1 2 8 256 32
90.13606257755296 58.70367819374846 	idx: 4 1 1 4 512 64
90.30676625788102 58.116641411810974 	idx: 4 1 1 4 1024 128
139.79310724975804 57.535474997692866 	idx: 4 2 1 8 512 256
74.7426027056988 56.960120247715935 	idx: 4 1 1 8 256 256
52.057266289391336 56.390519045238776 	idx: 1 6 2 4 64 4
52.97986703038577 55.82661385478639 	idx: 1 5 2 8 64 8
101.57591654247392 55.26834771623852 	idx: 4 1 2 16 128 64
124.78798028372893 54.71566423907614 	idx: 4 1 3 8 128 32
101.51988959148383 54.16850759668538 	idx: 4 1 2 8 128 64
52.300061387354205 53.62682252071853 	idx: 4 2 1 16 128 128
190.7035254616676 53.09055429551134 	idx: 4 3 2 16 256 128
96.59479743569871 52.55964875255623 	idx: 4 3 1 16 256 128
52.55817396668723 52.03405226503067 	idx: 4 4 1 16 128 128
65.8978609109395 51.51371174238036 	idx: 2 2 3 64 64 16
52.52229220523552 50.998574624956554 	idx: 4 4 1 4 128 256
53.828336755646816 50.488588878706985 	idx: 4 4 2 4 64 512
27.232475627297426 49.98370298991991 	idx: 2 2 2 64 32 16
27.232475627297426 49.483865960020715 	idx: 2 2 2 64 32 16
15.026010184814094 48.98902730042051 	idx: 2 2 3 64 16 16
26.85478329393223 48.4991370274163 	idx: 3 1 4 8 16 16
26.85478329393223 48.01414565714214 	idx: 3 2 4 16 16 8
31.887727188150958 47.53400420057071 	idx: 3 3 3 8 32 16
53.63349071451054 47.05866415856501 	idx: 3 2 4 16 32 32
65.01600807730055 46.58807751697936 	idx: 3 3 3 16 64 32
203.03080131069407 46.12219674180957 	idx: 3 2 4 16 128 64
374.2857770455794 45.66097477439147 	idx: 3 2 4 8 256 128
222.36753169562957 45.20436502664755 	idx: 3 3 3 16 256 256
343.7762742754014 44.752321376381076 	idx: 3 3 3 8 512 256
520.683269671505 44.30479816261727 	idx: 3 2 4 16 512 256
287.7966430908899 43.861750180991095 	idx: 3 1 5 16 256 512
203.03080131069407 43.42313267918119 	idx: 3 2 4 16 128 256
287.7966430908899 42.98890135238938 	idx: 3 1 5 8 256 512
203.03080131069407 42.559012338865486 	idx: 3 2 4 16 128 512
99.45272680844855 42.133422215476834 	idx: 3 1 5 8 64 1024
238.2295522436458 41.712087993322065 	idx: 3 1 6 16 128 512
287.7966430908899 41.29496711338884 	idx: 3 1 5 8 256 256
349.12249967985656 40.882017442254956 	idx: 3 1 5 4 512 512
349.35177716198683 40.473197267832404 	idx: 3 1 4 8 512 512
189.1240363966365 40.06846529515408 	idx: 3 1 3 16 256 1024
126.32938131323644 39.66778064220254 	idx: 3 1 3 8 128 1024
272.1093508664679 39.27110283578051 	idx: 4 2 2 8 512 32
185.17829669294613 38.8783918074227 	idx: 4 1 2 8 1024 32
185.17829669294613 38.48960788934848 	idx: 4 1 2 8 1024 32
245.29748745979262 38.104711810454994 	idx: 4 1 3 16 1024 16
185.17829669294613 37.72366469235045 	idx: 4 1 2 8 1024 32
173.5354560422811 37.34642804542694 	idx: 4 2 1 8 2048 64
209.305268587544 36.97296376497267 	idx: 4 3 1 8 1024 64
279.44113773222296 36.60323412732294 	idx: 1 1 8 2 128 16
286.4811222613356 36.23720178604971 	idx: 1 1 8 4 128 32
279.44113773222296 35.874829768189215 	idx: 1 1 8 2 128 16
217.49146756966596 35.516081470507324 	idx: 1 1 7 2 128 32
122.64374357727166 35.16092065580225 	idx: 1 1 7 2 64 64
312.5020979972848 34.80931144924423 	idx: 4 3 2 8 512 16
160.1442139183892 34.461218334751784 	idx: 4 3 1 16 512 8
160.1442139183892 34.11660615140427 	idx: 4 3 1 16 512 8
222.62057067215298 33.775440089890225 	idx: 2 3 3 32 256 256
197.7871154962275 33.43768568899132 	idx: 2 4 2 32 256 256
197.7871154962275 33.10330883210141 	idx: 2 4 2 32 256 256
219.86367933830354 32.7722757437804 	idx: 4 2 3 16 256 8
219.86367933830354 32.44455298634259 	idx: 4 2 3 16 256 8
221.6431724094128 32.12010745647917 	idx: 3 2 3 128 256 512
197.7871154962275 31.798906381914374 	idx: 2 4 2 64 256 128
146.197854997855 31.48091731809523 	idx: 3 1 2 256 256 1024
181.65628997867805 31.16610814491428 	idx: 2 4 1 128 512 256
202.4541056344565 30.854447063465138 	idx: 1 2 4 4 128 32
160.74867924528303 30.545902592830487 	idx: 2 3 1 256 512 256
160.74867924528303 30.240443566902183 	idx: 2 3 1 128 512 512
214.06231155778895 29.93803913123316 	idx: 2 3 1 64 1024 512
209.04002834594635 29.638658739920828 	idx: 1 2 3 2 256 32
140.45433253157913 29.34227215252162 	idx: 1 1 2 4 256 32
125.86713353843734 29.048849430996402 	idx: 1 2 3 2 128 32
274.1650844730491 28.758360936686437 	idx: 2 2 2 64 512 128
314.669621421976 28.47077732731957 	idx: 2 3 2 64 512 128
179.99002108512033 28.186069554046373 	idx: 1 3 2 2 256 8
103.55126101488909 27.90420885850591 	idx: 2 2 2 128 128 64
179.99002108512033 27.625166769920853 	idx: 1 3 2 2 256 8
286.5855822769425 27.348915102221643 	idx: 1 3 2 2 512 16
194.18074074074073 27.075425951199424 	idx: 2 2 2 256 256 64
340.11394709885803 26.804671691687428 	idx: 2 2 3 128 512 32
190.7035254616676 26.536624974770554 	idx: 4 3 2 32 256 4
331.3520003285356 26.271258725022847 	idx: 3 2 5 2 256 64
198.82385844644793 26.00854613777262 	idx: 3 3 4 2 128 128
105.66737788630175 25.748460676394892 	idx: 3 2 4 2 64 128
187.34865310610226 25.490976069630943 	idx: 2 1 2 256 1024 64
187.34865310610226 25.23606630893463 	idx: 2 1 2 512 512 64
194.18074074074073 24.983705645845284 	idx: 2 2 2 256 256 32
140.8211570247934 24.73386858938683 	idx: 2 2 1 512 512 16
214.06231155778895 24.48652990349296 	idx: 2 3 1 256 1024 16
195.1423798723231 24.24166460445803 	idx: 3 1 4 4 128 64
314.669621421976 23.99924795841345 	idx: 2 3 2 128 512 8
249.84398826979472 23.759255478829314 	idx: 2 4 1 128 1024 4
249.84398826979472 23.52166292404102 	idx: 2 4 1 128 1024 8
416.1015873015873 23.28644629480061 	idx: 2 3 2 64 1024 4
416.1015873015873 23.053581831852604 	idx: 2 3 2 64 1024 4
274.1650844730491 22.82304601353408 	idx: 2 2 2 64 512 4
314.669621421976 22.59481555339874 	idx: 2 3 2 64 512 8
314.669621421976 22.36886739786475 	idx: 2 3 2 64 512 8
411.7115506929283 22.145178723886104 	idx: 2 2 3 64 1024 4
411.7115506929283 21.923726936647242 	idx: 2 2 3 64 1024 4
416.1015873015873 21.704489667280768 	idx: 2 3 2 32 1024 4
343.9255203734073 21.48744477060796 	idx: 2 2 2 16 1024 8
343.9255203734073 21.27257032290188 	idx: 2 2 2 16 1024 8
184.9592786629272 21.059844619672862 	idx: 2 1 2 8 2048 16
345.2757852077001 20.849246173476132 	idx: 3 2 2 32 1024 64
345.2757852077001 20.64075371174137 	idx: 3 2 2 32 1024 64
416.1015873015873 20.434346174623958 	idx: 3 3 2 32 1024 128
213.85347027822036 20.230002712877717 	idx: 3 3 1 32 1024 128
222.3294926588301 20.027702685748938 	idx: 2 3 3 32 256 32
203.03080131069407 19.82742565889145 	idx: 1 2 4 32 128 128
221.91534270810084 19.629151402302536 	idx: 1 3 3 16 256 64
274.1650844730491 19.43285988827951 	idx: 3 2 2 16 512 512
233.5696985821477 19.238531289396715 	idx: 3 1 3 16 512 256
312.7704228457525 19.046145976502746 	idx: 1 3 2 8 512 32
312.7704228457525 18.855684516737718 	idx: 1 3 2 8 512 32
312.7704228457525 18.66712767157034 	idx: 1 3 2 8 512 32
177.53956759572804 18.480456394854638 	idx: 1 2 1 16 1024 16
140.8211570247934 18.295651830906092 	idx: 3 2 1 16 512 512
343.96891244007065 18.11269531259703 	idx: 1 2 2 16 1024 16
314.057360905869 17.931568359471058 	idx: 1 3 2 16 512 32
345.95430114282584 17.752252675876345 	idx: 1 3 3 32 512 64
314.669621421976 17.57473014911758 	idx: 1 3 2 32 512 64
274.1650844730491 17.398982847626407 	idx: 3 2 2 32 512 64
314.669621421976 17.22499301915014 	idx: 1 3 2 32 512 64
314.669621421976 17.05274308895864 	idx: 1 3 2 32 512 64
406.98245991737105 16.882215658069054 	idx: 1 2 3 16 1024 32
240.78558430505046 16.713393501488362 	idx: 1 1 3 8 1024 16
273.4869707238626 16.546259566473477 	idx: 3 2 2 8 512 128
342.8752567392834 16.380796970808742 	idx: 3 2 2 8 1024 128
342.8752567392834 16.216989001100654 	idx: 3 2 2 8 1024 128
342.8752567392834 16.054819111089646 	idx: 3 2 2 8 1024 128
178.32105036705002 15.89427091997875 	idx: 3 2 1 16 1024 256
194.18074074074073 15.735328210778961 	idx: 1 2 2 32 256 128
194.18074074074073 15.577974928671171 	idx: 1 2 2 32 256 128
314.669621421976 15.42219517938446 	idx: 3 3 2 128 512 256
314.669621421976 15.267973227590614 	idx: 3 3 2 128 512 256
98.36547842401501 15.115293495314708 	idx: 1 5 1 64 256 64
314.669621421976 14.96414056036156 	idx: 3 3 2 32 512 256
194.18074074074073 14.814499154757945 	idx: 3 2 2 16 256 128
98.36547842401501 14.666354163210364 	idx: 1 5 1 128 256 16
189.38293846681515 14.519690621578262 	idx: 3 3 2 4 256 128
181.65628997867805 14.374493715362478 	idx: 1 4 1 256 512 32
249.84398826979472 14.230748778208852 	idx: 1 4 1 128 1024 16
214.06231155778895 14.088441290426763 	idx: 1 3 1 64 1024 16
190.16914862427316 13.947556877522496 	idx: 3 5 2 2 256 64
249.52510030239088 13.808081308747271 	idx: 1 4 1 32 1024 32
249.69257124621578 13.670000495659798 	idx: 1 5 1 16 1024 16
181.47491180190374 13.5333004907032 	idx: 1 4 1 32 512 8
189.7478841870824 13.397967485796167 	idx: 3 4 2 2 256 16
181.89869228716307 13.263987810938206 	idx: 3 3 2 2 256 32
194.6529891340726 13.131347932828824 	idx: 1 5 2 16 256 16
194.6529891340726 13.000034453500536 	idx: 1 5 2 16 256 16
197.61328633946127 12.87003410896553 	idx: 1 4 2 16 256 16
96.55310460843774 12.741333767875876 	idx: 1 3 1 32 256 32
181.56253267402562 12.613920430197117 	idx: 4 8 1 32 512 4
181.56555559255435 12.487781225895146 	idx: 4 8 1 32 512 8
166.38254577633344 12.362903413636195 	idx: 4 7 1 32 512 4
166.38540167145368 12.239274379499832 	idx: 4 7 1 32 512 8
247.24591087087904 12.116881635704834 	idx: 4 6 1 32 1024 8
176.29963786859804 11.995712819347785 	idx: 4 6 1 64 512 16
96.8760390340104 11.875755691154307 	idx: 4 6 1 32 256 32
178.82161645851653 11.756998134242764 	idx: 4 5 1 32 512 32
249.5675716575257 11.639428152900336 	idx: 4 4 1 32 1024 64
250.57882352941178 11.523033871371332 	idx: 4 5 1 64 1024 64
178.85351078965604 11.407803532657619 	idx: 4 5 1 32 512 64
178.85351078965604 11.293725497331042 	idx: 4 5 1 32 512 64
178.85351078965604 11.180788242357732 	idx: 4 5 1 32 512 64
178.85351078965604 11.068980359934155 	idx: 4 5 1 32 512 64
146.197854997855 10.958290556334813 	idx: 1 1 2 256 256 128
146.197854997855 10.848707650771464 	idx: 1 1 2 256 256 128
146.197854997855 10.74022057426375 	idx: 1 1 2 256 256 128
222.64262135161988 10.632818368521113 	idx: 4 3 3 64 256 64
314.669621421976 10.526490184835902 	idx: 4 3 2 32 512 64
314.669621421976 10.421225282987542 	idx: 4 3 2 32 512 64
249.5675716575257 10.317013030157668 	idx: 4 4 1 32 1024 64
249.8515013310002 10.213842899856092 	idx: 4 5 1 16 1024 64
175.9902267014714 10.11170447085753 	idx: 4 6 1 16 512 32
187.34865310610226 10.010587426148955 	idx: 1 1 2 64 1024 256
178.5135247620782 9.910481551887466 	idx: 4 5 1 16 512 16
178.60964360587002 9.811376736368592 	idx: 1 2 1 128 1024 256
250.28875140397662 9.713262969004907 	idx: 4 5 1 32 1024 8
250.28875140397662 9.616130339314857 	idx: 4 5 1 32 1024 8
178.4713455592117 9.519969035921708 	idx: 4 5 1 16 512 4
197.09407259640474 9.42476934556249 	idx: 4 4 2 8 256 2
194.2373760155316 9.330521652106865 	idx: 4 5 2 8 256 2
126.42014557661746 9.237216435585797 	idx: 1 1 3 128 128 256
96.51059363377502 9.144844271229939 	idx: 4 5 1 4 256 4
345.911006788048 9.053395828517639 	idx: 4 4 2 4 512 4
345.911006788048 8.962861870232462 	idx: 4 4 2 4 512 4
345.911006788048 8.873233251530138 	idx: 4 4 2 4 512 4
345.911006788048 8.784500919014837 	idx: 4 4 2 4 512 4
340.98699706859486 8.696655909824688 	idx: 4 3 3 8 512 4
202.9174649250121 8.609689350726441 	idx: 2 2 4 8 128 32
221.7581748227907 8.523592457219177 	idx: 2 3 3 16 256 32
313.89633829979385 8.438356532646985 	idx: 4 3 2 16 512 4
313.89633829979385 8.353972967320516 	idx: 4 3 2 16 512 4
406.98245991737105 8.27043323764731 	idx: 2 2 3 16 1024 32
273.4946869474714 8.187728905270838 	idx: 2 2 2 16 512 32
409.9208039457243 8.105851616218128 	idx: 4 2 3 32 1024 4
416.1015873015873 8.024793100055946 	idx: 2 3 2 32 1024 16
416.1015873015873 7.944545169055387 	idx: 2 3 2 64 1024 8
356.84523560209425 7.865099717364833 	idx: 2 4 2 32 512 8
374.2857770455794 7.786448720191185 	idx: 1 2 4 64 256 256
349.70466906105696 7.708584232989273 	idx: 1 1 4 128 512 128
349.70466906105696 7.63149839065938 	idx: 1 1 4 128 512 128
349.70466906105696 7.5551834067527865 	idx: 1 1 4 128 512 128
520.683269671505 7.479631572685259 	idx: 1 2 4 64 512 128
367.8632267585887 7.404835256958406 	idx: 1 1 5 32 1024 256
374.2857770455794 7.330786904388821 	idx: 4 2 4 32 256 64
520.683269671505 7.257479035344933 	idx: 4 2 4 64 512 32
520.683269671505 7.1849042449914835 	idx: 4 2 4 64 512 32
520.683269671505 7.1130552025415685 	idx: 4 2 4 64 512 32
520.683269671505 7.041924650516153 	idx: 4 2 4 64 512 32
520.683269671505 6.971505404010991 	idx: 4 2 4 64 512 32
520.683269671505 6.901790349970882 	idx: 4 2 4 64 512 32
520.683269671505 6.832772446471173 	idx: 4 2 4 64 512 32
520.683269671505 6.764444722006462 	idx: 4 2 4 64 512 32
520.683269671505 6.696800274786397 	idx: 4 2 4 64 512 32
520.683269671505 6.6298322720385325 	idx: 4 2 4 64 512 32
520.683269671505 6.563533949318147 	idx: 4 2 4 64 512 32
411.7115506929283 6.497898609824966 	idx: 0 2 3 64 1024 4
411.7115506929283 6.432919623726716 	idx: 0 2 3 64 1024 4
411.7115506929283 6.3685904274894485 	idx: 0 2 3 64 1024 4
374.2857770455794 6.304904523214554 	idx: 4 2 4 32 256 64
520.683269671505 6.2418554779824085 	idx: 4 2 4 32 512 64
520.683269671505 6.1794369232025845 	idx: 4 2 4 32 512 64
374.2857770455794 6.117642553970558 	idx: 2 2 4 128 256 8
339.5652294234128 6.056466128430853 	idx: 2 2 3 64 512 16
349.70466906105696 5.9959014671465445 	idx: 2 1 4 32 512 8
366.8342208640679 5.935942452475079 	idx: 4 1 5 16 1024 128
367.04826685634424 5.8765830279503275 	idx: 2 1 5 32 1024 16
349.70466906105696 5.817817197670824 	idx: 4 1 4 16 1024 256
349.70466906105696 5.759639025694116 	idx: 2 1 4 16 512 8
517.6186823618758 5.7020426354371745 	idx: 2 2 4 8 512 4
517.6186823618758 5.645022209082803 	idx: 2 2 4 8 512 4
364.9102056426978 5.588571986991974 	idx: 4 1 5 8 1024 128
354.59421213500684 5.532686267122054 	idx: 0 4 2 8 512 4
354.59421213500684 5.477359404450834 	idx: 0 4 2 8 512 4
354.59421213500684 5.422585810406325 	idx: 0 4 2 8 512 4
354.59421213500684 5.368359952302262 	idx: 0 4 2 8 512 4
354.59421213500684 5.314676352779239 	idx: 0 4 2 8 512 4
354.59421213500684 5.261529589251447 	idx: 0 4 2 8 512 4
354.59421213500684 5.208914293358933 	idx: 0 4 2 8 512 4
400.9454647397967 5.156825150425344 	idx: 4 3 2 4 1024 128
400.9454647397967 5.10525689892109 	idx: 4 3 2 4 1024 128
400.9454647397967 5.0542043299318795 	idx: 4 3 2 4 1024 128
400.9454647397967 5.003662286632561 	idx: 4 3 2 4 1024 128
398.4964066748353 4.953625663766235 	idx: 4 3 2 4 1024 64
398.4964066748353 4.9040894071285726 	idx: 4 3 2 4 1024 64
398.4964066748353 4.8550485130572865 	idx: 4 3 2 4 1024 64
520.683269671505 4.806498027926714 	idx: 0 2 4 64 512 8
520.683269671505 4.758433047647447 	idx: 0 2 4 64 512 4
520.683269671505 4.710848717170973 	idx: 0 2 4 64 512 4
520.683269671505 4.663740229999263 	idx: 0 2 4 64 512 4
520.683269671505 4.61710282769927 	idx: 0 2 4 64 512 4
520.683269671505 4.570931799422278 	idx: 0 2 4 64 512 4
520.683269671505 4.525222481428055 	idx: 0 2 4 64 512 4
520.683269671505 4.4799702566137745 	idx: 0 2 4 64 512 4
367.89599739812166 4.4351705540476365 	idx: 0 1 5 128 1024 4
356.84523560209425 4.39081884850716 	idx: 4 4 2 16 512 256
367.5875254584362 4.346910660022088 	idx: 0 1 5 64 1024 8
366.98303306244236 4.303441553421867 	idx: 0 1 5 32 1024 4
421.7258150884955 4.260407137887648 	idx: 0 1 6 64 512 2
422.5839070103976 4.217803066508771 	idx: 0 1 6 128 512 2
367.57629692517304 4.175625035843683 	idx: 0 1 5 64 1024 4
367.5704893323102 4.133868785485246 	idx: 0 1 5 64 1024 2
356.84523560209425 4.0925300976303935 	idx: 4 4 2 32 512 256
421.7258150884955 4.05160479665409 	idx: 0 1 6 64 512 2
432.63955645797427 4.011088748687548 	idx: 0 1 7 64 512 4
405.9406789755807 3.970977861200673 	idx: 0 1 8 32 512 4
405.9406789755807 3.9312680825886663 	idx: 0 1 8 32 512 8
356.84523560209425 3.8919554017627798 	idx: 4 4 2 32 512 256
356.84523560209425 3.853035847745152 	idx: 4 4 2 32 512 256
356.84523560209425 3.8145054892677006 	idx: 4 4 2 32 512 256
379.60144806460596 3.7763604343750234 	idx: 0 1 8 16 256 16
433.29277426512334 3.7385968300312733 	idx: 2 1 6 8 1024 32
428.22444184294295 3.7012108617309605 	idx: 2 1 7 16 512 32
417.1822789092672 3.664198753113651 	idx: 2 1 6 16 512 32
440.57801220039914 3.6275567655825145 	idx: 2 1 6 16 1024 64
431.51916032308964 3.591281197926689 	idx: 2 1 7 32 512 64
418.86666688672307 3.555368385947422 	idx: 2 1 6 16 512 128
443.79540798807614 3.519814702087948 	idx: 2 1 6 32 1024 64
428.22444184294295 3.4846165550670687 	idx: 2 1 7 16 512 32
428.22444184294295 3.449770389516398 	idx: 2 1 7 16 512 32
420.55280083443853 3.415272685621234 	idx: 0 1 6 32 512 64
432.7759730189429 3.3811199587650216 	idx: 2 1 7 64 512 32
432.7759730189429 3.347308759177371 	idx: 2 1 7 64 512 32
433.19555316936925 3.3138356715855974 	idx: 0 1 7 64 512 128
433.19555316936925 3.2806973148697414 	idx: 0 1 7 64 512 128
359.84835692382256 3.247890341721044 	idx: 0 1 7 32 256 256
431.7886638275969 3.2154114383038332 	idx: 0 1 7 16 512 256
359.859767687434 3.183257323920795 	idx: 0 1 7 32 256 512
359.859767687434 3.1514247506815867 	idx: 0 1 7 32 256 512
359.859767687434 3.1199105031747707 	idx: 0 1 7 32 256 512
359.859767687434 3.088711398143023 	idx: 0 1 7 32 256 512
431.7886638275969 3.0578242841615926 	idx: 0 1 7 16 512 256
444.2745307928716 3.0272460413199767 	idx: 0 1 6 32 1024 128
444.2745307928716 2.996973580906777 	idx: 0 1 6 32 1024 128
432.10652002509926 2.967003845097709 	idx: 0 1 7 32 512 128
430.0195009995228 2.9373338066467323 	idx: 0 1 7 16 512 128
418.86666688672307 2.907960468580265 	idx: 0 1 6 16 512 128
418.86666688672307 2.8788808638944623 	idx: 0 1 6 16 512 128
418.86666688672307 2.8500920552555176 	idx: 0 1 6 16 512 128
366.8342208640679 2.8215911347029623 	idx: 0 1 5 16 1024 128
349.70466906105696 2.7933752233559326 	idx: 0 1 4 16 512 128
356.1459960809928 2.765441471122373 	idx: 4 4 2 16 512 8
520.683269671505 2.7377870564111495 	idx: 0 2 4 32 512 256
520.683269671505 2.710409185847038 	idx: 0 2 4 32 512 256
410.61561296953647 2.6833050939885674 	idx: 0 2 3 32 1024 128
517.5695491219743 2.656472043048682 	idx: 1 2 4 8 512 2
517.5695491219743 2.629907322618195 	idx: 1 2 4 8 512 2
517.5695491219743 2.603608249392013 	idx: 1 2 4 8 512 2
517.5695491219743 2.577572166898093 	idx: 1 2 4 8 512 2
517.5695491219743 2.551796445229112 	idx: 1 2 4 8 512 2
517.5695491219743 2.526278480776821 	idx: 1 2 4 8 512 2
517.5695491219743 2.501015695969053 	idx: 1 2 4 8 512 2
517.5695491219743 2.4760055390093623 	idx: 1 2 4 8 512 2
517.5695491219743 2.4512454836192688 	idx: 1 2 4 8 512 2
517.5695491219743 2.426733028783076 	idx: 1 2 4 8 512 2
517.5695491219743 2.402465698495245 	idx: 1 2 4 8 512 2
517.5695491219743 2.3784410415102926 	idx: 1 2 4 8 512 2
517.5695491219743 2.3546566310951897 	idx: 1 2 4 8 512 2
517.6186823618758 2.3311100647842378 	idx: 4 2 4 8 512 4
520.683269671505 2.307798964136395 	idx: 4 2 4 16 512 8
520.683269671505 2.2847209744950314 	idx: 4 2 4 16 512 8
520.683269671505 2.261873764750081 	idx: 4 2 4 16 512 8
520.683269671505 2.23925502710258 	idx: 4 2 4 16 512 8
520.683269671505 2.2168624768315546 	idx: 4 2 4 16 512 8
520.683269671505 2.194693852063239 	idx: 4 2 4 16 512 8
520.683269671505 2.1727469135426065 	idx: 0 2 4 64 512 64
520.683269671505 2.1510194444071806 	idx: 0 2 4 64 512 64
520.683269671505 2.129509249963109 	idx: 0 2 4 64 512 64
520.683269671505 2.108214157463478 	idx: 0 2 4 64 512 64
520.683269671505 2.087132015888843 	idx: 0 2 4 64 512 64
520.683269671505 2.0662606957299547 	idx: 0 2 4 64 512 64
520.683269671505 2.045598088772655 	idx: 0 2 4 64 512 64
520.683269671505 2.0251421078849283 	idx: 0 2 4 64 512 64
520.683269671505 2.004890686806079 	idx: 0 2 4 64 512 64
520.683269671505 1.9848417799380185 	idx: 0 2 4 64 512 64
520.683269671505 1.9649933621386382 	idx: 0 2 4 64 512 64
520.683269671505 1.9453434285172517 	idx: 0 2 4 64 512 64
520.683269671505 1.9258899942320793 	idx: 0 2 4 64 512 64
520.683269671505 1.9066310942897584 	idx: 0 2 4 64 512 64
520.683269671505 1.8875647833468607 	idx: 0 2 4 64 512 64
520.683269671505 1.868689135513392 	idx: 0 2 4 64 512 64
520.683269671505 1.8500022441582582 	idx: 0 2 4 64 512 64
520.683269671505 1.8315022217166756 	idx: 0 2 4 64 512 64
520.683269671505 1.8131871994995088 	idx: 0 2 4 64 512 64
520.683269671505 1.7950553275045138 	idx: 0 2 4 64 512 64
520.683269671505 1.7771047742294686 	idx: 0 2 4 64 512 64
520.683269671505 1.7593337264871738 	idx: 0 2 4 64 512 64
520.683269671505 1.741740389222302 	idx: 0 2 4 64 512 64
520.683269671505 1.724322985330079 	idx: 0 2 4 64 512 64
520.683269671505 1.7070797554767783 	idx: 0 2 4 64 512 64
520.683269671505 1.6900089579220106 	idx: 0 2 4 64 512 64
520.683269671505 1.6731088683427904 	idx: 0 2 4 64 512 64
520.683269671505 1.6563777796593624 	idx: 0 2 4 64 512 64
520.683269671505 1.6398140018627687 	idx: 0 2 4 64 512 64
520.683269671505 1.623415861844141 	idx: 0 2 4 64 512 64
520.683269671505 1.6071817032256996 	idx: 0 2 4 64 512 64
520.683269671505 1.5911098861934427 	idx: 0 2 4 64 512 64
520.683269671505 1.5751987873315083 	idx: 0 2 4 64 512 64
520.683269671505 1.5594467994581933 	idx: 0 2 4 64 512 64
520.683269671505 1.5438523314636114 	idx: 0 2 4 64 512 64
520.683269671505 1.5284138081489753 	idx: 0 2 4 64 512 64
520.683269671505 1.5131296700674854 	idx: 0 2 4 64 512 64
520.683269671505 1.4979983733668105 	idx: 0 2 4 64 512 64
520.683269671505 1.4830183896331424 	idx: 0 2 4 64 512 64
520.683269671505 1.468188205736811 	idx: 0 2 4 64 512 64
520.683269671505 1.4535063236794428 	idx: 0 2 4 64 512 64
520.683269671505 1.4389712604426483 	idx: 0 2 4 64 512 64
520.683269671505 1.4245815478382218 	idx: 0 2 4 64 512 64
520.683269671505 1.4103357323598396 	idx: 0 2 4 64 512 64
520.683269671505 1.396232375036241 	idx: 0 2 4 64 512 64
520.683269671505 1.3822700512858788 	idx: 0 2 4 64 512 64
520.683269671505 1.36844735077302 	idx: 0 2 4 64 512 64
520.683269671505 1.3547628772652898 	idx: 0 2 4 64 512 64
520.683269671505 1.341215248492637 	idx: 0 2 4 64 512 64
520.683269671505 1.3278030960077105 	idx: 0 2 4 64 512 64
520.683269671505 1.3145250650476334 	idx: 0 2 4 64 512 64
520.683269671505 1.301379814397157 	idx: 0 2 4 64 512 64
520.683269671505 1.2883660162531856 	idx: 0 2 4 64 512 64
520.683269671505 1.2754823560906536 	idx: 0 2 4 64 512 64
520.683269671505 1.2627275325297471 	idx: 0 2 4 64 512 64
520.683269671505 1.2501002572044497 	idx: 0 2 4 64 512 64
520.683269671505 1.2375992546324053 	idx: 0 2 4 64 512 64
520.683269671505 1.2252232620860812 	idx: 0 2 4 64 512 64
520.683269671505 1.2129710294652205 	idx: 0 2 4 64 512 64
520.683269671505 1.2008413191705682 	idx: 0 2 4 64 512 64
520.683269671505 1.1888329059788625 	idx: 0 2 4 64 512 128
520.683269671505 1.1769445769190738 	idx: 0 2 4 64 512 128
520.683269671505 1.165175131149883 	idx: 0 2 4 64 512 128
520.683269671505 1.1535233798383842 	idx: 0 2 4 64 512 128
520.683269671505 1.1419881460400003 	idx: 0 2 4 64 512 128
520.683269671505 1.1305682645796002 	idx: 0 2 4 64 512 128
520.683269671505 1.1192625819338042 	idx: 0 2 4 64 512 128
520.683269671505 1.1080699561144662 	idx: 0 2 4 64 512 128
520.683269671505 1.0969892565533215 	idx: 0 2 4 64 512 128
520.683269671505 1.0860193639877882 	idx: 0 2 4 64 512 128
520.683269671505 1.0751591703479102 	idx: 0 2 4 64 512 128
520.683269671505 1.0644075786444311 	idx: 0 2 4 64 512 128
520.683269671505 1.0537635028579868 	idx: 0 2 4 64 512 128
520.683269671505 1.0432258678294068 	idx: 0 2 4 32 512 256
520.683269671505 1.0327936091511127 	idx: 0 2 4 32 512 256
520.683269671505 1.0224656730596016 	idx: 0 2 4 32 512 256
520.683269671505 1.0122410163290056 	idx: 0 2 4 32 512 256
520.683269671505 1.0021186061657157 	idx: 0 2 4 64 512 128
###### ACC Parameters ######
cim type:    LccCIM
bus_width:   25.6
macros_row:  2
macros_col:  4
scr:         64
is_size:     512
os_size:     128
best=520.683269671505, area=4977276.173388752 459
bert_large_sl512_LCC-CIM@ISSCC20_tt_running start at 1757800569.281528
492.24094051134557 100 	idx: 0 3 2 2 128 64
661.9747121956032 99.0 	idx: 1 3 3 2 256 64
776.1554614737043 98.01 	idx: 4 4 2 8 32 256
959.2165347615778 97.0299 	idx: 1 4 3 4 128 32
959.2165347615778 96.059601 	idx: 1 4 3 4 128 32
536.1432007094985 95.09900499 	idx: 1 3 2 4 256 32
574.6201400875599 94.1480149401 	idx: 2 3 2 8 32 64
777.1662251718311 93.206534790699 	idx: 4 4 2 16 64 128
900.3659680197119 92.27446944279201 	idx: 0 4 3 2 4 8
883.811987579842 91.35172474836409 	idx: 1 5 2 8 512 8
732.580303641005 90.43820750088045 	idx: 3 2 4 16 32 256
883.811987579842 89.53382542587164 	idx: 1 5 2 8 512 8
988.5711006075062 88.63848717161292 	idx: 0 6 2 4 32 2
786.6967537151926 87.75210229989679 	idx: 3 4 2 64 16 512
721.2207647026303 86.87458127689783 	idx: 2 3 3 4 8 32
776.9443146195497 86.00583546412885 	idx: 2 4 2 8 8 16
920.5945476513325 85.14577710948755 	idx: 2 5 2 8 8 8
732.580303641005 84.29431933839268 	idx: 4 2 4 32 32 256
760.6857142857143 83.45137614500875 	idx: 1 4 2 32 512 4
1055.1787939858036 82.61686238355867 	idx: 2 6 2 16 8 2
551.3360617903969 81.79069375972308 	idx: 0 6 1 16 32 4
929.3185696690479 80.97278682212585 	idx: 2 5 2 16 8 8
931.9082549991455 80.1630589539046 	idx: 0 5 2 32 16 2
1055.1875681384033 79.36142836436555 	idx: 0 6 2 16 8 4
1055.1875681384033 78.56781408072189 	idx: 0 6 2 16 8 4
1043.6018012104266 77.78213593991467 	idx: 0 6 2 8 16 4
1045.502793546314 77.00431458051553 	idx: 0 6 2 8 8 4
873.6547296476876 76.23427143471037 	idx: 0 5 2 4 8 8
921.4264824954865 75.47192872036327 	idx: 0 5 2 8 4 16
995.6563276683828 74.71720943315964 	idx: 0 6 2 4 2 16
888.4992904045483 73.97003733882804 	idx: 4 2 6 4 8 128
993.9837993381817 73.23033696543976 	idx: 0 6 2 4 8 8
836.5627661034501 72.49803359578536 	idx: 4 2 6 2 2 128
774.8491346492245 71.7730532598275 	idx: 2 3 3 64 8 8
770.4202571775814 71.05532272722922 	idx: 1 2 5 32 32 16
779.4179991579681 70.34476949995693 	idx: 0 5 2 2 64 16
765.4939128546374 69.64132180495736 	idx: 1 2 5 32 128 16
972.699315560102 68.94490858690779 	idx: 4 3 4 2 4 128
716.6489050532764 68.25545950103871 	idx: 4 2 4 4 4 64
716.6489050532764 67.57290490602833 	idx: 4 2 4 4 4 64
749.8023902542002 66.89717585696805 	idx: 4 3 3 8 8 64
780.2797939324556 66.22820409839836 	idx: 0 4 2 32 64 128
582.1690369421311 65.56592205741438 	idx: 0 3 2 32 32 256
652.1481263870006 64.91026283684023 	idx: 2 2 4 2 32 64
773.114475925889 64.26116020847184 	idx: 0 3 3 64 32 128
727.0126933333333 63.618548606387115 	idx: 1 2 4 128 128 2
727.0126933333333 62.98236312032324 	idx: 1 2 4 128 128 2
579.8165886856657 62.35253948912001 	idx: 0 3 2 64 64 64
784.7436692692404 61.72901409422881 	idx: 4 4 2 16 4 16
784.7436692692404 61.11172395328652 	idx: 4 4 2 16 4 16
784.7436692692404 60.500606713753655 	idx: 4 4 2 16 4 16
576.2776653367506 59.89560064661612 	idx: 4 3 2 8 4 16
775.3974971558589 59.29664464014996 	idx: 0 4 2 128 128 128
472.987092297016 58.70367819374846 	idx: 0 5 1 256 256 128
538.3684044233808 58.116641411810974 	idx: 0 6 1 128 256 128
748.4687989018531 57.535474997692866 	idx: 2 3 3 8 16 32
728.1105475182632 56.960120247715935 	idx: 2 2 4 8 8 64
728.1105475182632 56.390519045238776 	idx: 2 2 4 8 8 64
722.396130561464 55.82661385478639 	idx: 2 3 3 4 16 64
496.77045451795414 55.26834771623852 	idx: 2 3 2 2 16 64
458.36979561813695 54.71566423907614 	idx: 2 2 3 2 8 128
552.6849283696665 54.16850759668538 	idx: 2 3 2 4 8 256
727.0126933333333 53.62682252071853 	idx: 3 2 4 64 128 256
565.4660975807367 53.09055429551134 	idx: 1 3 2 16 1024 8
565.4660975807367 52.55964875255623 	idx: 1 3 2 16 1024 8
568.926878130217 52.03405226503067 	idx: 1 3 2 32 512 8
756.3795222316447 51.51371174238036 	idx: 3 3 3 8 32 512
730.7149825783972 50.998574624956554 	idx: 3 2 4 16 64 512
727.0126933333333 50.488588878706985 	idx: 3 2 4 32 128 512
727.0126933333333 49.98370298991991 	idx: 3 2 4 32 128 512
519.653395926132 49.483865960020715 	idx: 0 2 3 64 128 32
540.0699958484856 48.98902730042051 	idx: 4 3 2 4 128 4
521.0043263983756 48.4991370274163 	idx: 0 2 3 128 128 32
741.5753798552406 48.01414565714214 	idx: 2 4 2 4 2 128
730.7149825783972 47.53400420057071 	idx: 3 2 4 64 64 512
771.0143199445877 47.05866415856501 	idx: 3 2 5 32 32 256
722.7724284199363 46.58807751697936 	idx: 1 2 4 64 256 8
766.3651443470412 46.12219674180957 	idx: 0 3 3 32 64 32
766.3651443470412 45.66097477439147 	idx: 0 3 3 32 64 32
762.0682287671584 45.20436502664755 	idx: 0 3 3 32 128 32
1011.7752591113923 44.752321376381076 	idx: 2 4 3 8 4 16
1011.5442993650421 44.30479816261727 	idx: 2 4 3 8 4 8
1077.3684118231834 43.861750180991095 	idx: 2 3 4 8 4 8
728.1185233406569 43.42313267918119 	idx: 2 2 4 8 2 8
715.8102627217381 42.98890135238938 	idx: 2 2 4 4 4 16
533.0027470637134 42.559012338865486 	idx: 4 3 2 4 512 8
765.8139325842697 42.133422215476834 	idx: 0 4 2 32 256 64
715.8701006469612 41.712087993322065 	idx: 2 2 4 4 8 32
544.1711776447106 41.29496711338884 	idx: 0 6 1 16 128 32
769.3913287345424 40.882017442254956 	idx: 2 2 5 16 2 32
915.2350771042453 40.473197267832404 	idx: 2 2 6 8 2 16
915.2350771042453 40.06846529515408 	idx: 2 2 6 8 2 16
892.0537963261195 39.66778064220254 	idx: 0 5 2 8 256 128
754.2860260340424 39.27110283578051 	idx: 2 2 5 4 2 32
963.2935495847636 38.8783918074227 	idx: 2 3 4 2 4 16
963.2935495847636 38.48960788934848 	idx: 2 3 4 2 4 16
1059.2962820855291 38.104711810454994 	idx: 2 3 4 4 4 16
1059.2962820855291 37.72366469235045 	idx: 2 3 4 4 4 16
733.5165399878927 37.34642804542694 	idx: 3 2 4 32 16 512
992.6316048771677 36.97296376497267 	idx: 0 6 2 4 16 16
992.6316048771677 36.60323412732294 	idx: 0 6 2 4 16 16
992.6316048771677 36.23720178604971 	idx: 0 6 2 4 16 16
919.1203316529444 35.874829768189215 	idx: 0 5 2 8 16 8
1031.8548663041518 35.516081470507324 	idx: 0 4 3 16 8 4
1031.8548663041518 35.16092065580225 	idx: 0 4 3 16 8 4
1084.9856133718038 34.80931144924423 	idx: 0 3 4 16 16 4
1076.8223642867558 34.461218334751784 	idx: 0 3 4 8 8 4
768.5597526274523 34.11660615140427 	idx: 0 2 5 16 16 8
727.3081622742573 33.775440089890225 	idx: 0 2 4 8 16 8
781.8163937511342 33.43768568899132 	idx: 4 4 2 16 32 256
869.4060004808357 33.10330883210141 	idx: 1 5 2 4 64 128
975.5436047462432 32.7722757437804 	idx: 1 4 3 4 32 128
977.7384388006551 32.44455298634259 	idx: 1 4 3 4 16 128
730.2677095093652 32.12010745647917 	idx: 1 3 3 4 8 256
730.2677095093652 31.798906381914374 	idx: 1 3 3 4 8 256
780.2797939324556 31.48091731809523 	idx: 0 4 2 64 64 32
786.6967537151926 31.16610814491428 	idx: 4 4 2 128 16 128
785.3344078532069 30.854447063465138 	idx: 2 5 2 2 8 4
928.891856899489 30.545902592830487 	idx: 4 5 2 64 32 64
928.891856899489 30.240443566902183 	idx: 4 5 2 64 32 64
928.891856899489 29.93803913123316 	idx: 4 5 2 64 32 64
899.6974320037228 29.638658739920828 	idx: 2 4 3 2 4 4
899.6974320037228 29.34227215252162 	idx: 2 4 3 2 4 4
989.2100228901062 29.048849430996402 	idx: 0 6 2 4 32 16
784.7833771677812 28.758360936686437 	idx: 2 5 2 2 16 8
784.7833771677812 28.47077732731957 	idx: 2 5 2 2 16 8
983.1553981602783 28.186069554046373 	idx: 0 6 2 4 64 32
1032.4891183860834 27.90420885850591 	idx: 0 6 2 8 64 16
1043.6018012104266 27.625166769920853 	idx: 2 6 2 8 16 4
1043.6018012104266 27.348915102221643 	idx: 2 6 2 8 16 4
1049.4163529388768 27.075425951199424 	idx: 2 6 2 16 32 8
904.0027842882521 26.804671691687428 	idx: 0 5 2 8 128 32
904.0027842882521 26.536624974770554 	idx: 0 5 2 8 128 32
548.9926701570681 26.271258725022847 	idx: 2 6 1 16 64 32
975.4168084279729 26.00854613777262 	idx: 0 6 2 4 128 32
770.9598118586907 25.748460676394892 	idx: 0 5 2 2 256 64
778.2603250500399 25.490976069630943 	idx: 1 4 2 8 16 256
778.2603250500399 25.23606630893463 	idx: 1 4 2 8 16 256
778.2603250500399 24.983705645845284 	idx: 1 4 2 8 16 256
766.0383578844311 24.73386858938683 	idx: 1 3 3 16 8 256
766.0383578844311 24.48652990349296 	idx: 1 3 3 16 8 256
785.5615798300411 24.24166460445803 	idx: 1 4 2 16 4 256
661.2412321125394 23.99924795841345 	idx: 0 4 2 2 64 32
858.7788965956813 23.759255478829314 	idx: 0 5 2 4 128 16
1003.410468687101 23.52166292404102 	idx: 0 4 3 8 64 32
934.5737308380379 23.28644629480061 	idx: 1 5 2 64 2 128
788.3175190660354 23.053581831852604 	idx: 1 4 2 128 4 256
775.7215418130085 22.82304601353408 	idx: 1 3 3 64 2 128
784.546071942446 22.59481555339874 	idx: 0 4 2 32 32 2
754.7501546144533 22.36886739786475 	idx: 2 3 3 16 128 32
1086.7899918404974 22.145178723886104 	idx: 4 3 4 16 2 8
1086.526056741475 21.923726936647242 	idx: 4 3 4 16 4 8
1086.526056741475 21.704489667280768 	idx: 4 3 4 16 4 8
1086.526056741475 21.48744477060796 	idx: 4 3 4 16 4 8
1086.526056741475 21.27257032290188 	idx: 4 3 4 16 4 8
1011.7752591113923 21.059844619672862 	idx: 4 4 3 8 4 16
1011.7752591113923 20.849246173476132 	idx: 4 4 3 8 4 16
929.35012486859 20.64075371174137 	idx: 4 5 2 16 8 16
921.6126429018037 20.434346174623958 	idx: 4 5 2 8 4 32
921.8061834374429 20.230002712877717 	idx: 4 5 2 8 2 16
1012.5495596867465 20.027702685748938 	idx: 4 4 3 8 2 32
1012.5495596867465 19.82742565889145 	idx: 4 4 3 8 2 32
1033.6864731648616 19.629151402302536 	idx: 4 4 3 16 2 64
1032.8909855225818 19.43285988827951 	idx: 4 4 3 16 4 32
1078.8672734467748 19.238531289396715 	idx: 2 3 4 16 64 64
1078.8672734467748 19.046145976502746 	idx: 2 3 4 16 64 64
1032.8909855225818 18.855684516737718 	idx: 4 4 3 16 4 32
1033.3589510831705 18.66712767157034 	idx: 4 4 3 16 4 64
1033.3589510831705 18.480456394854638 	idx: 4 4 3 16 4 64
1033.3589510831705 18.295651830906092 	idx: 4 4 3 16 4 64
1086.7899918404974 18.11269531259703 	idx: 4 3 4 16 2 128
1078.1198197912909 17.931568359471058 	idx: 4 3 4 8 2 64
1062.3695663954165 17.752252675876345 	idx: 4 3 4 4 2 128
1062.3695663954165 17.57473014911758 	idx: 4 3 4 4 2 128
1062.3695663954165 17.398982847626407 	idx: 4 3 4 4 2 128
1062.3695663954165 17.22499301915014 	idx: 4 3 4 4 2 128
732.580303641005 17.05274308895864 	idx: 2 2 4 16 32 16
766.3651443470412 16.882215658069054 	idx: 1 3 3 32 64 32
770.0806573464613 16.713393501488362 	idx: 1 3 3 64 64 32
760.6857142857143 16.546259566473477 	idx: 0 4 2 32 512 32
732.580303641005 16.380796970808742 	idx: 1 2 4 32 32 16
739.4359881805882 16.216989001100654 	idx: 4 3 3 4 4 512
725.974398698528 16.054819111089646 	idx: 3 2 4 8 64 256
579.8165886856657 15.89427091997875 	idx: 0 3 2 64 64 64
579.8165886856657 15.735328210778961 	idx: 0 3 2 64 64 64
519.816144168407 15.577974928671171 	idx: 0 2 3 64 128 128
756.3504232397702 15.42219517938446 	idx: 0 3 3 32 256 128
756.3504232397702 15.267973227590614 	idx: 0 3 3 32 256 128
757.5153098082801 15.115293495314708 	idx: 0 4 2 16 512 64
757.5153098082801 14.96414056036156 	idx: 0 4 2 16 512 64
757.5153098082801 14.814499154757945 	idx: 0 4 2 16 512 64
779.3170438012035 14.666354163210364 	idx: 4 4 2 8 8 256
783.5318667439797 14.519690621578262 	idx: 4 4 2 16 16 128
783.5318667439797 14.374493715362478 	idx: 4 4 2 16 16 128
783.5318667439797 14.230748778208852 	idx: 4 4 2 16 16 128
583.945938420348 14.088441290426763 	idx: 4 3 2 32 8 64
583.945938420348 13.947556877522496 	idx: 4 3 2 32 8 64
583.945938420348 13.808081308747271 	idx: 4 3 2 32 8 64
733.5165399878927 13.670000495659798 	idx: 2 2 4 32 16 512
733.5165399878927 13.5333004907032 	idx: 2 2 4 32 16 512
775.0061607872074 13.397967485796167 	idx: 4 3 3 64 8 64
720.4803382663848 13.263987810938206 	idx: 0 2 4 64 512 64
778.2603250500399 13.131347932828824 	idx: 2 4 2 8 16 256
762.69781457102 13.000034453500536 	idx: 3 3 3 16 32 128
583.3524339360223 12.87003410896553 	idx: 3 3 2 32 16 64
582.1911329013745 12.741333767875876 	idx: 2 3 2 16 4 256
733.5165399878927 12.613920430197117 	idx: 3 2 4 32 16 64
734.2202891720389 12.487781225895146 	idx: 2 2 4 16 4 128
762.5673982780473 12.362903413636195 	idx: 0 3 3 32 128 128
762.5673982780473 12.239274379499832 	idx: 0 3 3 32 128 128
775.3974971558589 12.116881635704834 	idx: 0 4 2 64 128 256
775.3974971558589 11.995712819347785 	idx: 0 4 2 64 128 256
775.3974971558589 11.875755691154307 	idx: 0 4 2 64 128 256
775.3974971558589 11.756998134242764 	idx: 0 4 2 64 128 256
765.8139325842697 11.639428152900336 	idx: 0 4 2 32 256 256
715.9248078714246 11.523033871371332 	idx: 2 2 4 4 2 16
715.9248078714246 11.407803532657619 	idx: 2 2 4 4 2 16
473.6112092543665 11.293725497331042 	idx: 3 1 7 8 4 512
468.11208792240654 11.180788242357732 	idx: 3 1 6 16 4 512
759.4734592099729 11.068980359934155 	idx: 0 3 3 64 256 32
734.2202891720389 10.958290556334813 	idx: 3 2 4 64 4 512
734.2202891720389 10.848707650771464 	idx: 3 2 4 64 4 512
1086.526056741475 10.74022057426375 	idx: 2 3 4 16 4 128
1086.526056741475 10.632818368521113 	idx: 2 3 4 16 4 128
1086.526056741475 10.526490184835902 	idx: 2 3 4 16 4 128
1086.526056741475 10.421225282987542 	idx: 2 3 4 16 4 128
1086.526056741475 10.317013030157668 	idx: 2 3 4 16 4 128
766.3920735500413 10.213842899856092 	idx: 3 2 5 8 2 256
770.489574031316 10.11170447085753 	idx: 3 2 5 16 2 256
788.3175190660354 10.010587426148955 	idx: 4 4 2 128 4 256
1078.6655172147325 9.910481551887466 	idx: 3 3 4 8 2 128
1078.6655172147325 9.811376736368592 	idx: 3 3 4 8 2 128
1078.6655172147325 9.713262969004907 	idx: 3 3 4 8 2 128
975.9514851845119 9.616130339314857 	idx: 3 4 3 4 4 64
775.8849595427837 9.519969035921708 	idx: 4 3 3 64 4 256
674.0814970312904 9.42476934556249 	idx: 3 3 3 2 2 64
670.562828474403 9.330521652106865 	idx: 3 3 3 2 2 32
788.3175190660354 9.237216435585797 	idx: 4 4 2 64 4 32
788.3175190660354 9.144844271229939 	idx: 4 4 2 64 4 32
788.5954243462384 9.053395828517639 	idx: 4 4 2 128 2 32
788.5954243462384 8.962861870232462 	idx: 4 4 2 128 2 32
788.5954243462384 8.873233251530138 	idx: 4 4 2 128 2 32
583.945938420348 8.784500919014837 	idx: 1 3 2 256 8 256
788.5954243462384 8.696655909824688 	idx: 4 4 2 128 2 64
788.5954243462384 8.609689350726441 	idx: 4 4 2 128 2 64
788.5954243462384 8.523592457219177 	idx: 4 4 2 128 2 64
788.5954243462384 8.438356532646985 	idx: 4 4 2 128 2 64
788.5954243462384 8.353972967320516 	idx: 4 4 2 128 2 64
788.5954243462384 8.27043323764731 	idx: 4 4 2 64 2 64
788.3175190660354 8.187728905270838 	idx: 4 4 2 64 4 128
787.776522430109 8.105851616218128 	idx: 4 4 2 32 8 256
1082.9384707050644 8.024793100055946 	idx: 3 3 4 16 32 4
1082.9384707050644 7.944545169055387 	idx: 3 3 4 16 32 4
1082.9384707050644 7.865099717364833 	idx: 3 3 4 16 32 4
763.2716757683081 7.786448720191185 	idx: 3 2 5 8 16 2
763.2716757683081 7.708584232989273 	idx: 3 2 5 8 16 2
753.0542506382161 7.63149839065938 	idx: 3 2 5 4 16 4
753.0542506382161 7.5551834067527865 	idx: 3 2 5 4 16 4
753.0542506382161 7.479631572685259 	idx: 3 2 5 4 16 4
757.3574831585527 7.404835256958406 	idx: 2 4 2 16 512 16
757.3574831585527 7.330786904388821 	idx: 2 4 2 16 512 16
961.686815963072 7.257479035344933 	idx: 3 3 4 2 8 2
961.686815963072 7.1849042449914835 	idx: 3 3 4 2 8 2
961.686815963072 7.1130552025415685 	idx: 3 3 4 2 8 2
730.7149825783972 7.041924650516153 	idx: 0 2 4 32 64 16
772.8469449370562 6.971505404010991 	idx: 0 3 3 64 32 32
772.8469449370562 6.901790349970882 	idx: 0 3 3 64 32 32
772.8469449370562 6.832772446471173 	idx: 0 3 3 64 32 32
788.3175190660354 6.764444722006462 	idx: 4 4 2 128 4 128
772.9351026924122 6.696800274786397 	idx: 0 3 3 64 32 64
772.9351026924122 6.6298322720385325 	idx: 0 3 3 64 32 64
732.580303641005 6.563533949318147 	idx: 0 2 4 128 32 128
733.5165399878927 6.497898609824966 	idx: 0 2 4 64 16 128
733.5165399878927 6.432919623726716 	idx: 0 2 4 64 16 128
771.0143199445877 6.3685904274894485 	idx: 0 2 5 32 32 256
771.0143199445877 6.304904523214554 	idx: 0 2 5 32 32 256
771.0143199445877 6.2418554779824085 	idx: 0 2 5 32 32 256
899.6974320037228 6.1794369232025845 	idx: 3 4 3 2 4 4
961.686815963072 6.117642553970558 	idx: 3 3 4 2 8 2
961.686815963072 6.056466128430853 	idx: 3 3 4 2 8 2
1058.9836647277898 5.9959014671465445 	idx: 3 3 4 4 4 4
1058.9836647277898 5.935942452475079 	idx: 3 3 4 4 4 4
1058.9836647277898 5.8765830279503275 	idx: 3 3 4 4 4 4
1058.9836647277898 5.817817197670824 	idx: 3 3 4 4 4 4
1058.9836647277898 5.759639025694116 	idx: 3 3 4 4 4 4
1058.9836647277898 5.7020426354371745 	idx: 3 3 4 4 4 4
1058.9836647277898 5.645022209082803 	idx: 3 3 4 4 4 4
1078.405513072688 5.588571986991974 	idx: 4 3 4 8 4 128
1078.405513072688 5.532686267122054 	idx: 4 3 4 8 4 128
1078.405513072688 5.477359404450834 	idx: 4 3 4 8 4 128
1078.405513072688 5.422585810406325 	idx: 4 3 4 8 4 128
1078.405513072688 5.368359952302262 	idx: 4 3 4 8 4 128
1078.405513072688 5.314676352779239 	idx: 4 3 4 8 4 128
1078.405513072688 5.261529589251447 	idx: 4 3 4 8 4 128
1078.405513072688 5.208914293358933 	idx: 4 3 4 8 4 128
1058.9836647277898 5.156825150425344 	idx: 3 3 4 4 4 4
1086.7899918404974 5.10525689892109 	idx: 4 3 4 16 2 64
1086.7899918404974 5.0542043299318795 	idx: 4 3 4 16 2 64
1086.7899918404974 5.003662286632561 	idx: 4 3 4 16 2 64
1058.9836647277898 4.953625663766235 	idx: 3 3 4 4 4 4
1058.9836647277898 4.9040894071285726 	idx: 3 3 4 4 4 4
1060.7750727073899 4.8550485130572865 	idx: 4 3 4 4 2 64
1060.7750727073899 4.806498027926714 	idx: 4 3 4 4 2 64
1076.8223642867558 4.758433047647447 	idx: 3 3 4 8 8 4
1076.8223642867558 4.710848717170973 	idx: 3 3 4 8 8 4
1076.8223642867558 4.663740229999263 	idx: 3 3 4 8 8 4
1077.860078623479 4.61710282769927 	idx: 4 3 4 8 4 64
1077.860078623479 4.570931799422278 	idx: 4 3 4 8 4 64
1086.526056741475 4.525222481428055 	idx: 4 3 4 16 4 128
1086.7899918404974 4.4799702566137745 	idx: 4 3 4 16 2 128
1086.7899918404974 4.4351705540476365 	idx: 4 3 4 16 2 128
1032.032622497392 4.39081884850716 	idx: 3 4 3 16 8 16
1077.8376069062438 4.346910660022088 	idx: 4 3 4 8 2 32
1077.8376069062438 4.303441553421867 	idx: 4 3 4 8 2 32
1077.8376069062438 4.260407137887648 	idx: 4 3 4 8 2 32
1077.8376069062438 4.217803066508771 	idx: 4 3 4 8 2 32
1077.8376069062438 4.175625035843683 	idx: 4 3 4 8 2 32
1086.526056741475 4.133868785485246 	idx: 4 3 4 16 4 16
1086.526056741475 4.0925300976303935 	idx: 4 3 4 16 4 16
1077.0724634639423 4.05160479665409 	idx: 4 3 4 8 8 32
1077.0724634639423 4.011088748687548 	idx: 4 3 4 8 8 32
1077.0724634639423 3.970977861200673 	idx: 4 3 4 8 8 32
1076.8223642867558 3.9312680825886663 	idx: 3 3 4 8 8 4
1076.8223642867558 3.8919554017627798 	idx: 3 3 4 8 8 4
1077.3684118231834 3.853035847745152 	idx: 4 3 4 8 4 8
1077.3684118231834 3.8145054892677006 	idx: 4 3 4 8 4 8
1077.3684118231834 3.7763604343750234 	idx: 4 3 4 8 4 8
1077.3684118231834 3.7385968300312733 	idx: 4 3 4 8 4 8
1077.3684118231834 3.7012108617309605 	idx: 4 3 4 8 4 8
1077.3684118231834 3.664198753113651 	idx: 4 3 4 8 4 8
1077.3684118231834 3.6275567655825145 	idx: 4 3 4 8 4 8
1077.3684118231834 3.591281197926689 	idx: 4 3 4 8 4 8
1077.3684118231834 3.555368385947422 	idx: 4 3 4 8 4 8
1077.3684118231834 3.519814702087948 	idx: 4 3 4 8 4 8
1077.3684118231834 3.4846165550670687 	idx: 4 3 4 8 4 8
1076.8223642867558 3.449770389516398 	idx: 3 3 4 8 8 4
1076.8223642867558 3.415272685621234 	idx: 3 3 4 8 8 4
1077.6279160542017 3.3811199587650216 	idx: 4 3 4 8 2 8
1077.6279160542017 3.347308759177371 	idx: 4 3 4 8 2 8
1077.6279160542017 3.3138356715855974 	idx: 4 3 4 8 2 8
1077.6279160542017 3.2806973148697414 	idx: 4 3 4 8 2 8
1086.526056741475 3.247890341721044 	idx: 2 3 4 16 4 64
1086.526056741475 3.2154114383038332 	idx: 2 3 4 16 4 64
1086.526056741475 3.183257323920795 	idx: 4 3 4 16 4 4
1086.526056741475 3.1514247506815867 	idx: 4 3 4 16 4 4
1086.526056741475 3.1199105031747707 	idx: 4 3 4 16 4 4
1086.7899918404974 3.088711398143023 	idx: 2 3 4 16 2 128
1086.7899918404974 3.0578242841615926 	idx: 2 3 4 16 2 128
1086.7899918404974 3.0272460413199767 	idx: 2 3 4 16 2 128
1086.7899918404974 2.996973580906777 	idx: 2 3 4 16 2 128
1086.7899918404974 2.967003845097709 	idx: 2 3 4 16 2 128
1086.7899918404974 2.9373338066467323 	idx: 2 3 4 16 2 128
1086.7899918404974 2.907960468580265 	idx: 2 3 4 16 2 128
1086.7899918404974 2.8788808638944623 	idx: 2 3 4 16 2 128
1086.7899918404974 2.8500920552555176 	idx: 4 3 4 16 2 4
1086.7899918404974 2.8215911347029623 	idx: 4 3 4 16 2 4
1086.7899918404974 2.7933752233559326 	idx: 4 3 4 16 2 4
1086.7899918404974 2.765441471122373 	idx: 4 3 4 16 2 4
1086.7899918404974 2.7377870564111495 	idx: 4 3 4 16 2 4
1078.6655172147325 2.710409185847038 	idx: 2 3 4 8 2 128
1078.6655172147325 2.6833050939885674 	idx: 2 3 4 8 2 128
1078.6655172147325 2.656472043048682 	idx: 2 3 4 8 2 128
1078.6655172147325 2.629907322618195 	idx: 2 3 4 8 2 128
1076.8630701911386 2.603608249392013 	idx: 3 3 4 8 8 8
1077.8991982924913 2.577572166898093 	idx: 2 3 4 8 8 128
1077.8991982924913 2.551796445229112 	idx: 2 3 4 8 8 128
1077.8991982924913 2.526278480776821 	idx: 2 3 4 8 8 128
1077.8991982924913 2.501015695969053 	idx: 2 3 4 8 8 128
1077.8991982924913 2.4760055390093623 	idx: 2 3 4 8 8 128
1077.8991982924913 2.4512454836192688 	idx: 2 3 4 8 8 128
1077.8991982924913 2.426733028783076 	idx: 2 3 4 8 8 128
1077.8991982924913 2.402465698495245 	idx: 2 3 4 8 8 128
1077.8991982924913 2.3784410415102926 	idx: 2 3 4 8 8 128
1058.6037898057773 2.3546566310951897 	idx: 4 3 4 4 8 8
1058.6037898057773 2.3311100647842378 	idx: 4 3 4 4 8 8
1058.6037898057773 2.307798964136395 	idx: 4 3 4 4 8 8
1058.6037898057773 2.2847209744950314 	idx: 4 3 4 4 8 8
1058.6037898057773 2.261873764750081 	idx: 4 3 4 4 8 8
1058.6037898057773 2.23925502710258 	idx: 4 3 4 4 8 8
1058.6037898057773 2.2168624768315546 	idx: 4 3 4 4 8 8
1058.6037898057773 2.194693852063239 	idx: 4 3 4 4 8 8
1058.4954188325844 2.1727469135426065 	idx: 4 3 4 4 8 4
1075.8538077826627 2.1510194444071806 	idx: 4 3 4 8 16 8
1075.8538077826627 2.129509249963109 	idx: 4 3 4 8 16 8
1058.6037898057773 2.108214157463478 	idx: 4 3 4 4 8 8
1058.6037898057773 2.087132015888843 	idx: 4 3 4 4 8 8
1058.6037898057773 2.0662606957299547 	idx: 4 3 4 4 8 8
962.6192761861677 2.045598088772655 	idx: 4 3 4 2 4 8
962.6192761861677 2.0251421078849283 	idx: 4 3 4 2 4 8
972.6871149638342 2.004890686806079 	idx: 4 4 3 4 4 4
1077.3102068852677 1.9848417799380185 	idx: 4 3 4 8 4 2
1077.3102068852677 1.9649933621386382 	idx: 4 3 4 8 4 2
1077.3276677062809 1.9453434285172517 	idx: 3 3 4 8 4 4
1077.3276677062809 1.9258899942320793 	idx: 3 3 4 8 4 4
1077.3276677062809 1.9066310942897584 	idx: 3 3 4 8 4 4
1077.3276677062809 1.8875647833468607 	idx: 3 3 4 8 4 4
1077.3102068852677 1.868689135513392 	idx: 4 3 4 8 4 2
1077.3102068852677 1.8500022441582582 	idx: 4 3 4 8 4 2
1077.3102068852677 1.8315022217166756 	idx: 4 3 4 8 4 2
1077.3102068852677 1.8131871994995088 	idx: 4 3 4 8 4 2
1077.3102068852677 1.7950553275045138 	idx: 4 3 4 8 4 2
1077.3102068852677 1.7771047742294686 	idx: 4 3 4 8 4 2
1077.3102068852677 1.7593337264871738 	idx: 4 3 4 8 4 2
1077.3102068852677 1.741740389222302 	idx: 4 3 4 8 4 2
1077.3102068852677 1.724322985330079 	idx: 4 3 4 8 4 2
1086.012089827217 1.7070797554767783 	idx: 4 3 4 16 8 4
1086.012089827217 1.6900089579220106 	idx: 4 3 4 16 8 4
1086.012089827217 1.6731088683427904 	idx: 4 3 4 16 8 4
1086.012089827217 1.6563777796593624 	idx: 4 3 4 16 8 4
1086.012089827217 1.6398140018627687 	idx: 4 3 4 16 8 4
1086.012089827217 1.623415861844141 	idx: 4 3 4 16 8 4
1086.012089827217 1.6071817032256996 	idx: 4 3 4 16 8 4
1086.012089827217 1.5911098861934427 	idx: 4 3 4 16 8 4
1031.9143658506655 1.5751987873315083 	idx: 4 4 3 16 8 8
1031.9143658506655 1.5594467994581933 	idx: 4 4 3 16 8 8
1076.8630701911386 1.5438523314636114 	idx: 4 3 4 8 8 8
1076.8630701911386 1.5284138081489753 	idx: 4 3 4 8 8 8
1086.526056741475 1.5131296700674854 	idx: 3 3 4 16 4 2
1086.526056741475 1.4979983733668105 	idx: 3 3 4 16 4 2
1086.526056741475 1.4830183896331424 	idx: 3 3 4 16 4 2
1086.526056741475 1.468188205736811 	idx: 3 3 4 16 4 2
1086.526056741475 1.4535063236794428 	idx: 3 3 4 16 4 2
1086.526056741475 1.4389712604426483 	idx: 3 3 4 16 4 2
1086.526056741475 1.4245815478382218 	idx: 3 3 4 16 4 2
1086.526056741475 1.4103357323598396 	idx: 3 3 4 16 4 2
1086.526056741475 1.396232375036241 	idx: 3 3 4 16 4 2
1077.438266051222 1.3822700512858788 	idx: 2 3 4 8 4 16
1077.438266051222 1.36844735077302 	idx: 2 3 4 8 4 16
1076.8630701911386 1.3547628772652898 	idx: 4 3 4 8 8 8
1076.8630701911386 1.341215248492637 	idx: 4 3 4 8 8 8
1076.8630701911386 1.3278030960077105 	idx: 4 3 4 8 8 8
1076.8630701911386 1.3145250650476334 	idx: 4 3 4 8 8 8
1076.8630701911386 1.301379814397157 	idx: 4 3 4 8 8 8
1084.9856133718038 1.2883660162531856 	idx: 3 3 4 16 16 4
1086.012089827217 1.2754823560906536 	idx: 3 3 4 16 8 4
1086.012089827217 1.2627275325297471 	idx: 3 3 4 16 8 4
1086.012089827217 1.2501002572044497 	idx: 3 3 4 16 8 4
1086.012089827217 1.2375992546324053 	idx: 3 3 4 16 8 2
1086.012089827217 1.2252232620860812 	idx: 3 3 4 16 8 2
1086.012089827217 1.2129710294652205 	idx: 3 3 4 16 8 2
1086.012089827217 1.2008413191705682 	idx: 3 3 4 16 8 2
1086.526056741475 1.1888329059788625 	idx: 4 3 4 16 4 4
1086.526056741475 1.1769445769190738 	idx: 4 3 4 16 4 4
1086.526056741475 1.165175131149883 	idx: 4 3 4 16 4 4
1086.526056741475 1.1535233798383842 	idx: 4 3 4 16 4 4
1086.526056741475 1.1419881460400003 	idx: 4 3 4 16 4 4
1086.526056741475 1.1305682645796002 	idx: 4 3 4 16 4 4
1086.526056741475 1.1192625819338042 	idx: 4 3 4 16 4 4
1086.526056741475 1.1080699561144662 	idx: 4 3 4 16 4 4
1086.526056741475 1.0969892565533215 	idx: 4 3 4 16 4 4
1086.526056741475 1.0860193639877882 	idx: 4 3 4 16 4 4
1086.526056741475 1.0751591703479102 	idx: 4 3 4 16 4 4
1086.012089827217 1.0644075786444311 	idx: 3 3 4 16 8 2
1086.012089827217 1.0537635028579868 	idx: 3 3 4 16 8 2
1086.012089827217 1.0432258678294068 	idx: 3 3 4 16 8 2
1077.587152307349 1.0327936091511127 	idx: 2 3 4 8 2 4
1077.587152307349 1.0224656730596016 	idx: 2 3 4 8 2 4
1077.587152307349 1.0122410163290056 	idx: 2 3 4 8 2 4
1077.587152307349 1.0021186061657157 	idx: 2 3 4 8 2 4
###### ACC Parameters ######
cim type:    LccCIM
bus_width:   25.6
macros_row:  3
macros_col:  4
scr:         8
is_size:     2
os_size:     4
best=1077.587152307349, area=4637422.773454062 459
bert_large_sl512_LCC-CIM@ISSCC20_tt_running end at 1757806733.2167718
